FAM D=48 ell=12 count=24 degs=[8,7,8,7,7,7,8,6,6] blocks=[[0,1,2,3],[0,1,4,5],[2,3,4,5],[0,2,4,6],[1,3,5,6],[1,2,4,7],[0,3,5,7],[0,1,6,7],[3,4,6,7],[2,5,6,7],[0,3,4,8],[1,2,5,8],[2,3,6,8],[1,4,6,8],[0,5,6,8],[0,2,7,8]]
FAM D=51 ell=12 count=21 degs=[8,8,8,8,7,7,8,7,7] blocks=[[0,1,2,3],[0,1,4,5],[2,3,4,5],[0,2,4,6],[1,3,5,6],[1,2,4,7],[0,3,5,7],[0,1,6,7],[3,4,6,7],[2,5,6,7],[0,3,4,8],[1,2,5,8],[2,3,6,8],[1,4,6,8],[0,5,6,8],[0,2,7,8],[1,3,7,8]]
FAM D=54 ell=12 count=18 degs=[8,8,8,8,8,8,8,8,8] blocks=[[0,1,2,3],[0,1,4,5],[2,3,4,5],[0,2,4,6],[1,3,5,6],[1,2,4,7],[0,3,5,7],[0,1,6,7],[3,4,6,7],[2,5,6,7],[0,3,4,8],[1,2,5,8],[2,3,6,8],[1,4,6,8],[0,5,6,8],[0,2,7,8],[1,3,7,8],[4,5,7,8]]
FAM D=51 ell=12 count=21 degs=[8,7,8,7,8,8,8,7,7] blocks=[[0,1,2,3],[0,1,4,5],[2,3,4,5],[0,2,4,6],[1,3,5,6],[1,2,4,7],[0,3,5,7],[0,1,6,7],[3,4,6,7],[2,5,6,7],[0,3,4,8],[1,2,5,8],[2,3,6,8],[1,4,6,8],[0,5,6,8],[0,2,7,8],[4,5,7,8]]
FAM D=48 ell=12 count=24 degs=[7,8,7,8,7,7,8,6,6] blocks=[[0,1,2,3],[0,1,4,5],[2,3,4,5],[0,2,4,6],[1,3,5,6],[1,2,4,7],[0,3,5,7],[0,1,6,7],[3,4,6,7],[2,5,6,7],[0,3,4,8],[1,2,5,8],[2,3,6,8],[1,4,6,8],[0,5,6,8],[1,3,7,8]]
FAM D=51 ell=12 count=21 degs=[7,8,7,8,8,8,8,7,7] blocks=[[0,1,2,3],[0,1,4,5],[2,3,4,5],[0,2,4,6],[1,3,5,6],[1,2,4,7],[0,3,5,7],[0,1,6,7],[3,4,6,7],[2,5,6,7],[0,3,4,8],[1,2,5,8],[2,3,6,8],[1,4,6,8],[0,5,6,8],[1,3,7,8],[4,5,7,8]]
FAM D=48 ell=12 count=24 degs=[7,7,7,7,8,8,8,6,6] blocks=[[0,1,2,3],[0,1,4,5],[2,3,4,5],[0,2,4,6],[1,3,5,6],[1,2,4,7],[0,3,5,7],[0,1,6,7],[3,4,6,7],[2,5,6,7],[0,3,4,8],[1,2,5,8],[2,3,6,8],[1,4,6,8],[0,5,6,8],[4,5,7,8]]
FAM D=48 ell=12 count=24 degs=[7,8,8,8,7,6,7,7,6] blocks=[[0,1,2,3],[0,1,4,5],[2,3,4,5],[0,2,4,6],[1,3,5,6],[1,2,4,7],[0,3,5,7],[0,1,6,7],[3,4,6,7],[2,5,6,7],[0,3,4,8],[1,2,5,8],[2,3,6,8],[1,4,6,8],[0,2,7,8],[1,3,7,8]]
FAM D=51 ell=12 count=21 degs=[7,8,8,8,8,7,7,8,7] blocks=[[0,1,2,3],[0,1,4,5],[2,3,4,5],[0,2,4,6],[1,3,5,6],[1,2,4,7],[0,3,5,7],[0,1,6,7],[3,4,6,7],[2,5,6,7],[0,3,4,8],[1,2,5,8],[2,3,6,8],[1,4,6,8],[0,2,7,8],[1,3,7,8],[4,5,7,8]]
FAM D=48 ell=12 count=24 degs=[7,7,8,7,8,7,7,7,6] blocks=[[0,1,2,3],[0,1,4,5],[2,3,4,5],[0,2,4,6],[1,3,5,6],[1,2,4,7],[0,3,5,7],[0,1,6,7],[3,4,6,7],[2,5,6,7],[0,3,4,8],[1,2,5,8],[2,3,6,8],[1,4,6,8],[0,2,7,8],[4,5,7,8]]
FAM D=48 ell=12 count=24 degs=[6,8,7,8,8,7,7,7,6] blocks=[[0,1,2,3],[0,1,4,5],[2,3,4,5],[0,2,4,6],[1,3,5,6],[1,2,4,7],[0,3,5,7],[0,1,6,7],[3,4,6,7],[2,5,6,7],[0,3,4,8],[1,2,5,8],[2,3,6,8],[1,4,6,8],[1,3,7,8],[4,5,7,8]]
FAM D=48 ell=12 count=24 degs=[8,7,8,8,6,7,7,7,6] blocks=[[0,1,2,3],[0,1,4,5],[2,3,4,5],[0,2,4,6],[1,3,5,6],[1,2,4,7],[0,3,5,7],[0,1,6,7],[3,4,6,7],[2,5,6,7],[0,3,4,8],[1,2,5,8],[2,3,6,8],[0,5,6,8],[0,2,7,8],[1,3,7,8]]
FAM D=51 ell=12 count=21 degs=[8,7,8,8,7,8,7,8,7] blocks=[[0,1,2,3],[0,1,4,5],[2,3,4,5],[0,2,4,6],[1,3,5,6],[1,2,4,7],[0,3,5,7],[0,1,6,7],[3,4,6,7],[2,5,6,7],[0,3,4,8],[1,2,5,8],[2,3,6,8],[0,5,6,8],[0,2,7,8],[1,3,7,8],[4,5,7,8]]
FAM D=48 ell=12 count=24 degs=[8,6,8,7,7,8,7,7,6] blocks=[[0,1,2,3],[0,1,4,5],[2,3,4,5],[0,2,4,6],[1,3,5,6],[1,2,4,7],[0,3,5,7],[0,1,6,7],[3,4,6,7],[2,5,6,7],[0,3,4,8],[1,2,5,8],[2,3,6,8],[0,5,6,8],[0,2,7,8],[4,5,7,8]]
FAM D=48 ell=12 count=24 degs=[7,7,7,8,7,8,7,7,6] blocks=[[0,1,2,3],[0,1,4,5],[2,3,4,5],[0,2,4,6],[1,3,5,6],[1,2,4,7],[0,3,5,7],[0,1,6,7],[3,4,6,7],[2,5,6,7],[0,3,4,8],[1,2,5,8],[2,3,6,8],[0,5,6,8],[1,3,7,8],[4,5,7,8]]
FAM D=48 ell=12 count=24 degs=[7,7,8,8,7,7,6,8,6] blocks=[[0,1,2,3],[0,1,4,5],[2,3,4,5],[0,2,4,6],[1,3,5,6],[1,2,4,7],[0,3,5,7],[0,1,6,7],[3,4,6,7],[2,5,6,7],[0,3,4,8],[1,2,5,8],[2,3,6,8],[0,2,7,8],[1,3,7,8],[4,5,7,8]]
FAM D=48 ell=12 count=24 degs=[8,8,7,7,7,7,7,7,6] blocks=[[0,1,2,3],[0,1,4,5],[2,3,4,5],[0,2,4,6],[1,3,5,6],[1,2,4,7],[0,3,5,7],[0,1,6,7],[3,4,6,7],[2,5,6,7],[0,3,4,8],[1,2,5,8],[1,4,6,8],[0,5,6,8],[0,2,7,8],[1,3,7,8]]
FAM D=51 ell=12 count=21 degs=[8,8,7,7,8,8,7,8,7] blocks=[[0,1,2,3],[0,1,4,5],[2,3,4,5],[0,2,4,6],[1,3,5,6],[1,2,4,7],[0,3,5,7],[0,1,6,7],[3,4,6,7],[2,5,6,7],[0,3,4,8],[1,2,5,8],[1,4,6,8],[0,5,6,8],[0,2,7,8],[1,3,7,8],[4,5,7,8]]
FAM D=48 ell=12 count=24 degs=[8,7,7,6,8,8,7,7,6] blocks=[[0,1,2,3],[0,1,4,5],[2,3,4,5],[0,2,4,6],[1,3,5,6],[1,2,4,7],[0,3,5,7],[0,1,6,7],[3,4,6,7],[2,5,6,7],[0,3,4,8],[1,2,5,8],[1,4,6,8],[0,5,6,8],[0,2,7,8],[4,5,7,8]]
FAM D=48 ell=12 count=24 degs=[7,8,6,7,8,8,7,7,6] blocks=[[0,1,2,3],[0,1,4,5],[2,3,4,5],[0,2,4,6],[1,3,5,6],[1,2,4,7],[0,3,5,7],[0,1,6,7],[3,4,6,7],[2,5,6,7],[0,3,4,8],[1,2,5,8],[1,4,6,8],[0,5,6,8],[1,3,7,8],[4,5,7,8]]
FAM D=48 ell=12 count=24 degs=[7,8,7,7,8,7,6,8,6] blocks=[[0,1,2,3],[0,1,4,5],[2,3,4,5],[0,2,4,6],[1,3,5,6],[1,2,4,7],[0,3,5,7],[0,1,6,7],[3,4,6,7],[2,5,6,7],[0,3,4,8],[1,2,5,8],[1,4,6,8],[0,2,7,8],[1,3,7,8],[4,5,7,8]]
FAM D=48 ell=12 count=24 degs=[8,7,7,7,7,8,6,8,6] blocks=[[0,1,2,3],[0,1,4,5],[2,3,4,5],[0,2,4,6],[1,3,5,6],[1,2,4,7],[0,3,5,7],[0,1,6,7],[3,4,6,7],[2,5,6,7],[0,3,4,8],[1,2,5,8],[0,5,6,8],[0,2,7,8],[1,3,7,8],[4,5,7,8]]
FAM D=48 ell=12 count=24 degs=[8,7,7,8,7,6,8,7,6] blocks=[[0,1,2,3],[0,1,4,5],[2,3,4,5],[0,2,4,6],[1,3,5,6],[1,2,4,7],[0,3,5,7],[0,1,6,7],[3,4,6,7],[2,5,6,7],[0,3,4,8],[2,3,6,8],[1,4,6,8],[0,5,6,8],[0,2,7,8],[1,3,7,8]]
FAM D=51 ell=12 count=21 degs=[8,7,7,8,8,7,8,8,7] blocks=[[0,1,2,3],[0,1,4,5],[2,3,4,5],[0,2,4,6],[1,3,5,6],[1,2,4,7],[0,3,5,7],[0,1,6,7],[3,4,6,7],[2,5,6,7],[0,3,4,8],[2,3,6,8],[1,4,6,8],[0,5,6,8],[0,2,7,8],[1,3,7,8],[4,5,7,8]]
FAM D=48 ell=12 count=24 degs=[8,6,7,7,8,7,8,7,6] blocks=[[0,1,2,3],[0,1,4,5],[2,3,4,5],[0,2,4,6],[1,3,5,6],[1,2,4,7],[0,3,5,7],[0,1,6,7],[3,4,6,7],[2,5,6,7],[0,3,4,8],[2,3,6,8],[1,4,6,8],[0,5,6,8],[0,2,7,8],[4,5,7,8]]
FAM D=48 ell=12 count=24 degs=[7,7,6,8,8,7,8,7,6] blocks=[[0,1,2,3],[0,1,4,5],[2,3,4,5],[0,2,4,6],[1,3,5,6],[1,2,4,7],[0,3,5,7],[0,1,6,7],[3,4,6,7],[2,5,6,7],[0,3,4,8],[2,3,6,8],[1,4,6,8],[0,5,6,8],[1,3,7,8],[4,5,7,8]]
FAM D=48 ell=12 count=24 degs=[7,7,7,8,8,6,7,8,6] blocks=[[0,1,2,3],[0,1,4,5],[2,3,4,5],[0,2,4,6],[1,3,5,6],[1,2,4,7],[0,3,5,7],[0,1,6,7],[3,4,6,7],[2,5,6,7],[0,3,4,8],[2,3,6,8],[1,4,6,8],[0,2,7,8],[1,3,7,8],[4,5,7,8]]
FAM D=48 ell=12 count=24 degs=[8,6,7,8,7,7,7,8,6] blocks=[[0,1,2,3],[0,1,4,5],[2,3,4,5],[0,2,4,6],[1,3,5,6],[1,2,4,7],[0,3,5,7],[0,1,6,7],[3,4,6,7],[2,5,6,7],[0,3,4,8],[2,3,6,8],[0,5,6,8],[0,2,7,8],[1,3,7,8],[4,5,7,8]]
FAM D=48 ell=12 count=24 degs=[8,7,6,7,8,7,7,8,6] blocks=[[0,1,2,3],[0,1,4,5],[2,3,4,5],[0,2,4,6],[1,3,5,6],[1,2,4,7],[0,3,5,7],[0,1,6,7],[3,4,6,7],[2,5,6,7],[0,3,4,8],[1,4,6,8],[0,5,6,8],[0,2,7,8],[1,3,7,8],[4,5,7,8]]
FAM D=48 ell=12 count=24 degs=[7,7,8,8,7,7,8,6,6] blocks=[[0,1,2,3],[0,1,4,5],[2,3,4,5],[0,2,4,6],[1,3,5,6],[1,2,4,7],[0,3,5,7],[0,1,6,7],[3,4,6,7],[2,5,6,7],[1,3,4,8],[0,2,5,8],[1,2,6,8],[0,3,6,8],[4,5,6,8],[2,3,7,8]]
FAM D=51 ell=12 count=21 degs=[8,7,8,8,8,7,8,7,7] blocks=[[0,1,2,3],[0,1,4,5],[2,3,4,5],[0,2,4,6],[1,3,5,6],[1,2,4,7],[0,3,5,7],[0,1,6,7],[3,4,6,7],[2,5,6,7],[1,3,4,8],[0,2,5,8],[1,2,6,8],[0,3,6,8],[4,5,6,8],[2,3,7,8],[0,4,7,8]]
FAM D=54 ell=12 count=18 degs=[8,8,8,8,8,8,8,8,8] blocks=[[0,1,2,3],[0,1,4,5],[2,3,4,5],[0,2,4,6],[1,3,5,6],[1,2,4,7],[0,3,5,7],[0,1,6,7],[3,4,6,7],[2,5,6,7],[1,3,4,8],[0,2,5,8],[1,2,6,8],[0,3,6,8],[4,5,6,8],[2,3,7,8],[0,4,7,8],[1,5,7,8]]
FAM D=51 ell=12 count=21 degs=[7,8,8,8,7,8,8,7,7] blocks=[[0,1,2,3],[0,1,4,5],[2,3,4,5],[0,2,4,6],[1,3,5,6],[1,2,4,7],[0,3,5,7],[0,1,6,7],[3,4,6,7],[2,5,6,7],[1,3,4,8],[0,2,5,8],[1,2,6,8],[0,3,6,8],[4,5,6,8],[2,3,7,8],[1,5,7,8]]
FAM D=48 ell=12 count=24 degs=[8,7,7,7,8,7,8,6,6] blocks=[[0,1,2,3],[0,1,4,5],[2,3,4,5],[0,2,4,6],[1,3,5,6],[1,2,4,7],[0,3,5,7],[0,1,6,7],[3,4,6,7],[2,5,6,7],[1,3,4,8],[0,2,5,8],[1,2,6,8],[0,3,6,8],[4,5,6,8],[0,4,7,8]]
FAM D=51 ell=12 count=21 degs=[8,8,7,7,8,8,8,7,7] blocks=[[0,1,2,3],[0,1,4,5],[2,3,4,5],[0,2,4,6],[1,3,5,6],[1,2,4,7],[0,3,5,7],[0,1,6,7],[3,4,6,7],[2,5,6,7],[1,3,4,8],[0,2,5,8],[1,2,6,8],[0,3,6,8],[4,5,6,8],[0,4,7,8],[1,5,7,8]]
FAM D=48 ell=12 count=24 degs=[7,8,7,7,7,8,8,6,6] blocks=[[0,1,2,3],[0,1,4,5],[2,3,4,5],[0,2,4,6],[1,3,5,6],[1,2,4,7],[0,3,5,7],[0,1,6,7],[3,4,6,7],[2,5,6,7],[1,3,4,8],[0,2,5,8],[1,2,6,8],[0,3,6,8],[4,5,6,8],[1,5,7,8]]
FAM D=48 ell=12 count=24 degs=[8,7,8,8,7,6,7,7,6] blocks=[[0,1,2,3],[0,1,4,5],[2,3,4,5],[0,2,4,6],[1,3,5,6],[1,2,4,7],[0,3,5,7],[0,1,6,7],[3,4,6,7],[2,5,6,7],[1,3,4,8],[0,2,5,8],[1,2,6,8],[0,3,6,8],[2,3,7,8],[0,4,7,8]]
FAM D=51 ell=12 count=21 degs=[8,8,8,8,7,7,7,8,7] blocks=[[0,1,2,3],[0,1,4,5],[2,3,4,5],[0,2,4,6],[1,3,5,6],[1,2,4,7],[0,3,5,7],[0,1,6,7],[3,4,6,7],[2,5,6,7],[1,3,4,8],[0,2,5,8],[1,2,6,8],[0,3,6,8],[2,3,7,8],[0,4,7,8],[1,5,7,8]]
FAM D=48 ell=12 count=24 degs=[7,8,8,8,6,7,7,7,6] blocks=[[0,1,2,3],[0,1,4,5],[2,3,4,5],[0,2,4,6],[1,3,5,6],[1,2,4,7],[0,3,5,7],[0,1,6,7],[3,4,6,7],[2,5,6,7],[1,3,4,8],[0,2,5,8],[1,2,6,8],[0,3,6,8],[2,3,7,8],[1,5,7,8]]
FAM D=48 ell=12 count=24 degs=[8,8,7,7,7,7,7,7,6] blocks=[[0,1,2,3],[0,1,4,5],[2,3,4,5],[0,2,4,6],[1,3,5,6],[1,2,4,7],[0,3,5,7],[0,1,6,7],[3,4,6,7],[2,5,6,7],[1,3,4,8],[0,2,5,8],[1,2,6,8],[0,3,6,8],[0,4,7,8],[1,5,7,8]]
FAM D=48 ell=12 count=24 degs=[7,7,8,7,8,7,7,7,6] blocks=[[0,1,2,3],[0,1,4,5],[2,3,4,5],[0,2,4,6],[1,3,5,6],[1,2,4,7],[0,3,5,7],[0,1,6,7],[3,4,6,7],[2,5,6,7],[1,3,4,8],[0,2,5,8],[1,2,6,8],[4,5,6,8],[2,3,7,8],[0,4,7,8]]
FAM D=51 ell=12 count=21 degs=[7,8,8,7,8,8,7,8,7] blocks=[[0,1,2,3],[0,1,4,5],[2,3,4,5],[0,2,4,6],[1,3,5,6],[1,2,4,7],[0,3,5,7],[0,1,6,7],[3,4,6,7],[2,5,6,7],[1,3,4,8],[0,2,5,8],[1,2,6,8],[4,5,6,8],[2,3,7,8],[0,4,7,8],[1,5,7,8]]
FAM D=48 ell=12 count=24 degs=[6,8,8,7,7,8,7,7,6] blocks=[[0,1,2,3],[0,1,4,5],[2,3,4,5],[0,2,4,6],[1,3,5,6],[1,2,4,7],[0,3,5,7],[0,1,6,7],[3,4,6,7],[2,5,6,7],[1,3,4,8],[0,2,5,8],[1,2,6,8],[4,5,6,8],[2,3,7,8],[1,5,7,8]]
FAM D=48 ell=12 count=24 degs=[7,8,7,6,8,8,7,7,6] blocks=[[0,1,2,3],[0,1,4,5],[2,3,4,5],[0,2,4,6],[1,3,5,6],[1,2,4,7],[0,3,5,7],[0,1,6,7],[3,4,6,7],[2,5,6,7],[1,3,4,8],[0,2,5,8],[1,2,6,8],[4,5,6,8],[0,4,7,8],[1,5,7,8]]
FAM D=48 ell=12 count=24 degs=[7,8,8,7,7,7,6,8,6] blocks=[[0,1,2,3],[0,1,4,5],[2,3,4,5],[0,2,4,6],[1,3,5,6],[1,2,4,7],[0,3,5,7],[0,1,6,7],[3,4,6,7],[2,5,6,7],[1,3,4,8],[0,2,5,8],[1,2,6,8],[2,3,7,8],[0,4,7,8],[1,5,7,8]]
FAM D=48 ell=12 count=24 degs=[8,6,7,8,8,7,7,7,6] blocks=[[0,1,2,3],[0,1,4,5],[2,3,4,5],[0,2,4,6],[1,3,5,6],[1,2,4,7],[0,3,5,7],[0,1,6,7],[3,4,6,7],[2,5,6,7],[1,3,4,8],[0,2,5,8],[0,3,6,8],[4,5,6,8],[2,3,7,8],[0,4,7,8]]
FAM D=51 ell=12 count=21 degs=[8,7,7,8,8,8,7,8,7] blocks=[[0,1,2,3],[0,1,4,5],[2,3,4,5],[0,2,4,6],[1,3,5,6],[1,2,4,7],[0,3,5,7],[0,1,6,7],[3,4,6,7],[2,5,6,7],[1,3,4,8],[0,2,5,8],[0,3,6,8],[4,5,6,8],[2,3,7,8],[0,4,7,8],[1,5,7,8]]
FAM D=48 ell=12 count=24 degs=[7,7,7,8,7,8,7,7,6] blocks=[[0,1,2,3],[0,1,4,5],[2,3,4,5],[0,2,4,6],[1,3,5,6],[1,2,4,7],[0,3,5,7],[0,1,6,7],[3,4,6,7],[2,5,6,7],[1,3,4,8],[0,2,5,8],[0,3,6,8],[4,5,6,8],[2,3,7,8],[1,5,7,8]]
FAM D=48 ell=12 count=24 degs=[8,7,6,7,8,8,7,7,6] blocks=[[0,1,2,3],[0,1,4,5],[2,3,4,5],[0,2,4,6],[1,3,5,6],[1,2,4,7],[0,3,5,7],[0,1,6,7],[3,4,6,7],[2,5,6,7],[1,3,4,8],[0,2,5,8],[0,3,6,8],[4,5,6,8],[0,4,7,8],[1,5,7,8]]
FAM D=48 ell=12 count=24 degs=[8,7,7,8,7,7,6,8,6] blocks=[[0,1,2,3],[0,1,4,5],[2,3,4,5],[0,2,4,6],[1,3,5,6],[1,2,4,7],[0,3,5,7],[0,1,6,7],[3,4,6,7],[2,5,6,7],[1,3,4,8],[0,2,5,8],[0,3,6,8],[2,3,7,8],[0,4,7,8],[1,5,7,8]]
FAM D=48 ell=12 count=24 degs=[7,7,7,7,8,8,6,8,6] blocks=[[0,1,2,3],[0,1,4,5],[2,3,4,5],[0,2,4,6],[1,3,5,6],[1,2,4,7],[0,3,5,7],[0,1,6,7],[3,4,6,7],[2,5,6,7],[1,3,4,8],[0,2,5,8],[4,5,6,8],[2,3,7,8],[0,4,7,8],[1,5,7,8]]
FAM D=48 ell=12 count=24 degs=[7,7,7,8,8,6,8,7,6] blocks=[[0,1,2,3],[0,1,4,5],[2,3,4,5],[0,2,4,6],[1,3,5,6],[1,2,4,7],[0,3,5,7],[0,1,6,7],[3,4,6,7],[2,5,6,7],[1,3,4,8],[1,2,6,8],[0,3,6,8],[4,5,6,8],[2,3,7,8],[0,4,7,8]]
FAM D=51 ell=12 count=21 degs=[7,8,7,8,8,7,8,8,7] blocks=[[0,1,2,3],[0,1,4,5],[2,3,4,5],[0,2,4,6],[1,3,5,6],[1,2,4,7],[0,3,5,7],[0,1,6,7],[3,4,6,7],[2,5,6,7],[1,3,4,8],[1,2,6,8],[0,3,6,8],[4,5,6,8],[2,3,7,8],[0,4,7,8],[1,5,7,8]]
FAM D=48 ell=12 count=24 degs=[6,8,7,8,7,7,8,7,6] blocks=[[0,1,2,3],[0,1,4,5],[2,3,4,5],[0,2,4,6],[1,3,5,6],[1,2,4,7],[0,3,5,7],[0,1,6,7],[3,4,6,7],[2,5,6,7],[1,3,4,8],[1,2,6,8],[0,3,6,8],[4,5,6,8],[2,3,7,8],[1,5,7,8]]
FAM D=48 ell=12 count=24 degs=[7,8,6,7,8,7,8,7,6] blocks=[[0,1,2,3],[0,1,4,5],[2,3,4,5],[0,2,4,6],[1,3,5,6],[1,2,4,7],[0,3,5,7],[0,1,6,7],[3,4,6,7],[2,5,6,7],[1,3,4,8],[1,2,6,8],[0,3,6,8],[4,5,6,8],[0,4,7,8],[1,5,7,8]]
FAM D=48 ell=12 count=24 degs=[7,8,7,8,7,6,7,8,6] blocks=[[0,1,2,3],[0,1,4,5],[2,3,4,5],[0,2,4,6],[1,3,5,6],[1,2,4,7],[0,3,5,7],[0,1,6,7],[3,4,6,7],[2,5,6,7],[1,3,4,8],[1,2,6,8],[0,3,6,8],[2,3,7,8],[0,4,7,8],[1,5,7,8]]
FAM D=48 ell=12 count=24 degs=[6,8,7,7,8,7,7,8,6] blocks=[[0,1,2,3],[0,1,4,5],[2,3,4,5],[0,2,4,6],[1,3,5,6],[1,2,4,7],[0,3,5,7],[0,1,6,7],[3,4,6,7],[2,5,6,7],[1,3,4,8],[1,2,6,8],[4,5,6,8],[2,3,7,8],[0,4,7,8],[1,5,7,8]]
FAM D=48 ell=12 count=24 degs=[7,7,6,8,8,7,7,8,6] blocks=[[0,1,2,3],[0,1,4,5],[2,3,4,5],[0,2,4,6],[1,3,5,6],[1,2,4,7],[0,3,5,7],[0,1,6,7],[3,4,6,7],[2,5,6,7],[1,3,4,8],[0,3,6,8],[4,5,6,8],[2,3,7,8],[0,4,7,8],[1,5,7,8]]
FAM D=48 ell=12 count=24 degs=[8,6,8,7,7,7,8,7,6] blocks=[[0,1,2,3],[0,1,4,5],[2,3,4,5],[0,2,4,6],[1,3,5,6],[1,2,4,7],[0,3,5,7],[0,1,6,7],[3,4,6,7],[2,5,6,7],[0,2,5,8],[1,2,6,8],[0,3,6,8],[4,5,6,8],[2,3,7,8],[0,4,7,8]]
FAM D=51 ell=12 count=21 degs=[8,7,8,7,7,8,8,8,7] blocks=[[0,1,2,3],[0,1,4,5],[2,3,4,5],[0,2,4,6],[1,3,5,6],[1,2,4,7],[0,3,5,7],[0,1,6,7],[3,4,6,7],[2,5,6,7],[0,2,5,8],[1,2,6,8],[0,3,6,8],[4,5,6,8],[2,3,7,8],[0,4,7,8],[1,5,7,8]]
FAM D=48 ell=12 count=24 degs=[7,7,8,7,6,8,8,7,6] blocks=[[0,1,2,3],[0,1,4,5],[2,3,4,5],[0,2,4,6],[1,3,5,6],[1,2,4,7],[0,3,5,7],[0,1,6,7],[3,4,6,7],[2,5,6,7],[0,2,5,8],[1,2,6,8],[0,3,6,8],[4,5,6,8],[2,3,7,8],[1,5,7,8]]
FAM D=48 ell=12 count=24 degs=[8,7,7,6,7,8,8,7,6] blocks=[[0,1,2,3],[0,1,4,5],[2,3,4,5],[0,2,4,6],[1,3,5,6],[1,2,4,7],[0,3,5,7],[0,1,6,7],[3,4,6,7],[2,5,6,7],[0,2,5,8],[1,2,6,8],[0,3,6,8],[4,5,6,8],[0,4,7,8],[1,5,7,8]]
FAM D=48 ell=12 count=24 degs=[8,7,8,7,6,7,7,8,6] blocks=[[0,1,2,3],[0,1,4,5],[2,3,4,5],[0,2,4,6],[1,3,5,6],[1,2,4,7],[0,3,5,7],[0,1,6,7],[3,4,6,7],[2,5,6,7],[0,2,5,8],[1,2,6,8],[0,3,6,8],[2,3,7,8],[0,4,7,8],[1,5,7,8]]
FAM D=48 ell=12 count=24 degs=[7,7,8,6,7,8,7,8,6] blocks=[[0,1,2,3],[0,1,4,5],[2,3,4,5],[0,2,4,6],[1,3,5,6],[1,2,4,7],[0,3,5,7],[0,1,6,7],[3,4,6,7],[2,5,6,7],[0,2,5,8],[1,2,6,8],[4,5,6,8],[2,3,7,8],[0,4,7,8],[1,5,7,8]]
FAM D=48 ell=12 count=24 degs=[8,6,7,7,7,8,7,8,6] blocks=[[0,1,2,3],[0,1,4,5],[2,3,4,5],[0,2,4,6],[1,3,5,6],[1,2,4,7],[0,3,5,7],[0,1,6,7],[3,4,6,7],[2,5,6,7],[0,2,5,8],[0,3,6,8],[4,5,6,8],[2,3,7,8],[0,4,7,8],[1,5,7,8]]
FAM D=48 ell=12 count=24 degs=[7,8,8,7,6,7,8,7,6] blocks=[[0,1,2,3],[0,1,4,5],[2,3,4,5],[0,2,4,6],[1,3,5,6],[1,2,4,7],[0,3,5,7],[0,1,6,7],[3,4,6,7],[2,5,6,7],[1,2,5,8],[2,3,6,8],[1,4,6,8],[0,5,6,8],[0,2,7,8],[1,3,7,8]]
FAM D=51 ell=12 count=21 degs=[7,8,8,7,7,8,8,8,7] blocks=[[0,1,2,3],[0,1,4,5],[2,3,4,5],[0,2,4,6],[1,3,5,6],[1,2,4,7],[0,3,5,7],[0,1,6,7],[3,4,6,7],[2,5,6,7],[1,2,5,8],[2,3,6,8],[1,4,6,8],[0,5,6,8],[0,2,7,8],[1,3,7,8],[4,5,7,8]]
FAM D=48 ell=12 count=24 degs=[7,7,8,6,7,8,8,7,6] blocks=[[0,1,2,3],[0,1,4,5],[2,3,4,5],[0,2,4,6],[1,3,5,6],[1,2,4,7],[0,3,5,7],[0,1,6,7],[3,4,6,7],[2,5,6,7],[1,2,5,8],[2,3,6,8],[1,4,6,8],[0,5,6,8],[0,2,7,8],[4,5,7,8]]
FAM D=48 ell=12 count=24 degs=[6,8,7,7,7,8,8,7,6] blocks=[[0,1,2,3],[0,1,4,5],[2,3,4,5],[0,2,4,6],[1,3,5,6],[1,2,4,7],[0,3,5,7],[0,1,6,7],[3,4,6,7],[2,5,6,7],[1,2,5,8],[2,3,6,8],[1,4,6,8],[0,5,6,8],[1,3,7,8],[4,5,7,8]]
FAM D=48 ell=12 count=24 degs=[6,8,8,7,7,7,7,8,6] blocks=[[0,1,2,3],[0,1,4,5],[2,3,4,5],[0,2,4,6],[1,3,5,6],[1,2,4,7],[0,3,5,7],[0,1,6,7],[3,4,6,7],[2,5,6,7],[1,2,5,8],[2,3,6,8],[1,4,6,8],[0,2,7,8],[1,3,7,8],[4,5,7,8]]
FAM D=48 ell=12 count=24 degs=[7,7,8,7,6,8,7,8,6] blocks=[[0,1,2,3],[0,1,4,5],[2,3,4,5],[0,2,4,6],[1,3,5,6],[1,2,4,7],[0,3,5,7],[0,1,6,7],[3,4,6,7],[2,5,6,7],[1,2,5,8],[2,3,6,8],[0,5,6,8],[0,2,7,8],[1,3,7,8],[4,5,7,8]]
FAM D=48 ell=12 count=24 degs=[7,8,7,6,7,8,7,8,6] blocks=[[0,1,2,3],[0,1,4,5],[2,3,4,5],[0,2,4,6],[1,3,5,6],[1,2,4,7],[0,3,5,7],[0,1,6,7],[3,4,6,7],[2,5,6,7],[1,2,5,8],[1,4,6,8],[0,5,6,8],[0,2,7,8],[1,3,7,8],[4,5,7,8]]
FAM D=48 ell=12 count=24 degs=[7,7,7,7,7,7,8,8,6] blocks=[[0,1,2,3],[0,1,4,5],[2,3,4,5],[0,2,4,6],[1,3,5,6],[1,2,4,7],[0,3,5,7],[0,1,6,7],[3,4,6,7],[2,5,6,7],[1,2,6,8],[0,3,6,8],[4,5,6,8],[2,3,7,8],[0,4,7,8],[1,5,7,8]]
FAM D=48 ell=12 count=24 degs=[7,7,7,7,7,7,8,8,6] blocks=[[0,1,2,3],[0,1,4,5],[2,3,4,5],[0,2,4,6],[1,3,5,6],[1,2,4,7],[0,3,5,7],[0,1,6,7],[3,4,6,7],[2,5,6,7],[2,3,6,8],[1,4,6,8],[0,5,6,8],[0,2,7,8],[1,3,7,8],[4,5,7,8]]
FAM D=48 ell=12 count=24 degs=[8,8,7,8,7,6,7,6,7] blocks=[[0,1,2,3],[0,1,4,5],[2,3,4,5],[0,2,4,6],[1,3,5,6],[1,2,4,7],[0,3,5,7],[0,1,6,7],[3,4,6,7],[0,3,4,8],[1,2,5,8],[2,3,6,8],[1,4,6,8],[0,5,6,8],[0,2,7,8],[1,3,7,8]]
FAM D=51 ell=12 count=21 degs=[8,8,7,8,8,7,7,7,8] blocks=[[0,1,2,3],[0,1,4,5],[2,3,4,5],[0,2,4,6],[1,3,5,6],[1,2,4,7],[0,3,5,7],[0,1,6,7],[3,4,6,7],[0,3,4,8],[1,2,5,8],[2,3,6,8],[1,4,6,8],[0,5,6,8],[0,2,7,8],[1,3,7,8],[4,5,7,8]]
FAM D=48 ell=12 count=24 degs=[8,7,7,7,8,7,7,6,7] blocks=[[0,1,2,3],[0,1,4,5],[2,3,4,5],[0,2,4,6],[1,3,5,6],[1,2,4,7],[0,3,5,7],[0,1,6,7],[3,4,6,7],[0,3,4,8],[1,2,5,8],[2,3,6,8],[1,4,6,8],[0,5,6,8],[0,2,7,8],[4,5,7,8]]
FAM D=48 ell=12 count=24 degs=[7,8,6,8,8,7,7,6,7] blocks=[[0,1,2,3],[0,1,4,5],[2,3,4,5],[0,2,4,6],[1,3,5,6],[1,2,4,7],[0,3,5,7],[0,1,6,7],[3,4,6,7],[0,3,4,8],[1,2,5,8],[2,3,6,8],[1,4,6,8],[0,5,6,8],[1,3,7,8],[4,5,7,8]]
FAM D=48 ell=12 count=24 degs=[7,8,7,8,8,6,6,7,7] blocks=[[0,1,2,3],[0,1,4,5],[2,3,4,5],[0,2,4,6],[1,3,5,6],[1,2,4,7],[0,3,5,7],[0,1,6,7],[3,4,6,7],[0,3,4,8],[1,2,5,8],[2,3,6,8],[1,4,6,8],[0,2,7,8],[1,3,7,8],[4,5,7,8]]
FAM D=48 ell=12 count=24 degs=[8,7,7,8,7,7,6,7,7] blocks=[[0,1,2,3],[0,1,4,5],[2,3,4,5],[0,2,4,6],[1,3,5,6],[1,2,4,7],[0,3,5,7],[0,1,6,7],[3,4,6,7],[0,3,4,8],[1,2,5,8],[2,3,6,8],[0,5,6,8],[0,2,7,8],[1,3,7,8],[4,5,7,8]]
FAM D=48 ell=12 count=24 degs=[8,8,6,7,8,7,6,7,7] blocks=[[0,1,2,3],[0,1,4,5],[2,3,4,5],[0,2,4,6],[1,3,5,6],[1,2,4,7],[0,3,5,7],[0,1,6,7],[3,4,6,7],[0,3,4,8],[1,2,5,8],[1,4,6,8],[0,5,6,8],[0,2,7,8],[1,3,7,8],[4,5,7,8]]
FAM D=48 ell=12 count=24 degs=[8,7,6,8,8,6,7,7,7] blocks=[[0,1,2,3],[0,1,4,5],[2,3,4,5],[0,2,4,6],[1,3,5,6],[1,2,4,7],[0,3,5,7],[0,1,6,7],[3,4,6,7],[0,3,4,8],[2,3,6,8],[1,4,6,8],[0,5,6,8],[0,2,7,8],[1,3,7,8],[4,5,7,8]]
FAM D=48 ell=12 count=24 degs=[8,7,7,8,8,6,7,6,7] blocks=[[0,1,2,3],[0,1,4,5],[2,3,4,5],[0,2,4,6],[1,3,5,6],[1,2,4,7],[0,3,5,7],[0,1,6,7],[3,4,6,7],[1,3,4,8],[0,2,5,8],[1,2,6,8],[0,3,6,8],[4,5,6,8],[2,3,7,8],[0,4,7,8]]
FAM D=51 ell=12 count=21 degs=[8,8,7,8,8,7,7,7,8] blocks=[[0,1,2,3],[0,1,4,5],[2,3,4,5],[0,2,4,6],[1,3,5,6],[1,2,4,7],[0,3,5,7],[0,1,6,7],[3,4,6,7],[1,3,4,8],[0,2,5,8],[1,2,6,8],[0,3,6,8],[4,5,6,8],[2,3,7,8],[0,4,7,8],[1,5,7,8]]
FAM D=48 ell=12 count=24 degs=[7,8,7,8,7,7,7,6,7] blocks=[[0,1,2,3],[0,1,4,5],[2,3,4,5],[0,2,4,6],[1,3,5,6],[1,2,4,7],[0,3,5,7],[0,1,6,7],[3,4,6,7],[1,3,4,8],[0,2,5,8],[1,2,6,8],[0,3,6,8],[4,5,6,8],[2,3,7,8],[1,5,7,8]]
FAM D=48 ell=12 count=24 degs=[8,8,6,7,8,7,7,6,7] blocks=[[0,1,2,3],[0,1,4,5],[2,3,4,5],[0,2,4,6],[1,3,5,6],[1,2,4,7],[0,3,5,7],[0,1,6,7],[3,4,6,7],[1,3,4,8],[0,2,5,8],[1,2,6,8],[0,3,6,8],[4,5,6,8],[0,4,7,8],[1,5,7,8]]
FAM D=48 ell=12 count=24 degs=[8,8,7,8,7,6,6,7,7] blocks=[[0,1,2,3],[0,1,4,5],[2,3,4,5],[0,2,4,6],[1,3,5,6],[1,2,4,7],[0,3,5,7],[0,1,6,7],[3,4,6,7],[1,3,4,8],[0,2,5,8],[1,2,6,8],[0,3,6,8],[2,3,7,8],[0,4,7,8],[1,5,7,8]]
FAM D=48 ell=12 count=24 degs=[7,8,7,7,8,7,6,7,7] blocks=[[0,1,2,3],[0,1,4,5],[2,3,4,5],[0,2,4,6],[1,3,5,6],[1,2,4,7],[0,3,5,7],[0,1,6,7],[3,4,6,7],[1,3,4,8],[0,2,5,8],[1,2,6,8],[4,5,6,8],[2,3,7,8],[0,4,7,8],[1,5,7,8]]
FAM D=48 ell=12 count=24 degs=[8,7,6,8,8,7,6,7,7] blocks=[[0,1,2,3],[0,1,4,5],[2,3,4,5],[0,2,4,6],[1,3,5,6],[1,2,4,7],[0,3,5,7],[0,1,6,7],[3,4,6,7],[1,3,4,8],[0,2,5,8],[0,3,6,8],[4,5,6,8],[2,3,7,8],[0,4,7,8],[1,5,7,8]]
FAM D=48 ell=12 count=24 degs=[7,8,6,8,8,6,7,7,7] blocks=[[0,1,2,3],[0,1,4,5],[2,3,4,5],[0,2,4,6],[1,3,5,6],[1,2,4,7],[0,3,5,7],[0,1,6,7],[3,4,6,7],[1,3,4,8],[1,2,6,8],[0,3,6,8],[4,5,6,8],[2,3,7,8],[0,4,7,8],[1,5,7,8]]
FAM D=48 ell=12 count=24 degs=[8,7,7,7,7,7,7,7,7] blocks=[[0,1,2,3],[0,1,4,5],[2,3,4,5],[0,2,4,6],[1,3,5,6],[1,2,4,7],[0,3,5,7],[0,1,6,7],[3,4,6,7],[0,2,5,8],[1,2,6,8],[0,3,6,8],[4,5,6,8],[2,3,7,8],[0,4,7,8],[1,5,7,8]]
FAM D=48 ell=12 count=24 degs=[7,8,7,7,7,7,7,7,7] blocks=[[0,1,2,3],[0,1,4,5],[2,3,4,5],[0,2,4,6],[1,3,5,6],[1,2,4,7],[0,3,5,7],[0,1,6,7],[3,4,6,7],[1,2,5,8],[2,3,6,8],[1,4,6,8],[0,5,6,8],[0,2,7,8],[1,3,7,8],[4,5,7,8]]
FAM D=48 ell=12 count=24 degs=[8,8,8,7,6,7,7,6,7] blocks=[[0,1,2,3],[0,1,4,5],[2,3,4,5],[0,2,4,6],[1,3,5,6],[1,2,4,7],[0,3,5,7],[0,1,6,7],[2,5,6,7],[0,3,4,8],[1,2,5,8],[2,3,6,8],[1,4,6,8],[0,5,6,8],[0,2,7,8],[1,3,7,8]]
FAM D=51 ell=12 count=21 degs=[8,8,8,7,7,8,7,7,8] blocks=[[0,1,2,3],[0,1,4,5],[2,3,4,5],[0,2,4,6],[1,3,5,6],[1,2,4,7],[0,3,5,7],[0,1,6,7],[2,5,6,7],[0,3,4,8],[1,2,5,8],[2,3,6,8],[1,4,6,8],[0,5,6,8],[0,2,7,8],[1,3,7,8],[4,5,7,8]]
FAM D=48 ell=12 count=24 degs=[8,7,8,6,7,8,7,6,7] blocks=[[0,1,2,3],[0,1,4,5],[2,3,4,5],[0,2,4,6],[1,3,5,6],[1,2,4,7],[0,3,5,7],[0,1,6,7],[2,5,6,7],[0,3,4,8],[1,2,5,8],[2,3,6,8],[1,4,6,8],[0,5,6,8],[0,2,7,8],[4,5,7,8]]
FAM D=48 ell=12 count=24 degs=[7,8,7,7,7,8,7,6,7] blocks=[[0,1,2,3],[0,1,4,5],[2,3,4,5],[0,2,4,6],[1,3,5,6],[1,2,4,7],[0,3,5,7],[0,1,6,7],[2,5,6,7],[0,3,4,8],[1,2,5,8],[2,3,6,8],[1,4,6,8],[0,5,6,8],[1,3,7,8],[4,5,7,8]]
FAM D=48 ell=12 count=24 degs=[7,8,8,7,7,7,6,7,7] blocks=[[0,1,2,3],[0,1,4,5],[2,3,4,5],[0,2,4,6],[1,3,5,6],[1,2,4,7],[0,3,5,7],[0,1,6,7],[2,5,6,7],[0,3,4,8],[1,2,5,8],[2,3,6,8],[1,4,6,8],[0,2,7,8],[1,3,7,8],[4,5,7,8]]
FAM D=48 ell=12 count=24 degs=[8,7,8,7,6,8,6,7,7] blocks=[[0,1,2,3],[0,1,4,5],[2,3,4,5],[0,2,4,6],[1,3,5,6],[1,2,4,7],[0,3,5,7],[0,1,6,7],[2,5,6,7],[0,3,4,8],[1,2,5,8],[2,3,6,8],[0,5,6,8],[0,2,7,8],[1,3,7,8],[4,5,7,8]]
FAM D=48 ell=12 count=24 degs=[8,8,7,6,7,8,6,7,7] blocks=[[0,1,2,3],[0,1,4,5],[2,3,4,5],[0,2,4,6],[1,3,5,6],[1,2,4,7],[0,3,5,7],[0,1,6,7],[2,5,6,7],[0,3,4,8],[1,2,5,8],[1,4,6,8],[0,5,6,8],[0,2,7,8],[1,3,7,8],[4,5,7,8]]
FAM D=48 ell=12 count=24 degs=[8,7,7,7,7,7,7,7,7] blocks=[[0,1,2,3],[0,1,4,5],[2,3,4,5],[0,2,4,6],[1,3,5,6],[1,2,4,7],[0,3,5,7],[0,1,6,7],[2,5,6,7],[0,3,4,8],[2,3,6,8],[1,4,6,8],[0,5,6,8],[0,2,7,8],[1,3,7,8],[4,5,7,8]]
FAM D=48 ell=12 count=24 degs=[8,7,8,7,7,7,7,6,7] blocks=[[0,1,2,3],[0,1,4,5],[2,3,4,5],[0,2,4,6],[1,3,5,6],[1,2,4,7],[0,3,5,7],[0,1,6,7],[2,5,6,7],[1,3,4,8],[0,2,5,8],[1,2,6,8],[0,3,6,8],[4,5,6,8],[2,3,7,8],[0,4,7,8]]
FAM D=51 ell=12 count=21 degs=[8,8,8,7,7,8,7,7,8] blocks=[[0,1,2,3],[0,1,4,5],[2,3,4,5],[0,2,4,6],[1,3,5,6],[1,2,4,7],[0,3,5,7],[0,1,6,7],[2,5,6,7],[1,3,4,8],[0,2,5,8],[1,2,6,8],[0,3,6,8],[4,5,6,8],[2,3,7,8],[0,4,7,8],[1,5,7,8]]
FAM D=48 ell=12 count=24 degs=[7,8,8,7,6,8,7,6,7] blocks=[[0,1,2,3],[0,1,4,5],[2,3,4,5],[0,2,4,6],[1,3,5,6],[1,2,4,7],[0,3,5,7],[0,1,6,7],[2,5,6,7],[1,3,4,8],[0,2,5,8],[1,2,6,8],[0,3,6,8],[4,5,6,8],[2,3,7,8],[1,5,7,8]]
FAM D=48 ell=12 count=24 degs=[8,8,7,6,7,8,7,6,7] blocks=[[0,1,2,3],[0,1,4,5],[2,3,4,5],[0,2,4,6],[1,3,5,6],[1,2,4,7],[0,3,5,7],[0,1,6,7],[2,5,6,7],[1,3,4,8],[0,2,5,8],[1,2,6,8],[0,3,6,8],[4,5,6,8],[0,4,7,8],[1,5,7,8]]
FAM D=48 ell=12 count=24 degs=[8,8,8,7,6,7,6,7,7] blocks=[[0,1,2,3],[0,1,4,5],[2,3,4,5],[0,2,4,6],[1,3,5,6],[1,2,4,7],[0,3,5,7],[0,1,6,7],[2,5,6,7],[1,3,4,8],[0,2,5,8],[1,2,6,8],[0,3,6,8],[2,3,7,8],[0,4,7,8],[1,5,7,8]]
FAM D=48 ell=12 count=24 degs=[7,8,8,6,7,8,6,7,7] blocks=[[0,1,2,3],[0,1,4,5],[2,3,4,5],[0,2,4,6],[1,3,5,6],[1,2,4,7],[0,3,5,7],[0,1,6,7],[2,5,6,7],[1,3,4,8],[0,2,5,8],[1,2,6,8],[4,5,6,8],[2,3,7,8],[0,4,7,8],[1,5,7,8]]
FAM D=48 ell=12 count=24 degs=[8,7,7,7,7,8,6,7,7] blocks=[[0,1,2,3],[0,1,4,5],[2,3,4,5],[0,2,4,6],[1,3,5,6],[1,2,4,7],[0,3,5,7],[0,1,6,7],[2,5,6,7],[1,3,4,8],[0,2,5,8],[0,3,6,8],[4,5,6,8],[2,3,7,8],[0,4,7,8],[1,5,7,8]]
FAM D=48 ell=12 count=24 degs=[7,8,7,7,7,7,7,7,7] blocks=[[0,1,2,3],[0,1,4,5],[2,3,4,5],[0,2,4,6],[1,3,5,6],[1,2,4,7],[0,3,5,7],[0,1,6,7],[2,5,6,7],[1,3,4,8],[1,2,6,8],[0,3,6,8],[4,5,6,8],[2,3,7,8],[0,4,7,8],[1,5,7,8]]
FAM D=48 ell=12 count=24 degs=[8,7,8,6,6,8,7,7,7] blocks=[[0,1,2,3],[0,1,4,5],[2,3,4,5],[0,2,4,6],[1,3,5,6],[1,2,4,7],[0,3,5,7],[0,1,6,7],[2,5,6,7],[0,2,5,8],[1,2,6,8],[0,3,6,8],[4,5,6,8],[2,3,7,8],[0,4,7,8],[1,5,7,8]]
FAM D=48 ell=12 count=24 degs=[7,8,8,6,6,8,7,7,7] blocks=[[0,1,2,3],[0,1,4,5],[2,3,4,5],[0,2,4,6],[1,3,5,6],[1,2,4,7],[0,3,5,7],[0,1,6,7],[2,5,6,7],[1,2,5,8],[2,3,6,8],[1,4,6,8],[0,5,6,8],[0,2,7,8],[1,3,7,8],[4,5,7,8]]
FAM D=48 ell=12 count=24 degs=[8,8,7,7,7,7,6,6,8] blocks=[[0,1,2,3],[0,1,4,5],[2,3,4,5],[0,2,4,6],[1,3,5,6],[1,2,4,7],[0,3,5,7],[0,1,6,7],[0,3,4,8],[1,2,5,8],[2,3,6,8],[1,4,6,8],[0,5,6,8],[0,2,7,8],[1,3,7,8],[4,5,7,8]]
FAM D=48 ell=12 count=24 degs=[8,8,7,7,7,7,6,6,8] blocks=[[0,1,2,3],[0,1,4,5],[2,3,4,5],[0,2,4,6],[1,3,5,6],[1,2,4,7],[0,3,5,7],[0,1,6,7],[1,3,4,8],[0,2,5,8],[1,2,6,8],[0,3,6,8],[4,5,6,8],[2,3,7,8],[0,4,7,8],[1,5,7,8]]
FAM D=48 ell=12 count=24 degs=[7,7,8,8,7,7,7,6,7] blocks=[[0,1,2,3],[0,1,4,5],[2,3,4,5],[0,2,4,6],[1,3,5,6],[1,2,4,7],[0,3,5,7],[3,4,6,7],[2,5,6,7],[0,3,4,8],[1,2,5,8],[2,3,6,8],[1,4,6,8],[0,5,6,8],[0,2,7,8],[1,3,7,8]]
FAM D=51 ell=12 count=21 degs=[7,7,8,8,8,8,7,7,8] blocks=[[0,1,2,3],[0,1,4,5],[2,3,4,5],[0,2,4,6],[1,3,5,6],[1,2,4,7],[0,3,5,7],[3,4,6,7],[2,5,6,7],[0,3,4,8],[1,2,5,8],[2,3,6,8],[1,4,6,8],[0,5,6,8],[0,2,7,8],[1,3,7,8],[4,5,7,8]]
FAM D=48 ell=12 count=24 degs=[7,6,8,7,8,8,7,6,7] blocks=[[0,1,2,3],[0,1,4,5],[2,3,4,5],[0,2,4,6],[1,3,5,6],[1,2,4,7],[0,3,5,7],[3,4,6,7],[2,5,6,7],[0,3,4,8],[1,2,5,8],[2,3,6,8],[1,4,6,8],[0,5,6,8],[0,2,7,8],[4,5,7,8]]
FAM D=48 ell=12 count=24 degs=[6,7,7,8,8,8,7,6,7] blocks=[[0,1,2,3],[0,1,4,5],[2,3,4,5],[0,2,4,6],[1,3,5,6],[1,2,4,7],[0,3,5,7],[3,4,6,7],[2,5,6,7],[0,3,4,8],[1,2,5,8],[2,3,6,8],[1,4,6,8],[0,5,6,8],[1,3,7,8],[4,5,7,8]]
FAM D=48 ell=12 count=24 degs=[6,7,8,8,8,7,6,7,7] blocks=[[0,1,2,3],[0,1,4,5],[2,3,4,5],[0,2,4,6],[1,3,5,6],[1,2,4,7],[0,3,5,7],[3,4,6,7],[2,5,6,7],[0,3,4,8],[1,2,5,8],[2,3,6,8],[1,4,6,8],[0,2,7,8],[1,3,7,8],[4,5,7,8]]
FAM D=48 ell=12 count=24 degs=[7,6,8,8,7,8,6,7,7] blocks=[[0,1,2,3],[0,1,4,5],[2,3,4,5],[0,2,4,6],[1,3,5,6],[1,2,4,7],[0,3,5,7],[3,4,6,7],[2,5,6,7],[0,3,4,8],[1,2,5,8],[2,3,6,8],[0,5,6,8],[0,2,7,8],[1,3,7,8],[4,5,7,8]]
FAM D=48 ell=12 count=24 degs=[7,7,7,7,8,8,6,7,7] blocks=[[0,1,2,3],[0,1,4,5],[2,3,4,5],[0,2,4,6],[1,3,5,6],[1,2,4,7],[0,3,5,7],[3,4,6,7],[2,5,6,7],[0,3,4,8],[1,2,5,8],[1,4,6,8],[0,5,6,8],[0,2,7,8],[1,3,7,8],[4,5,7,8]]
FAM D=48 ell=12 count=24 degs=[7,6,7,8,8,7,7,7,7] blocks=[[0,1,2,3],[0,1,4,5],[2,3,4,5],[0,2,4,6],[1,3,5,6],[1,2,4,7],[0,3,5,7],[3,4,6,7],[2,5,6,7],[0,3,4,8],[2,3,6,8],[1,4,6,8],[0,5,6,8],[0,2,7,8],[1,3,7,8],[4,5,7,8]]
FAM D=48 ell=12 count=24 degs=[7,6,8,8,8,7,7,6,7] blocks=[[0,1,2,3],[0,1,4,5],[2,3,4,5],[0,2,4,6],[1,3,5,6],[1,2,4,7],[0,3,5,7],[3,4,6,7],[2,5,6,7],[1,3,4,8],[0,2,5,8],[1,2,6,8],[0,3,6,8],[4,5,6,8],[2,3,7,8],[0,4,7,8]]
FAM D=51 ell=12 count=21 degs=[7,7,8,8,8,8,7,7,8] blocks=[[0,1,2,3],[0,1,4,5],[2,3,4,5],[0,2,4,6],[1,3,5,6],[1,2,4,7],[0,3,5,7],[3,4,6,7],[2,5,6,7],[1,3,4,8],[0,2,5,8],[1,2,6,8],[0,3,6,8],[4,5,6,8],[2,3,7,8],[0,4,7,8],[1,5,7,8]]
FAM D=48 ell=12 count=24 degs=[6,7,8,8,7,8,7,6,7] blocks=[[0,1,2,3],[0,1,4,5],[2,3,4,5],[0,2,4,6],[1,3,5,6],[1,2,4,7],[0,3,5,7],[3,4,6,7],[2,5,6,7],[1,3,4,8],[0,2,5,8],[1,2,6,8],[0,3,6,8],[4,5,6,8],[2,3,7,8],[1,5,7,8]]
FAM D=48 ell=12 count=24 degs=[7,7,7,7,8,8,7,6,7] blocks=[[0,1,2,3],[0,1,4,5],[2,3,4,5],[0,2,4,6],[1,3,5,6],[1,2,4,7],[0,3,5,7],[3,4,6,7],[2,5,6,7],[1,3,4,8],[0,2,5,8],[1,2,6,8],[0,3,6,8],[4,5,6,8],[0,4,7,8],[1,5,7,8]]
FAM D=48 ell=12 count=24 degs=[7,7,8,8,7,7,6,7,7] blocks=[[0,1,2,3],[0,1,4,5],[2,3,4,5],[0,2,4,6],[1,3,5,6],[1,2,4,7],[0,3,5,7],[3,4,6,7],[2,5,6,7],[1,3,4,8],[0,2,5,8],[1,2,6,8],[0,3,6,8],[2,3,7,8],[0,4,7,8],[1,5,7,8]]
FAM D=48 ell=12 count=24 degs=[6,7,8,7,8,8,6,7,7] blocks=[[0,1,2,3],[0,1,4,5],[2,3,4,5],[0,2,4,6],[1,3,5,6],[1,2,4,7],[0,3,5,7],[3,4,6,7],[2,5,6,7],[1,3,4,8],[0,2,5,8],[1,2,6,8],[4,5,6,8],[2,3,7,8],[0,4,7,8],[1,5,7,8]]
FAM D=48 ell=12 count=24 degs=[7,6,7,8,8,8,6,7,7] blocks=[[0,1,2,3],[0,1,4,5],[2,3,4,5],[0,2,4,6],[1,3,5,6],[1,2,4,7],[0,3,5,7],[3,4,6,7],[2,5,6,7],[1,3,4,8],[0,2,5,8],[0,3,6,8],[4,5,6,8],[2,3,7,8],[0,4,7,8],[1,5,7,8]]
FAM D=48 ell=12 count=24 degs=[6,7,7,8,8,7,7,7,7] blocks=[[0,1,2,3],[0,1,4,5],[2,3,4,5],[0,2,4,6],[1,3,5,6],[1,2,4,7],[0,3,5,7],[3,4,6,7],[2,5,6,7],[1,3,4,8],[1,2,6,8],[0,3,6,8],[4,5,6,8],[2,3,7,8],[0,4,7,8],[1,5,7,8]]
FAM D=48 ell=12 count=24 degs=[7,6,8,7,7,8,7,7,7] blocks=[[0,1,2,3],[0,1,4,5],[2,3,4,5],[0,2,4,6],[1,3,5,6],[1,2,4,7],[0,3,5,7],[3,4,6,7],[2,5,6,7],[0,2,5,8],[1,2,6,8],[0,3,6,8],[4,5,6,8],[2,3,7,8],[0,4,7,8],[1,5,7,8]]
FAM D=48 ell=12 count=24 degs=[6,7,8,7,7,8,7,7,7] blocks=[[0,1,2,3],[0,1,4,5],[2,3,4,5],[0,2,4,6],[1,3,5,6],[1,2,4,7],[0,3,5,7],[3,4,6,7],[2,5,6,7],[1,2,5,8],[2,3,6,8],[1,4,6,8],[0,5,6,8],[0,2,7,8],[1,3,7,8],[4,5,7,8]]
FAM D=48 ell=12 count=24 degs=[7,7,7,8,8,7,6,6,8] blocks=[[0,1,2,3],[0,1,4,5],[2,3,4,5],[0,2,4,6],[1,3,5,6],[1,2,4,7],[0,3,5,7],[3,4,6,7],[0,3,4,8],[1,2,5,8],[2,3,6,8],[1,4,6,8],[0,5,6,8],[0,2,7,8],[1,3,7,8],[4,5,7,8]]
FAM D=48 ell=12 count=24 degs=[7,7,7,8,8,7,6,6,8] blocks=[[0,1,2,3],[0,1,4,5],[2,3,4,5],[0,2,4,6],[1,3,5,6],[1,2,4,7],[0,3,5,7],[3,4,6,7],[1,3,4,8],[0,2,5,8],[1,2,6,8],[0,3,6,8],[4,5,6,8],[2,3,7,8],[0,4,7,8],[1,5,7,8]]
FAM D=48 ell=12 count=24 degs=[7,7,8,7,7,8,6,6,8] blocks=[[0,1,2,3],[0,1,4,5],[2,3,4,5],[0,2,4,6],[1,3,5,6],[1,2,4,7],[0,3,5,7],[2,5,6,7],[0,3,4,8],[1,2,5,8],[2,3,6,8],[1,4,6,8],[0,5,6,8],[0,2,7,8],[1,3,7,8],[4,5,7,8]]
FAM D=48 ell=12 count=24 degs=[7,7,8,7,7,8,6,6,8] blocks=[[0,1,2,3],[0,1,4,5],[2,3,4,5],[0,2,4,6],[1,3,5,6],[1,2,4,7],[0,3,5,7],[2,5,6,7],[1,3,4,8],[0,2,5,8],[1,2,6,8],[0,3,6,8],[4,5,6,8],[2,3,7,8],[0,4,7,8],[1,5,7,8]]
FAM D=48 ell=12 count=24 degs=[7,8,8,7,7,6,8,6,7] blocks=[[0,1,2,3],[0,1,4,5],[2,3,4,5],[0,2,4,6],[1,3,5,6],[1,2,4,7],[0,1,6,7],[3,4,6,7],[2,5,6,7],[0,3,4,8],[1,2,5,8],[2,3,6,8],[1,4,6,8],[0,5,6,8],[0,2,7,8],[1,3,7,8]]
FAM D=51 ell=12 count=21 degs=[7,8,8,7,8,7,8,7,8] blocks=[[0,1,2,3],[0,1,4,5],[2,3,4,5],[0,2,4,6],[1,3,5,6],[1,2,4,7],[0,1,6,7],[3,4,6,7],[2,5,6,7],[0,3,4,8],[1,2,5,8],[2,3,6,8],[1,4,6,8],[0,5,6,8],[0,2,7,8],[1,3,7,8],[4,5,7,8]]
FAM D=48 ell=12 count=24 degs=[7,7,8,6,8,7,8,6,7] blocks=[[0,1,2,3],[0,1,4,5],[2,3,4,5],[0,2,4,6],[1,3,5,6],[1,2,4,7],[0,1,6,7],[3,4,6,7],[2,5,6,7],[0,3,4,8],[1,2,5,8],[2,3,6,8],[1,4,6,8],[0,5,6,8],[0,2,7,8],[4,5,7,8]]
FAM D=48 ell=12 count=24 degs=[6,8,7,7,8,7,8,6,7] blocks=[[0,1,2,3],[0,1,4,5],[2,3,4,5],[0,2,4,6],[1,3,5,6],[1,2,4,7],[0,1,6,7],[3,4,6,7],[2,5,6,7],[0,3,4,8],[1,2,5,8],[2,3,6,8],[1,4,6,8],[0,5,6,8],[1,3,7,8],[4,5,7,8]]
FAM D=48 ell=12 count=24 degs=[6,8,8,7,8,6,7,7,7] blocks=[[0,1,2,3],[0,1,4,5],[2,3,4,5],[0,2,4,6],[1,3,5,6],[1,2,4,7],[0,1,6,7],[3,4,6,7],[2,5,6,7],[0,3,4,8],[1,2,5,8],[2,3,6,8],[1,4,6,8],[0,2,7,8],[1,3,7,8],[4,5,7,8]]
FAM D=48 ell=12 count=24 degs=[7,7,8,7,7,7,7,7,7] blocks=[[0,1,2,3],[0,1,4,5],[2,3,4,5],[0,2,4,6],[1,3,5,6],[1,2,4,7],[0,1,6,7],[3,4,6,7],[2,5,6,7],[0,3,4,8],[1,2,5,8],[2,3,6,8],[0,5,6,8],[0,2,7,8],[1,3,7,8],[4,5,7,8]]
FAM D=48 ell=12 count=24 degs=[7,8,7,6,8,7,7,7,7] blocks=[[0,1,2,3],[0,1,4,5],[2,3,4,5],[0,2,4,6],[1,3,5,6],[1,2,4,7],[0,1,6,7],[3,4,6,7],[2,5,6,7],[0,3,4,8],[1,2,5,8],[1,4,6,8],[0,5,6,8],[0,2,7,8],[1,3,7,8],[4,5,7,8]]
FAM D=48 ell=12 count=24 degs=[7,7,7,7,8,6,8,7,7] blocks=[[0,1,2,3],[0,1,4,5],[2,3,4,5],[0,2,4,6],[1,3,5,6],[1,2,4,7],[0,1,6,7],[3,4,6,7],[2,5,6,7],[0,3,4,8],[2,3,6,8],[1,4,6,8],[0,5,6,8],[0,2,7,8],[1,3,7,8],[4,5,7,8]]
FAM D=48 ell=12 count=24 degs=[7,7,8,7,8,6,8,6,7] blocks=[[0,1,2,3],[0,1,4,5],[2,3,4,5],[0,2,4,6],[1,3,5,6],[1,2,4,7],[0,1,6,7],[3,4,6,7],[2,5,6,7],[1,3,4,8],[0,2,5,8],[1,2,6,8],[0,3,6,8],[4,5,6,8],[2,3,7,8],[0,4,7,8]]
FAM D=51 ell=12 count=21 degs=[7,8,8,7,8,7,8,7,8] blocks=[[0,1,2,3],[0,1,4,5],[2,3,4,5],[0,2,4,6],[1,3,5,6],[1,2,4,7],[0,1,6,7],[3,4,6,7],[2,5,6,7],[1,3,4,8],[0,2,5,8],[1,2,6,8],[0,3,6,8],[4,5,6,8],[2,3,7,8],[0,4,7,8],[1,5,7,8]]
FAM D=48 ell=12 count=24 degs=[6,8,8,7,7,7,8,6,7] blocks=[[0,1,2,3],[0,1,4,5],[2,3,4,5],[0,2,4,6],[1,3,5,6],[1,2,4,7],[0,1,6,7],[3,4,6,7],[2,5,6,7],[1,3,4,8],[0,2,5,8],[1,2,6,8],[0,3,6,8],[4,5,6,8],[2,3,7,8],[1,5,7,8]]
FAM D=48 ell=12 count=24 degs=[7,8,7,6,8,7,8,6,7] blocks=[[0,1,2,3],[0,1,4,5],[2,3,4,5],[0,2,4,6],[1,3,5,6],[1,2,4,7],[0,1,6,7],[3,4,6,7],[2,5,6,7],[1,3,4,8],[0,2,5,8],[1,2,6,8],[0,3,6,8],[4,5,6,8],[0,4,7,8],[1,5,7,8]]
FAM D=48 ell=12 count=24 degs=[7,8,8,7,7,6,7,7,7] blocks=[[0,1,2,3],[0,1,4,5],[2,3,4,5],[0,2,4,6],[1,3,5,6],[1,2,4,7],[0,1,6,7],[3,4,6,7],[2,5,6,7],[1,3,4,8],[0,2,5,8],[1,2,6,8],[0,3,6,8],[2,3,7,8],[0,4,7,8],[1,5,7,8]]
FAM D=48 ell=12 count=24 degs=[6,8,8,6,8,7,7,7,7] blocks=[[0,1,2,3],[0,1,4,5],[2,3,4,5],[0,2,4,6],[1,3,5,6],[1,2,4,7],[0,1,6,7],[3,4,6,7],[2,5,6,7],[1,3,4,8],[0,2,5,8],[1,2,6,8],[4,5,6,8],[2,3,7,8],[0,4,7,8],[1,5,7,8]]
FAM D=48 ell=12 count=24 degs=[7,7,7,7,8,7,7,7,7] blocks=[[0,1,2,3],[0,1,4,5],[2,3,4,5],[0,2,4,6],[1,3,5,6],[1,2,4,7],[0,1,6,7],[3,4,6,7],[2,5,6,7],[1,3,4,8],[0,2,5,8],[0,3,6,8],[4,5,6,8],[2,3,7,8],[0,4,7,8],[1,5,7,8]]
FAM D=48 ell=12 count=24 degs=[6,8,7,7,8,6,8,7,7] blocks=[[0,1,2,3],[0,1,4,5],[2,3,4,5],[0,2,4,6],[1,3,5,6],[1,2,4,7],[0,1,6,7],[3,4,6,7],[2,5,6,7],[1,3,4,8],[1,2,6,8],[0,3,6,8],[4,5,6,8],[2,3,7,8],[0,4,7,8],[1,5,7,8]]
FAM D=48 ell=12 count=24 degs=[7,7,8,6,7,7,8,7,7] blocks=[[0,1,2,3],[0,1,4,5],[2,3,4,5],[0,2,4,6],[1,3,5,6],[1,2,4,7],[0,1,6,7],[3,4,6,7],[2,5,6,7],[0,2,5,8],[1,2,6,8],[0,3,6,8],[4,5,6,8],[2,3,7,8],[0,4,7,8],[1,5,7,8]]
FAM D=48 ell=12 count=24 degs=[6,8,8,6,7,7,8,7,7] blocks=[[0,1,2,3],[0,1,4,5],[2,3,4,5],[0,2,4,6],[1,3,5,6],[1,2,4,7],[0,1,6,7],[3,4,6,7],[2,5,6,7],[1,2,5,8],[2,3,6,8],[1,4,6,8],[0,5,6,8],[0,2,7,8],[1,3,7,8],[4,5,7,8]]
FAM D=48 ell=12 count=24 degs=[7,8,7,7,8,6,7,6,8] blocks=[[0,1,2,3],[0,1,4,5],[2,3,4,5],[0,2,4,6],[1,3,5,6],[1,2,4,7],[0,1,6,7],[3,4,6,7],[0,3,4,8],[1,2,5,8],[2,3,6,8],[1,4,6,8],[0,5,6,8],[0,2,7,8],[1,3,7,8],[4,5,7,8]]
FAM D=48 ell=12 count=24 degs=[7,8,7,7,8,6,7,6,8] blocks=[[0,1,2,3],[0,1,4,5],[2,3,4,5],[0,2,4,6],[1,3,5,6],[1,2,4,7],[0,1,6,7],[3,4,6,7],[1,3,4,8],[0,2,5,8],[1,2,6,8],[0,3,6,8],[4,5,6,8],[2,3,7,8],[0,4,7,8],[1,5,7,8]]
FAM D=48 ell=12 count=24 degs=[7,8,8,6,7,7,7,6,8] blocks=[[0,1,2,3],[0,1,4,5],[2,3,4,5],[0,2,4,6],[1,3,5,6],[1,2,4,7],[0,1,6,7],[2,5,6,7],[0,3,4,8],[1,2,5,8],[2,3,6,8],[1,4,6,8],[0,5,6,8],[0,2,7,8],[1,3,7,8],[4,5,7,8]]
FAM D=48 ell=12 count=24 degs=[7,8,8,6,7,7,7,6,8] blocks=[[0,1,2,3],[0,1,4,5],[2,3,4,5],[0,2,4,6],[1,3,5,6],[1,2,4,7],[0,1,6,7],[2,5,6,7],[1,3,4,8],[0,2,5,8],[1,2,6,8],[0,3,6,8],[4,5,6,8],[2,3,7,8],[0,4,7,8],[1,5,7,8]]
FAM D=48 ell=12 count=24 degs=[6,7,8,7,8,7,7,6,8] blocks=[[0,1,2,3],[0,1,4,5],[2,3,4,5],[0,2,4,6],[1,3,5,6],[1,2,4,7],[3,4,6,7],[2,5,6,7],[0,3,4,8],[1,2,5,8],[2,3,6,8],[1,4,6,8],[0,5,6,8],[0,2,7,8],[1,3,7,8],[4,5,7,8]]
FAM D=48 ell=12 count=24 degs=[6,7,8,7,8,7,7,6,8] blocks=[[0,1,2,3],[0,1,4,5],[2,3,4,5],[0,2,4,6],[1,3,5,6],[1,2,4,7],[3,4,6,7],[2,5,6,7],[1,3,4,8],[0,2,5,8],[1,2,6,8],[0,3,6,8],[4,5,6,8],[2,3,7,8],[0,4,7,8],[1,5,7,8]]
FAM D=48 ell=12 count=24 degs=[8,7,8,7,7,7,8,6,6] blocks=[[0,1,2,3],[0,1,4,5],[2,3,4,5],[0,2,4,6],[1,3,5,6],[0,3,4,7],[1,2,5,7],[2,3,6,7],[1,4,6,7],[0,5,6,7],[1,2,4,8],[0,3,5,8],[0,1,6,8],[3,4,6,8],[2,5,6,8],[0,2,7,8]]
FAM D=51 ell=12 count=21 degs=[8,8,8,8,7,7,8,7,7] blocks=[[0,1,2,3],[0,1,4,5],[2,3,4,5],[0,2,4,6],[1,3,5,6],[0,3,4,7],[1,2,5,7],[2,3,6,7],[1,4,6,7],[0,5,6,7],[1,2,4,8],[0,3,5,8],[0,1,6,8],[3,4,6,8],[2,5,6,8],[0,2,7,8],[1,3,7,8]]
FAM D=54 ell=12 count=18 degs=[8,8,8,8,8,8,8,8,8] blocks=[[0,1,2,3],[0,1,4,5],[2,3,4,5],[0,2,4,6],[1,3,5,6],[0,3,4,7],[1,2,5,7],[2,3,6,7],[1,4,6,7],[0,5,6,7],[1,2,4,8],[0,3,5,8],[0,1,6,8],[3,4,6,8],[2,5,6,8],[0,2,7,8],[1,3,7,8],[4,5,7,8]]
FAM D=51 ell=12 count=21 degs=[8,7,8,7,8,8,8,7,7] blocks=[[0,1,2,3],[0,1,4,5],[2,3,4,5],[0,2,4,6],[1,3,5,6],[0,3,4,7],[1,2,5,7],[2,3,6,7],[1,4,6,7],[0,5,6,7],[1,2,4,8],[0,3,5,8],[0,1,6,8],[3,4,6,8],[2,5,6,8],[0,2,7,8],[4,5,7,8]]
FAM D=48 ell=12 count=24 degs=[7,8,7,8,7,7,8,6,6] blocks=[[0,1,2,3],[0,1,4,5],[2,3,4,5],[0,2,4,6],[1,3,5,6],[0,3,4,7],[1,2,5,7],[2,3,6,7],[1,4,6,7],[0,5,6,7],[1,2,4,8],[0,3,5,8],[0,1,6,8],[3,4,6,8],[2,5,6,8],[1,3,7,8]]
FAM D=51 ell=12 count=21 degs=[7,8,7,8,8,8,8,7,7] blocks=[[0,1,2,3],[0,1,4,5],[2,3,4,5],[0,2,4,6],[1,3,5,6],[0,3,4,7],[1,2,5,7],[2,3,6,7],[1,4,6,7],[0,5,6,7],[1,2,4,8],[0,3,5,8],[0,1,6,8],[3,4,6,8],[2,5,6,8],[1,3,7,8],[4,5,7,8]]
FAM D=48 ell=12 count=24 degs=[7,7,7,7,8,8,8,6,6] blocks=[[0,1,2,3],[0,1,4,5],[2,3,4,5],[0,2,4,6],[1,3,5,6],[0,3,4,7],[1,2,5,7],[2,3,6,7],[1,4,6,7],[0,5,6,7],[1,2,4,8],[0,3,5,8],[0,1,6,8],[3,4,6,8],[2,5,6,8],[4,5,7,8]]
FAM D=48 ell=12 count=24 degs=[8,8,7,8,7,6,7,7,6] blocks=[[0,1,2,3],[0,1,4,5],[2,3,4,5],[0,2,4,6],[1,3,5,6],[0,3,4,7],[1,2,5,7],[2,3,6,7],[1,4,6,7],[0,5,6,7],[1,2,4,8],[0,3,5,8],[0,1,6,8],[3,4,6,8],[0,2,7,8],[1,3,7,8]]
FAM D=51 ell=12 count=21 degs=[8,8,7,8,8,7,7,8,7] blocks=[[0,1,2,3],[0,1,4,5],[2,3,4,5],[0,2,4,6],[1,3,5,6],[0,3,4,7],[1,2,5,7],[2,3,6,7],[1,4,6,7],[0,5,6,7],[1,2,4,8],[0,3,5,8],[0,1,6,8],[3,4,6,8],[0,2,7,8],[1,3,7,8],[4,5,7,8]]
FAM D=48 ell=12 count=24 degs=[8,7,7,7,8,7,7,7,6] blocks=[[0,1,2,3],[0,1,4,5],[2,3,4,5],[0,2,4,6],[1,3,5,6],[0,3,4,7],[1,2,5,7],[2,3,6,7],[1,4,6,7],[0,5,6,7],[1,2,4,8],[0,3,5,8],[0,1,6,8],[3,4,6,8],[0,2,7,8],[4,5,7,8]]
FAM D=48 ell=12 count=24 degs=[7,8,6,8,8,7,7,7,6] blocks=[[0,1,2,3],[0,1,4,5],[2,3,4,5],[0,2,4,6],[1,3,5,6],[0,3,4,7],[1,2,5,7],[2,3,6,7],[1,4,6,7],[0,5,6,7],[1,2,4,8],[0,3,5,8],[0,1,6,8],[3,4,6,8],[1,3,7,8],[4,5,7,8]]
FAM D=48 ell=12 count=24 degs=[8,8,8,7,6,7,7,7,6] blocks=[[0,1,2,3],[0,1,4,5],[2,3,4,5],[0,2,4,6],[1,3,5,6],[0,3,4,7],[1,2,5,7],[2,3,6,7],[1,4,6,7],[0,5,6,7],[1,2,4,8],[0,3,5,8],[0,1,6,8],[2,5,6,8],[0,2,7,8],[1,3,7,8]]
FAM D=51 ell=12 count=21 degs=[8,8,8,7,7,8,7,8,7] blocks=[[0,1,2,3],[0,1,4,5],[2,3,4,5],[0,2,4,6],[1,3,5,6],[0,3,4,7],[1,2,5,7],[2,3,6,7],[1,4,6,7],[0,5,6,7],[1,2,4,8],[0,3,5,8],[0,1,6,8],[2,5,6,8],[0,2,7,8],[1,3,7,8],[4,5,7,8]]
FAM D=48 ell=12 count=24 degs=[8,7,8,6,7,8,7,7,6] blocks=[[0,1,2,3],[0,1,4,5],[2,3,4,5],[0,2,4,6],[1,3,5,6],[0,3,4,7],[1,2,5,7],[2,3,6,7],[1,4,6,7],[0,5,6,7],[1,2,4,8],[0,3,5,8],[0,1,6,8],[2,5,6,8],[0,2,7,8],[4,5,7,8]]
FAM D=48 ell=12 count=24 degs=[7,8,7,7,7,8,7,7,6] blocks=[[0,1,2,3],[0,1,4,5],[2,3,4,5],[0,2,4,6],[1,3,5,6],[0,3,4,7],[1,2,5,7],[2,3,6,7],[1,4,6,7],[0,5,6,7],[1,2,4,8],[0,3,5,8],[0,1,6,8],[2,5,6,8],[1,3,7,8],[4,5,7,8]]
FAM D=48 ell=12 count=24 degs=[8,8,7,7,7,7,6,8,6] blocks=[[0,1,2,3],[0,1,4,5],[2,3,4,5],[0,2,4,6],[1,3,5,6],[0,3,4,7],[1,2,5,7],[2,3,6,7],[1,4,6,7],[0,5,6,7],[1,2,4,8],[0,3,5,8],[0,1,6,8],[0,2,7,8],[1,3,7,8],[4,5,7,8]]
FAM D=48 ell=12 count=24 degs=[7,7,8,8,7,7,7,7,6] blocks=[[0,1,2,3],[0,1,4,5],[2,3,4,5],[0,2,4,6],[1,3,5,6],[0,3,4,7],[1,2,5,7],[2,3,6,7],[1,4,6,7],[0,5,6,7],[1,2,4,8],[0,3,5,8],[3,4,6,8],[2,5,6,8],[0,2,7,8],[1,3,7,8]]
FAM D=51 ell=12 count=21 degs=[7,7,8,8,8,8,7,8,7] blocks=[[0,1,2,3],[0,1,4,5],[2,3,4,5],[0,2,4,6],[1,3,5,6],[0,3,4,7],[1,2,5,7],[2,3,6,7],[1,4,6,7],[0,5,6,7],[1,2,4,8],[0,3,5,8],[3,4,6,8],[2,5,6,8],[0,2,7,8],[1,3,7,8],[4,5,7,8]]
FAM D=48 ell=12 count=24 degs=[7,6,8,7,8,8,7,7,6] blocks=[[0,1,2,3],[0,1,4,5],[2,3,4,5],[0,2,4,6],[1,3,5,6],[0,3,4,7],[1,2,5,7],[2,3,6,7],[1,4,6,7],[0,5,6,7],[1,2,4,8],[0,3,5,8],[3,4,6,8],[2,5,6,8],[0,2,7,8],[4,5,7,8]]
FAM D=48 ell=12 count=24 degs=[6,7,7,8,8,8,7,7,6] blocks=[[0,1,2,3],[0,1,4,5],[2,3,4,5],[0,2,4,6],[1,3,5,6],[0,3,4,7],[1,2,5,7],[2,3,6,7],[1,4,6,7],[0,5,6,7],[1,2,4,8],[0,3,5,8],[3,4,6,8],[2,5,6,8],[1,3,7,8],[4,5,7,8]]
FAM D=48 ell=12 count=24 degs=[7,7,7,8,8,7,6,8,6] blocks=[[0,1,2,3],[0,1,4,5],[2,3,4,5],[0,2,4,6],[1,3,5,6],[0,3,4,7],[1,2,5,7],[2,3,6,7],[1,4,6,7],[0,5,6,7],[1,2,4,8],[0,3,5,8],[3,4,6,8],[0,2,7,8],[1,3,7,8],[4,5,7,8]]
FAM D=48 ell=12 count=24 degs=[7,7,8,7,7,8,6,8,6] blocks=[[0,1,2,3],[0,1,4,5],[2,3,4,5],[0,2,4,6],[1,3,5,6],[0,3,4,7],[1,2,5,7],[2,3,6,7],[1,4,6,7],[0,5,6,7],[1,2,4,8],[0,3,5,8],[2,5,6,8],[0,2,7,8],[1,3,7,8],[4,5,7,8]]
FAM D=48 ell=12 count=24 degs=[7,8,8,7,7,6,8,7,6] blocks=[[0,1,2,3],[0,1,4,5],[2,3,4,5],[0,2,4,6],[1,3,5,6],[0,3,4,7],[1,2,5,7],[2,3,6,7],[1,4,6,7],[0,5,6,7],[1,2,4,8],[0,1,6,8],[3,4,6,8],[2,5,6,8],[0,2,7,8],[1,3,7,8]]
FAM D=51 ell=12 count=21 degs=[7,8,8,7,8,7,8,8,7] blocks=[[0,1,2,3],[0,1,4,5],[2,3,4,5],[0,2,4,6],[1,3,5,6],[0,3,4,7],[1,2,5,7],[2,3,6,7],[1,4,6,7],[0,5,6,7],[1,2,4,8],[0,1,6,8],[3,4,6,8],[2,5,6,8],[0,2,7,8],[1,3,7,8],[4,5,7,8]]
FAM D=48 ell=12 count=24 degs=[7,7,8,6,8,7,8,7,6] blocks=[[0,1,2,3],[0,1,4,5],[2,3,4,5],[0,2,4,6],[1,3,5,6],[0,3,4,7],[1,2,5,7],[2,3,6,7],[1,4,6,7],[0,5,6,7],[1,2,4,8],[0,1,6,8],[3,4,6,8],[2,5,6,8],[0,2,7,8],[4,5,7,8]]
FAM D=48 ell=12 count=24 degs=[6,8,7,7,8,7,8,7,6] blocks=[[0,1,2,3],[0,1,4,5],[2,3,4,5],[0,2,4,6],[1,3,5,6],[0,3,4,7],[1,2,5,7],[2,3,6,7],[1,4,6,7],[0,5,6,7],[1,2,4,8],[0,1,6,8],[3,4,6,8],[2,5,6,8],[1,3,7,8],[4,5,7,8]]
FAM D=48 ell=12 count=24 degs=[7,8,7,7,8,6,7,8,6] blocks=[[0,1,2,3],[0,1,4,5],[2,3,4,5],[0,2,4,6],[1,3,5,6],[0,3,4,7],[1,2,5,7],[2,3,6,7],[1,4,6,7],[0,5,6,7],[1,2,4,8],[0,1,6,8],[3,4,6,8],[0,2,7,8],[1,3,7,8],[4,5,7,8]]
FAM D=48 ell=12 count=24 degs=[7,8,8,6,7,7,7,8,6] blocks=[[0,1,2,3],[0,1,4,5],[2,3,4,5],[0,2,4,6],[1,3,5,6],[0,3,4,7],[1,2,5,7],[2,3,6,7],[1,4,6,7],[0,5,6,7],[1,2,4,8],[0,1,6,8],[2,5,6,8],[0,2,7,8],[1,3,7,8],[4,5,7,8]]
FAM D=48 ell=12 count=24 degs=[6,7,8,7,8,7,7,8,6] blocks=[[0,1,2,3],[0,1,4,5],[2,3,4,5],[0,2,4,6],[1,3,5,6],[0,3,4,7],[1,2,5,7],[2,3,6,7],[1,4,6,7],[0,5,6,7],[1,2,4,8],[3,4,6,8],[2,5,6,8],[0,2,7,8],[1,3,7,8],[4,5,7,8]]
FAM D=48 ell=12 count=24 degs=[8,8,7,7,7,7,8,6,6] blocks=[[0,1,2,3],[0,1,4,5],[2,3,4,5],[0,2,4,6],[1,3,5,6],[0,3,4,7],[1,2,5,7],[2,3,6,7],[1,4,6,7],[0,5,6,7],[1,3,4,8],[0,2,5,8],[1,2,6,8],[0,3,6,8],[4,5,6,8],[0,1,7,8]]
FAM D=51 ell=12 count=21 degs=[8,8,8,7,8,7,8,7,7] blocks=[[0,1,2,3],[0,1,4,5],[2,3,4,5],[0,2,4,6],[1,3,5,6],[0,3,4,7],[1,2,5,7],[2,3,6,7],[1,4,6,7],[0,5,6,7],[1,3,4,8],[0,2,5,8],[1,2,6,8],[0,3,6,8],[4,5,6,8],[0,1,7,8],[2,4,7,8]]
FAM D=54 ell=12 count=18 degs=[8,8,8,8,8,8,8,8,8] blocks=[[0,1,2,3],[0,1,4,5],[2,3,4,5],[0,2,4,6],[1,3,5,6],[0,3,4,7],[1,2,5,7],[2,3,6,7],[1,4,6,7],[0,5,6,7],[1,3,4,8],[0,2,5,8],[1,2,6,8],[0,3,6,8],[4,5,6,8],[0,1,7,8],[2,4,7,8],[3,5,7,8]]
FAM D=51 ell=12 count=21 degs=[8,8,7,8,7,8,8,7,7] blocks=[[0,1,2,3],[0,1,4,5],[2,3,4,5],[0,2,4,6],[1,3,5,6],[0,3,4,7],[1,2,5,7],[2,3,6,7],[1,4,6,7],[0,5,6,7],[1,3,4,8],[0,2,5,8],[1,2,6,8],[0,3,6,8],[4,5,6,8],[0,1,7,8],[3,5,7,8]]
FAM D=48 ell=12 count=24 degs=[7,7,8,7,8,7,8,6,6] blocks=[[0,1,2,3],[0,1,4,5],[2,3,4,5],[0,2,4,6],[1,3,5,6],[0,3,4,7],[1,2,5,7],[2,3,6,7],[1,4,6,7],[0,5,6,7],[1,3,4,8],[0,2,5,8],[1,2,6,8],[0,3,6,8],[4,5,6,8],[2,4,7,8]]
FAM D=51 ell=12 count=21 degs=[7,7,8,8,8,8,8,7,7] blocks=[[0,1,2,3],[0,1,4,5],[2,3,4,5],[0,2,4,6],[1,3,5,6],[0,3,4,7],[1,2,5,7],[2,3,6,7],[1,4,6,7],[0,5,6,7],[1,3,4,8],[0,2,5,8],[1,2,6,8],[0,3,6,8],[4,5,6,8],[2,4,7,8],[3,5,7,8]]
FAM D=48 ell=12 count=24 degs=[7,7,7,8,7,8,8,6,6] blocks=[[0,1,2,3],[0,1,4,5],[2,3,4,5],[0,2,4,6],[1,3,5,6],[0,3,4,7],[1,2,5,7],[2,3,6,7],[1,4,6,7],[0,5,6,7],[1,3,4,8],[0,2,5,8],[1,2,6,8],[0,3,6,8],[4,5,6,8],[3,5,7,8]]
FAM D=48 ell=12 count=24 degs=[8,8,8,7,7,6,7,7,6] blocks=[[0,1,2,3],[0,1,4,5],[2,3,4,5],[0,2,4,6],[1,3,5,6],[0,3,4,7],[1,2,5,7],[2,3,6,7],[1,4,6,7],[0,5,6,7],[1,3,4,8],[0,2,5,8],[1,2,6,8],[0,3,6,8],[0,1,7,8],[2,4,7,8]]
FAM D=51 ell=12 count=21 degs=[8,8,8,8,7,7,7,8,7] blocks=[[0,1,2,3],[0,1,4,5],[2,3,4,5],[0,2,4,6],[1,3,5,6],[0,3,4,7],[1,2,5,7],[2,3,6,7],[1,4,6,7],[0,5,6,7],[1,3,4,8],[0,2,5,8],[1,2,6,8],[0,3,6,8],[0,1,7,8],[2,4,7,8],[3,5,7,8]]
FAM D=48 ell=12 count=24 degs=[8,8,7,8,6,7,7,7,6] blocks=[[0,1,2,3],[0,1,4,5],[2,3,4,5],[0,2,4,6],[1,3,5,6],[0,3,4,7],[1,2,5,7],[2,3,6,7],[1,4,6,7],[0,5,6,7],[1,3,4,8],[0,2,5,8],[1,2,6,8],[0,3,6,8],[0,1,7,8],[3,5,7,8]]
FAM D=48 ell=12 count=24 degs=[7,7,8,8,7,7,7,7,6] blocks=[[0,1,2,3],[0,1,4,5],[2,3,4,5],[0,2,4,6],[1,3,5,6],[0,3,4,7],[1,2,5,7],[2,3,6,7],[1,4,6,7],[0,5,6,7],[1,3,4,8],[0,2,5,8],[1,2,6,8],[0,3,6,8],[2,4,7,8],[3,5,7,8]]
FAM D=48 ell=12 count=24 degs=[7,8,8,6,8,7,7,7,6] blocks=[[0,1,2,3],[0,1,4,5],[2,3,4,5],[0,2,4,6],[1,3,5,6],[0,3,4,7],[1,2,5,7],[2,3,6,7],[1,4,6,7],[0,5,6,7],[1,3,4,8],[0,2,5,8],[1,2,6,8],[4,5,6,8],[0,1,7,8],[2,4,7,8]]
FAM D=51 ell=12 count=21 degs=[7,8,8,7,8,8,7,8,7] blocks=[[0,1,2,3],[0,1,4,5],[2,3,4,5],[0,2,4,6],[1,3,5,6],[0,3,4,7],[1,2,5,7],[2,3,6,7],[1,4,6,7],[0,5,6,7],[1,3,4,8],[0,2,5,8],[1,2,6,8],[4,5,6,8],[0,1,7,8],[2,4,7,8],[3,5,7,8]]
FAM D=48 ell=12 count=24 degs=[7,8,7,7,7,8,7,7,6] blocks=[[0,1,2,3],[0,1,4,5],[2,3,4,5],[0,2,4,6],[1,3,5,6],[0,3,4,7],[1,2,5,7],[2,3,6,7],[1,4,6,7],[0,5,6,7],[1,3,4,8],[0,2,5,8],[1,2,6,8],[4,5,6,8],[0,1,7,8],[3,5,7,8]]
FAM D=48 ell=12 count=24 degs=[6,7,8,7,8,8,7,7,6] blocks=[[0,1,2,3],[0,1,4,5],[2,3,4,5],[0,2,4,6],[1,3,5,6],[0,3,4,7],[1,2,5,7],[2,3,6,7],[1,4,6,7],[0,5,6,7],[1,3,4,8],[0,2,5,8],[1,2,6,8],[4,5,6,8],[2,4,7,8],[3,5,7,8]]
FAM D=48 ell=12 count=24 degs=[7,8,8,7,7,7,6,8,6] blocks=[[0,1,2,3],[0,1,4,5],[2,3,4,5],[0,2,4,6],[1,3,5,6],[0,3,4,7],[1,2,5,7],[2,3,6,7],[1,4,6,7],[0,5,6,7],[1,3,4,8],[0,2,5,8],[1,2,6,8],[0,1,7,8],[2,4,7,8],[3,5,7,8]]
FAM D=48 ell=12 count=24 degs=[8,7,7,7,8,7,7,7,6] blocks=[[0,1,2,3],[0,1,4,5],[2,3,4,5],[0,2,4,6],[1,3,5,6],[0,3,4,7],[1,2,5,7],[2,3,6,7],[1,4,6,7],[0,5,6,7],[1,3,4,8],[0,2,5,8],[0,3,6,8],[4,5,6,8],[0,1,7,8],[2,4,7,8]]
FAM D=51 ell=12 count=21 degs=[8,7,7,8,8,8,7,8,7] blocks=[[0,1,2,3],[0,1,4,5],[2,3,4,5],[0,2,4,6],[1,3,5,6],[0,3,4,7],[1,2,5,7],[2,3,6,7],[1,4,6,7],[0,5,6,7],[1,3,4,8],[0,2,5,8],[0,3,6,8],[4,5,6,8],[0,1,7,8],[2,4,7,8],[3,5,7,8]]
FAM D=48 ell=12 count=24 degs=[8,7,6,8,7,8,7,7,6] blocks=[[0,1,2,3],[0,1,4,5],[2,3,4,5],[0,2,4,6],[1,3,5,6],[0,3,4,7],[1,2,5,7],[2,3,6,7],[1,4,6,7],[0,5,6,7],[1,3,4,8],[0,2,5,8],[0,3,6,8],[4,5,6,8],[0,1,7,8],[3,5,7,8]]
FAM D=48 ell=12 count=24 degs=[7,6,7,8,8,8,7,7,6] blocks=[[0,1,2,3],[0,1,4,5],[2,3,4,5],[0,2,4,6],[1,3,5,6],[0,3,4,7],[1,2,5,7],[2,3,6,7],[1,4,6,7],[0,5,6,7],[1,3,4,8],[0,2,5,8],[0,3,6,8],[4,5,6,8],[2,4,7,8],[3,5,7,8]]
FAM D=48 ell=12 count=24 degs=[8,7,7,8,7,7,6,8,6] blocks=[[0,1,2,3],[0,1,4,5],[2,3,4,5],[0,2,4,6],[1,3,5,6],[0,3,4,7],[1,2,5,7],[2,3,6,7],[1,4,6,7],[0,5,6,7],[1,3,4,8],[0,2,5,8],[0,3,6,8],[0,1,7,8],[2,4,7,8],[3,5,7,8]]
FAM D=48 ell=12 count=24 degs=[7,7,7,7,8,8,6,8,6] blocks=[[0,1,2,3],[0,1,4,5],[2,3,4,5],[0,2,4,6],[1,3,5,6],[0,3,4,7],[1,2,5,7],[2,3,6,7],[1,4,6,7],[0,5,6,7],[1,3,4,8],[0,2,5,8],[4,5,6,8],[0,1,7,8],[2,4,7,8],[3,5,7,8]]
FAM D=48 ell=12 count=24 degs=[7,8,7,7,8,6,8,7,6] blocks=[[0,1,2,3],[0,1,4,5],[2,3,4,5],[0,2,4,6],[1,3,5,6],[0,3,4,7],[1,2,5,7],[2,3,6,7],[1,4,6,7],[0,5,6,7],[1,3,4,8],[1,2,6,8],[0,3,6,8],[4,5,6,8],[0,1,7,8],[2,4,7,8]]
FAM D=51 ell=12 count=21 degs=[7,8,7,8,8,7,8,8,7] blocks=[[0,1,2,3],[0,1,4,5],[2,3,4,5],[0,2,4,6],[1,3,5,6],[0,3,4,7],[1,2,5,7],[2,3,6,7],[1,4,6,7],[0,5,6,7],[1,3,4,8],[1,2,6,8],[0,3,6,8],[4,5,6,8],[0,1,7,8],[2,4,7,8],[3,5,7,8]]
FAM D=48 ell=12 count=24 degs=[7,8,6,8,7,7,8,7,6] blocks=[[0,1,2,3],[0,1,4,5],[2,3,4,5],[0,2,4,6],[1,3,5,6],[0,3,4,7],[1,2,5,7],[2,3,6,7],[1,4,6,7],[0,5,6,7],[1,3,4,8],[1,2,6,8],[0,3,6,8],[4,5,6,8],[0,1,7,8],[3,5,7,8]]
FAM D=48 ell=12 count=24 degs=[6,7,7,8,8,7,8,7,6] blocks=[[0,1,2,3],[0,1,4,5],[2,3,4,5],[0,2,4,6],[1,3,5,6],[0,3,4,7],[1,2,5,7],[2,3,6,7],[1,4,6,7],[0,5,6,7],[1,3,4,8],[1,2,6,8],[0,3,6,8],[4,5,6,8],[2,4,7,8],[3,5,7,8]]
FAM D=48 ell=12 count=24 degs=[7,8,7,8,7,6,7,8,6] blocks=[[0,1,2,3],[0,1,4,5],[2,3,4,5],[0,2,4,6],[1,3,5,6],[0,3,4,7],[1,2,5,7],[2,3,6,7],[1,4,6,7],[0,5,6,7],[1,3,4,8],[1,2,6,8],[0,3,6,8],[0,1,7,8],[2,4,7,8],[3,5,7,8]]
FAM D=48 ell=12 count=24 degs=[6,8,7,7,8,7,7,8,6] blocks=[[0,1,2,3],[0,1,4,5],[2,3,4,5],[0,2,4,6],[1,3,5,6],[0,3,4,7],[1,2,5,7],[2,3,6,7],[1,4,6,7],[0,5,6,7],[1,3,4,8],[1,2,6,8],[4,5,6,8],[0,1,7,8],[2,4,7,8],[3,5,7,8]]
FAM D=48 ell=12 count=24 degs=[7,7,6,8,8,7,7,8,6] blocks=[[0,1,2,3],[0,1,4,5],[2,3,4,5],[0,2,4,6],[1,3,5,6],[0,3,4,7],[1,2,5,7],[2,3,6,7],[1,4,6,7],[0,5,6,7],[1,3,4,8],[0,3,6,8],[4,5,6,8],[0,1,7,8],[2,4,7,8],[3,5,7,8]]
FAM D=48 ell=12 count=24 degs=[8,7,8,6,7,7,8,7,6] blocks=[[0,1,2,3],[0,1,4,5],[2,3,4,5],[0,2,4,6],[1,3,5,6],[0,3,4,7],[1,2,5,7],[2,3,6,7],[1,4,6,7],[0,5,6,7],[0,2,5,8],[1,2,6,8],[0,3,6,8],[4,5,6,8],[0,1,7,8],[2,4,7,8]]
FAM D=51 ell=12 count=21 degs=[8,7,8,7,7,8,8,8,7] blocks=[[0,1,2,3],[0,1,4,5],[2,3,4,5],[0,2,4,6],[1,3,5,6],[0,3,4,7],[1,2,5,7],[2,3,6,7],[1,4,6,7],[0,5,6,7],[0,2,5,8],[1,2,6,8],[0,3,6,8],[4,5,6,8],[0,1,7,8],[2,4,7,8],[3,5,7,8]]
FAM D=48 ell=12 count=24 degs=[8,7,7,7,6,8,8,7,6] blocks=[[0,1,2,3],[0,1,4,5],[2,3,4,5],[0,2,4,6],[1,3,5,6],[0,3,4,7],[1,2,5,7],[2,3,6,7],[1,4,6,7],[0,5,6,7],[0,2,5,8],[1,2,6,8],[0,3,6,8],[4,5,6,8],[0,1,7,8],[3,5,7,8]]
FAM D=48 ell=12 count=24 degs=[7,6,8,7,7,8,8,7,6] blocks=[[0,1,2,3],[0,1,4,5],[2,3,4,5],[0,2,4,6],[1,3,5,6],[0,3,4,7],[1,2,5,7],[2,3,6,7],[1,4,6,7],[0,5,6,7],[0,2,5,8],[1,2,6,8],[0,3,6,8],[4,5,6,8],[2,4,7,8],[3,5,7,8]]
FAM D=48 ell=12 count=24 degs=[8,7,8,7,6,7,7,8,6] blocks=[[0,1,2,3],[0,1,4,5],[2,3,4,5],[0,2,4,6],[1,3,5,6],[0,3,4,7],[1,2,5,7],[2,3,6,7],[1,4,6,7],[0,5,6,7],[0,2,5,8],[1,2,6,8],[0,3,6,8],[0,1,7,8],[2,4,7,8],[3,5,7,8]]
FAM D=48 ell=12 count=24 degs=[7,7,8,6,7,8,7,8,6] blocks=[[0,1,2,3],[0,1,4,5],[2,3,4,5],[0,2,4,6],[1,3,5,6],[0,3,4,7],[1,2,5,7],[2,3,6,7],[1,4,6,7],[0,5,6,7],[0,2,5,8],[1,2,6,8],[4,5,6,8],[0,1,7,8],[2,4,7,8],[3,5,7,8]]
FAM D=48 ell=12 count=24 degs=[8,6,7,7,7,8,7,8,6] blocks=[[0,1,2,3],[0,1,4,5],[2,3,4,5],[0,2,4,6],[1,3,5,6],[0,3,4,7],[1,2,5,7],[2,3,6,7],[1,4,6,7],[0,5,6,7],[0,2,5,8],[0,3,6,8],[4,5,6,8],[0,1,7,8],[2,4,7,8],[3,5,7,8]]
FAM D=48 ell=12 count=24 degs=[8,7,7,8,6,7,8,7,6] blocks=[[0,1,2,3],[0,1,4,5],[2,3,4,5],[0,2,4,6],[1,3,5,6],[0,3,4,7],[1,2,5,7],[2,3,6,7],[1,4,6,7],[0,5,6,7],[0,3,5,8],[0,1,6,8],[3,4,6,8],[2,5,6,8],[0,2,7,8],[1,3,7,8]]
FAM D=51 ell=12 count=21 degs=[8,7,7,8,7,8,8,8,7] blocks=[[0,1,2,3],[0,1,4,5],[2,3,4,5],[0,2,4,6],[1,3,5,6],[0,3,4,7],[1,2,5,7],[2,3,6,7],[1,4,6,7],[0,5,6,7],[0,3,5,8],[0,1,6,8],[3,4,6,8],[2,5,6,8],[0,2,7,8],[1,3,7,8],[4,5,7,8]]
FAM D=48 ell=12 count=24 degs=[8,6,7,7,7,8,8,7,6] blocks=[[0,1,2,3],[0,1,4,5],[2,3,4,5],[0,2,4,6],[1,3,5,6],[0,3,4,7],[1,2,5,7],[2,3,6,7],[1,4,6,7],[0,5,6,7],[0,3,5,8],[0,1,6,8],[3,4,6,8],[2,5,6,8],[0,2,7,8],[4,5,7,8]]
FAM D=48 ell=12 count=24 degs=[7,7,6,8,7,8,8,7,6] blocks=[[0,1,2,3],[0,1,4,5],[2,3,4,5],[0,2,4,6],[1,3,5,6],[0,3,4,7],[1,2,5,7],[2,3,6,7],[1,4,6,7],[0,5,6,7],[0,3,5,8],[0,1,6,8],[3,4,6,8],[2,5,6,8],[1,3,7,8],[4,5,7,8]]
FAM D=48 ell=12 count=24 degs=[8,7,6,8,7,7,7,8,6] blocks=[[0,1,2,3],[0,1,4,5],[2,3,4,5],[0,2,4,6],[1,3,5,6],[0,3,4,7],[1,2,5,7],[2,3,6,7],[1,4,6,7],[0,5,6,7],[0,3,5,8],[0,1,6,8],[3,4,6,8],[0,2,7,8],[1,3,7,8],[4,5,7,8]]
FAM D=48 ell=12 count=24 degs=[8,7,7,7,6,8,7,8,6] blocks=[[0,1,2,3],[0,1,4,5],[2,3,4,5],[0,2,4,6],[1,3,5,6],[0,3,4,7],[1,2,5,7],[2,3,6,7],[1,4,6,7],[0,5,6,7],[0,3,5,8],[0,1,6,8],[2,5,6,8],[0,2,7,8],[1,3,7,8],[4,5,7,8]]
FAM D=48 ell=12 count=24 degs=[7,6,7,8,7,8,7,8,6] blocks=[[0,1,2,3],[0,1,4,5],[2,3,4,5],[0,2,4,6],[1,3,5,6],[0,3,4,7],[1,2,5,7],[2,3,6,7],[1,4,6,7],[0,5,6,7],[0,3,5,8],[3,4,6,8],[2,5,6,8],[0,2,7,8],[1,3,7,8],[4,5,7,8]]
FAM D=48 ell=12 count=24 degs=[7,7,7,7,7,7,8,8,6] blocks=[[0,1,2,3],[0,1,4,5],[2,3,4,5],[0,2,4,6],[1,3,5,6],[0,3,4,7],[1,2,5,7],[2,3,6,7],[1,4,6,7],[0,5,6,7],[0,1,6,8],[3,4,6,8],[2,5,6,8],[0,2,7,8],[1,3,7,8],[4,5,7,8]]
FAM D=48 ell=12 count=24 degs=[7,7,7,7,7,7,8,8,6] blocks=[[0,1,2,3],[0,1,4,5],[2,3,4,5],[0,2,4,6],[1,3,5,6],[0,3,4,7],[1,2,5,7],[2,3,6,7],[1,4,6,7],[0,5,6,7],[1,2,6,8],[0,3,6,8],[4,5,6,8],[0,1,7,8],[2,4,7,8],[3,5,7,8]]
FAM D=48 ell=12 count=24 degs=[7,8,8,8,7,6,7,6,7] blocks=[[0,1,2,3],[0,1,4,5],[2,3,4,5],[0,2,4,6],[1,3,5,6],[0,3,4,7],[1,2,5,7],[2,3,6,7],[1,4,6,7],[1,2,4,8],[0,3,5,8],[0,1,6,8],[3,4,6,8],[2,5,6,8],[0,2,7,8],[1,3,7,8]]
FAM D=51 ell=12 count=21 degs=[7,8,8,8,8,7,7,7,8] blocks=[[0,1,2,3],[0,1,4,5],[2,3,4,5],[0,2,4,6],[1,3,5,6],[0,3,4,7],[1,2,5,7],[2,3,6,7],[1,4,6,7],[1,2,4,8],[0,3,5,8],[0,1,6,8],[3,4,6,8],[2,5,6,8],[0,2,7,8],[1,3,7,8],[4,5,7,8]]
FAM D=48 ell=12 count=24 degs=[7,7,8,7,8,7,7,6,7] blocks=[[0,1,2,3],[0,1,4,5],[2,3,4,5],[0,2,4,6],[1,3,5,6],[0,3,4,7],[1,2,5,7],[2,3,6,7],[1,4,6,7],[1,2,4,8],[0,3,5,8],[0,1,6,8],[3,4,6,8],[2,5,6,8],[0,2,7,8],[4,5,7,8]]
FAM D=48 ell=12 count=24 degs=[6,8,7,8,8,7,7,6,7] blocks=[[0,1,2,3],[0,1,4,5],[2,3,4,5],[0,2,4,6],[1,3,5,6],[0,3,4,7],[1,2,5,7],[2,3,6,7],[1,4,6,7],[1,2,4,8],[0,3,5,8],[0,1,6,8],[3,4,6,8],[2,5,6,8],[1,3,7,8],[4,5,7,8]]
FAM D=48 ell=12 count=24 degs=[7,8,7,8,8,6,6,7,7] blocks=[[0,1,2,3],[0,1,4,5],[2,3,4,5],[0,2,4,6],[1,3,5,6],[0,3,4,7],[1,2,5,7],[2,3,6,7],[1,4,6,7],[1,2,4,8],[0,3,5,8],[0,1,6,8],[3,4,6,8],[0,2,7,8],[1,3,7,8],[4,5,7,8]]
FAM D=48 ell=12 count=24 degs=[7,8,8,7,7,7,6,7,7] blocks=[[0,1,2,3],[0,1,4,5],[2,3,4,5],[0,2,4,6],[1,3,5,6],[0,3,4,7],[1,2,5,7],[2,3,6,7],[1,4,6,7],[1,2,4,8],[0,3,5,8],[0,1,6,8],[2,5,6,8],[0,2,7,8],[1,3,7,8],[4,5,7,8]]
FAM D=48 ell=12 count=24 degs=[6,7,8,8,8,7,6,7,7] blocks=[[0,1,2,3],[0,1,4,5],[2,3,4,5],[0,2,4,6],[1,3,5,6],[0,3,4,7],[1,2,5,7],[2,3,6,7],[1,4,6,7],[1,2,4,8],[0,3,5,8],[3,4,6,8],[2,5,6,8],[0,2,7,8],[1,3,7,8],[4,5,7,8]]
FAM D=48 ell=12 count=24 degs=[6,8,8,7,8,6,7,7,7] blocks=[[0,1,2,3],[0,1,4,5],[2,3,4,5],[0,2,4,6],[1,3,5,6],[0,3,4,7],[1,2,5,7],[2,3,6,7],[1,4,6,7],[1,2,4,8],[0,1,6,8],[3,4,6,8],[2,5,6,8],[0,2,7,8],[1,3,7,8],[4,5,7,8]]
FAM D=48 ell=12 count=24 degs=[7,8,8,7,8,6,7,6,7] blocks=[[0,1,2,3],[0,1,4,5],[2,3,4,5],[0,2,4,6],[1,3,5,6],[0,3,4,7],[1,2,5,7],[2,3,6,7],[1,4,6,7],[1,3,4,8],[0,2,5,8],[1,2,6,8],[0,3,6,8],[4,5,6,8],[0,1,7,8],[2,4,7,8]]
FAM D=51 ell=12 count=21 degs=[7,8,8,8,8,7,7,7,8] blocks=[[0,1,2,3],[0,1,4,5],[2,3,4,5],[0,2,4,6],[1,3,5,6],[0,3,4,7],[1,2,5,7],[2,3,6,7],[1,4,6,7],[1,3,4,8],[0,2,5,8],[1,2,6,8],[0,3,6,8],[4,5,6,8],[0,1,7,8],[2,4,7,8],[3,5,7,8]]
FAM D=48 ell=12 count=24 degs=[7,8,7,8,7,7,7,6,7] blocks=[[0,1,2,3],[0,1,4,5],[2,3,4,5],[0,2,4,6],[1,3,5,6],[0,3,4,7],[1,2,5,7],[2,3,6,7],[1,4,6,7],[1,3,4,8],[0,2,5,8],[1,2,6,8],[0,3,6,8],[4,5,6,8],[0,1,7,8],[3,5,7,8]]
FAM D=48 ell=12 count=24 degs=[6,7,8,8,8,7,7,6,7] blocks=[[0,1,2,3],[0,1,4,5],[2,3,4,5],[0,2,4,6],[1,3,5,6],[0,3,4,7],[1,2,5,7],[2,3,6,7],[1,4,6,7],[1,3,4,8],[0,2,5,8],[1,2,6,8],[0,3,6,8],[4,5,6,8],[2,4,7,8],[3,5,7,8]]
FAM D=48 ell=12 count=24 degs=[7,8,8,8,7,6,6,7,7] blocks=[[0,1,2,3],[0,1,4,5],[2,3,4,5],[0,2,4,6],[1,3,5,6],[0,3,4,7],[1,2,5,7],[2,3,6,7],[1,4,6,7],[1,3,4,8],[0,2,5,8],[1,2,6,8],[0,3,6,8],[0,1,7,8],[2,4,7,8],[3,5,7,8]]
FAM D=48 ell=12 count=24 degs=[6,8,8,7,8,7,6,7,7] blocks=[[0,1,2,3],[0,1,4,5],[2,3,4,5],[0,2,4,6],[1,3,5,6],[0,3,4,7],[1,2,5,7],[2,3,6,7],[1,4,6,7],[1,3,4,8],[0,2,5,8],[1,2,6,8],[4,5,6,8],[0,1,7,8],[2,4,7,8],[3,5,7,8]]
FAM D=48 ell=12 count=24 degs=[7,7,7,8,8,7,6,7,7] blocks=[[0,1,2,3],[0,1,4,5],[2,3,4,5],[0,2,4,6],[1,3,5,6],[0,3,4,7],[1,2,5,7],[2,3,6,7],[1,4,6,7],[1,3,4,8],[0,2,5,8],[0,3,6,8],[4,5,6,8],[0,1,7,8],[2,4,7,8],[3,5,7,8]]
FAM D=48 ell=12 count=24 degs=[6,8,7,8,8,6,7,7,7] blocks=[[0,1,2,3],[0,1,4,5],[2,3,4,5],[0,2,4,6],[1,3,5,6],[0,3,4,7],[1,2,5,7],[2,3,6,7],[1,4,6,7],[1,3,4,8],[1,2,6,8],[0,3,6,8],[4,5,6,8],[0,1,7,8],[2,4,7,8],[3,5,7,8]]
FAM D=48 ell=12 count=24 degs=[7,7,8,7,7,7,7,7,7] blocks=[[0,1,2,3],[0,1,4,5],[2,3,4,5],[0,2,4,6],[1,3,5,6],[0,3,4,7],[1,2,5,7],[2,3,6,7],[1,4,6,7],[0,2,5,8],[1,2,6,8],[0,3,6,8],[4,5,6,8],[0,1,7,8],[2,4,7,8],[3,5,7,8]]
FAM D=48 ell=12 count=24 degs=[7,7,7,8,7,7,7,7,7] blocks=[[0,1,2,3],[0,1,4,5],[2,3,4,5],[0,2,4,6],[1,3,5,6],[0,3,4,7],[1,2,5,7],[2,3,6,7],[1,4,6,7],[0,3,5,8],[0,1,6,8],[3,4,6,8],[2,5,6,8],[0,2,7,8],[1,3,7,8],[4,5,7,8]]
FAM D=48 ell=12 count=24 degs=[8,7,8,8,6,7,7,6,7] blocks=[[0,1,2,3],[0,1,4,5],[2,3,4,5],[0,2,4,6],[1,3,5,6],[0,3,4,7],[1,2,5,7],[2,3,6,7],[0,5,6,7],[1,2,4,8],[0,3,5,8],[0,1,6,8],[3,4,6,8],[2,5,6,8],[0,2,7,8],[1,3,7,8]]
FAM D=51 ell=12 count=21 degs=[8,7,8,8,7,8,7,7,8] blocks=[[0,1,2,3],[0,1,4,5],[2,3,4,5],[0,2,4,6],[1,3,5,6],[0,3,4,7],[1,2,5,7],[2,3,6,7],[0,5,6,7],[1,2,4,8],[0,3,5,8],[0,1,6,8],[3,4,6,8],[2,5,6,8],[0,2,7,8],[1,3,7,8],[4,5,7,8]]
FAM D=48 ell=12 count=24 degs=[8,6,8,7,7,8,7,6,7] blocks=[[0,1,2,3],[0,1,4,5],[2,3,4,5],[0,2,4,6],[1,3,5,6],[0,3,4,7],[1,2,5,7],[2,3,6,7],[0,5,6,7],[1,2,4,8],[0,3,5,8],[0,1,6,8],[3,4,6,8],[2,5,6,8],[0,2,7,8],[4,5,7,8]]
FAM D=48 ell=12 count=24 degs=[7,7,7,8,7,8,7,6,7] blocks=[[0,1,2,3],[0,1,4,5],[2,3,4,5],[0,2,4,6],[1,3,5,6],[0,3,4,7],[1,2,5,7],[2,3,6,7],[0,5,6,7],[1,2,4,8],[0,3,5,8],[0,1,6,8],[3,4,6,8],[2,5,6,8],[1,3,7,8],[4,5,7,8]]
FAM D=48 ell=12 count=24 degs=[8,7,7,8,7,7,6,7,7] blocks=[[0,1,2,3],[0,1,4,5],[2,3,4,5],[0,2,4,6],[1,3,5,6],[0,3,4,7],[1,2,5,7],[2,3,6,7],[0,5,6,7],[1,2,4,8],[0,3,5,8],[0,1,6,8],[3,4,6,8],[0,2,7,8],[1,3,7,8],[4,5,7,8]]
FAM D=48 ell=12 count=24 degs=[8,7,8,7,6,8,6,7,7] blocks=[[0,1,2,3],[0,1,4,5],[2,3,4,5],[0,2,4,6],[1,3,5,6],[0,3,4,7],[1,2,5,7],[2,3,6,7],[0,5,6,7],[1,2,4,8],[0,3,5,8],[0,1,6,8],[2,5,6,8],[0,2,7,8],[1,3,7,8],[4,5,7,8]]
FAM D=48 ell=12 count=24 degs=[7,6,8,8,7,8,6,7,7] blocks=[[0,1,2,3],[0,1,4,5],[2,3,4,5],[0,2,4,6],[1,3,5,6],[0,3,4,7],[1,2,5,7],[2,3,6,7],[0,5,6,7],[1,2,4,8],[0,3,5,8],[3,4,6,8],[2,5,6,8],[0,2,7,8],[1,3,7,8],[4,5,7,8]]
FAM D=48 ell=12 count=24 degs=[7,7,8,7,7,7,7,7,7] blocks=[[0,1,2,3],[0,1,4,5],[2,3,4,5],[0,2,4,6],[1,3,5,6],[0,3,4,7],[1,2,5,7],[2,3,6,7],[0,5,6,7],[1,2,4,8],[0,1,6,8],[3,4,6,8],[2,5,6,8],[0,2,7,8],[1,3,7,8],[4,5,7,8]]
FAM D=48 ell=12 count=24 degs=[8,7,8,7,7,7,7,6,7] blocks=[[0,1,2,3],[0,1,4,5],[2,3,4,5],[0,2,4,6],[1,3,5,6],[0,3,4,7],[1,2,5,7],[2,3,6,7],[0,5,6,7],[1,3,4,8],[0,2,5,8],[1,2,6,8],[0,3,6,8],[4,5,6,8],[0,1,7,8],[2,4,7,8]]
FAM D=51 ell=12 count=21 degs=[8,7,8,8,7,8,7,7,8] blocks=[[0,1,2,3],[0,1,4,5],[2,3,4,5],[0,2,4,6],[1,3,5,6],[0,3,4,7],[1,2,5,7],[2,3,6,7],[0,5,6,7],[1,3,4,8],[0,2,5,8],[1,2,6,8],[0,3,6,8],[4,5,6,8],[0,1,7,8],[2,4,7,8],[3,5,7,8]]
FAM D=48 ell=12 count=24 degs=[8,7,7,8,6,8,7,6,7] blocks=[[0,1,2,3],[0,1,4,5],[2,3,4,5],[0,2,4,6],[1,3,5,6],[0,3,4,7],[1,2,5,7],[2,3,6,7],[0,5,6,7],[1,3,4,8],[0,2,5,8],[1,2,6,8],[0,3,6,8],[4,5,6,8],[0,1,7,8],[3,5,7,8]]
FAM D=48 ell=12 count=24 degs=[7,6,8,8,7,8,7,6,7] blocks=[[0,1,2,3],[0,1,4,5],[2,3,4,5],[0,2,4,6],[1,3,5,6],[0,3,4,7],[1,2,5,7],[2,3,6,7],[0,5,6,7],[1,3,4,8],[0,2,5,8],[1,2,6,8],[0,3,6,8],[4,5,6,8],[2,4,7,8],[3,5,7,8]]
FAM D=48 ell=12 count=24 degs=[8,7,8,8,6,7,6,7,7] blocks=[[0,1,2,3],[0,1,4,5],[2,3,4,5],[0,2,4,6],[1,3,5,6],[0,3,4,7],[1,2,5,7],[2,3,6,7],[0,5,6,7],[1,3,4,8],[0,2,5,8],[1,2,6,8],[0,3,6,8],[0,1,7,8],[2,4,7,8],[3,5,7,8]]
FAM D=48 ell=12 count=24 degs=[7,7,8,7,7,8,6,7,7] blocks=[[0,1,2,3],[0,1,4,5],[2,3,4,5],[0,2,4,6],[1,3,5,6],[0,3,4,7],[1,2,5,7],[2,3,6,7],[0,5,6,7],[1,3,4,8],[0,2,5,8],[1,2,6,8],[4,5,6,8],[0,1,7,8],[2,4,7,8],[3,5,7,8]]
FAM D=48 ell=12 count=24 degs=[8,6,7,8,7,8,6,7,7] blocks=[[0,1,2,3],[0,1,4,5],[2,3,4,5],[0,2,4,6],[1,3,5,6],[0,3,4,7],[1,2,5,7],[2,3,6,7],[0,5,6,7],[1,3,4,8],[0,2,5,8],[0,3,6,8],[4,5,6,8],[0,1,7,8],[2,4,7,8],[3,5,7,8]]
FAM D=48 ell=12 count=24 degs=[7,7,7,8,7,7,7,7,7] blocks=[[0,1,2,3],[0,1,4,5],[2,3,4,5],[0,2,4,6],[1,3,5,6],[0,3,4,7],[1,2,5,7],[2,3,6,7],[0,5,6,7],[1,3,4,8],[1,2,6,8],[0,3,6,8],[4,5,6,8],[0,1,7,8],[2,4,7,8],[3,5,7,8]]
FAM D=48 ell=12 count=24 degs=[8,6,8,7,6,8,7,7,7] blocks=[[0,1,2,3],[0,1,4,5],[2,3,4,5],[0,2,4,6],[1,3,5,6],[0,3,4,7],[1,2,5,7],[2,3,6,7],[0,5,6,7],[0,2,5,8],[1,2,6,8],[0,3,6,8],[4,5,6,8],[0,1,7,8],[2,4,7,8],[3,5,7,8]]
FAM D=48 ell=12 count=24 degs=[8,6,7,8,6,8,7,7,7] blocks=[[0,1,2,3],[0,1,4,5],[2,3,4,5],[0,2,4,6],[1,3,5,6],[0,3,4,7],[1,2,5,7],[2,3,6,7],[0,5,6,7],[0,3,5,8],[0,1,6,8],[3,4,6,8],[2,5,6,8],[0,2,7,8],[1,3,7,8],[4,5,7,8]]
FAM D=48 ell=12 count=24 degs=[7,7,8,8,7,7,6,6,8] blocks=[[0,1,2,3],[0,1,4,5],[2,3,4,5],[0,2,4,6],[1,3,5,6],[0,3,4,7],[1,2,5,7],[2,3,6,7],[1,2,4,8],[0,3,5,8],[0,1,6,8],[3,4,6,8],[2,5,6,8],[0,2,7,8],[1,3,7,8],[4,5,7,8]]
FAM D=48 ell=12 count=24 degs=[7,7,8,8,7,7,6,6,8] blocks=[[0,1,2,3],[0,1,4,5],[2,3,4,5],[0,2,4,6],[1,3,5,6],[0,3,4,7],[1,2,5,7],[2,3,6,7],[1,3,4,8],[0,2,5,8],[1,2,6,8],[0,3,6,8],[4,5,6,8],[0,1,7,8],[2,4,7,8],[3,5,7,8]]
FAM D=48 ell=12 count=24 degs=[8,8,7,7,7,7,7,6,7] blocks=[[0,1,2,3],[0,1,4,5],[2,3,4,5],[0,2,4,6],[1,3,5,6],[0,3,4,7],[1,2,5,7],[1,4,6,7],[0,5,6,7],[1,2,4,8],[0,3,5,8],[0,1,6,8],[3,4,6,8],[2,5,6,8],[0,2,7,8],[1,3,7,8]]
FAM D=51 ell=12 count=21 degs=[8,8,7,7,8,8,7,7,8] blocks=[[0,1,2,3],[0,1,4,5],[2,3,4,5],[0,2,4,6],[1,3,5,6],[0,3,4,7],[1,2,5,7],[1,4,6,7],[0,5,6,7],[1,2,4,8],[0,3,5,8],[0,1,6,8],[3,4,6,8],[2,5,6,8],[0,2,7,8],[1,3,7,8],[4,5,7,8]]
FAM D=48 ell=12 count=24 degs=[8,7,7,6,8,8,7,6,7] blocks=[[0,1,2,3],[0,1,4,5],[2,3,4,5],[0,2,4,6],[1,3,5,6],[0,3,4,7],[1,2,5,7],[1,4,6,7],[0,5,6,7],[1,2,4,8],[0,3,5,8],[0,1,6,8],[3,4,6,8],[2,5,6,8],[0,2,7,8],[4,5,7,8]]
FAM D=48 ell=12 count=24 degs=[7,8,6,7,8,8,7,6,7] blocks=[[0,1,2,3],[0,1,4,5],[2,3,4,5],[0,2,4,6],[1,3,5,6],[0,3,4,7],[1,2,5,7],[1,4,6,7],[0,5,6,7],[1,2,4,8],[0,3,5,8],[0,1,6,8],[3,4,6,8],[2,5,6,8],[1,3,7,8],[4,5,7,8]]
FAM D=48 ell=12 count=24 degs=[8,8,6,7,8,7,6,7,7] blocks=[[0,1,2,3],[0,1,4,5],[2,3,4,5],[0,2,4,6],[1,3,5,6],[0,3,4,7],[1,2,5,7],[1,4,6,7],[0,5,6,7],[1,2,4,8],[0,3,5,8],[0,1,6,8],[3,4,6,8],[0,2,7,8],[1,3,7,8],[4,5,7,8]]
FAM D=48 ell=12 count=24 degs=[8,8,7,6,7,8,6,7,7] blocks=[[0,1,2,3],[0,1,4,5],[2,3,4,5],[0,2,4,6],[1,3,5,6],[0,3,4,7],[1,2,5,7],[1,4,6,7],[0,5,6,7],[1,2,4,8],[0,3,5,8],[0,1,6,8],[2,5,6,8],[0,2,7,8],[1,3,7,8],[4,5,7,8]]
FAM D=48 ell=12 count=24 degs=[7,7,7,7,8,8,6,7,7] blocks=[[0,1,2,3],[0,1,4,5],[2,3,4,5],[0,2,4,6],[1,3,5,6],[0,3,4,7],[1,2,5,7],[1,4,6,7],[0,5,6,7],[1,2,4,8],[0,3,5,8],[3,4,6,8],[2,5,6,8],[0,2,7,8],[1,3,7,8],[4,5,7,8]]
FAM D=48 ell=12 count=24 degs=[7,8,7,6,8,7,7,7,7] blocks=[[0,1,2,3],[0,1,4,5],[2,3,4,5],[0,2,4,6],[1,3,5,6],[0,3,4,7],[1,2,5,7],[1,4,6,7],[0,5,6,7],[1,2,4,8],[0,1,6,8],[3,4,6,8],[2,5,6,8],[0,2,7,8],[1,3,7,8],[4,5,7,8]]
FAM D=48 ell=12 count=24 degs=[8,8,7,6,8,7,7,6,7] blocks=[[0,1,2,3],[0,1,4,5],[2,3,4,5],[0,2,4,6],[1,3,5,6],[0,3,4,7],[1,2,5,7],[1,4,6,7],[0,5,6,7],[1,3,4,8],[0,2,5,8],[1,2,6,8],[0,3,6,8],[4,5,6,8],[0,1,7,8],[2,4,7,8]]
FAM D=51 ell=12 count=21 degs=[8,8,7,7,8,8,7,7,8] blocks=[[0,1,2,3],[0,1,4,5],[2,3,4,5],[0,2,4,6],[1,3,5,6],[0,3,4,7],[1,2,5,7],[1,4,6,7],[0,5,6,7],[1,3,4,8],[0,2,5,8],[1,2,6,8],[0,3,6,8],[4,5,6,8],[0,1,7,8],[2,4,7,8],[3,5,7,8]]
FAM D=48 ell=12 count=24 degs=[8,8,6,7,7,8,7,6,7] blocks=[[0,1,2,3],[0,1,4,5],[2,3,4,5],[0,2,4,6],[1,3,5,6],[0,3,4,7],[1,2,5,7],[1,4,6,7],[0,5,6,7],[1,3,4,8],[0,2,5,8],[1,2,6,8],[0,3,6,8],[4,5,6,8],[0,1,7,8],[3,5,7,8]]
FAM D=48 ell=12 count=24 degs=[7,7,7,7,8,8,7,6,7] blocks=[[0,1,2,3],[0,1,4,5],[2,3,4,5],[0,2,4,6],[1,3,5,6],[0,3,4,7],[1,2,5,7],[1,4,6,7],[0,5,6,7],[1,3,4,8],[0,2,5,8],[1,2,6,8],[0,3,6,8],[4,5,6,8],[2,4,7,8],[3,5,7,8]]
FAM D=48 ell=12 count=24 degs=[8,8,7,7,7,7,6,7,7] blocks=[[0,1,2,3],[0,1,4,5],[2,3,4,5],[0,2,4,6],[1,3,5,6],[0,3,4,7],[1,2,5,7],[1,4,6,7],[0,5,6,7],[1,3,4,8],[0,2,5,8],[1,2,6,8],[0,3,6,8],[0,1,7,8],[2,4,7,8],[3,5,7,8]]
FAM D=48 ell=12 count=24 degs=[7,8,7,6,8,8,6,7,7] blocks=[[0,1,2,3],[0,1,4,5],[2,3,4,5],[0,2,4,6],[1,3,5,6],[0,3,4,7],[1,2,5,7],[1,4,6,7],[0,5,6,7],[1,3,4,8],[0,2,5,8],[1,2,6,8],[4,5,6,8],[0,1,7,8],[2,4,7,8],[3,5,7,8]]
FAM D=48 ell=12 count=24 degs=[8,7,6,7,8,8,6,7,7] blocks=[[0,1,2,3],[0,1,4,5],[2,3,4,5],[0,2,4,6],[1,3,5,6],[0,3,4,7],[1,2,5,7],[1,4,6,7],[0,5,6,7],[1,3,4,8],[0,2,5,8],[0,3,6,8],[4,5,6,8],[0,1,7,8],[2,4,7,8],[3,5,7,8]]
FAM D=48 ell=12 count=24 degs=[7,8,6,7,8,7,7,7,7] blocks=[[0,1,2,3],[0,1,4,5],[2,3,4,5],[0,2,4,6],[1,3,5,6],[0,3,4,7],[1,2,5,7],[1,4,6,7],[0,5,6,7],[1,3,4,8],[1,2,6,8],[0,3,6,8],[4,5,6,8],[0,1,7,8],[2,4,7,8],[3,5,7,8]]
FAM D=48 ell=12 count=24 degs=[8,7,7,6,7,8,7,7,7] blocks=[[0,1,2,3],[0,1,4,5],[2,3,4,5],[0,2,4,6],[1,3,5,6],[0,3,4,7],[1,2,5,7],[1,4,6,7],[0,5,6,7],[0,2,5,8],[1,2,6,8],[0,3,6,8],[4,5,6,8],[0,1,7,8],[2,4,7,8],[3,5,7,8]]
FAM D=48 ell=12 count=24 degs=[8,7,6,7,7,8,7,7,7] blocks=[[0,1,2,3],[0,1,4,5],[2,3,4,5],[0,2,4,6],[1,3,5,6],[0,3,4,7],[1,2,5,7],[1,4,6,7],[0,5,6,7],[0,3,5,8],[0,1,6,8],[3,4,6,8],[2,5,6,8],[0,2,7,8],[1,3,7,8],[4,5,7,8]]
FAM D=48 ell=12 count=24 degs=[7,8,7,7,8,7,6,6,8] blocks=[[0,1,2,3],[0,1,4,5],[2,3,4,5],[0,2,4,6],[1,3,5,6],[0,3,4,7],[1,2,5,7],[1,4,6,7],[1,2,4,8],[0,3,5,8],[0,1,6,8],[3,4,6,8],[2,5,6,8],[0,2,7,8],[1,3,7,8],[4,5,7,8]]
FAM D=48 ell=12 count=24 degs=[7,8,7,7,8,7,6,6,8] blocks=[[0,1,2,3],[0,1,4,5],[2,3,4,5],[0,2,4,6],[1,3,5,6],[0,3,4,7],[1,2,5,7],[1,4,6,7],[1,3,4,8],[0,2,5,8],[1,2,6,8],[0,3,6,8],[4,5,6,8],[0,1,7,8],[2,4,7,8],[3,5,7,8]]
FAM D=48 ell=12 count=24 degs=[8,7,7,7,7,8,6,6,8] blocks=[[0,1,2,3],[0,1,4,5],[2,3,4,5],[0,2,4,6],[1,3,5,6],[0,3,4,7],[1,2,5,7],[0,5,6,7],[1,2,4,8],[0,3,5,8],[0,1,6,8],[3,4,6,8],[2,5,6,8],[0,2,7,8],[1,3,7,8],[4,5,7,8]]
FAM D=48 ell=12 count=24 degs=[8,7,7,7,7,8,6,6,8] blocks=[[0,1,2,3],[0,1,4,5],[2,3,4,5],[0,2,4,6],[1,3,5,6],[0,3,4,7],[1,2,5,7],[0,5,6,7],[1,3,4,8],[0,2,5,8],[1,2,6,8],[0,3,6,8],[4,5,6,8],[0,1,7,8],[2,4,7,8],[3,5,7,8]]
FAM D=48 ell=12 count=24 degs=[8,7,7,8,7,6,8,6,7] blocks=[[0,1,2,3],[0,1,4,5],[2,3,4,5],[0,2,4,6],[1,3,5,6],[0,3,4,7],[2,3,6,7],[1,4,6,7],[0,5,6,7],[1,2,4,8],[0,3,5,8],[0,1,6,8],[3,4,6,8],[2,5,6,8],[0,2,7,8],[1,3,7,8]]
FAM D=51 ell=12 count=21 degs=[8,7,7,8,8,7,8,7,8] blocks=[[0,1,2,3],[0,1,4,5],[2,3,4,5],[0,2,4,6],[1,3,5,6],[0,3,4,7],[2,3,6,7],[1,4,6,7],[0,5,6,7],[1,2,4,8],[0,3,5,8],[0,1,6,8],[3,4,6,8],[2,5,6,8],[0,2,7,8],[1,3,7,8],[4,5,7,8]]
FAM D=48 ell=12 count=24 degs=[8,6,7,7,8,7,8,6,7] blocks=[[0,1,2,3],[0,1,4,5],[2,3,4,5],[0,2,4,6],[1,3,5,6],[0,3,4,7],[2,3,6,7],[1,4,6,7],[0,5,6,7],[1,2,4,8],[0,3,5,8],[0,1,6,8],[3,4,6,8],[2,5,6,8],[0,2,7,8],[4,5,7,8]]
FAM D=48 ell=12 count=24 degs=[7,7,6,8,8,7,8,6,7] blocks=[[0,1,2,3],[0,1,4,5],[2,3,4,5],[0,2,4,6],[1,3,5,6],[0,3,4,7],[2,3,6,7],[1,4,6,7],[0,5,6,7],[1,2,4,8],[0,3,5,8],[0,1,6,8],[3,4,6,8],[2,5,6,8],[1,3,7,8],[4,5,7,8]]
FAM D=48 ell=12 count=24 degs=[8,7,6,8,8,6,7,7,7] blocks=[[0,1,2,3],[0,1,4,5],[2,3,4,5],[0,2,4,6],[1,3,5,6],[0,3,4,7],[2,3,6,7],[1,4,6,7],[0,5,6,7],[1,2,4,8],[0,3,5,8],[0,1,6,8],[3,4,6,8],[0,2,7,8],[1,3,7,8],[4,5,7,8]]
FAM D=48 ell=12 count=24 degs=[8,7,7,7,7,7,7,7,7] blocks=[[0,1,2,3],[0,1,4,5],[2,3,4,5],[0,2,4,6],[1,3,5,6],[0,3,4,7],[2,3,6,7],[1,4,6,7],[0,5,6,7],[1,2,4,8],[0,3,5,8],[0,1,6,8],[2,5,6,8],[0,2,7,8],[1,3,7,8],[4,5,7,8]]
FAM D=48 ell=12 count=24 degs=[7,6,7,8,8,7,7,7,7] blocks=[[0,1,2,3],[0,1,4,5],[2,3,4,5],[0,2,4,6],[1,3,5,6],[0,3,4,7],[2,3,6,7],[1,4,6,7],[0,5,6,7],[1,2,4,8],[0,3,5,8],[3,4,6,8],[2,5,6,8],[0,2,7,8],[1,3,7,8],[4,5,7,8]]
FAM D=48 ell=12 count=24 degs=[7,7,7,7,8,6,8,7,7] blocks=[[0,1,2,3],[0,1,4,5],[2,3,4,5],[0,2,4,6],[1,3,5,6],[0,3,4,7],[2,3,6,7],[1,4,6,7],[0,5,6,7],[1,2,4,8],[0,1,6,8],[3,4,6,8],[2,5,6,8],[0,2,7,8],[1,3,7,8],[4,5,7,8]]
FAM D=48 ell=12 count=24 degs=[8,7,7,7,8,6,8,6,7] blocks=[[0,1,2,3],[0,1,4,5],[2,3,4,5],[0,2,4,6],[1,3,5,6],[0,3,4,7],[2,3,6,7],[1,4,6,7],[0,5,6,7],[1,3,4,8],[0,2,5,8],[1,2,6,8],[0,3,6,8],[4,5,6,8],[0,1,7,8],[2,4,7,8]]
FAM D=51 ell=12 count=21 degs=[8,7,7,8,8,7,8,7,8] blocks=[[0,1,2,3],[0,1,4,5],[2,3,4,5],[0,2,4,6],[1,3,5,6],[0,3,4,7],[2,3,6,7],[1,4,6,7],[0,5,6,7],[1,3,4,8],[0,2,5,8],[1,2,6,8],[0,3,6,8],[4,5,6,8],[0,1,7,8],[2,4,7,8],[3,5,7,8]]
FAM D=48 ell=12 count=24 degs=[8,7,6,8,7,7,8,6,7] blocks=[[0,1,2,3],[0,1,4,5],[2,3,4,5],[0,2,4,6],[1,3,5,6],[0,3,4,7],[2,3,6,7],[1,4,6,7],[0,5,6,7],[1,3,4,8],[0,2,5,8],[1,2,6,8],[0,3,6,8],[4,5,6,8],[0,1,7,8],[3,5,7,8]]
FAM D=48 ell=12 count=24 degs=[7,6,7,8,8,7,8,6,7] blocks=[[0,1,2,3],[0,1,4,5],[2,3,4,5],[0,2,4,6],[1,3,5,6],[0,3,4,7],[2,3,6,7],[1,4,6,7],[0,5,6,7],[1,3,4,8],[0,2,5,8],[1,2,6,8],[0,3,6,8],[4,5,6,8],[2,4,7,8],[3,5,7,8]]
FAM D=48 ell=12 count=24 degs=[8,7,7,8,7,6,7,7,7] blocks=[[0,1,2,3],[0,1,4,5],[2,3,4,5],[0,2,4,6],[1,3,5,6],[0,3,4,7],[2,3,6,7],[1,4,6,7],[0,5,6,7],[1,3,4,8],[0,2,5,8],[1,2,6,8],[0,3,6,8],[0,1,7,8],[2,4,7,8],[3,5,7,8]]
FAM D=48 ell=12 count=24 degs=[7,7,7,7,8,7,7,7,7] blocks=[[0,1,2,3],[0,1,4,5],[2,3,4,5],[0,2,4,6],[1,3,5,6],[0,3,4,7],[2,3,6,7],[1,4,6,7],[0,5,6,7],[1,3,4,8],[0,2,5,8],[1,2,6,8],[4,5,6,8],[0,1,7,8],[2,4,7,8],[3,5,7,8]]
FAM D=48 ell=12 count=24 degs=[8,6,6,8,8,7,7,7,7] blocks=[[0,1,2,3],[0,1,4,5],[2,3,4,5],[0,2,4,6],[1,3,5,6],[0,3,4,7],[2,3,6,7],[1,4,6,7],[0,5,6,7],[1,3,4,8],[0,2,5,8],[0,3,6,8],[4,5,6,8],[0,1,7,8],[2,4,7,8],[3,5,7,8]]
FAM D=48 ell=12 count=24 degs=[7,7,6,8,8,6,8,7,7] blocks=[[0,1,2,3],[0,1,4,5],[2,3,4,5],[0,2,4,6],[1,3,5,6],[0,3,4,7],[2,3,6,7],[1,4,6,7],[0,5,6,7],[1,3,4,8],[1,2,6,8],[0,3,6,8],[4,5,6,8],[0,1,7,8],[2,4,7,8],[3,5,7,8]]
FAM D=48 ell=12 count=24 degs=[8,6,7,7,7,7,8,7,7] blocks=[[0,1,2,3],[0,1,4,5],[2,3,4,5],[0,2,4,6],[1,3,5,6],[0,3,4,7],[2,3,6,7],[1,4,6,7],[0,5,6,7],[0,2,5,8],[1,2,6,8],[0,3,6,8],[4,5,6,8],[0,1,7,8],[2,4,7,8],[3,5,7,8]]
FAM D=48 ell=12 count=24 degs=[8,6,6,8,7,7,8,7,7] blocks=[[0,1,2,3],[0,1,4,5],[2,3,4,5],[0,2,4,6],[1,3,5,6],[0,3,4,7],[2,3,6,7],[1,4,6,7],[0,5,6,7],[0,3,5,8],[0,1,6,8],[3,4,6,8],[2,5,6,8],[0,2,7,8],[1,3,7,8],[4,5,7,8]]
FAM D=48 ell=12 count=24 degs=[7,7,7,8,8,6,7,6,8] blocks=[[0,1,2,3],[0,1,4,5],[2,3,4,5],[0,2,4,6],[1,3,5,6],[0,3,4,7],[2,3,6,7],[1,4,6,7],[1,2,4,8],[0,3,5,8],[0,1,6,8],[3,4,6,8],[2,5,6,8],[0,2,7,8],[1,3,7,8],[4,5,7,8]]
FAM D=48 ell=12 count=24 degs=[7,7,7,8,8,6,7,6,8] blocks=[[0,1,2,3],[0,1,4,5],[2,3,4,5],[0,2,4,6],[1,3,5,6],[0,3,4,7],[2,3,6,7],[1,4,6,7],[1,3,4,8],[0,2,5,8],[1,2,6,8],[0,3,6,8],[4,5,6,8],[0,1,7,8],[2,4,7,8],[3,5,7,8]]
FAM D=48 ell=12 count=24 degs=[8,6,7,8,7,7,7,6,8] blocks=[[0,1,2,3],[0,1,4,5],[2,3,4,5],[0,2,4,6],[1,3,5,6],[0,3,4,7],[2,3,6,7],[0,5,6,7],[1,2,4,8],[0,3,5,8],[0,1,6,8],[3,4,6,8],[2,5,6,8],[0,2,7,8],[1,3,7,8],[4,5,7,8]]
FAM D=48 ell=12 count=24 degs=[8,6,7,8,7,7,7,6,8] blocks=[[0,1,2,3],[0,1,4,5],[2,3,4,5],[0,2,4,6],[1,3,5,6],[0,3,4,7],[2,3,6,7],[0,5,6,7],[1,3,4,8],[0,2,5,8],[1,2,6,8],[0,3,6,8],[4,5,6,8],[0,1,7,8],[2,4,7,8],[3,5,7,8]]
FAM D=48 ell=12 count=24 degs=[8,7,6,7,8,7,7,6,8] blocks=[[0,1,2,3],[0,1,4,5],[2,3,4,5],[0,2,4,6],[1,3,5,6],[0,3,4,7],[1,4,6,7],[0,5,6,7],[1,2,4,8],[0,3,5,8],[0,1,6,8],[3,4,6,8],[2,5,6,8],[0,2,7,8],[1,3,7,8],[4,5,7,8]]
FAM D=48 ell=12 count=24 degs=[8,7,6,7,8,7,7,6,8] blocks=[[0,1,2,3],[0,1,4,5],[2,3,4,5],[0,2,4,6],[1,3,5,6],[0,3,4,7],[1,4,6,7],[0,5,6,7],[1,3,4,8],[0,2,5,8],[1,2,6,8],[0,3,6,8],[4,5,6,8],[0,1,7,8],[2,4,7,8],[3,5,7,8]]
FAM D=48 ell=12 count=24 degs=[7,7,8,8,7,7,8,6,6] blocks=[[0,1,2,3],[0,1,4,5],[2,3,4,5],[0,2,4,6],[1,3,5,6],[1,3,4,7],[0,2,5,7],[1,2,6,7],[0,3,6,7],[4,5,6,7],[1,2,4,8],[0,3,5,8],[0,1,6,8],[3,4,6,8],[2,5,6,8],[2,3,7,8]]
FAM D=51 ell=12 count=21 degs=[8,7,8,8,8,7,8,7,7] blocks=[[0,1,2,3],[0,1,4,5],[2,3,4,5],[0,2,4,6],[1,3,5,6],[1,3,4,7],[0,2,5,7],[1,2,6,7],[0,3,6,7],[4,5,6,7],[1,2,4,8],[0,3,5,8],[0,1,6,8],[3,4,6,8],[2,5,6,8],[2,3,7,8],[0,4,7,8]]
FAM D=54 ell=12 count=18 degs=[8,8,8,8,8,8,8,8,8] blocks=[[0,1,2,3],[0,1,4,5],[2,3,4,5],[0,2,4,6],[1,3,5,6],[1,3,4,7],[0,2,5,7],[1,2,6,7],[0,3,6,7],[4,5,6,7],[1,2,4,8],[0,3,5,8],[0,1,6,8],[3,4,6,8],[2,5,6,8],[2,3,7,8],[0,4,7,8],[1,5,7,8]]
FAM D=51 ell=12 count=21 degs=[7,8,8,8,7,8,8,7,7] blocks=[[0,1,2,3],[0,1,4,5],[2,3,4,5],[0,2,4,6],[1,3,5,6],[1,3,4,7],[0,2,5,7],[1,2,6,7],[0,3,6,7],[4,5,6,7],[1,2,4,8],[0,3,5,8],[0,1,6,8],[3,4,6,8],[2,5,6,8],[2,3,7,8],[1,5,7,8]]
FAM D=48 ell=12 count=24 degs=[8,7,7,7,8,7,8,6,6] blocks=[[0,1,2,3],[0,1,4,5],[2,3,4,5],[0,2,4,6],[1,3,5,6],[1,3,4,7],[0,2,5,7],[1,2,6,7],[0,3,6,7],[4,5,6,7],[1,2,4,8],[0,3,5,8],[0,1,6,8],[3,4,6,8],[2,5,6,8],[0,4,7,8]]
FAM D=51 ell=12 count=21 degs=[8,8,7,7,8,8,8,7,7] blocks=[[0,1,2,3],[0,1,4,5],[2,3,4,5],[0,2,4,6],[1,3,5,6],[1,3,4,7],[0,2,5,7],[1,2,6,7],[0,3,6,7],[4,5,6,7],[1,2,4,8],[0,3,5,8],[0,1,6,8],[3,4,6,8],[2,5,6,8],[0,4,7,8],[1,5,7,8]]
FAM D=48 ell=12 count=24 degs=[7,8,7,7,7,8,8,6,6] blocks=[[0,1,2,3],[0,1,4,5],[2,3,4,5],[0,2,4,6],[1,3,5,6],[1,3,4,7],[0,2,5,7],[1,2,6,7],[0,3,6,7],[4,5,6,7],[1,2,4,8],[0,3,5,8],[0,1,6,8],[3,4,6,8],[2,5,6,8],[1,5,7,8]]
FAM D=48 ell=12 count=24 degs=[8,7,7,8,8,6,7,7,6] blocks=[[0,1,2,3],[0,1,4,5],[2,3,4,5],[0,2,4,6],[1,3,5,6],[1,3,4,7],[0,2,5,7],[1,2,6,7],[0,3,6,7],[4,5,6,7],[1,2,4,8],[0,3,5,8],[0,1,6,8],[3,4,6,8],[2,3,7,8],[0,4,7,8]]
FAM D=51 ell=12 count=21 degs=[8,8,7,8,8,7,7,8,7] blocks=[[0,1,2,3],[0,1,4,5],[2,3,4,5],[0,2,4,6],[1,3,5,6],[1,3,4,7],[0,2,5,7],[1,2,6,7],[0,3,6,7],[4,5,6,7],[1,2,4,8],[0,3,5,8],[0,1,6,8],[3,4,6,8],[2,3,7,8],[0,4,7,8],[1,5,7,8]]
FAM D=48 ell=12 count=24 degs=[7,8,7,8,7,7,7,7,6] blocks=[[0,1,2,3],[0,1,4,5],[2,3,4,5],[0,2,4,6],[1,3,5,6],[1,3,4,7],[0,2,5,7],[1,2,6,7],[0,3,6,7],[4,5,6,7],[1,2,4,8],[0,3,5,8],[0,1,6,8],[3,4,6,8],[2,3,7,8],[1,5,7,8]]
FAM D=48 ell=12 count=24 degs=[8,8,6,7,8,7,7,7,6] blocks=[[0,1,2,3],[0,1,4,5],[2,3,4,5],[0,2,4,6],[1,3,5,6],[1,3,4,7],[0,2,5,7],[1,2,6,7],[0,3,6,7],[4,5,6,7],[1,2,4,8],[0,3,5,8],[0,1,6,8],[3,4,6,8],[0,4,7,8],[1,5,7,8]]
FAM D=48 ell=12 count=24 degs=[8,7,8,7,7,7,7,7,6] blocks=[[0,1,2,3],[0,1,4,5],[2,3,4,5],[0,2,4,6],[1,3,5,6],[1,3,4,7],[0,2,5,7],[1,2,6,7],[0,3,6,7],[4,5,6,7],[1,2,4,8],[0,3,5,8],[0,1,6,8],[2,5,6,8],[2,3,7,8],[0,4,7,8]]
FAM D=51 ell=12 count=21 degs=[8,8,8,7,7,8,7,8,7] blocks=[[0,1,2,3],[0,1,4,5],[2,3,4,5],[0,2,4,6],[1,3,5,6],[1,3,4,7],[0,2,5,7],[1,2,6,7],[0,3,6,7],[4,5,6,7],[1,2,4,8],[0,3,5,8],[0,1,6,8],[2,5,6,8],[2,3,7,8],[0,4,7,8],[1,5,7,8]]
FAM D=48 ell=12 count=24 degs=[7,8,8,7,6,8,7,7,6] blocks=[[0,1,2,3],[0,1,4,5],[2,3,4,5],[0,2,4,6],[1,3,5,6],[1,3,4,7],[0,2,5,7],[1,2,6,7],[0,3,6,7],[4,5,6,7],[1,2,4,8],[0,3,5,8],[0,1,6,8],[2,5,6,8],[2,3,7,8],[1,5,7,8]]
FAM D=48 ell=12 count=24 degs=[8,8,7,6,7,8,7,7,6] blocks=[[0,1,2,3],[0,1,4,5],[2,3,4,5],[0,2,4,6],[1,3,5,6],[1,3,4,7],[0,2,5,7],[1,2,6,7],[0,3,6,7],[4,5,6,7],[1,2,4,8],[0,3,5,8],[0,1,6,8],[2,5,6,8],[0,4,7,8],[1,5,7,8]]
FAM D=48 ell=12 count=24 degs=[8,8,7,7,7,7,6,8,6] blocks=[[0,1,2,3],[0,1,4,5],[2,3,4,5],[0,2,4,6],[1,3,5,6],[1,3,4,7],[0,2,5,7],[1,2,6,7],[0,3,6,7],[4,5,6,7],[1,2,4,8],[0,3,5,8],[0,1,6,8],[2,3,7,8],[0,4,7,8],[1,5,7,8]]
FAM D=48 ell=12 count=24 degs=[7,6,8,8,8,7,7,7,6] blocks=[[0,1,2,3],[0,1,4,5],[2,3,4,5],[0,2,4,6],[1,3,5,6],[1,3,4,7],[0,2,5,7],[1,2,6,7],[0,3,6,7],[4,5,6,7],[1,2,4,8],[0,3,5,8],[3,4,6,8],[2,5,6,8],[2,3,7,8],[0,4,7,8]]
FAM D=51 ell=12 count=21 degs=[7,7,8,8,8,8,7,8,7] blocks=[[0,1,2,3],[0,1,4,5],[2,3,4,5],[0,2,4,6],[1,3,5,6],[1,3,4,7],[0,2,5,7],[1,2,6,7],[0,3,6,7],[4,5,6,7],[1,2,4,8],[0,3,5,8],[3,4,6,8],[2,5,6,8],[2,3,7,8],[0,4,7,8],[1,5,7,8]]
FAM D=48 ell=12 count=24 degs=[6,7,8,8,7,8,7,7,6] blocks=[[0,1,2,3],[0,1,4,5],[2,3,4,5],[0,2,4,6],[1,3,5,6],[1,3,4,7],[0,2,5,7],[1,2,6,7],[0,3,6,7],[4,5,6,7],[1,2,4,8],[0,3,5,8],[3,4,6,8],[2,5,6,8],[2,3,7,8],[1,5,7,8]]
FAM D=48 ell=12 count=24 degs=[7,7,7,7,8,8,7,7,6] blocks=[[0,1,2,3],[0,1,4,5],[2,3,4,5],[0,2,4,6],[1,3,5,6],[1,3,4,7],[0,2,5,7],[1,2,6,7],[0,3,6,7],[4,5,6,7],[1,2,4,8],[0,3,5,8],[3,4,6,8],[2,5,6,8],[0,4,7,8],[1,5,7,8]]
FAM D=48 ell=12 count=24 degs=[7,7,7,8,8,7,6,8,6] blocks=[[0,1,2,3],[0,1,4,5],[2,3,4,5],[0,2,4,6],[1,3,5,6],[1,3,4,7],[0,2,5,7],[1,2,6,7],[0,3,6,7],[4,5,6,7],[1,2,4,8],[0,3,5,8],[3,4,6,8],[2,3,7,8],[0,4,7,8],[1,5,7,8]]
FAM D=48 ell=12 count=24 degs=[7,7,8,7,7,8,6,8,6] blocks=[[0,1,2,3],[0,1,4,5],[2,3,4,5],[0,2,4,6],[1,3,5,6],[1,3,4,7],[0,2,5,7],[1,2,6,7],[0,3,6,7],[4,5,6,7],[1,2,4,8],[0,3,5,8],[2,5,6,8],[2,3,7,8],[0,4,7,8],[1,5,7,8]]
FAM D=48 ell=12 count=24 degs=[7,7,8,7,8,6,8,7,6] blocks=[[0,1,2,3],[0,1,4,5],[2,3,4,5],[0,2,4,6],[1,3,5,6],[1,3,4,7],[0,2,5,7],[1,2,6,7],[0,3,6,7],[4,5,6,7],[1,2,4,8],[0,1,6,8],[3,4,6,8],[2,5,6,8],[2,3,7,8],[0,4,7,8]]
FAM D=51 ell=12 count=21 degs=[7,8,8,7,8,7,8,8,7] blocks=[[0,1,2,3],[0,1,4,5],[2,3,4,5],[0,2,4,6],[1,3,5,6],[1,3,4,7],[0,2,5,7],[1,2,6,7],[0,3,6,7],[4,5,6,7],[1,2,4,8],[0,1,6,8],[3,4,6,8],[2,5,6,8],[2,3,7,8],[0,4,7,8],[1,5,7,8]]
FAM D=48 ell=12 count=24 degs=[6,8,8,7,7,7,8,7,6] blocks=[[0,1,2,3],[0,1,4,5],[2,3,4,5],[0,2,4,6],[1,3,5,6],[1,3,4,7],[0,2,5,7],[1,2,6,7],[0,3,6,7],[4,5,6,7],[1,2,4,8],[0,1,6,8],[3,4,6,8],[2,5,6,8],[2,3,7,8],[1,5,7,8]]
FAM D=48 ell=12 count=24 degs=[7,8,7,6,8,7,8,7,6] blocks=[[0,1,2,3],[0,1,4,5],[2,3,4,5],[0,2,4,6],[1,3,5,6],[1,3,4,7],[0,2,5,7],[1,2,6,7],[0,3,6,7],[4,5,6,7],[1,2,4,8],[0,1,6,8],[3,4,6,8],[2,5,6,8],[0,4,7,8],[1,5,7,8]]
FAM D=48 ell=12 count=24 degs=[7,8,7,7,8,6,7,8,6] blocks=[[0,1,2,3],[0,1,4,5],[2,3,4,5],[0,2,4,6],[1,3,5,6],[1,3,4,7],[0,2,5,7],[1,2,6,7],[0,3,6,7],[4,5,6,7],[1,2,4,8],[0,1,6,8],[3,4,6,8],[2,3,7,8],[0,4,7,8],[1,5,7,8]]
FAM D=48 ell=12 count=24 degs=[7,8,8,6,7,7,7,8,6] blocks=[[0,1,2,3],[0,1,4,5],[2,3,4,5],[0,2,4,6],[1,3,5,6],[1,3,4,7],[0,2,5,7],[1,2,6,7],[0,3,6,7],[4,5,6,7],[1,2,4,8],[0,1,6,8],[2,5,6,8],[2,3,7,8],[0,4,7,8],[1,5,7,8]]
FAM D=48 ell=12 count=24 degs=[6,7,8,7,8,7,7,8,6] blocks=[[0,1,2,3],[0,1,4,5],[2,3,4,5],[0,2,4,6],[1,3,5,6],[1,3,4,7],[0,2,5,7],[1,2,6,7],[0,3,6,7],[4,5,6,7],[1,2,4,8],[3,4,6,8],[2,5,6,8],[2,3,7,8],[0,4,7,8],[1,5,7,8]]
FAM D=48 ell=12 count=24 degs=[8,8,7,7,7,7,8,6,6] blocks=[[0,1,2,3],[0,1,4,5],[2,3,4,5],[0,2,4,6],[1,3,5,6],[1,3,4,7],[0,2,5,7],[1,2,6,7],[0,3,6,7],[4,5,6,7],[0,3,4,8],[1,2,5,8],[2,3,6,8],[1,4,6,8],[0,5,6,8],[0,1,7,8]]
FAM D=51 ell=12 count=21 degs=[8,8,8,7,8,7,8,7,7] blocks=[[0,1,2,3],[0,1,4,5],[2,3,4,5],[0,2,4,6],[1,3,5,6],[1,3,4,7],[0,2,5,7],[1,2,6,7],[0,3,6,7],[4,5,6,7],[0,3,4,8],[1,2,5,8],[2,3,6,8],[1,4,6,8],[0,5,6,8],[0,1,7,8],[2,4,7,8]]
FAM D=54 ell=12 count=18 degs=[8,8,8,8,8,8,8,8,8] blocks=[[0,1,2,3],[0,1,4,5],[2,3,4,5],[0,2,4,6],[1,3,5,6],[1,3,4,7],[0,2,5,7],[1,2,6,7],[0,3,6,7],[4,5,6,7],[0,3,4,8],[1,2,5,8],[2,3,6,8],[1,4,6,8],[0,5,6,8],[0,1,7,8],[2,4,7,8],[3,5,7,8]]
FAM D=51 ell=12 count=21 degs=[8,8,7,8,7,8,8,7,7] blocks=[[0,1,2,3],[0,1,4,5],[2,3,4,5],[0,2,4,6],[1,3,5,6],[1,3,4,7],[0,2,5,7],[1,2,6,7],[0,3,6,7],[4,5,6,7],[0,3,4,8],[1,2,5,8],[2,3,6,8],[1,4,6,8],[0,5,6,8],[0,1,7,8],[3,5,7,8]]
FAM D=48 ell=12 count=24 degs=[7,7,8,7,8,7,8,6,6] blocks=[[0,1,2,3],[0,1,4,5],[2,3,4,5],[0,2,4,6],[1,3,5,6],[1,3,4,7],[0,2,5,7],[1,2,6,7],[0,3,6,7],[4,5,6,7],[0,3,4,8],[1,2,5,8],[2,3,6,8],[1,4,6,8],[0,5,6,8],[2,4,7,8]]
FAM D=51 ell=12 count=21 degs=[7,7,8,8,8,8,8,7,7] blocks=[[0,1,2,3],[0,1,4,5],[2,3,4,5],[0,2,4,6],[1,3,5,6],[1,3,4,7],[0,2,5,7],[1,2,6,7],[0,3,6,7],[4,5,6,7],[0,3,4,8],[1,2,5,8],[2,3,6,8],[1,4,6,8],[0,5,6,8],[2,4,7,8],[3,5,7,8]]
FAM D=48 ell=12 count=24 degs=[7,7,7,8,7,8,8,6,6] blocks=[[0,1,2,3],[0,1,4,5],[2,3,4,5],[0,2,4,6],[1,3,5,6],[1,3,4,7],[0,2,5,7],[1,2,6,7],[0,3,6,7],[4,5,6,7],[0,3,4,8],[1,2,5,8],[2,3,6,8],[1,4,6,8],[0,5,6,8],[3,5,7,8]]
FAM D=48 ell=12 count=24 degs=[7,8,8,7,8,6,7,7,6] blocks=[[0,1,2,3],[0,1,4,5],[2,3,4,5],[0,2,4,6],[1,3,5,6],[1,3,4,7],[0,2,5,7],[1,2,6,7],[0,3,6,7],[4,5,6,7],[0,3,4,8],[1,2,5,8],[2,3,6,8],[1,4,6,8],[0,1,7,8],[2,4,7,8]]
FAM D=51 ell=12 count=21 degs=[7,8,8,8,8,7,7,8,7] blocks=[[0,1,2,3],[0,1,4,5],[2,3,4,5],[0,2,4,6],[1,3,5,6],[1,3,4,7],[0,2,5,7],[1,2,6,7],[0,3,6,7],[4,5,6,7],[0,3,4,8],[1,2,5,8],[2,3,6,8],[1,4,6,8],[0,1,7,8],[2,4,7,8],[3,5,7,8]]
FAM D=48 ell=12 count=24 degs=[7,8,7,8,7,7,7,7,6] blocks=[[0,1,2,3],[0,1,4,5],[2,3,4,5],[0,2,4,6],[1,3,5,6],[1,3,4,7],[0,2,5,7],[1,2,6,7],[0,3,6,7],[4,5,6,7],[0,3,4,8],[1,2,5,8],[2,3,6,8],[1,4,6,8],[0,1,7,8],[3,5,7,8]]
FAM D=48 ell=12 count=24 degs=[6,7,8,8,8,7,7,7,6] blocks=[[0,1,2,3],[0,1,4,5],[2,3,4,5],[0,2,4,6],[1,3,5,6],[1,3,4,7],[0,2,5,7],[1,2,6,7],[0,3,6,7],[4,5,6,7],[0,3,4,8],[1,2,5,8],[2,3,6,8],[1,4,6,8],[2,4,7,8],[3,5,7,8]]
FAM D=48 ell=12 count=24 degs=[8,7,8,7,7,7,7,7,6] blocks=[[0,1,2,3],[0,1,4,5],[2,3,4,5],[0,2,4,6],[1,3,5,6],[1,3,4,7],[0,2,5,7],[1,2,6,7],[0,3,6,7],[4,5,6,7],[0,3,4,8],[1,2,5,8],[2,3,6,8],[0,5,6,8],[0,1,7,8],[2,4,7,8]]
FAM D=51 ell=12 count=21 degs=[8,7,8,8,7,8,7,8,7] blocks=[[0,1,2,3],[0,1,4,5],[2,3,4,5],[0,2,4,6],[1,3,5,6],[1,3,4,7],[0,2,5,7],[1,2,6,7],[0,3,6,7],[4,5,6,7],[0,3,4,8],[1,2,5,8],[2,3,6,8],[0,5,6,8],[0,1,7,8],[2,4,7,8],[3,5,7,8]]
FAM D=48 ell=12 count=24 degs=[8,7,7,8,6,8,7,7,6] blocks=[[0,1,2,3],[0,1,4,5],[2,3,4,5],[0,2,4,6],[1,3,5,6],[1,3,4,7],[0,2,5,7],[1,2,6,7],[0,3,6,7],[4,5,6,7],[0,3,4,8],[1,2,5,8],[2,3,6,8],[0,5,6,8],[0,1,7,8],[3,5,7,8]]
FAM D=48 ell=12 count=24 degs=[7,6,8,8,7,8,7,7,6] blocks=[[0,1,2,3],[0,1,4,5],[2,3,4,5],[0,2,4,6],[1,3,5,6],[1,3,4,7],[0,2,5,7],[1,2,6,7],[0,3,6,7],[4,5,6,7],[0,3,4,8],[1,2,5,8],[2,3,6,8],[0,5,6,8],[2,4,7,8],[3,5,7,8]]
FAM D=48 ell=12 count=24 degs=[7,7,8,8,7,7,6,8,6] blocks=[[0,1,2,3],[0,1,4,5],[2,3,4,5],[0,2,4,6],[1,3,5,6],[1,3,4,7],[0,2,5,7],[1,2,6,7],[0,3,6,7],[4,5,6,7],[0,3,4,8],[1,2,5,8],[2,3,6,8],[0,1,7,8],[2,4,7,8],[3,5,7,8]]
FAM D=48 ell=12 count=24 degs=[8,8,7,6,8,7,7,7,6] blocks=[[0,1,2,3],[0,1,4,5],[2,3,4,5],[0,2,4,6],[1,3,5,6],[1,3,4,7],[0,2,5,7],[1,2,6,7],[0,3,6,7],[4,5,6,7],[0,3,4,8],[1,2,5,8],[1,4,6,8],[0,5,6,8],[0,1,7,8],[2,4,7,8]]
FAM D=51 ell=12 count=21 degs=[8,8,7,7,8,8,7,8,7] blocks=[[0,1,2,3],[0,1,4,5],[2,3,4,5],[0,2,4,6],[1,3,5,6],[1,3,4,7],[0,2,5,7],[1,2,6,7],[0,3,6,7],[4,5,6,7],[0,3,4,8],[1,2,5,8],[1,4,6,8],[0,5,6,8],[0,1,7,8],[2,4,7,8],[3,5,7,8]]
FAM D=48 ell=12 count=24 degs=[8,8,6,7,7,8,7,7,6] blocks=[[0,1,2,3],[0,1,4,5],[2,3,4,5],[0,2,4,6],[1,3,5,6],[1,3,4,7],[0,2,5,7],[1,2,6,7],[0,3,6,7],[4,5,6,7],[0,3,4,8],[1,2,5,8],[1,4,6,8],[0,5,6,8],[0,1,7,8],[3,5,7,8]]
FAM D=48 ell=12 count=24 degs=[7,7,7,7,8,8,7,7,6] blocks=[[0,1,2,3],[0,1,4,5],[2,3,4,5],[0,2,4,6],[1,3,5,6],[1,3,4,7],[0,2,5,7],[1,2,6,7],[0,3,6,7],[4,5,6,7],[0,3,4,8],[1,2,5,8],[1,4,6,8],[0,5,6,8],[2,4,7,8],[3,5,7,8]]
FAM D=48 ell=12 count=24 degs=[7,8,7,7,8,7,6,8,6] blocks=[[0,1,2,3],[0,1,4,5],[2,3,4,5],[0,2,4,6],[1,3,5,6],[1,3,4,7],[0,2,5,7],[1,2,6,7],[0,3,6,7],[4,5,6,7],[0,3,4,8],[1,2,5,8],[1,4,6,8],[0,1,7,8],[2,4,7,8],[3,5,7,8]]
FAM D=48 ell=12 count=24 degs=[8,7,7,7,7,8,6,8,6] blocks=[[0,1,2,3],[0,1,4,5],[2,3,4,5],[0,2,4,6],[1,3,5,6],[1,3,4,7],[0,2,5,7],[1,2,6,7],[0,3,6,7],[4,5,6,7],[0,3,4,8],[1,2,5,8],[0,5,6,8],[0,1,7,8],[2,4,7,8],[3,5,7,8]]
FAM D=48 ell=12 count=24 degs=[8,7,7,7,8,6,8,7,6] blocks=[[0,1,2,3],[0,1,4,5],[2,3,4,5],[0,2,4,6],[1,3,5,6],[1,3,4,7],[0,2,5,7],[1,2,6,7],[0,3,6,7],[4,5,6,7],[0,3,4,8],[2,3,6,8],[1,4,6,8],[0,5,6,8],[0,1,7,8],[2,4,7,8]]
FAM D=51 ell=12 count=21 degs=[8,7,7,8,8,7,8,8,7] blocks=[[0,1,2,3],[0,1,4,5],[2,3,4,5],[0,2,4,6],[1,3,5,6],[1,3,4,7],[0,2,5,7],[1,2,6,7],[0,3,6,7],[4,5,6,7],[0,3,4,8],[2,3,6,8],[1,4,6,8],[0,5,6,8],[0,1,7,8],[2,4,7,8],[3,5,7,8]]
FAM D=48 ell=12 count=24 degs=[8,7,6,8,7,7,8,7,6] blocks=[[0,1,2,3],[0,1,4,5],[2,3,4,5],[0,2,4,6],[1,3,5,6],[1,3,4,7],[0,2,5,7],[1,2,6,7],[0,3,6,7],[4,5,6,7],[0,3,4,8],[2,3,6,8],[1,4,6,8],[0,5,6,8],[0,1,7,8],[3,5,7,8]]
FAM D=48 ell=12 count=24 degs=[7,6,7,8,8,7,8,7,6] blocks=[[0,1,2,3],[0,1,4,5],[2,3,4,5],[0,2,4,6],[1,3,5,6],[1,3,4,7],[0,2,5,7],[1,2,6,7],[0,3,6,7],[4,5,6,7],[0,3,4,8],[2,3,6,8],[1,4,6,8],[0,5,6,8],[2,4,7,8],[3,5,7,8]]
FAM D=48 ell=12 count=24 degs=[7,7,7,8,8,6,7,8,6] blocks=[[0,1,2,3],[0,1,4,5],[2,3,4,5],[0,2,4,6],[1,3,5,6],[1,3,4,7],[0,2,5,7],[1,2,6,7],[0,3,6,7],[4,5,6,7],[0,3,4,8],[2,3,6,8],[1,4,6,8],[0,1,7,8],[2,4,7,8],[3,5,7,8]]
FAM D=48 ell=12 count=24 degs=[8,6,7,8,7,7,7,8,6] blocks=[[0,1,2,3],[0,1,4,5],[2,3,4,5],[0,2,4,6],[1,3,5,6],[1,3,4,7],[0,2,5,7],[1,2,6,7],[0,3,6,7],[4,5,6,7],[0,3,4,8],[2,3,6,8],[0,5,6,8],[0,1,7,8],[2,4,7,8],[3,5,7,8]]
FAM D=48 ell=12 count=24 degs=[8,7,6,7,8,7,7,8,6] blocks=[[0,1,2,3],[0,1,4,5],[2,3,4,5],[0,2,4,6],[1,3,5,6],[1,3,4,7],[0,2,5,7],[1,2,6,7],[0,3,6,7],[4,5,6,7],[0,3,4,8],[1,4,6,8],[0,5,6,8],[0,1,7,8],[2,4,7,8],[3,5,7,8]]
FAM D=48 ell=12 count=24 degs=[7,8,8,6,7,7,8,7,6] blocks=[[0,1,2,3],[0,1,4,5],[2,3,4,5],[0,2,4,6],[1,3,5,6],[1,3,4,7],[0,2,5,7],[1,2,6,7],[0,3,6,7],[4,5,6,7],[1,2,5,8],[2,3,6,8],[1,4,6,8],[0,5,6,8],[0,1,7,8],[2,4,7,8]]
FAM D=51 ell=12 count=21 degs=[7,8,8,7,7,8,8,8,7] blocks=[[0,1,2,3],[0,1,4,5],[2,3,4,5],[0,2,4,6],[1,3,5,6],[1,3,4,7],[0,2,5,7],[1,2,6,7],[0,3,6,7],[4,5,6,7],[1,2,5,8],[2,3,6,8],[1,4,6,8],[0,5,6,8],[0,1,7,8],[2,4,7,8],[3,5,7,8]]
FAM D=48 ell=12 count=24 degs=[7,8,7,7,6,8,8,7,6] blocks=[[0,1,2,3],[0,1,4,5],[2,3,4,5],[0,2,4,6],[1,3,5,6],[1,3,4,7],[0,2,5,7],[1,2,6,7],[0,3,6,7],[4,5,6,7],[1,2,5,8],[2,3,6,8],[1,4,6,8],[0,5,6,8],[0,1,7,8],[3,5,7,8]]
FAM D=48 ell=12 count=24 degs=[6,7,8,7,7,8,8,7,6] blocks=[[0,1,2,3],[0,1,4,5],[2,3,4,5],[0,2,4,6],[1,3,5,6],[1,3,4,7],[0,2,5,7],[1,2,6,7],[0,3,6,7],[4,5,6,7],[1,2,5,8],[2,3,6,8],[1,4,6,8],[0,5,6,8],[2,4,7,8],[3,5,7,8]]
FAM D=48 ell=12 count=24 degs=[6,8,8,7,7,7,7,8,6] blocks=[[0,1,2,3],[0,1,4,5],[2,3,4,5],[0,2,4,6],[1,3,5,6],[1,3,4,7],[0,2,5,7],[1,2,6,7],[0,3,6,7],[4,5,6,7],[1,2,5,8],[2,3,6,8],[1,4,6,8],[0,1,7,8],[2,4,7,8],[3,5,7,8]]
FAM D=48 ell=12 count=24 degs=[7,7,8,7,6,8,7,8,6] blocks=[[0,1,2,3],[0,1,4,5],[2,3,4,5],[0,2,4,6],[1,3,5,6],[1,3,4,7],[0,2,5,7],[1,2,6,7],[0,3,6,7],[4,5,6,7],[1,2,5,8],[2,3,6,8],[0,5,6,8],[0,1,7,8],[2,4,7,8],[3,5,7,8]]
FAM D=48 ell=12 count=24 degs=[7,8,7,6,7,8,7,8,6] blocks=[[0,1,2,3],[0,1,4,5],[2,3,4,5],[0,2,4,6],[1,3,5,6],[1,3,4,7],[0,2,5,7],[1,2,6,7],[0,3,6,7],[4,5,6,7],[1,2,5,8],[1,4,6,8],[0,5,6,8],[0,1,7,8],[2,4,7,8],[3,5,7,8]]
FAM D=48 ell=12 count=24 degs=[8,6,7,8,7,7,8,7,6] blocks=[[0,1,2,3],[0,1,4,5],[2,3,4,5],[0,2,4,6],[1,3,5,6],[1,3,4,7],[0,2,5,7],[1,2,6,7],[0,3,6,7],[4,5,6,7],[0,3,5,8],[0,1,6,8],[3,4,6,8],[2,5,6,8],[2,3,7,8],[0,4,7,8]]
FAM D=51 ell=12 count=21 degs=[8,7,7,8,7,8,8,8,7] blocks=[[0,1,2,3],[0,1,4,5],[2,3,4,5],[0,2,4,6],[1,3,5,6],[1,3,4,7],[0,2,5,7],[1,2,6,7],[0,3,6,7],[4,5,6,7],[0,3,5,8],[0,1,6,8],[3,4,6,8],[2,5,6,8],[2,3,7,8],[0,4,7,8],[1,5,7,8]]
FAM D=48 ell=12 count=24 degs=[7,7,7,8,6,8,8,7,6] blocks=[[0,1,2,3],[0,1,4,5],[2,3,4,5],[0,2,4,6],[1,3,5,6],[1,3,4,7],[0,2,5,7],[1,2,6,7],[0,3,6,7],[4,5,6,7],[0,3,5,8],[0,1,6,8],[3,4,6,8],[2,5,6,8],[2,3,7,8],[1,5,7,8]]
FAM D=48 ell=12 count=24 degs=[8,7,6,7,7,8,8,7,6] blocks=[[0,1,2,3],[0,1,4,5],[2,3,4,5],[0,2,4,6],[1,3,5,6],[1,3,4,7],[0,2,5,7],[1,2,6,7],[0,3,6,7],[4,5,6,7],[0,3,5,8],[0,1,6,8],[3,4,6,8],[2,5,6,8],[0,4,7,8],[1,5,7,8]]
FAM D=48 ell=12 count=24 degs=[8,7,6,8,7,7,7,8,6] blocks=[[0,1,2,3],[0,1,4,5],[2,3,4,5],[0,2,4,6],[1,3,5,6],[1,3,4,7],[0,2,5,7],[1,2,6,7],[0,3,6,7],[4,5,6,7],[0,3,5,8],[0,1,6,8],[3,4,6,8],[2,3,7,8],[0,4,7,8],[1,5,7,8]]
FAM D=48 ell=12 count=24 degs=[8,7,7,7,6,8,7,8,6] blocks=[[0,1,2,3],[0,1,4,5],[2,3,4,5],[0,2,4,6],[1,3,5,6],[1,3,4,7],[0,2,5,7],[1,2,6,7],[0,3,6,7],[4,5,6,7],[0,3,5,8],[0,1,6,8],[2,5,6,8],[2,3,7,8],[0,4,7,8],[1,5,7,8]]
FAM D=48 ell=12 count=24 degs=[7,6,7,8,7,8,7,8,6] blocks=[[0,1,2,3],[0,1,4,5],[2,3,4,5],[0,2,4,6],[1,3,5,6],[1,3,4,7],[0,2,5,7],[1,2,6,7],[0,3,6,7],[4,5,6,7],[0,3,5,8],[3,4,6,8],[2,5,6,8],[2,3,7,8],[0,4,7,8],[1,5,7,8]]
FAM D=48 ell=12 count=24 degs=[7,7,7,7,7,7,8,8,6] blocks=[[0,1,2,3],[0,1,4,5],[2,3,4,5],[0,2,4,6],[1,3,5,6],[1,3,4,7],[0,2,5,7],[1,2,6,7],[0,3,6,7],[4,5,6,7],[0,1,6,8],[3,4,6,8],[2,5,6,8],[2,3,7,8],[0,4,7,8],[1,5,7,8]]
FAM D=48 ell=12 count=24 degs=[7,7,7,7,7,7,8,8,6] blocks=[[0,1,2,3],[0,1,4,5],[2,3,4,5],[0,2,4,6],[1,3,5,6],[1,3,4,7],[0,2,5,7],[1,2,6,7],[0,3,6,7],[4,5,6,7],[2,3,6,8],[1,4,6,8],[0,5,6,8],[0,1,7,8],[2,4,7,8],[3,5,7,8]]
FAM D=48 ell=12 count=24 degs=[8,7,8,8,7,6,7,6,7] blocks=[[0,1,2,3],[0,1,4,5],[2,3,4,5],[0,2,4,6],[1,3,5,6],[1,3,4,7],[0,2,5,7],[1,2,6,7],[0,3,6,7],[1,2,4,8],[0,3,5,8],[0,1,6,8],[3,4,6,8],[2,5,6,8],[2,3,7,8],[0,4,7,8]]
FAM D=51 ell=12 count=21 degs=[8,8,8,8,7,7,7,7,8] blocks=[[0,1,2,3],[0,1,4,5],[2,3,4,5],[0,2,4,6],[1,3,5,6],[1,3,4,7],[0,2,5,7],[1,2,6,7],[0,3,6,7],[1,2,4,8],[0,3,5,8],[0,1,6,8],[3,4,6,8],[2,5,6,8],[2,3,7,8],[0,4,7,8],[1,5,7,8]]
FAM D=48 ell=12 count=24 degs=[7,8,8,8,6,7,7,6,7] blocks=[[0,1,2,3],[0,1,4,5],[2,3,4,5],[0,2,4,6],[1,3,5,6],[1,3,4,7],[0,2,5,7],[1,2,6,7],[0,3,6,7],[1,2,4,8],[0,3,5,8],[0,1,6,8],[3,4,6,8],[2,5,6,8],[2,3,7,8],[1,5,7,8]]
FAM D=48 ell=12 count=24 degs=[8,8,7,7,7,7,7,6,7] blocks=[[0,1,2,3],[0,1,4,5],[2,3,4,5],[0,2,4,6],[1,3,5,6],[1,3,4,7],[0,2,5,7],[1,2,6,7],[0,3,6,7],[1,2,4,8],[0,3,5,8],[0,1,6,8],[3,4,6,8],[2,5,6,8],[0,4,7,8],[1,5,7,8]]
FAM D=48 ell=12 count=24 degs=[8,8,7,8,7,6,6,7,7] blocks=[[0,1,2,3],[0,1,4,5],[2,3,4,5],[0,2,4,6],[1,3,5,6],[1,3,4,7],[0,2,5,7],[1,2,6,7],[0,3,6,7],[1,2,4,8],[0,3,5,8],[0,1,6,8],[3,4,6,8],[2,3,7,8],[0,4,7,8],[1,5,7,8]]
FAM D=48 ell=12 count=24 degs=[8,8,8,7,6,7,6,7,7] blocks=[[0,1,2,3],[0,1,4,5],[2,3,4,5],[0,2,4,6],[1,3,5,6],[1,3,4,7],[0,2,5,7],[1,2,6,7],[0,3,6,7],[1,2,4,8],[0,3,5,8],[0,1,6,8],[2,5,6,8],[2,3,7,8],[0,4,7,8],[1,5,7,8]]
FAM D=48 ell=12 count=24 degs=[7,7,8,8,7,7,6,7,7] blocks=[[0,1,2,3],[0,1,4,5],[2,3,4,5],[0,2,4,6],[1,3,5,6],[1,3,4,7],[0,2,5,7],[1,2,6,7],[0,3,6,7],[1,2,4,8],[0,3,5,8],[3,4,6,8],[2,5,6,8],[2,3,7,8],[0,4,7,8],[1,5,7,8]]
FAM D=48 ell=12 count=24 degs=[7,8,8,7,7,6,7,7,7] blocks=[[0,1,2,3],[0,1,4,5],[2,3,4,5],[0,2,4,6],[1,3,5,6],[1,3,4,7],[0,2,5,7],[1,2,6,7],[0,3,6,7],[1,2,4,8],[0,1,6,8],[3,4,6,8],[2,5,6,8],[2,3,7,8],[0,4,7,8],[1,5,7,8]]
FAM D=48 ell=12 count=24 degs=[8,8,8,7,7,6,7,6,7] blocks=[[0,1,2,3],[0,1,4,5],[2,3,4,5],[0,2,4,6],[1,3,5,6],[1,3,4,7],[0,2,5,7],[1,2,6,7],[0,3,6,7],[0,3,4,8],[1,2,5,8],[2,3,6,8],[1,4,6,8],[0,5,6,8],[0,1,7,8],[2,4,7,8]]
FAM D=51 ell=12 count=21 degs=[8,8,8,8,7,7,7,7,8] blocks=[[0,1,2,3],[0,1,4,5],[2,3,4,5],[0,2,4,6],[1,3,5,6],[1,3,4,7],[0,2,5,7],[1,2,6,7],[0,3,6,7],[0,3,4,8],[1,2,5,8],[2,3,6,8],[1,4,6,8],[0,5,6,8],[0,1,7,8],[2,4,7,8],[3,5,7,8]]
FAM D=48 ell=12 count=24 degs=[8,8,7,8,6,7,7,6,7] blocks=[[0,1,2,3],[0,1,4,5],[2,3,4,5],[0,2,4,6],[1,3,5,6],[1,3,4,7],[0,2,5,7],[1,2,6,7],[0,3,6,7],[0,3,4,8],[1,2,5,8],[2,3,6,8],[1,4,6,8],[0,5,6,8],[0,1,7,8],[3,5,7,8]]
FAM D=48 ell=12 count=24 degs=[7,7,8,8,7,7,7,6,7] blocks=[[0,1,2,3],[0,1,4,5],[2,3,4,5],[0,2,4,6],[1,3,5,6],[1,3,4,7],[0,2,5,7],[1,2,6,7],[0,3,6,7],[0,3,4,8],[1,2,5,8],[2,3,6,8],[1,4,6,8],[0,5,6,8],[2,4,7,8],[3,5,7,8]]
FAM D=48 ell=12 count=24 degs=[7,8,8,8,7,6,6,7,7] blocks=[[0,1,2,3],[0,1,4,5],[2,3,4,5],[0,2,4,6],[1,3,5,6],[1,3,4,7],[0,2,5,7],[1,2,6,7],[0,3,6,7],[0,3,4,8],[1,2,5,8],[2,3,6,8],[1,4,6,8],[0,1,7,8],[2,4,7,8],[3,5,7,8]]
FAM D=48 ell=12 count=24 degs=[8,7,8,8,6,7,6,7,7] blocks=[[0,1,2,3],[0,1,4,5],[2,3,4,5],[0,2,4,6],[1,3,5,6],[1,3,4,7],[0,2,5,7],[1,2,6,7],[0,3,6,7],[0,3,4,8],[1,2,5,8],[2,3,6,8],[0,5,6,8],[0,1,7,8],[2,4,7,8],[3,5,7,8]]
FAM D=48 ell=12 count=24 degs=[8,8,7,7,7,7,6,7,7] blocks=[[0,1,2,3],[0,1,4,5],[2,3,4,5],[0,2,4,6],[1,3,5,6],[1,3,4,7],[0,2,5,7],[1,2,6,7],[0,3,6,7],[0,3,4,8],[1,2,5,8],[1,4,6,8],[0,5,6,8],[0,1,7,8],[2,4,7,8],[3,5,7,8]]
FAM D=48 ell=12 count=24 degs=[8,7,7,8,7,6,7,7,7] blocks=[[0,1,2,3],[0,1,4,5],[2,3,4,5],[0,2,4,6],[1,3,5,6],[1,3,4,7],[0,2,5,7],[1,2,6,7],[0,3,6,7],[0,3,4,8],[2,3,6,8],[1,4,6,8],[0,5,6,8],[0,1,7,8],[2,4,7,8],[3,5,7,8]]
FAM D=48 ell=12 count=24 degs=[7,8,8,7,6,7,7,7,7] blocks=[[0,1,2,3],[0,1,4,5],[2,3,4,5],[0,2,4,6],[1,3,5,6],[1,3,4,7],[0,2,5,7],[1,2,6,7],[0,3,6,7],[1,2,5,8],[2,3,6,8],[1,4,6,8],[0,5,6,8],[0,1,7,8],[2,4,7,8],[3,5,7,8]]
FAM D=48 ell=12 count=24 degs=[8,7,7,8,6,7,7,7,7] blocks=[[0,1,2,3],[0,1,4,5],[2,3,4,5],[0,2,4,6],[1,3,5,6],[1,3,4,7],[0,2,5,7],[1,2,6,7],[0,3,6,7],[0,3,5,8],[0,1,6,8],[3,4,6,8],[2,5,6,8],[2,3,7,8],[0,4,7,8],[1,5,7,8]]
FAM D=48 ell=12 count=24 degs=[7,7,8,7,8,7,7,6,7] blocks=[[0,1,2,3],[0,1,4,5],[2,3,4,5],[0,2,4,6],[1,3,5,6],[1,3,4,7],[0,2,5,7],[1,2,6,7],[4,5,6,7],[1,2,4,8],[0,3,5,8],[0,1,6,8],[3,4,6,8],[2,5,6,8],[2,3,7,8],[0,4,7,8]]
FAM D=51 ell=12 count=21 degs=[7,8,8,7,8,8,7,7,8] blocks=[[0,1,2,3],[0,1,4,5],[2,3,4,5],[0,2,4,6],[1,3,5,6],[1,3,4,7],[0,2,5,7],[1,2,6,7],[4,5,6,7],[1,2,4,8],[0,3,5,8],[0,1,6,8],[3,4,6,8],[2,5,6,8],[2,3,7,8],[0,4,7,8],[1,5,7,8]]
FAM D=48 ell=12 count=24 degs=[6,8,8,7,7,8,7,6,7] blocks=[[0,1,2,3],[0,1,4,5],[2,3,4,5],[0,2,4,6],[1,3,5,6],[1,3,4,7],[0,2,5,7],[1,2,6,7],[4,5,6,7],[1,2,4,8],[0,3,5,8],[0,1,6,8],[3,4,6,8],[2,5,6,8],[2,3,7,8],[1,5,7,8]]
FAM D=48 ell=12 count=24 degs=[7,8,7,6,8,8,7,6,7] blocks=[[0,1,2,3],[0,1,4,5],[2,3,4,5],[0,2,4,6],[1,3,5,6],[1,3,4,7],[0,2,5,7],[1,2,6,7],[4,5,6,7],[1,2,4,8],[0,3,5,8],[0,1,6,8],[3,4,6,8],[2,5,6,8],[0,4,7,8],[1,5,7,8]]
FAM D=48 ell=12 count=24 degs=[7,8,7,7,8,7,6,7,7] blocks=[[0,1,2,3],[0,1,4,5],[2,3,4,5],[0,2,4,6],[1,3,5,6],[1,3,4,7],[0,2,5,7],[1,2,6,7],[4,5,6,7],[1,2,4,8],[0,3,5,8],[0,1,6,8],[3,4,6,8],[2,3,7,8],[0,4,7,8],[1,5,7,8]]
FAM D=48 ell=12 count=24 degs=[7,8,8,6,7,8,6,7,7] blocks=[[0,1,2,3],[0,1,4,5],[2,3,4,5],[0,2,4,6],[1,3,5,6],[1,3,4,7],[0,2,5,7],[1,2,6,7],[4,5,6,7],[1,2,4,8],[0,3,5,8],[0,1,6,8],[2,5,6,8],[2,3,7,8],[0,4,7,8],[1,5,7,8]]
FAM D=48 ell=12 count=24 degs=[6,7,8,7,8,8,6,7,7] blocks=[[0,1,2,3],[0,1,4,5],[2,3,4,5],[0,2,4,6],[1,3,5,6],[1,3,4,7],[0,2,5,7],[1,2,6,7],[4,5,6,7],[1,2,4,8],[0,3,5,8],[3,4,6,8],[2,5,6,8],[2,3,7,8],[0,4,7,8],[1,5,7,8]]
FAM D=48 ell=12 count=24 degs=[6,8,8,6,8,7,7,7,7] blocks=[[0,1,2,3],[0,1,4,5],[2,3,4,5],[0,2,4,6],[1,3,5,6],[1,3,4,7],[0,2,5,7],[1,2,6,7],[4,5,6,7],[1,2,4,8],[0,1,6,8],[3,4,6,8],[2,5,6,8],[2,3,7,8],[0,4,7,8],[1,5,7,8]]
FAM D=48 ell=12 count=24 degs=[7,8,8,6,8,7,7,6,7] blocks=[[0,1,2,3],[0,1,4,5],[2,3,4,5],[0,2,4,6],[1,3,5,6],[1,3,4,7],[0,2,5,7],[1,2,6,7],[4,5,6,7],[0,3,4,8],[1,2,5,8],[2,3,6,8],[1,4,6,8],[0,5,6,8],[0,1,7,8],[2,4,7,8]]
FAM D=51 ell=12 count=21 degs=[7,8,8,7,8,8,7,7,8] blocks=[[0,1,2,3],[0,1,4,5],[2,3,4,5],[0,2,4,6],[1,3,5,6],[1,3,4,7],[0,2,5,7],[1,2,6,7],[4,5,6,7],[0,3,4,8],[1,2,5,8],[2,3,6,8],[1,4,6,8],[0,5,6,8],[0,1,7,8],[2,4,7,8],[3,5,7,8]]
FAM D=48 ell=12 count=24 degs=[7,8,7,7,7,8,7,6,7] blocks=[[0,1,2,3],[0,1,4,5],[2,3,4,5],[0,2,4,6],[1,3,5,6],[1,3,4,7],[0,2,5,7],[1,2,6,7],[4,5,6,7],[0,3,4,8],[1,2,5,8],[2,3,6,8],[1,4,6,8],[0,5,6,8],[0,1,7,8],[3,5,7,8]]
FAM D=48 ell=12 count=24 degs=[6,7,8,7,8,8,7,6,7] blocks=[[0,1,2,3],[0,1,4,5],[2,3,4,5],[0,2,4,6],[1,3,5,6],[1,3,4,7],[0,2,5,7],[1,2,6,7],[4,5,6,7],[0,3,4,8],[1,2,5,8],[2,3,6,8],[1,4,6,8],[0,5,6,8],[2,4,7,8],[3,5,7,8]]
FAM D=48 ell=12 count=24 degs=[6,8,8,7,8,7,6,7,7] blocks=[[0,1,2,3],[0,1,4,5],[2,3,4,5],[0,2,4,6],[1,3,5,6],[1,3,4,7],[0,2,5,7],[1,2,6,7],[4,5,6,7],[0,3,4,8],[1,2,5,8],[2,3,6,8],[1,4,6,8],[0,1,7,8],[2,4,7,8],[3,5,7,8]]
FAM D=48 ell=12 count=24 degs=[7,7,8,7,7,8,6,7,7] blocks=[[0,1,2,3],[0,1,4,5],[2,3,4,5],[0,2,4,6],[1,3,5,6],[1,3,4,7],[0,2,5,7],[1,2,6,7],[4,5,6,7],[0,3,4,8],[1,2,5,8],[2,3,6,8],[0,5,6,8],[0,1,7,8],[2,4,7,8],[3,5,7,8]]
FAM D=48 ell=12 count=24 degs=[7,8,7,6,8,8,6,7,7] blocks=[[0,1,2,3],[0,1,4,5],[2,3,4,5],[0,2,4,6],[1,3,5,6],[1,3,4,7],[0,2,5,7],[1,2,6,7],[4,5,6,7],[0,3,4,8],[1,2,5,8],[1,4,6,8],[0,5,6,8],[0,1,7,8],[2,4,7,8],[3,5,7,8]]
FAM D=48 ell=12 count=24 degs=[7,7,7,7,8,7,7,7,7] blocks=[[0,1,2,3],[0,1,4,5],[2,3,4,5],[0,2,4,6],[1,3,5,6],[1,3,4,7],[0,2,5,7],[1,2,6,7],[4,5,6,7],[0,3,4,8],[2,3,6,8],[1,4,6,8],[0,5,6,8],[0,1,7,8],[2,4,7,8],[3,5,7,8]]
FAM D=48 ell=12 count=24 degs=[6,8,8,6,7,8,7,7,7] blocks=[[0,1,2,3],[0,1,4,5],[2,3,4,5],[0,2,4,6],[1,3,5,6],[1,3,4,7],[0,2,5,7],[1,2,6,7],[4,5,6,7],[1,2,5,8],[2,3,6,8],[1,4,6,8],[0,5,6,8],[0,1,7,8],[2,4,7,8],[3,5,7,8]]
FAM D=48 ell=12 count=24 degs=[7,7,7,7,7,8,7,7,7] blocks=[[0,1,2,3],[0,1,4,5],[2,3,4,5],[0,2,4,6],[1,3,5,6],[1,3,4,7],[0,2,5,7],[1,2,6,7],[4,5,6,7],[0,3,5,8],[0,1,6,8],[3,4,6,8],[2,5,6,8],[2,3,7,8],[0,4,7,8],[1,5,7,8]]
FAM D=48 ell=12 count=24 degs=[7,8,8,7,7,7,6,6,8] blocks=[[0,1,2,3],[0,1,4,5],[2,3,4,5],[0,2,4,6],[1,3,5,6],[1,3,4,7],[0,2,5,7],[1,2,6,7],[1,2,4,8],[0,3,5,8],[0,1,6,8],[3,4,6,8],[2,5,6,8],[2,3,7,8],[0,4,7,8],[1,5,7,8]]
FAM D=48 ell=12 count=24 degs=[7,8,8,7,7,7,6,6,8] blocks=[[0,1,2,3],[0,1,4,5],[2,3,4,5],[0,2,4,6],[1,3,5,6],[1,3,4,7],[0,2,5,7],[1,2,6,7],[0,3,4,8],[1,2,5,8],[2,3,6,8],[1,4,6,8],[0,5,6,8],[0,1,7,8],[2,4,7,8],[3,5,7,8]]
FAM D=48 ell=12 count=24 degs=[8,6,7,8,8,7,7,6,7] blocks=[[0,1,2,3],[0,1,4,5],[2,3,4,5],[0,2,4,6],[1,3,5,6],[1,3,4,7],[0,2,5,7],[0,3,6,7],[4,5,6,7],[1,2,4,8],[0,3,5,8],[0,1,6,8],[3,4,6,8],[2,5,6,8],[2,3,7,8],[0,4,7,8]]
FAM D=51 ell=12 count=21 degs=[8,7,7,8,8,8,7,7,8] blocks=[[0,1,2,3],[0,1,4,5],[2,3,4,5],[0,2,4,6],[1,3,5,6],[1,3,4,7],[0,2,5,7],[0,3,6,7],[4,5,6,7],[1,2,4,8],[0,3,5,8],[0,1,6,8],[3,4,6,8],[2,5,6,8],[2,3,7,8],[0,4,7,8],[1,5,7,8]]
FAM D=48 ell=12 count=24 degs=[7,7,7,8,7,8,7,6,7] blocks=[[0,1,2,3],[0,1,4,5],[2,3,4,5],[0,2,4,6],[1,3,5,6],[1,3,4,7],[0,2,5,7],[0,3,6,7],[4,5,6,7],[1,2,4,8],[0,3,5,8],[0,1,6,8],[3,4,6,8],[2,5,6,8],[2,3,7,8],[1,5,7,8]]
FAM D=48 ell=12 count=24 degs=[8,7,6,7,8,8,7,6,7] blocks=[[0,1,2,3],[0,1,4,5],[2,3,4,5],[0,2,4,6],[1,3,5,6],[1,3,4,7],[0,2,5,7],[0,3,6,7],[4,5,6,7],[1,2,4,8],[0,3,5,8],[0,1,6,8],[3,4,6,8],[2,5,6,8],[0,4,7,8],[1,5,7,8]]
FAM D=48 ell=12 count=24 degs=[8,7,6,8,8,7,6,7,7] blocks=[[0,1,2,3],[0,1,4,5],[2,3,4,5],[0,2,4,6],[1,3,5,6],[1,3,4,7],[0,2,5,7],[0,3,6,7],[4,5,6,7],[1,2,4,8],[0,3,5,8],[0,1,6,8],[3,4,6,8],[2,3,7,8],[0,4,7,8],[1,5,7,8]]
FAM D=48 ell=12 count=24 degs=[8,7,7,7,7,8,6,7,7] blocks=[[0,1,2,3],[0,1,4,5],[2,3,4,5],[0,2,4,6],[1,3,5,6],[1,3,4,7],[0,2,5,7],[0,3,6,7],[4,5,6,7],[1,2,4,8],[0,3,5,8],[0,1,6,8],[2,5,6,8],[2,3,7,8],[0,4,7,8],[1,5,7,8]]
FAM D=48 ell=12 count=24 degs=[7,6,7,8,8,8,6,7,7] blocks=[[0,1,2,3],[0,1,4,5],[2,3,4,5],[0,2,4,6],[1,3,5,6],[1,3,4,7],[0,2,5,7],[0,3,6,7],[4,5,6,7],[1,2,4,8],[0,3,5,8],[3,4,6,8],[2,5,6,8],[2,3,7,8],[0,4,7,8],[1,5,7,8]]
FAM D=48 ell=12 count=24 degs=[7,7,7,7,8,7,7,7,7] blocks=[[0,1,2,3],[0,1,4,5],[2,3,4,5],[0,2,4,6],[1,3,5,6],[1,3,4,7],[0,2,5,7],[0,3,6,7],[4,5,6,7],[1,2,4,8],[0,1,6,8],[3,4,6,8],[2,5,6,8],[2,3,7,8],[0,4,7,8],[1,5,7,8]]
FAM D=48 ell=12 count=24 degs=[8,7,7,7,8,7,7,6,7] blocks=[[0,1,2,3],[0,1,4,5],[2,3,4,5],[0,2,4,6],[1,3,5,6],[1,3,4,7],[0,2,5,7],[0,3,6,7],[4,5,6,7],[0,3,4,8],[1,2,5,8],[2,3,6,8],[1,4,6,8],[0,5,6,8],[0,1,7,8],[2,4,7,8]]
FAM D=51 ell=12 count=21 degs=[8,7,7,8,8,8,7,7,8] blocks=[[0,1,2,3],[0,1,4,5],[2,3,4,5],[0,2,4,6],[1,3,5,6],[1,3,4,7],[0,2,5,7],[0,3,6,7],[4,5,6,7],[0,3,4,8],[1,2,5,8],[2,3,6,8],[1,4,6,8],[0,5,6,8],[0,1,7,8],[2,4,7,8],[3,5,7,8]]
FAM D=48 ell=12 count=24 degs=[8,7,6,8,7,8,7,6,7] blocks=[[0,1,2,3],[0,1,4,5],[2,3,4,5],[0,2,4,6],[1,3,5,6],[1,3,4,7],[0,2,5,7],[0,3,6,7],[4,5,6,7],[0,3,4,8],[1,2,5,8],[2,3,6,8],[1,4,6,8],[0,5,6,8],[0,1,7,8],[3,5,7,8]]
FAM D=48 ell=12 count=24 degs=[7,6,7,8,8,8,7,6,7] blocks=[[0,1,2,3],[0,1,4,5],[2,3,4,5],[0,2,4,6],[1,3,5,6],[1,3,4,7],[0,2,5,7],[0,3,6,7],[4,5,6,7],[0,3,4,8],[1,2,5,8],[2,3,6,8],[1,4,6,8],[0,5,6,8],[2,4,7,8],[3,5,7,8]]
FAM D=48 ell=12 count=24 degs=[7,7,7,8,8,7,6,7,7] blocks=[[0,1,2,3],[0,1,4,5],[2,3,4,5],[0,2,4,6],[1,3,5,6],[1,3,4,7],[0,2,5,7],[0,3,6,7],[4,5,6,7],[0,3,4,8],[1,2,5,8],[2,3,6,8],[1,4,6,8],[0,1,7,8],[2,4,7,8],[3,5,7,8]]
FAM D=48 ell=12 count=24 degs=[8,6,7,8,7,8,6,7,7] blocks=[[0,1,2,3],[0,1,4,5],[2,3,4,5],[0,2,4,6],[1,3,5,6],[1,3,4,7],[0,2,5,7],[0,3,6,7],[4,5,6,7],[0,3,4,8],[1,2,5,8],[2,3,6,8],[0,5,6,8],[0,1,7,8],[2,4,7,8],[3,5,7,8]]
FAM D=48 ell=12 count=24 degs=[8,7,6,7,8,8,6,7,7] blocks=[[0,1,2,3],[0,1,4,5],[2,3,4,5],[0,2,4,6],[1,3,5,6],[1,3,4,7],[0,2,5,7],[0,3,6,7],[4,5,6,7],[0,3,4,8],[1,2,5,8],[1,4,6,8],[0,5,6,8],[0,1,7,8],[2,4,7,8],[3,5,7,8]]
FAM D=48 ell=12 count=24 degs=[8,6,6,8,8,7,7,7,7] blocks=[[0,1,2,3],[0,1,4,5],[2,3,4,5],[0,2,4,6],[1,3,5,6],[1,3,4,7],[0,2,5,7],[0,3,6,7],[4,5,6,7],[0,3,4,8],[2,3,6,8],[1,4,6,8],[0,5,6,8],[0,1,7,8],[2,4,7,8],[3,5,7,8]]
FAM D=48 ell=12 count=24 degs=[7,7,7,7,7,8,7,7,7] blocks=[[0,1,2,3],[0,1,4,5],[2,3,4,5],[0,2,4,6],[1,3,5,6],[1,3,4,7],[0,2,5,7],[0,3,6,7],[4,5,6,7],[1,2,5,8],[2,3,6,8],[1,4,6,8],[0,5,6,8],[0,1,7,8],[2,4,7,8],[3,5,7,8]]
FAM D=48 ell=12 count=24 degs=[8,6,6,8,7,8,7,7,7] blocks=[[0,1,2,3],[0,1,4,5],[2,3,4,5],[0,2,4,6],[1,3,5,6],[1,3,4,7],[0,2,5,7],[0,3,6,7],[4,5,6,7],[0,3,5,8],[0,1,6,8],[3,4,6,8],[2,5,6,8],[2,3,7,8],[0,4,7,8],[1,5,7,8]]
FAM D=48 ell=12 count=24 degs=[8,7,7,8,7,7,6,6,8] blocks=[[0,1,2,3],[0,1,4,5],[2,3,4,5],[0,2,4,6],[1,3,5,6],[1,3,4,7],[0,2,5,7],[0,3,6,7],[1,2,4,8],[0,3,5,8],[0,1,6,8],[3,4,6,8],[2,5,6,8],[2,3,7,8],[0,4,7,8],[1,5,7,8]]
FAM D=48 ell=12 count=24 degs=[8,7,7,8,7,7,6,6,8] blocks=[[0,1,2,3],[0,1,4,5],[2,3,4,5],[0,2,4,6],[1,3,5,6],[1,3,4,7],[0,2,5,7],[0,3,6,7],[0,3,4,8],[1,2,5,8],[2,3,6,8],[1,4,6,8],[0,5,6,8],[0,1,7,8],[2,4,7,8],[3,5,7,8]]
FAM D=48 ell=12 count=24 degs=[7,7,7,7,8,8,6,6,8] blocks=[[0,1,2,3],[0,1,4,5],[2,3,4,5],[0,2,4,6],[1,3,5,6],[1,3,4,7],[0,2,5,7],[4,5,6,7],[1,2,4,8],[0,3,5,8],[0,1,6,8],[3,4,6,8],[2,5,6,8],[2,3,7,8],[0,4,7,8],[1,5,7,8]]
FAM D=48 ell=12 count=24 degs=[7,7,7,7,8,8,6,6,8] blocks=[[0,1,2,3],[0,1,4,5],[2,3,4,5],[0,2,4,6],[1,3,5,6],[1,3,4,7],[0,2,5,7],[4,5,6,7],[0,3,4,8],[1,2,5,8],[2,3,6,8],[1,4,6,8],[0,5,6,8],[0,1,7,8],[2,4,7,8],[3,5,7,8]]
FAM D=48 ell=12 count=24 degs=[7,7,7,8,8,6,8,6,7] blocks=[[0,1,2,3],[0,1,4,5],[2,3,4,5],[0,2,4,6],[1,3,5,6],[1,3,4,7],[1,2,6,7],[0,3,6,7],[4,5,6,7],[1,2,4,8],[0,3,5,8],[0,1,6,8],[3,4,6,8],[2,5,6,8],[2,3,7,8],[0,4,7,8]]
FAM D=51 ell=12 count=21 degs=[7,8,7,8,8,7,8,7,8] blocks=[[0,1,2,3],[0,1,4,5],[2,3,4,5],[0,2,4,6],[1,3,5,6],[1,3,4,7],[1,2,6,7],[0,3,6,7],[4,5,6,7],[1,2,4,8],[0,3,5,8],[0,1,6,8],[3,4,6,8],[2,5,6,8],[2,3,7,8],[0,4,7,8],[1,5,7,8]]
FAM D=48 ell=12 count=24 degs=[6,8,7,8,7,7,8,6,7] blocks=[[0,1,2,3],[0,1,4,5],[2,3,4,5],[0,2,4,6],[1,3,5,6],[1,3,4,7],[1,2,6,7],[0,3,6,7],[4,5,6,7],[1,2,4,8],[0,3,5,8],[0,1,6,8],[3,4,6,8],[2,5,6,8],[2,3,7,8],[1,5,7,8]]
FAM D=48 ell=12 count=24 degs=[7,8,6,7,8,7,8,6,7] blocks=[[0,1,2,3],[0,1,4,5],[2,3,4,5],[0,2,4,6],[1,3,5,6],[1,3,4,7],[1,2,6,7],[0,3,6,7],[4,5,6,7],[1,2,4,8],[0,3,5,8],[0,1,6,8],[3,4,6,8],[2,5,6,8],[0,4,7,8],[1,5,7,8]]
FAM D=48 ell=12 count=24 degs=[7,8,6,8,8,6,7,7,7] blocks=[[0,1,2,3],[0,1,4,5],[2,3,4,5],[0,2,4,6],[1,3,5,6],[1,3,4,7],[1,2,6,7],[0,3,6,7],[4,5,6,7],[1,2,4,8],[0,3,5,8],[0,1,6,8],[3,4,6,8],[2,3,7,8],[0,4,7,8],[1,5,7,8]]
FAM D=48 ell=12 count=24 degs=[7,8,7,7,7,7,7,7,7] blocks=[[0,1,2,3],[0,1,4,5],[2,3,4,5],[0,2,4,6],[1,3,5,6],[1,3,4,7],[1,2,6,7],[0,3,6,7],[4,5,6,7],[1,2,4,8],[0,3,5,8],[0,1,6,8],[2,5,6,8],[2,3,7,8],[0,4,7,8],[1,5,7,8]]
FAM D=48 ell=12 count=24 degs=[6,7,7,8,8,7,7,7,7] blocks=[[0,1,2,3],[0,1,4,5],[2,3,4,5],[0,2,4,6],[1,3,5,6],[1,3,4,7],[1,2,6,7],[0,3,6,7],[4,5,6,7],[1,2,4,8],[0,3,5,8],[3,4,6,8],[2,5,6,8],[2,3,7,8],[0,4,7,8],[1,5,7,8]]
FAM D=48 ell=12 count=24 degs=[6,8,7,7,8,6,8,7,7] blocks=[[0,1,2,3],[0,1,4,5],[2,3,4,5],[0,2,4,6],[1,3,5,6],[1,3,4,7],[1,2,6,7],[0,3,6,7],[4,5,6,7],[1,2,4,8],[0,1,6,8],[3,4,6,8],[2,5,6,8],[2,3,7,8],[0,4,7,8],[1,5,7,8]]
FAM D=48 ell=12 count=24 degs=[7,8,7,7,8,6,8,6,7] blocks=[[0,1,2,3],[0,1,4,5],[2,3,4,5],[0,2,4,6],[1,3,5,6],[1,3,4,7],[1,2,6,7],[0,3,6,7],[4,5,6,7],[0,3,4,8],[1,2,5,8],[2,3,6,8],[1,4,6,8],[0,5,6,8],[0,1,7,8],[2,4,7,8]]
FAM D=51 ell=12 count=21 degs=[7,8,7,8,8,7,8,7,8] blocks=[[0,1,2,3],[0,1,4,5],[2,3,4,5],[0,2,4,6],[1,3,5,6],[1,3,4,7],[1,2,6,7],[0,3,6,7],[4,5,6,7],[0,3,4,8],[1,2,5,8],[2,3,6,8],[1,4,6,8],[0,5,6,8],[0,1,7,8],[2,4,7,8],[3,5,7,8]]
FAM D=48 ell=12 count=24 degs=[7,8,6,8,7,7,8,6,7] blocks=[[0,1,2,3],[0,1,4,5],[2,3,4,5],[0,2,4,6],[1,3,5,6],[1,3,4,7],[1,2,6,7],[0,3,6,7],[4,5,6,7],[0,3,4,8],[1,2,5,8],[2,3,6,8],[1,4,6,8],[0,5,6,8],[0,1,7,8],[3,5,7,8]]
FAM D=48 ell=12 count=24 degs=[6,7,7,8,8,7,8,6,7] blocks=[[0,1,2,3],[0,1,4,5],[2,3,4,5],[0,2,4,6],[1,3,5,6],[1,3,4,7],[1,2,6,7],[0,3,6,7],[4,5,6,7],[0,3,4,8],[1,2,5,8],[2,3,6,8],[1,4,6,8],[0,5,6,8],[2,4,7,8],[3,5,7,8]]
FAM D=48 ell=12 count=24 degs=[6,8,7,8,8,6,7,7,7] blocks=[[0,1,2,3],[0,1,4,5],[2,3,4,5],[0,2,4,6],[1,3,5,6],[1,3,4,7],[1,2,6,7],[0,3,6,7],[4,5,6,7],[0,3,4,8],[1,2,5,8],[2,3,6,8],[1,4,6,8],[0,1,7,8],[2,4,7,8],[3,5,7,8]]
FAM D=48 ell=12 count=24 degs=[7,7,7,8,7,7,7,7,7] blocks=[[0,1,2,3],[0,1,4,5],[2,3,4,5],[0,2,4,6],[1,3,5,6],[1,3,4,7],[1,2,6,7],[0,3,6,7],[4,5,6,7],[0,3,4,8],[1,2,5,8],[2,3,6,8],[0,5,6,8],[0,1,7,8],[2,4,7,8],[3,5,7,8]]
FAM D=48 ell=12 count=24 degs=[7,8,6,7,8,7,7,7,7] blocks=[[0,1,2,3],[0,1,4,5],[2,3,4,5],[0,2,4,6],[1,3,5,6],[1,3,4,7],[1,2,6,7],[0,3,6,7],[4,5,6,7],[0,3,4,8],[1,2,5,8],[1,4,6,8],[0,5,6,8],[0,1,7,8],[2,4,7,8],[3,5,7,8]]
FAM D=48 ell=12 count=24 degs=[7,7,6,8,8,6,8,7,7] blocks=[[0,1,2,3],[0,1,4,5],[2,3,4,5],[0,2,4,6],[1,3,5,6],[1,3,4,7],[1,2,6,7],[0,3,6,7],[4,5,6,7],[0,3,4,8],[2,3,6,8],[1,4,6,8],[0,5,6,8],[0,1,7,8],[2,4,7,8],[3,5,7,8]]
FAM D=48 ell=12 count=24 degs=[6,8,7,7,7,7,8,7,7] blocks=[[0,1,2,3],[0,1,4,5],[2,3,4,5],[0,2,4,6],[1,3,5,6],[1,3,4,7],[1,2,6,7],[0,3,6,7],[4,5,6,7],[1,2,5,8],[2,3,6,8],[1,4,6,8],[0,5,6,8],[0,1,7,8],[2,4,7,8],[3,5,7,8]]
FAM D=48 ell=12 count=24 degs=[7,7,6,8,7,7,8,7,7] blocks=[[0,1,2,3],[0,1,4,5],[2,3,4,5],[0,2,4,6],[1,3,5,6],[1,3,4,7],[1,2,6,7],[0,3,6,7],[4,5,6,7],[0,3,5,8],[0,1,6,8],[3,4,6,8],[2,5,6,8],[2,3,7,8],[0,4,7,8],[1,5,7,8]]
FAM D=48 ell=12 count=24 degs=[7,8,7,8,7,6,7,6,8] blocks=[[0,1,2,3],[0,1,4,5],[2,3,4,5],[0,2,4,6],[1,3,5,6],[1,3,4,7],[1,2,6,7],[0,3,6,7],[1,2,4,8],[0,3,5,8],[0,1,6,8],[3,4,6,8],[2,5,6,8],[2,3,7,8],[0,4,7,8],[1,5,7,8]]
FAM D=48 ell=12 count=24 degs=[7,8,7,8,7,6,7,6,8] blocks=[[0,1,2,3],[0,1,4,5],[2,3,4,5],[0,2,4,6],[1,3,5,6],[1,3,4,7],[1,2,6,7],[0,3,6,7],[0,3,4,8],[1,2,5,8],[2,3,6,8],[1,4,6,8],[0,5,6,8],[0,1,7,8],[2,4,7,8],[3,5,7,8]]
FAM D=48 ell=12 count=24 degs=[6,8,7,7,8,7,7,6,8] blocks=[[0,1,2,3],[0,1,4,5],[2,3,4,5],[0,2,4,6],[1,3,5,6],[1,3,4,7],[1,2,6,7],[4,5,6,7],[1,2,4,8],[0,3,5,8],[0,1,6,8],[3,4,6,8],[2,5,6,8],[2,3,7,8],[0,4,7,8],[1,5,7,8]]
FAM D=48 ell=12 count=24 degs=[6,8,7,7,8,7,7,6,8] blocks=[[0,1,2,3],[0,1,4,5],[2,3,4,5],[0,2,4,6],[1,3,5,6],[1,3,4,7],[1,2,6,7],[4,5,6,7],[0,3,4,8],[1,2,5,8],[2,3,6,8],[1,4,6,8],[0,5,6,8],[0,1,7,8],[2,4,7,8],[3,5,7,8]]
FAM D=48 ell=12 count=24 degs=[7,7,6,8,8,7,7,6,8] blocks=[[0,1,2,3],[0,1,4,5],[2,3,4,5],[0,2,4,6],[1,3,5,6],[1,3,4,7],[0,3,6,7],[4,5,6,7],[1,2,4,8],[0,3,5,8],[0,1,6,8],[3,4,6,8],[2,5,6,8],[2,3,7,8],[0,4,7,8],[1,5,7,8]]
FAM D=48 ell=12 count=24 degs=[7,7,6,8,8,7,7,6,8] blocks=[[0,1,2,3],[0,1,4,5],[2,3,4,5],[0,2,4,6],[1,3,5,6],[1,3,4,7],[0,3,6,7],[4,5,6,7],[0,3,4,8],[1,2,5,8],[2,3,6,8],[1,4,6,8],[0,5,6,8],[0,1,7,8],[2,4,7,8],[3,5,7,8]]
FAM D=48 ell=12 count=24 degs=[8,6,8,7,7,7,8,6,7] blocks=[[0,1,2,3],[0,1,4,5],[2,3,4,5],[0,2,4,6],[1,3,5,6],[0,2,5,7],[1,2,6,7],[0,3,6,7],[4,5,6,7],[1,2,4,8],[0,3,5,8],[0,1,6,8],[3,4,6,8],[2,5,6,8],[2,3,7,8],[0,4,7,8]]
FAM D=51 ell=12 count=21 degs=[8,7,8,7,7,8,8,7,8] blocks=[[0,1,2,3],[0,1,4,5],[2,3,4,5],[0,2,4,6],[1,3,5,6],[0,2,5,7],[1,2,6,7],[0,3,6,7],[4,5,6,7],[1,2,4,8],[0,3,5,8],[0,1,6,8],[3,4,6,8],[2,5,6,8],[2,3,7,8],[0,4,7,8],[1,5,7,8]]
FAM D=48 ell=12 count=24 degs=[7,7,8,7,6,8,8,6,7] blocks=[[0,1,2,3],[0,1,4,5],[2,3,4,5],[0,2,4,6],[1,3,5,6],[0,2,5,7],[1,2,6,7],[0,3,6,7],[4,5,6,7],[1,2,4,8],[0,3,5,8],[0,1,6,8],[3,4,6,8],[2,5,6,8],[2,3,7,8],[1,5,7,8]]
FAM D=48 ell=12 count=24 degs=[8,7,7,6,7,8,8,6,7] blocks=[[0,1,2,3],[0,1,4,5],[2,3,4,5],[0,2,4,6],[1,3,5,6],[0,2,5,7],[1,2,6,7],[0,3,6,7],[4,5,6,7],[1,2,4,8],[0,3,5,8],[0,1,6,8],[3,4,6,8],[2,5,6,8],[0,4,7,8],[1,5,7,8]]
FAM D=48 ell=12 count=24 degs=[8,7,7,7,7,7,7,7,7] blocks=[[0,1,2,3],[0,1,4,5],[2,3,4,5],[0,2,4,6],[1,3,5,6],[0,2,5,7],[1,2,6,7],[0,3,6,7],[4,5,6,7],[1,2,4,8],[0,3,5,8],[0,1,6,8],[3,4,6,8],[2,3,7,8],[0,4,7,8],[1,5,7,8]]
FAM D=48 ell=12 count=24 degs=[8,7,8,6,6,8,7,7,7] blocks=[[0,1,2,3],[0,1,4,5],[2,3,4,5],[0,2,4,6],[1,3,5,6],[0,2,5,7],[1,2,6,7],[0,3,6,7],[4,5,6,7],[1,2,4,8],[0,3,5,8],[0,1,6,8],[2,5,6,8],[2,3,7,8],[0,4,7,8],[1,5,7,8]]
FAM D=48 ell=12 count=24 degs=[7,6,8,7,7,8,7,7,7] blocks=[[0,1,2,3],[0,1,4,5],[2,3,4,5],[0,2,4,6],[1,3,5,6],[0,2,5,7],[1,2,6,7],[0,3,6,7],[4,5,6,7],[1,2,4,8],[0,3,5,8],[3,4,6,8],[2,5,6,8],[2,3,7,8],[0,4,7,8],[1,5,7,8]]
FAM D=48 ell=12 count=24 degs=[7,7,8,6,7,7,8,7,7] blocks=[[0,1,2,3],[0,1,4,5],[2,3,4,5],[0,2,4,6],[1,3,5,6],[0,2,5,7],[1,2,6,7],[0,3,6,7],[4,5,6,7],[1,2,4,8],[0,1,6,8],[3,4,6,8],[2,5,6,8],[2,3,7,8],[0,4,7,8],[1,5,7,8]]
FAM D=48 ell=12 count=24 degs=[8,7,8,6,7,7,8,6,7] blocks=[[0,1,2,3],[0,1,4,5],[2,3,4,5],[0,2,4,6],[1,3,5,6],[0,2,5,7],[1,2,6,7],[0,3,6,7],[4,5,6,7],[0,3,4,8],[1,2,5,8],[2,3,6,8],[1,4,6,8],[0,5,6,8],[0,1,7,8],[2,4,7,8]]
FAM D=51 ell=12 count=21 degs=[8,7,8,7,7,8,8,7,8] blocks=[[0,1,2,3],[0,1,4,5],[2,3,4,5],[0,2,4,6],[1,3,5,6],[0,2,5,7],[1,2,6,7],[0,3,6,7],[4,5,6,7],[0,3,4,8],[1,2,5,8],[2,3,6,8],[1,4,6,8],[0,5,6,8],[0,1,7,8],[2,4,7,8],[3,5,7,8]]
FAM D=48 ell=12 count=24 degs=[8,7,7,7,6,8,8,6,7] blocks=[[0,1,2,3],[0,1,4,5],[2,3,4,5],[0,2,4,6],[1,3,5,6],[0,2,5,7],[1,2,6,7],[0,3,6,7],[4,5,6,7],[0,3,4,8],[1,2,5,8],[2,3,6,8],[1,4,6,8],[0,5,6,8],[0,1,7,8],[3,5,7,8]]
FAM D=48 ell=12 count=24 degs=[7,6,8,7,7,8,8,6,7] blocks=[[0,1,2,3],[0,1,4,5],[2,3,4,5],[0,2,4,6],[1,3,5,6],[0,2,5,7],[1,2,6,7],[0,3,6,7],[4,5,6,7],[0,3,4,8],[1,2,5,8],[2,3,6,8],[1,4,6,8],[0,5,6,8],[2,4,7,8],[3,5,7,8]]
FAM D=48 ell=12 count=24 degs=[7,7,8,7,7,7,7,7,7] blocks=[[0,1,2,3],[0,1,4,5],[2,3,4,5],[0,2,4,6],[1,3,5,6],[0,2,5,7],[1,2,6,7],[0,3,6,7],[4,5,6,7],[0,3,4,8],[1,2,5,8],[2,3,6,8],[1,4,6,8],[0,1,7,8],[2,4,7,8],[3,5,7,8]]
FAM D=48 ell=12 count=24 degs=[8,6,8,7,6,8,7,7,7] blocks=[[0,1,2,3],[0,1,4,5],[2,3,4,5],[0,2,4,6],[1,3,5,6],[0,2,5,7],[1,2,6,7],[0,3,6,7],[4,5,6,7],[0,3,4,8],[1,2,5,8],[2,3,6,8],[0,5,6,8],[0,1,7,8],[2,4,7,8],[3,5,7,8]]
FAM D=48 ell=12 count=24 degs=[8,7,7,6,7,8,7,7,7] blocks=[[0,1,2,3],[0,1,4,5],[2,3,4,5],[0,2,4,6],[1,3,5,6],[0,2,5,7],[1,2,6,7],[0,3,6,7],[4,5,6,7],[0,3,4,8],[1,2,5,8],[1,4,6,8],[0,5,6,8],[0,1,7,8],[2,4,7,8],[3,5,7,8]]
FAM D=48 ell=12 count=24 degs=[8,6,7,7,7,7,8,7,7] blocks=[[0,1,2,3],[0,1,4,5],[2,3,4,5],[0,2,4,6],[1,3,5,6],[0,2,5,7],[1,2,6,7],[0,3,6,7],[4,5,6,7],[0,3,4,8],[2,3,6,8],[1,4,6,8],[0,5,6,8],[0,1,7,8],[2,4,7,8],[3,5,7,8]]
FAM D=48 ell=12 count=24 degs=[7,7,8,6,6,8,8,7,7] blocks=[[0,1,2,3],[0,1,4,5],[2,3,4,5],[0,2,4,6],[1,3,5,6],[0,2,5,7],[1,2,6,7],[0,3,6,7],[4,5,6,7],[1,2,5,8],[2,3,6,8],[1,4,6,8],[0,5,6,8],[0,1,7,8],[2,4,7,8],[3,5,7,8]]
FAM D=48 ell=12 count=24 degs=[8,6,7,7,6,8,8,7,7] blocks=[[0,1,2,3],[0,1,4,5],[2,3,4,5],[0,2,4,6],[1,3,5,6],[0,2,5,7],[1,2,6,7],[0,3,6,7],[4,5,6,7],[0,3,5,8],[0,1,6,8],[3,4,6,8],[2,5,6,8],[2,3,7,8],[0,4,7,8],[1,5,7,8]]
FAM D=48 ell=12 count=24 degs=[8,7,8,7,6,7,7,6,8] blocks=[[0,1,2,3],[0,1,4,5],[2,3,4,5],[0,2,4,6],[1,3,5,6],[0,2,5,7],[1,2,6,7],[0,3,6,7],[1,2,4,8],[0,3,5,8],[0,1,6,8],[3,4,6,8],[2,5,6,8],[2,3,7,8],[0,4,7,8],[1,5,7,8]]
FAM D=48 ell=12 count=24 degs=[8,7,8,7,6,7,7,6,8] blocks=[[0,1,2,3],[0,1,4,5],[2,3,4,5],[0,2,4,6],[1,3,5,6],[0,2,5,7],[1,2,6,7],[0,3,6,7],[0,3,4,8],[1,2,5,8],[2,3,6,8],[1,4,6,8],[0,5,6,8],[0,1,7,8],[2,4,7,8],[3,5,7,8]]
FAM D=48 ell=12 count=24 degs=[7,7,8,6,7,8,7,6,8] blocks=[[0,1,2,3],[0,1,4,5],[2,3,4,5],[0,2,4,6],[1,3,5,6],[0,2,5,7],[1,2,6,7],[4,5,6,7],[1,2,4,8],[0,3,5,8],[0,1,6,8],[3,4,6,8],[2,5,6,8],[2,3,7,8],[0,4,7,8],[1,5,7,8]]
FAM D=48 ell=12 count=24 degs=[7,7,8,6,7,8,7,6,8] blocks=[[0,1,2,3],[0,1,4,5],[2,3,4,5],[0,2,4,6],[1,3,5,6],[0,2,5,7],[1,2,6,7],[4,5,6,7],[0,3,4,8],[1,2,5,8],[2,3,6,8],[1,4,6,8],[0,5,6,8],[0,1,7,8],[2,4,7,8],[3,5,7,8]]
FAM D=48 ell=12 count=24 degs=[8,6,7,7,7,8,7,6,8] blocks=[[0,1,2,3],[0,1,4,5],[2,3,4,5],[0,2,4,6],[1,3,5,6],[0,2,5,7],[0,3,6,7],[4,5,6,7],[1,2,4,8],[0,3,5,8],[0,1,6,8],[3,4,6,8],[2,5,6,8],[2,3,7,8],[0,4,7,8],[1,5,7,8]]
FAM D=48 ell=12 count=24 degs=[8,6,7,7,7,8,7,6,8] blocks=[[0,1,2,3],[0,1,4,5],[2,3,4,5],[0,2,4,6],[1,3,5,6],[0,2,5,7],[0,3,6,7],[4,5,6,7],[0,3,4,8],[1,2,5,8],[2,3,6,8],[1,4,6,8],[0,5,6,8],[0,1,7,8],[2,4,7,8],[3,5,7,8]]
FAM D=48 ell=12 count=24 degs=[7,8,8,7,6,7,8,6,7] blocks=[[0,1,2,3],[0,1,4,5],[2,3,4,5],[0,2,4,6],[1,3,5,6],[1,2,5,7],[2,3,6,7],[1,4,6,7],[0,5,6,7],[1,2,4,8],[0,3,5,8],[0,1,6,8],[3,4,6,8],[2,5,6,8],[0,2,7,8],[1,3,7,8]]
FAM D=51 ell=12 count=21 degs=[7,8,8,7,7,8,8,7,8] blocks=[[0,1,2,3],[0,1,4,5],[2,3,4,5],[0,2,4,6],[1,3,5,6],[1,2,5,7],[2,3,6,7],[1,4,6,7],[0,5,6,7],[1,2,4,8],[0,3,5,8],[0,1,6,8],[3,4,6,8],[2,5,6,8],[0,2,7,8],[1,3,7,8],[4,5,7,8]]
FAM D=48 ell=12 count=24 degs=[7,7,8,6,7,8,8,6,7] blocks=[[0,1,2,3],[0,1,4,5],[2,3,4,5],[0,2,4,6],[1,3,5,6],[1,2,5,7],[2,3,6,7],[1,4,6,7],[0,5,6,7],[1,2,4,8],[0,3,5,8],[0,1,6,8],[3,4,6,8],[2,5,6,8],[0,2,7,8],[4,5,7,8]]
FAM D=48 ell=12 count=24 degs=[6,8,7,7,7,8,8,6,7] blocks=[[0,1,2,3],[0,1,4,5],[2,3,4,5],[0,2,4,6],[1,3,5,6],[1,2,5,7],[2,3,6,7],[1,4,6,7],[0,5,6,7],[1,2,4,8],[0,3,5,8],[0,1,6,8],[3,4,6,8],[2,5,6,8],[1,3,7,8],[4,5,7,8]]
FAM D=48 ell=12 count=24 degs=[7,8,7,7,7,7,7,7,7] blocks=[[0,1,2,3],[0,1,4,5],[2,3,4,5],[0,2,4,6],[1,3,5,6],[1,2,5,7],[2,3,6,7],[1,4,6,7],[0,5,6,7],[1,2,4,8],[0,3,5,8],[0,1,6,8],[3,4,6,8],[0,2,7,8],[1,3,7,8],[4,5,7,8]]
FAM D=48 ell=12 count=24 degs=[7,8,8,6,6,8,7,7,7] blocks=[[0,1,2,3],[0,1,4,5],[2,3,4,5],[0,2,4,6],[1,3,5,6],[1,2,5,7],[2,3,6,7],[1,4,6,7],[0,5,6,7],[1,2,4,8],[0,3,5,8],[0,1,6,8],[2,5,6,8],[0,2,7,8],[1,3,7,8],[4,5,7,8]]
FAM D=48 ell=12 count=24 degs=[6,7,8,7,7,8,7,7,7] blocks=[[0,1,2,3],[0,1,4,5],[2,3,4,5],[0,2,4,6],[1,3,5,6],[1,2,5,7],[2,3,6,7],[1,4,6,7],[0,5,6,7],[1,2,4,8],[0,3,5,8],[3,4,6,8],[2,5,6,8],[0,2,7,8],[1,3,7,8],[4,5,7,8]]
FAM D=48 ell=12 count=24 degs=[6,8,8,6,7,7,8,7,7] blocks=[[0,1,2,3],[0,1,4,5],[2,3,4,5],[0,2,4,6],[1,3,5,6],[1,2,5,7],[2,3,6,7],[1,4,6,7],[0,5,6,7],[1,2,4,8],[0,1,6,8],[3,4,6,8],[2,5,6,8],[0,2,7,8],[1,3,7,8],[4,5,7,8]]
FAM D=48 ell=12 count=24 degs=[7,8,8,6,7,7,8,6,7] blocks=[[0,1,2,3],[0,1,4,5],[2,3,4,5],[0,2,4,6],[1,3,5,6],[1,2,5,7],[2,3,6,7],[1,4,6,7],[0,5,6,7],[1,3,4,8],[0,2,5,8],[1,2,6,8],[0,3,6,8],[4,5,6,8],[0,1,7,8],[2,4,7,8]]
FAM D=51 ell=12 count=21 degs=[7,8,8,7,7,8,8,7,8] blocks=[[0,1,2,3],[0,1,4,5],[2,3,4,5],[0,2,4,6],[1,3,5,6],[1,2,5,7],[2,3,6,7],[1,4,6,7],[0,5,6,7],[1,3,4,8],[0,2,5,8],[1,2,6,8],[0,3,6,8],[4,5,6,8],[0,1,7,8],[2,4,7,8],[3,5,7,8]]
FAM D=48 ell=12 count=24 degs=[7,8,7,7,6,8,8,6,7] blocks=[[0,1,2,3],[0,1,4,5],[2,3,4,5],[0,2,4,6],[1,3,5,6],[1,2,5,7],[2,3,6,7],[1,4,6,7],[0,5,6,7],[1,3,4,8],[0,2,5,8],[1,2,6,8],[0,3,6,8],[4,5,6,8],[0,1,7,8],[3,5,7,8]]
FAM D=48 ell=12 count=24 degs=[6,7,8,7,7,8,8,6,7] blocks=[[0,1,2,3],[0,1,4,5],[2,3,4,5],[0,2,4,6],[1,3,5,6],[1,2,5,7],[2,3,6,7],[1,4,6,7],[0,5,6,7],[1,3,4,8],[0,2,5,8],[1,2,6,8],[0,3,6,8],[4,5,6,8],[2,4,7,8],[3,5,7,8]]
FAM D=48 ell=12 count=24 degs=[7,8,8,7,6,7,7,7,7] blocks=[[0,1,2,3],[0,1,4,5],[2,3,4,5],[0,2,4,6],[1,3,5,6],[1,2,5,7],[2,3,6,7],[1,4,6,7],[0,5,6,7],[1,3,4,8],[0,2,5,8],[1,2,6,8],[0,3,6,8],[0,1,7,8],[2,4,7,8],[3,5,7,8]]
FAM D=48 ell=12 count=24 degs=[6,8,8,6,7,8,7,7,7] blocks=[[0,1,2,3],[0,1,4,5],[2,3,4,5],[0,2,4,6],[1,3,5,6],[1,2,5,7],[2,3,6,7],[1,4,6,7],[0,5,6,7],[1,3,4,8],[0,2,5,8],[1,2,6,8],[4,5,6,8],[0,1,7,8],[2,4,7,8],[3,5,7,8]]
FAM D=48 ell=12 count=24 degs=[7,7,7,7,7,8,7,7,7] blocks=[[0,1,2,3],[0,1,4,5],[2,3,4,5],[0,2,4,6],[1,3,5,6],[1,2,5,7],[2,3,6,7],[1,4,6,7],[0,5,6,7],[1,3,4,8],[0,2,5,8],[0,3,6,8],[4,5,6,8],[0,1,7,8],[2,4,7,8],[3,5,7,8]]
FAM D=48 ell=12 count=24 degs=[6,8,7,7,7,7,8,7,7] blocks=[[0,1,2,3],[0,1,4,5],[2,3,4,5],[0,2,4,6],[1,3,5,6],[1,2,5,7],[2,3,6,7],[1,4,6,7],[0,5,6,7],[1,3,4,8],[1,2,6,8],[0,3,6,8],[4,5,6,8],[0,1,7,8],[2,4,7,8],[3,5,7,8]]
FAM D=48 ell=12 count=24 degs=[7,7,8,6,6,8,8,7,7] blocks=[[0,1,2,3],[0,1,4,5],[2,3,4,5],[0,2,4,6],[1,3,5,6],[1,2,5,7],[2,3,6,7],[1,4,6,7],[0,5,6,7],[0,2,5,8],[1,2,6,8],[0,3,6,8],[4,5,6,8],[0,1,7,8],[2,4,7,8],[3,5,7,8]]
FAM D=48 ell=12 count=24 degs=[7,7,7,7,6,8,8,7,7] blocks=[[0,1,2,3],[0,1,4,5],[2,3,4,5],[0,2,4,6],[1,3,5,6],[1,2,5,7],[2,3,6,7],[1,4,6,7],[0,5,6,7],[0,3,5,8],[0,1,6,8],[3,4,6,8],[2,5,6,8],[0,2,7,8],[1,3,7,8],[4,5,7,8]]
FAM D=48 ell=12 count=24 degs=[6,8,8,7,7,7,7,6,8] blocks=[[0,1,2,3],[0,1,4,5],[2,3,4,5],[0,2,4,6],[1,3,5,6],[1,2,5,7],[2,3,6,7],[1,4,6,7],[1,2,4,8],[0,3,5,8],[0,1,6,8],[3,4,6,8],[2,5,6,8],[0,2,7,8],[1,3,7,8],[4,5,7,8]]
FAM D=48 ell=12 count=24 degs=[6,8,8,7,7,7,7,6,8] blocks=[[0,1,2,3],[0,1,4,5],[2,3,4,5],[0,2,4,6],[1,3,5,6],[1,2,5,7],[2,3,6,7],[1,4,6,7],[1,3,4,8],[0,2,5,8],[1,2,6,8],[0,3,6,8],[4,5,6,8],[0,1,7,8],[2,4,7,8],[3,5,7,8]]
FAM D=48 ell=12 count=24 degs=[7,7,8,7,6,8,7,6,8] blocks=[[0,1,2,3],[0,1,4,5],[2,3,4,5],[0,2,4,6],[1,3,5,6],[1,2,5,7],[2,3,6,7],[0,5,6,7],[1,2,4,8],[0,3,5,8],[0,1,6,8],[3,4,6,8],[2,5,6,8],[0,2,7,8],[1,3,7,8],[4,5,7,8]]
FAM D=48 ell=12 count=24 degs=[7,7,8,7,6,8,7,6,8] blocks=[[0,1,2,3],[0,1,4,5],[2,3,4,5],[0,2,4,6],[1,3,5,6],[1,2,5,7],[2,3,6,7],[0,5,6,7],[1,3,4,8],[0,2,5,8],[1,2,6,8],[0,3,6,8],[4,5,6,8],[0,1,7,8],[2,4,7,8],[3,5,7,8]]
FAM D=48 ell=12 count=24 degs=[7,8,7,6,7,8,7,6,8] blocks=[[0,1,2,3],[0,1,4,5],[2,3,4,5],[0,2,4,6],[1,3,5,6],[1,2,5,7],[1,4,6,7],[0,5,6,7],[1,2,4,8],[0,3,5,8],[0,1,6,8],[3,4,6,8],[2,5,6,8],[0,2,7,8],[1,3,7,8],[4,5,7,8]]
FAM D=48 ell=12 count=24 degs=[7,8,7,6,7,8,7,6,8] blocks=[[0,1,2,3],[0,1,4,5],[2,3,4,5],[0,2,4,6],[1,3,5,6],[1,2,5,7],[1,4,6,7],[0,5,6,7],[1,3,4,8],[0,2,5,8],[1,2,6,8],[0,3,6,8],[4,5,6,8],[0,1,7,8],[2,4,7,8],[3,5,7,8]]
FAM D=48 ell=12 count=24 degs=[8,7,7,8,6,7,8,6,7] blocks=[[0,1,2,3],[0,1,4,5],[2,3,4,5],[0,2,4,6],[1,3,5,6],[0,3,5,7],[0,1,6,7],[3,4,6,7],[2,5,6,7],[0,3,4,8],[1,2,5,8],[2,3,6,8],[1,4,6,8],[0,5,6,8],[0,2,7,8],[1,3,7,8]]
FAM D=51 ell=12 count=21 degs=[8,7,7,8,7,8,8,7,8] blocks=[[0,1,2,3],[0,1,4,5],[2,3,4,5],[0,2,4,6],[1,3,5,6],[0,3,5,7],[0,1,6,7],[3,4,6,7],[2,5,6,7],[0,3,4,8],[1,2,5,8],[2,3,6,8],[1,4,6,8],[0,5,6,8],[0,2,7,8],[1,3,7,8],[4,5,7,8]]
FAM D=48 ell=12 count=24 degs=[8,6,7,7,7,8,8,6,7] blocks=[[0,1,2,3],[0,1,4,5],[2,3,4,5],[0,2,4,6],[1,3,5,6],[0,3,5,7],[0,1,6,7],[3,4,6,7],[2,5,6,7],[0,3,4,8],[1,2,5,8],[2,3,6,8],[1,4,6,8],[0,5,6,8],[0,2,7,8],[4,5,7,8]]
FAM D=48 ell=12 count=24 degs=[7,7,6,8,7,8,8,6,7] blocks=[[0,1,2,3],[0,1,4,5],[2,3,4,5],[0,2,4,6],[1,3,5,6],[0,3,5,7],[0,1,6,7],[3,4,6,7],[2,5,6,7],[0,3,4,8],[1,2,5,8],[2,3,6,8],[1,4,6,8],[0,5,6,8],[1,3,7,8],[4,5,7,8]]
FAM D=48 ell=12 count=24 degs=[7,7,7,8,7,7,7,7,7] blocks=[[0,1,2,3],[0,1,4,5],[2,3,4,5],[0,2,4,6],[1,3,5,6],[0,3,5,7],[0,1,6,7],[3,4,6,7],[2,5,6,7],[0,3,4,8],[1,2,5,8],[2,3,6,8],[1,4,6,8],[0,2,7,8],[1,3,7,8],[4,5,7,8]]
FAM D=48 ell=12 count=24 degs=[8,6,7,8,6,8,7,7,7] blocks=[[0,1,2,3],[0,1,4,5],[2,3,4,5],[0,2,4,6],[1,3,5,6],[0,3,5,7],[0,1,6,7],[3,4,6,7],[2,5,6,7],[0,3,4,8],[1,2,5,8],[2,3,6,8],[0,5,6,8],[0,2,7,8],[1,3,7,8],[4,5,7,8]]
FAM D=48 ell=12 count=24 degs=[8,7,6,7,7,8,7,7,7] blocks=[[0,1,2,3],[0,1,4,5],[2,3,4,5],[0,2,4,6],[1,3,5,6],[0,3,5,7],[0,1,6,7],[3,4,6,7],[2,5,6,7],[0,3,4,8],[1,2,5,8],[1,4,6,8],[0,5,6,8],[0,2,7,8],[1,3,7,8],[4,5,7,8]]
FAM D=48 ell=12 count=24 degs=[8,6,6,8,7,7,8,7,7] blocks=[[0,1,2,3],[0,1,4,5],[2,3,4,5],[0,2,4,6],[1,3,5,6],[0,3,5,7],[0,1,6,7],[3,4,6,7],[2,5,6,7],[0,3,4,8],[2,3,6,8],[1,4,6,8],[0,5,6,8],[0,2,7,8],[1,3,7,8],[4,5,7,8]]
FAM D=48 ell=12 count=24 degs=[8,6,7,8,7,7,8,6,7] blocks=[[0,1,2,3],[0,1,4,5],[2,3,4,5],[0,2,4,6],[1,3,5,6],[0,3,5,7],[0,1,6,7],[3,4,6,7],[2,5,6,7],[1,3,4,8],[0,2,5,8],[1,2,6,8],[0,3,6,8],[4,5,6,8],[2,3,7,8],[0,4,7,8]]
FAM D=51 ell=12 count=21 degs=[8,7,7,8,7,8,8,7,8] blocks=[[0,1,2,3],[0,1,4,5],[2,3,4,5],[0,2,4,6],[1,3,5,6],[0,3,5,7],[0,1,6,7],[3,4,6,7],[2,5,6,7],[1,3,4,8],[0,2,5,8],[1,2,6,8],[0,3,6,8],[4,5,6,8],[2,3,7,8],[0,4,7,8],[1,5,7,8]]
FAM D=48 ell=12 count=24 degs=[7,7,7,8,6,8,8,6,7] blocks=[[0,1,2,3],[0,1,4,5],[2,3,4,5],[0,2,4,6],[1,3,5,6],[0,3,5,7],[0,1,6,7],[3,4,6,7],[2,5,6,7],[1,3,4,8],[0,2,5,8],[1,2,6,8],[0,3,6,8],[4,5,6,8],[2,3,7,8],[1,5,7,8]]
FAM D=48 ell=12 count=24 degs=[8,7,6,7,7,8,8,6,7] blocks=[[0,1,2,3],[0,1,4,5],[2,3,4,5],[0,2,4,6],[1,3,5,6],[0,3,5,7],[0,1,6,7],[3,4,6,7],[2,5,6,7],[1,3,4,8],[0,2,5,8],[1,2,6,8],[0,3,6,8],[4,5,6,8],[0,4,7,8],[1,5,7,8]]
FAM D=48 ell=12 count=24 degs=[8,7,7,8,6,7,7,7,7] blocks=[[0,1,2,3],[0,1,4,5],[2,3,4,5],[0,2,4,6],[1,3,5,6],[0,3,5,7],[0,1,6,7],[3,4,6,7],[2,5,6,7],[1,3,4,8],[0,2,5,8],[1,2,6,8],[0,3,6,8],[2,3,7,8],[0,4,7,8],[1,5,7,8]]
FAM D=48 ell=12 count=24 degs=[7,7,7,7,7,8,7,7,7] blocks=[[0,1,2,3],[0,1,4,5],[2,3,4,5],[0,2,4,6],[1,3,5,6],[0,3,5,7],[0,1,6,7],[3,4,6,7],[2,5,6,7],[1,3,4,8],[0,2,5,8],[1,2,6,8],[4,5,6,8],[2,3,7,8],[0,4,7,8],[1,5,7,8]]
FAM D=48 ell=12 count=24 degs=[8,6,6,8,7,8,7,7,7] blocks=[[0,1,2,3],[0,1,4,5],[2,3,4,5],[0,2,4,6],[1,3,5,6],[0,3,5,7],[0,1,6,7],[3,4,6,7],[2,5,6,7],[1,3,4,8],[0,2,5,8],[0,3,6,8],[4,5,6,8],[2,3,7,8],[0,4,7,8],[1,5,7,8]]
FAM D=48 ell=12 count=24 degs=[7,7,6,8,7,7,8,7,7] blocks=[[0,1,2,3],[0,1,4,5],[2,3,4,5],[0,2,4,6],[1,3,5,6],[0,3,5,7],[0,1,6,7],[3,4,6,7],[2,5,6,7],[1,3,4,8],[1,2,6,8],[0,3,6,8],[4,5,6,8],[2,3,7,8],[0,4,7,8],[1,5,7,8]]
FAM D=48 ell=12 count=24 degs=[8,6,7,7,6,8,8,7,7] blocks=[[0,1,2,3],[0,1,4,5],[2,3,4,5],[0,2,4,6],[1,3,5,6],[0,3,5,7],[0,1,6,7],[3,4,6,7],[2,5,6,7],[0,2,5,8],[1,2,6,8],[0,3,6,8],[4,5,6,8],[2,3,7,8],[0,4,7,8],[1,5,7,8]]
FAM D=48 ell=12 count=24 degs=[7,7,7,7,6,8,8,7,7] blocks=[[0,1,2,3],[0,1,4,5],[2,3,4,5],[0,2,4,6],[1,3,5,6],[0,3,5,7],[0,1,6,7],[3,4,6,7],[2,5,6,7],[1,2,5,8],[2,3,6,8],[1,4,6,8],[0,5,6,8],[0,2,7,8],[1,3,7,8],[4,5,7,8]]
FAM D=48 ell=12 count=24 degs=[8,7,6,8,7,7,7,6,8] blocks=[[0,1,2,3],[0,1,4,5],[2,3,4,5],[0,2,4,6],[1,3,5,6],[0,3,5,7],[0,1,6,7],[3,4,6,7],[0,3,4,8],[1,2,5,8],[2,3,6,8],[1,4,6,8],[0,5,6,8],[0,2,7,8],[1,3,7,8],[4,5,7,8]]
FAM D=48 ell=12 count=24 degs=[8,7,6,8,7,7,7,6,8] blocks=[[0,1,2,3],[0,1,4,5],[2,3,4,5],[0,2,4,6],[1,3,5,6],[0,3,5,7],[0,1,6,7],[3,4,6,7],[1,3,4,8],[0,2,5,8],[1,2,6,8],[0,3,6,8],[4,5,6,8],[2,3,7,8],[0,4,7,8],[1,5,7,8]]
FAM D=48 ell=12 count=24 degs=[8,7,7,7,6,8,7,6,8] blocks=[[0,1,2,3],[0,1,4,5],[2,3,4,5],[0,2,4,6],[1,3,5,6],[0,3,5,7],[0,1,6,7],[2,5,6,7],[0,3,4,8],[1,2,5,8],[2,3,6,8],[1,4,6,8],[0,5,6,8],[0,2,7,8],[1,3,7,8],[4,5,7,8]]
FAM D=48 ell=12 count=24 degs=[8,7,7,7,6,8,7,6,8] blocks=[[0,1,2,3],[0,1,4,5],[2,3,4,5],[0,2,4,6],[1,3,5,6],[0,3,5,7],[0,1,6,7],[2,5,6,7],[1,3,4,8],[0,2,5,8],[1,2,6,8],[0,3,6,8],[4,5,6,8],[2,3,7,8],[0,4,7,8],[1,5,7,8]]
FAM D=48 ell=12 count=24 degs=[7,6,7,8,7,8,7,6,8] blocks=[[0,1,2,3],[0,1,4,5],[2,3,4,5],[0,2,4,6],[1,3,5,6],[0,3,5,7],[3,4,6,7],[2,5,6,7],[0,3,4,8],[1,2,5,8],[2,3,6,8],[1,4,6,8],[0,5,6,8],[0,2,7,8],[1,3,7,8],[4,5,7,8]]
FAM D=48 ell=12 count=24 degs=[7,6,7,8,7,8,7,6,8] blocks=[[0,1,2,3],[0,1,4,5],[2,3,4,5],[0,2,4,6],[1,3,5,6],[0,3,5,7],[3,4,6,7],[2,5,6,7],[1,3,4,8],[0,2,5,8],[1,2,6,8],[0,3,6,8],[4,5,6,8],[2,3,7,8],[0,4,7,8],[1,5,7,8]]
FAM D=48 ell=12 count=24 degs=[7,7,7,7,7,7,8,6,8] blocks=[[0,1,2,3],[0,1,4,5],[2,3,4,5],[0,2,4,6],[1,3,5,6],[0,1,6,7],[3,4,6,7],[2,5,6,7],[0,3,4,8],[1,2,5,8],[2,3,6,8],[1,4,6,8],[0,5,6,8],[0,2,7,8],[1,3,7,8],[4,5,7,8]]
FAM D=48 ell=12 count=24 degs=[7,7,7,7,7,7,8,6,8] blocks=[[0,1,2,3],[0,1,4,5],[2,3,4,5],[0,2,4,6],[1,3,5,6],[0,1,6,7],[3,4,6,7],[2,5,6,7],[1,3,4,8],[0,2,5,8],[1,2,6,8],[0,3,6,8],[4,5,6,8],[2,3,7,8],[0,4,7,8],[1,5,7,8]]
FAM D=48 ell=12 count=24 degs=[7,7,7,7,7,7,8,6,8] blocks=[[0,1,2,3],[0,1,4,5],[2,3,4,5],[0,2,4,6],[1,3,5,6],[1,2,6,7],[0,3,6,7],[4,5,6,7],[1,2,4,8],[0,3,5,8],[0,1,6,8],[3,4,6,8],[2,5,6,8],[2,3,7,8],[0,4,7,8],[1,5,7,8]]
FAM D=48 ell=12 count=24 degs=[7,7,7,7,7,7,8,6,8] blocks=[[0,1,2,3],[0,1,4,5],[2,3,4,5],[0,2,4,6],[1,3,5,6],[1,2,6,7],[0,3,6,7],[4,5,6,7],[0,3,4,8],[1,2,5,8],[2,3,6,8],[1,4,6,8],[0,5,6,8],[0,1,7,8],[2,4,7,8],[3,5,7,8]]
FAM D=48 ell=12 count=24 degs=[7,7,7,7,7,7,8,6,8] blocks=[[0,1,2,3],[0,1,4,5],[2,3,4,5],[0,2,4,6],[1,3,5,6],[2,3,6,7],[1,4,6,7],[0,5,6,7],[1,2,4,8],[0,3,5,8],[0,1,6,8],[3,4,6,8],[2,5,6,8],[0,2,7,8],[1,3,7,8],[4,5,7,8]]
FAM D=48 ell=12 count=24 degs=[7,7,7,7,7,7,8,6,8] blocks=[[0,1,2,3],[0,1,4,5],[2,3,4,5],[0,2,4,6],[1,3,5,6],[2,3,6,7],[1,4,6,7],[0,5,6,7],[1,3,4,8],[0,2,5,8],[1,2,6,8],[0,3,6,8],[4,5,6,8],[0,1,7,8],[2,4,7,8],[3,5,7,8]]
FAM D=48 ell=12 count=24 degs=[8,7,8,7,7,6,7,7,7] blocks=[[0,1,2,3],[0,1,4,5],[2,3,4,5],[0,2,4,6],[1,2,4,7],[0,3,5,7],[0,1,6,7],[3,4,6,7],[2,5,6,7],[0,3,4,8],[1,2,5,8],[2,3,6,8],[1,4,6,8],[0,5,6,8],[0,2,7,8],[1,3,7,8]]
FAM D=51 ell=12 count=21 degs=[8,7,8,7,8,7,7,8,8] blocks=[[0,1,2,3],[0,1,4,5],[2,3,4,5],[0,2,4,6],[1,2,4,7],[0,3,5,7],[0,1,6,7],[3,4,6,7],[2,5,6,7],[0,3,4,8],[1,2,5,8],[2,3,6,8],[1,4,6,8],[0,5,6,8],[0,2,7,8],[1,3,7,8],[4,5,7,8]]
FAM D=48 ell=12 count=24 degs=[8,6,8,6,8,7,7,7,7] blocks=[[0,1,2,3],[0,1,4,5],[2,3,4,5],[0,2,4,6],[1,2,4,7],[0,3,5,7],[0,1,6,7],[3,4,6,7],[2,5,6,7],[0,3,4,8],[1,2,5,8],[2,3,6,8],[1,4,6,8],[0,5,6,8],[0,2,7,8],[4,5,7,8]]
FAM D=48 ell=12 count=24 degs=[7,7,7,7,8,7,7,7,7] blocks=[[0,1,2,3],[0,1,4,5],[2,3,4,5],[0,2,4,6],[1,2,4,7],[0,3,5,7],[0,1,6,7],[3,4,6,7],[2,5,6,7],[0,3,4,8],[1,2,5,8],[2,3,6,8],[1,4,6,8],[0,5,6,8],[1,3,7,8],[4,5,7,8]]
FAM D=48 ell=12 count=24 degs=[7,7,8,7,8,6,6,8,7] blocks=[[0,1,2,3],[0,1,4,5],[2,3,4,5],[0,2,4,6],[1,2,4,7],[0,3,5,7],[0,1,6,7],[3,4,6,7],[2,5,6,7],[0,3,4,8],[1,2,5,8],[2,3,6,8],[1,4,6,8],[0,2,7,8],[1,3,7,8],[4,5,7,8]]
FAM D=48 ell=12 count=24 degs=[8,6,8,7,7,7,6,8,7] blocks=[[0,1,2,3],[0,1,4,5],[2,3,4,5],[0,2,4,6],[1,2,4,7],[0,3,5,7],[0,1,6,7],[3,4,6,7],[2,5,6,7],[0,3,4,8],[1,2,5,8],[2,3,6,8],[0,5,6,8],[0,2,7,8],[1,3,7,8],[4,5,7,8]]
FAM D=48 ell=12 count=24 degs=[8,7,7,6,8,7,6,8,7] blocks=[[0,1,2,3],[0,1,4,5],[2,3,4,5],[0,2,4,6],[1,2,4,7],[0,3,5,7],[0,1,6,7],[3,4,6,7],[2,5,6,7],[0,3,4,8],[1,2,5,8],[1,4,6,8],[0,5,6,8],[0,2,7,8],[1,3,7,8],[4,5,7,8]]
FAM D=48 ell=12 count=24 degs=[8,6,7,7,8,6,7,8,7] blocks=[[0,1,2,3],[0,1,4,5],[2,3,4,5],[0,2,4,6],[1,2,4,7],[0,3,5,7],[0,1,6,7],[3,4,6,7],[2,5,6,7],[0,3,4,8],[2,3,6,8],[1,4,6,8],[0,5,6,8],[0,2,7,8],[1,3,7,8],[4,5,7,8]]
FAM D=48 ell=12 count=24 degs=[8,6,8,7,8,6,7,7,7] blocks=[[0,1,2,3],[0,1,4,5],[2,3,4,5],[0,2,4,6],[1,2,4,7],[0,3,5,7],[0,1,6,7],[3,4,6,7],[2,5,6,7],[1,3,4,8],[0,2,5,8],[1,2,6,8],[0,3,6,8],[4,5,6,8],[2,3,7,8],[0,4,7,8]]
FAM D=51 ell=12 count=21 degs=[8,7,8,7,8,7,7,8,8] blocks=[[0,1,2,3],[0,1,4,5],[2,3,4,5],[0,2,4,6],[1,2,4,7],[0,3,5,7],[0,1,6,7],[3,4,6,7],[2,5,6,7],[1,3,4,8],[0,2,5,8],[1,2,6,8],[0,3,6,8],[4,5,6,8],[2,3,7,8],[0,4,7,8],[1,5,7,8]]
FAM D=48 ell=12 count=24 degs=[7,7,8,7,7,7,7,7,7] blocks=[[0,1,2,3],[0,1,4,5],[2,3,4,5],[0,2,4,6],[1,2,4,7],[0,3,5,7],[0,1,6,7],[3,4,6,7],[2,5,6,7],[1,3,4,8],[0,2,5,8],[1,2,6,8],[0,3,6,8],[4,5,6,8],[2,3,7,8],[1,5,7,8]]
FAM D=48 ell=12 count=24 degs=[8,7,7,6,8,7,7,7,7] blocks=[[0,1,2,3],[0,1,4,5],[2,3,4,5],[0,2,4,6],[1,2,4,7],[0,3,5,7],[0,1,6,7],[3,4,6,7],[2,5,6,7],[1,3,4,8],[0,2,5,8],[1,2,6,8],[0,3,6,8],[4,5,6,8],[0,4,7,8],[1,5,7,8]]
FAM D=48 ell=12 count=24 degs=[8,7,8,7,7,6,6,8,7] blocks=[[0,1,2,3],[0,1,4,5],[2,3,4,5],[0,2,4,6],[1,2,4,7],[0,3,5,7],[0,1,6,7],[3,4,6,7],[2,5,6,7],[1,3,4,8],[0,2,5,8],[1,2,6,8],[0,3,6,8],[2,3,7,8],[0,4,7,8],[1,5,7,8]]
FAM D=48 ell=12 count=24 degs=[7,7,8,6,8,7,6,8,7] blocks=[[0,1,2,3],[0,1,4,5],[2,3,4,5],[0,2,4,6],[1,2,4,7],[0,3,5,7],[0,1,6,7],[3,4,6,7],[2,5,6,7],[1,3,4,8],[0,2,5,8],[1,2,6,8],[4,5,6,8],[2,3,7,8],[0,4,7,8],[1,5,7,8]]
FAM D=48 ell=12 count=24 degs=[8,6,7,7,8,7,6,8,7] blocks=[[0,1,2,3],[0,1,4,5],[2,3,4,5],[0,2,4,6],[1,2,4,7],[0,3,5,7],[0,1,6,7],[3,4,6,7],[2,5,6,7],[1,3,4,8],[0,2,5,8],[0,3,6,8],[4,5,6,8],[2,3,7,8],[0,4,7,8],[1,5,7,8]]
FAM D=48 ell=12 count=24 degs=[7,7,7,7,8,6,7,8,7] blocks=[[0,1,2,3],[0,1,4,5],[2,3,4,5],[0,2,4,6],[1,2,4,7],[0,3,5,7],[0,1,6,7],[3,4,6,7],[2,5,6,7],[1,3,4,8],[1,2,6,8],[0,3,6,8],[4,5,6,8],[2,3,7,8],[0,4,7,8],[1,5,7,8]]
FAM D=48 ell=12 count=24 degs=[8,6,8,6,7,7,7,8,7] blocks=[[0,1,2,3],[0,1,4,5],[2,3,4,5],[0,2,4,6],[1,2,4,7],[0,3,5,7],[0,1,6,7],[3,4,6,7],[2,5,6,7],[0,2,5,8],[1,2,6,8],[0,3,6,8],[4,5,6,8],[2,3,7,8],[0,4,7,8],[1,5,7,8]]
FAM D=48 ell=12 count=24 degs=[7,7,8,6,7,7,7,8,7] blocks=[[0,1,2,3],[0,1,4,5],[2,3,4,5],[0,2,4,6],[1,2,4,7],[0,3,5,7],[0,1,6,7],[3,4,6,7],[2,5,6,7],[1,2,5,8],[2,3,6,8],[1,4,6,8],[0,5,6,8],[0,2,7,8],[1,3,7,8],[4,5,7,8]]
FAM D=48 ell=12 count=24 degs=[8,7,7,7,8,6,6,7,8] blocks=[[0,1,2,3],[0,1,4,5],[2,3,4,5],[0,2,4,6],[1,2,4,7],[0,3,5,7],[0,1,6,7],[3,4,6,7],[0,3,4,8],[1,2,5,8],[2,3,6,8],[1,4,6,8],[0,5,6,8],[0,2,7,8],[1,3,7,8],[4,5,7,8]]
FAM D=48 ell=12 count=24 degs=[8,7,7,7,8,6,6,7,8] blocks=[[0,1,2,3],[0,1,4,5],[2,3,4,5],[0,2,4,6],[1,2,4,7],[0,3,5,7],[0,1,6,7],[3,4,6,7],[1,3,4,8],[0,2,5,8],[1,2,6,8],[0,3,6,8],[4,5,6,8],[2,3,7,8],[0,4,7,8],[1,5,7,8]]
FAM D=48 ell=12 count=24 degs=[8,7,8,6,7,7,6,7,8] blocks=[[0,1,2,3],[0,1,4,5],[2,3,4,5],[0,2,4,6],[1,2,4,7],[0,3,5,7],[0,1,6,7],[2,5,6,7],[0,3,4,8],[1,2,5,8],[2,3,6,8],[1,4,6,8],[0,5,6,8],[0,2,7,8],[1,3,7,8],[4,5,7,8]]
FAM D=48 ell=12 count=24 degs=[8,7,8,6,7,7,6,7,8] blocks=[[0,1,2,3],[0,1,4,5],[2,3,4,5],[0,2,4,6],[1,2,4,7],[0,3,5,7],[0,1,6,7],[2,5,6,7],[1,3,4,8],[0,2,5,8],[1,2,6,8],[0,3,6,8],[4,5,6,8],[2,3,7,8],[0,4,7,8],[1,5,7,8]]
FAM D=48 ell=12 count=24 degs=[7,6,8,7,8,7,6,7,8] blocks=[[0,1,2,3],[0,1,4,5],[2,3,4,5],[0,2,4,6],[1,2,4,7],[0,3,5,7],[3,4,6,7],[2,5,6,7],[0,3,4,8],[1,2,5,8],[2,3,6,8],[1,4,6,8],[0,5,6,8],[0,2,7,8],[1,3,7,8],[4,5,7,8]]
FAM D=48 ell=12 count=24 degs=[7,6,8,7,8,7,6,7,8] blocks=[[0,1,2,3],[0,1,4,5],[2,3,4,5],[0,2,4,6],[1,2,4,7],[0,3,5,7],[3,4,6,7],[2,5,6,7],[1,3,4,8],[0,2,5,8],[1,2,6,8],[0,3,6,8],[4,5,6,8],[2,3,7,8],[0,4,7,8],[1,5,7,8]]
FAM D=48 ell=12 count=24 degs=[7,7,8,6,8,6,7,7,8] blocks=[[0,1,2,3],[0,1,4,5],[2,3,4,5],[0,2,4,6],[1,2,4,7],[0,1,6,7],[3,4,6,7],[2,5,6,7],[0,3,4,8],[1,2,5,8],[2,3,6,8],[1,4,6,8],[0,5,6,8],[0,2,7,8],[1,3,7,8],[4,5,7,8]]
FAM D=48 ell=12 count=24 degs=[7,7,8,6,8,6,7,7,8] blocks=[[0,1,2,3],[0,1,4,5],[2,3,4,5],[0,2,4,6],[1,2,4,7],[0,1,6,7],[3,4,6,7],[2,5,6,7],[1,3,4,8],[0,2,5,8],[1,2,6,8],[0,3,6,8],[4,5,6,8],[2,3,7,8],[0,4,7,8],[1,5,7,8]]
FAM D=48 ell=12 count=24 degs=[8,7,8,7,7,6,7,7,7] blocks=[[0,1,2,3],[0,1,4,5],[2,3,4,5],[0,2,4,6],[0,3,4,7],[1,2,5,7],[2,3,6,7],[1,4,6,7],[0,5,6,7],[1,2,4,8],[0,3,5,8],[0,1,6,8],[3,4,6,8],[2,5,6,8],[0,2,7,8],[1,3,7,8]]
FAM D=51 ell=12 count=21 degs=[8,7,8,7,8,7,7,8,8] blocks=[[0,1,2,3],[0,1,4,5],[2,3,4,5],[0,2,4,6],[0,3,4,7],[1,2,5,7],[2,3,6,7],[1,4,6,7],[0,5,6,7],[1,2,4,8],[0,3,5,8],[0,1,6,8],[3,4,6,8],[2,5,6,8],[0,2,7,8],[1,3,7,8],[4,5,7,8]]
FAM D=48 ell=12 count=24 degs=[8,6,8,6,8,7,7,7,7] blocks=[[0,1,2,3],[0,1,4,5],[2,3,4,5],[0,2,4,6],[0,3,4,7],[1,2,5,7],[2,3,6,7],[1,4,6,7],[0,5,6,7],[1,2,4,8],[0,3,5,8],[0,1,6,8],[3,4,6,8],[2,5,6,8],[0,2,7,8],[4,5,7,8]]
FAM D=48 ell=12 count=24 degs=[7,7,7,7,8,7,7,7,7] blocks=[[0,1,2,3],[0,1,4,5],[2,3,4,5],[0,2,4,6],[0,3,4,7],[1,2,5,7],[2,3,6,7],[1,4,6,7],[0,5,6,7],[1,2,4,8],[0,3,5,8],[0,1,6,8],[3,4,6,8],[2,5,6,8],[1,3,7,8],[4,5,7,8]]
FAM D=48 ell=12 count=24 degs=[8,7,7,7,8,6,6,8,7] blocks=[[0,1,2,3],[0,1,4,5],[2,3,4,5],[0,2,4,6],[0,3,4,7],[1,2,5,7],[2,3,6,7],[1,4,6,7],[0,5,6,7],[1,2,4,8],[0,3,5,8],[0,1,6,8],[3,4,6,8],[0,2,7,8],[1,3,7,8],[4,5,7,8]]
FAM D=48 ell=12 count=24 degs=[8,7,8,6,7,7,6,8,7] blocks=[[0,1,2,3],[0,1,4,5],[2,3,4,5],[0,2,4,6],[0,3,4,7],[1,2,5,7],[2,3,6,7],[1,4,6,7],[0,5,6,7],[1,2,4,8],[0,3,5,8],[0,1,6,8],[2,5,6,8],[0,2,7,8],[1,3,7,8],[4,5,7,8]]
FAM D=48 ell=12 count=24 degs=[7,6,8,7,8,7,6,8,7] blocks=[[0,1,2,3],[0,1,4,5],[2,3,4,5],[0,2,4,6],[0,3,4,7],[1,2,5,7],[2,3,6,7],[1,4,6,7],[0,5,6,7],[1,2,4,8],[0,3,5,8],[3,4,6,8],[2,5,6,8],[0,2,7,8],[1,3,7,8],[4,5,7,8]]
FAM D=48 ell=12 count=24 degs=[7,7,8,6,8,6,7,8,7] blocks=[[0,1,2,3],[0,1,4,5],[2,3,4,5],[0,2,4,6],[0,3,4,7],[1,2,5,7],[2,3,6,7],[1,4,6,7],[0,5,6,7],[1,2,4,8],[0,1,6,8],[3,4,6,8],[2,5,6,8],[0,2,7,8],[1,3,7,8],[4,5,7,8]]
FAM D=48 ell=12 count=24 degs=[8,7,8,6,8,6,7,7,7] blocks=[[0,1,2,3],[0,1,4,5],[2,3,4,5],[0,2,4,6],[0,3,4,7],[1,2,5,7],[2,3,6,7],[1,4,6,7],[0,5,6,7],[1,3,4,8],[0,2,5,8],[1,2,6,8],[0,3,6,8],[4,5,6,8],[0,1,7,8],[2,4,7,8]]
FAM D=51 ell=12 count=21 degs=[8,7,8,7,8,7,7,8,8] blocks=[[0,1,2,3],[0,1,4,5],[2,3,4,5],[0,2,4,6],[0,3,4,7],[1,2,5,7],[2,3,6,7],[1,4,6,7],[0,5,6,7],[1,3,4,8],[0,2,5,8],[1,2,6,8],[0,3,6,8],[4,5,6,8],[0,1,7,8],[2,4,7,8],[3,5,7,8]]
FAM D=48 ell=12 count=24 degs=[8,7,7,7,7,7,7,7,7] blocks=[[0,1,2,3],[0,1,4,5],[2,3,4,5],[0,2,4,6],[0,3,4,7],[1,2,5,7],[2,3,6,7],[1,4,6,7],[0,5,6,7],[1,3,4,8],[0,2,5,8],[1,2,6,8],[0,3,6,8],[4,5,6,8],[0,1,7,8],[3,5,7,8]]
FAM D=48 ell=12 count=24 degs=[7,6,8,7,8,7,7,7,7] blocks=[[0,1,2,3],[0,1,4,5],[2,3,4,5],[0,2,4,6],[0,3,4,7],[1,2,5,7],[2,3,6,7],[1,4,6,7],[0,5,6,7],[1,3,4,8],[0,2,5,8],[1,2,6,8],[0,3,6,8],[4,5,6,8],[2,4,7,8],[3,5,7,8]]
FAM D=48 ell=12 count=24 degs=[8,7,8,7,7,6,6,8,7] blocks=[[0,1,2,3],[0,1,4,5],[2,3,4,5],[0,2,4,6],[0,3,4,7],[1,2,5,7],[2,3,6,7],[1,4,6,7],[0,5,6,7],[1,3,4,8],[0,2,5,8],[1,2,6,8],[0,3,6,8],[0,1,7,8],[2,4,7,8],[3,5,7,8]]
FAM D=48 ell=12 count=24 degs=[7,7,8,6,8,7,6,8,7] blocks=[[0,1,2,3],[0,1,4,5],[2,3,4,5],[0,2,4,6],[0,3,4,7],[1,2,5,7],[2,3,6,7],[1,4,6,7],[0,5,6,7],[1,3,4,8],[0,2,5,8],[1,2,6,8],[4,5,6,8],[0,1,7,8],[2,4,7,8],[3,5,7,8]]
FAM D=48 ell=12 count=24 degs=[8,6,7,7,8,7,6,8,7] blocks=[[0,1,2,3],[0,1,4,5],[2,3,4,5],[0,2,4,6],[0,3,4,7],[1,2,5,7],[2,3,6,7],[1,4,6,7],[0,5,6,7],[1,3,4,8],[0,2,5,8],[0,3,6,8],[4,5,6,8],[0,1,7,8],[2,4,7,8],[3,5,7,8]]
FAM D=48 ell=12 count=24 degs=[7,7,7,7,8,6,7,8,7] blocks=[[0,1,2,3],[0,1,4,5],[2,3,4,5],[0,2,4,6],[0,3,4,7],[1,2,5,7],[2,3,6,7],[1,4,6,7],[0,5,6,7],[1,3,4,8],[1,2,6,8],[0,3,6,8],[4,5,6,8],[0,1,7,8],[2,4,7,8],[3,5,7,8]]
FAM D=48 ell=12 count=24 degs=[8,6,8,6,7,7,7,8,7] blocks=[[0,1,2,3],[0,1,4,5],[2,3,4,5],[0,2,4,6],[0,3,4,7],[1,2,5,7],[2,3,6,7],[1,4,6,7],[0,5,6,7],[0,2,5,8],[1,2,6,8],[0,3,6,8],[4,5,6,8],[0,1,7,8],[2,4,7,8],[3,5,7,8]]
FAM D=48 ell=12 count=24 degs=[8,6,7,7,7,7,7,8,7] blocks=[[0,1,2,3],[0,1,4,5],[2,3,4,5],[0,2,4,6],[0,3,4,7],[1,2,5,7],[2,3,6,7],[1,4,6,7],[0,5,6,7],[0,3,5,8],[0,1,6,8],[3,4,6,8],[2,5,6,8],[0,2,7,8],[1,3,7,8],[4,5,7,8]]
FAM D=48 ell=12 count=24 degs=[7,7,8,7,8,6,6,7,8] blocks=[[0,1,2,3],[0,1,4,5],[2,3,4,5],[0,2,4,6],[0,3,4,7],[1,2,5,7],[2,3,6,7],[1,4,6,7],[1,2,4,8],[0,3,5,8],[0,1,6,8],[3,4,6,8],[2,5,6,8],[0,2,7,8],[1,3,7,8],[4,5,7,8]]
FAM D=48 ell=12 count=24 degs=[7,7,8,7,8,6,6,7,8] blocks=[[0,1,2,3],[0,1,4,5],[2,3,4,5],[0,2,4,6],[0,3,4,7],[1,2,5,7],[2,3,6,7],[1,4,6,7],[1,3,4,8],[0,2,5,8],[1,2,6,8],[0,3,6,8],[4,5,6,8],[0,1,7,8],[2,4,7,8],[3,5,7,8]]
FAM D=48 ell=12 count=24 degs=[8,6,8,7,7,7,6,7,8] blocks=[[0,1,2,3],[0,1,4,5],[2,3,4,5],[0,2,4,6],[0,3,4,7],[1,2,5,7],[2,3,6,7],[0,5,6,7],[1,2,4,8],[0,3,5,8],[0,1,6,8],[3,4,6,8],[2,5,6,8],[0,2,7,8],[1,3,7,8],[4,5,7,8]]
FAM D=48 ell=12 count=24 degs=[8,6,8,7,7,7,6,7,8] blocks=[[0,1,2,3],[0,1,4,5],[2,3,4,5],[0,2,4,6],[0,3,4,7],[1,2,5,7],[2,3,6,7],[0,5,6,7],[1,3,4,8],[0,2,5,8],[1,2,6,8],[0,3,6,8],[4,5,6,8],[0,1,7,8],[2,4,7,8],[3,5,7,8]]
FAM D=48 ell=12 count=24 degs=[8,7,7,6,8,7,6,7,8] blocks=[[0,1,2,3],[0,1,4,5],[2,3,4,5],[0,2,4,6],[0,3,4,7],[1,2,5,7],[1,4,6,7],[0,5,6,7],[1,2,4,8],[0,3,5,8],[0,1,6,8],[3,4,6,8],[2,5,6,8],[0,2,7,8],[1,3,7,8],[4,5,7,8]]
FAM D=48 ell=12 count=24 degs=[8,7,7,6,8,7,6,7,8] blocks=[[0,1,2,3],[0,1,4,5],[2,3,4,5],[0,2,4,6],[0,3,4,7],[1,2,5,7],[1,4,6,7],[0,5,6,7],[1,3,4,8],[0,2,5,8],[1,2,6,8],[0,3,6,8],[4,5,6,8],[0,1,7,8],[2,4,7,8],[3,5,7,8]]
FAM D=48 ell=12 count=24 degs=[8,6,7,7,8,6,7,7,8] blocks=[[0,1,2,3],[0,1,4,5],[2,3,4,5],[0,2,4,6],[0,3,4,7],[2,3,6,7],[1,4,6,7],[0,5,6,7],[1,2,4,8],[0,3,5,8],[0,1,6,8],[3,4,6,8],[2,5,6,8],[0,2,7,8],[1,3,7,8],[4,5,7,8]]
FAM D=48 ell=12 count=24 degs=[8,6,7,7,8,6,7,7,8] blocks=[[0,1,2,3],[0,1,4,5],[2,3,4,5],[0,2,4,6],[0,3,4,7],[2,3,6,7],[1,4,6,7],[0,5,6,7],[1,3,4,8],[0,2,5,8],[1,2,6,8],[0,3,6,8],[4,5,6,8],[0,1,7,8],[2,4,7,8],[3,5,7,8]]
FAM D=48 ell=12 count=24 degs=[8,6,8,7,8,6,7,7,7] blocks=[[0,1,2,3],[0,1,4,5],[2,3,4,5],[0,2,4,6],[1,3,4,7],[0,2,5,7],[1,2,6,7],[0,3,6,7],[4,5,6,7],[1,2,4,8],[0,3,5,8],[0,1,6,8],[3,4,6,8],[2,5,6,8],[2,3,7,8],[0,4,7,8]]
FAM D=51 ell=12 count=21 degs=[8,7,8,7,8,7,7,8,8] blocks=[[0,1,2,3],[0,1,4,5],[2,3,4,5],[0,2,4,6],[1,3,4,7],[0,2,5,7],[1,2,6,7],[0,3,6,7],[4,5,6,7],[1,2,4,8],[0,3,5,8],[0,1,6,8],[3,4,6,8],[2,5,6,8],[2,3,7,8],[0,4,7,8],[1,5,7,8]]
FAM D=48 ell=12 count=24 degs=[7,7,8,7,7,7,7,7,7] blocks=[[0,1,2,3],[0,1,4,5],[2,3,4,5],[0,2,4,6],[1,3,4,7],[0,2,5,7],[1,2,6,7],[0,3,6,7],[4,5,6,7],[1,2,4,8],[0,3,5,8],[0,1,6,8],[3,4,6,8],[2,5,6,8],[2,3,7,8],[1,5,7,8]]
FAM D=48 ell=12 count=24 degs=[8,7,7,6,8,7,7,7,7] blocks=[[0,1,2,3],[0,1,4,5],[2,3,4,5],[0,2,4,6],[1,3,4,7],[0,2,5,7],[1,2,6,7],[0,3,6,7],[4,5,6,7],[1,2,4,8],[0,3,5,8],[0,1,6,8],[3,4,6,8],[2,5,6,8],[0,4,7,8],[1,5,7,8]]
FAM D=48 ell=12 count=24 degs=[8,7,7,7,8,6,6,8,7] blocks=[[0,1,2,3],[0,1,4,5],[2,3,4,5],[0,2,4,6],[1,3,4,7],[0,2,5,7],[1,2,6,7],[0,3,6,7],[4,5,6,7],[1,2,4,8],[0,3,5,8],[0,1,6,8],[3,4,6,8],[2,3,7,8],[0,4,7,8],[1,5,7,8]]
FAM D=48 ell=12 count=24 degs=[8,7,8,6,7,7,6,8,7] blocks=[[0,1,2,3],[0,1,4,5],[2,3,4,5],[0,2,4,6],[1,3,4,7],[0,2,5,7],[1,2,6,7],[0,3,6,7],[4,5,6,7],[1,2,4,8],[0,3,5,8],[0,1,6,8],[2,5,6,8],[2,3,7,8],[0,4,7,8],[1,5,7,8]]
FAM D=48 ell=12 count=24 degs=[7,6,8,7,8,7,6,8,7] blocks=[[0,1,2,3],[0,1,4,5],[2,3,4,5],[0,2,4,6],[1,3,4,7],[0,2,5,7],[1,2,6,7],[0,3,6,7],[4,5,6,7],[1,2,4,8],[0,3,5,8],[3,4,6,8],[2,5,6,8],[2,3,7,8],[0,4,7,8],[1,5,7,8]]
FAM D=48 ell=12 count=24 degs=[7,7,8,6,8,6,7,8,7] blocks=[[0,1,2,3],[0,1,4,5],[2,3,4,5],[0,2,4,6],[1,3,4,7],[0,2,5,7],[1,2,6,7],[0,3,6,7],[4,5,6,7],[1,2,4,8],[0,1,6,8],[3,4,6,8],[2,5,6,8],[2,3,7,8],[0,4,7,8],[1,5,7,8]]
FAM D=48 ell=12 count=24 degs=[8,7,8,6,8,6,7,7,7] blocks=[[0,1,2,3],[0,1,4,5],[2,3,4,5],[0,2,4,6],[1,3,4,7],[0,2,5,7],[1,2,6,7],[0,3,6,7],[4,5,6,7],[0,3,4,8],[1,2,5,8],[2,3,6,8],[1,4,6,8],[0,5,6,8],[0,1,7,8],[2,4,7,8]]
FAM D=51 ell=12 count=21 degs=[8,7,8,7,8,7,7,8,8] blocks=[[0,1,2,3],[0,1,4,5],[2,3,4,5],[0,2,4,6],[1,3,4,7],[0,2,5,7],[1,2,6,7],[0,3,6,7],[4,5,6,7],[0,3,4,8],[1,2,5,8],[2,3,6,8],[1,4,6,8],[0,5,6,8],[0,1,7,8],[2,4,7,8],[3,5,7,8]]
FAM D=48 ell=12 count=24 degs=[8,7,7,7,7,7,7,7,7] blocks=[[0,1,2,3],[0,1,4,5],[2,3,4,5],[0,2,4,6],[1,3,4,7],[0,2,5,7],[1,2,6,7],[0,3,6,7],[4,5,6,7],[0,3,4,8],[1,2,5,8],[2,3,6,8],[1,4,6,8],[0,5,6,8],[0,1,7,8],[3,5,7,8]]
FAM D=48 ell=12 count=24 degs=[7,6,8,7,8,7,7,7,7] blocks=[[0,1,2,3],[0,1,4,5],[2,3,4,5],[0,2,4,6],[1,3,4,7],[0,2,5,7],[1,2,6,7],[0,3,6,7],[4,5,6,7],[0,3,4,8],[1,2,5,8],[2,3,6,8],[1,4,6,8],[0,5,6,8],[2,4,7,8],[3,5,7,8]]
FAM D=48 ell=12 count=24 degs=[7,7,8,7,8,6,6,8,7] blocks=[[0,1,2,3],[0,1,4,5],[2,3,4,5],[0,2,4,6],[1,3,4,7],[0,2,5,7],[1,2,6,7],[0,3,6,7],[4,5,6,7],[0,3,4,8],[1,2,5,8],[2,3,6,8],[1,4,6,8],[0,1,7,8],[2,4,7,8],[3,5,7,8]]
FAM D=48 ell=12 count=24 degs=[8,6,8,7,7,7,6,8,7] blocks=[[0,1,2,3],[0,1,4,5],[2,3,4,5],[0,2,4,6],[1,3,4,7],[0,2,5,7],[1,2,6,7],[0,3,6,7],[4,5,6,7],[0,3,4,8],[1,2,5,8],[2,3,6,8],[0,5,6,8],[0,1,7,8],[2,4,7,8],[3,5,7,8]]
FAM D=48 ell=12 count=24 degs=[8,7,7,6,8,7,6,8,7] blocks=[[0,1,2,3],[0,1,4,5],[2,3,4,5],[0,2,4,6],[1,3,4,7],[0,2,5,7],[1,2,6,7],[0,3,6,7],[4,5,6,7],[0,3,4,8],[1,2,5,8],[1,4,6,8],[0,5,6,8],[0,1,7,8],[2,4,7,8],[3,5,7,8]]
FAM D=48 ell=12 count=24 degs=[8,6,7,7,8,6,7,8,7] blocks=[[0,1,2,3],[0,1,4,5],[2,3,4,5],[0,2,4,6],[1,3,4,7],[0,2,5,7],[1,2,6,7],[0,3,6,7],[4,5,6,7],[0,3,4,8],[2,3,6,8],[1,4,6,8],[0,5,6,8],[0,1,7,8],[2,4,7,8],[3,5,7,8]]
FAM D=48 ell=12 count=24 degs=[7,7,8,6,7,7,7,8,7] blocks=[[0,1,2,3],[0,1,4,5],[2,3,4,5],[0,2,4,6],[1,3,4,7],[0,2,5,7],[1,2,6,7],[0,3,6,7],[4,5,6,7],[1,2,5,8],[2,3,6,8],[1,4,6,8],[0,5,6,8],[0,1,7,8],[2,4,7,8],[3,5,7,8]]
FAM D=48 ell=12 count=24 degs=[8,6,7,7,7,7,7,8,7] blocks=[[0,1,2,3],[0,1,4,5],[2,3,4,5],[0,2,4,6],[1,3,4,7],[0,2,5,7],[1,2,6,7],[0,3,6,7],[4,5,6,7],[0,3,5,8],[0,1,6,8],[3,4,6,8],[2,5,6,8],[2,3,7,8],[0,4,7,8],[1,5,7,8]]
FAM D=48 ell=12 count=24 degs=[8,7,8,7,7,6,6,7,8] blocks=[[0,1,2,3],[0,1,4,5],[2,3,4,5],[0,2,4,6],[1,3,4,7],[0,2,5,7],[1,2,6,7],[0,3,6,7],[1,2,4,8],[0,3,5,8],[0,1,6,8],[3,4,6,8],[2,5,6,8],[2,3,7,8],[0,4,7,8],[1,5,7,8]]
FAM D=48 ell=12 count=24 degs=[8,7,8,7,7,6,6,7,8] blocks=[[0,1,2,3],[0,1,4,5],[2,3,4,5],[0,2,4,6],[1,3,4,7],[0,2,5,7],[1,2,6,7],[0,3,6,7],[0,3,4,8],[1,2,5,8],[2,3,6,8],[1,4,6,8],[0,5,6,8],[0,1,7,8],[2,4,7,8],[3,5,7,8]]
FAM D=48 ell=12 count=24 degs=[7,7,8,6,8,7,6,7,8] blocks=[[0,1,2,3],[0,1,4,5],[2,3,4,5],[0,2,4,6],[1,3,4,7],[0,2,5,7],[1,2,6,7],[4,5,6,7],[1,2,4,8],[0,3,5,8],[0,1,6,8],[3,4,6,8],[2,5,6,8],[2,3,7,8],[0,4,7,8],[1,5,7,8]]
FAM D=48 ell=12 count=24 degs=[7,7,8,6,8,7,6,7,8] blocks=[[0,1,2,3],[0,1,4,5],[2,3,4,5],[0,2,4,6],[1,3,4,7],[0,2,5,7],[1,2,6,7],[4,5,6,7],[0,3,4,8],[1,2,5,8],[2,3,6,8],[1,4,6,8],[0,5,6,8],[0,1,7,8],[2,4,7,8],[3,5,7,8]]
FAM D=48 ell=12 count=24 degs=[8,6,7,7,8,7,6,7,8] blocks=[[0,1,2,3],[0,1,4,5],[2,3,4,5],[0,2,4,6],[1,3,4,7],[0,2,5,7],[0,3,6,7],[4,5,6,7],[1,2,4,8],[0,3,5,8],[0,1,6,8],[3,4,6,8],[2,5,6,8],[2,3,7,8],[0,4,7,8],[1,5,7,8]]
FAM D=48 ell=12 count=24 degs=[8,6,7,7,8,7,6,7,8] blocks=[[0,1,2,3],[0,1,4,5],[2,3,4,5],[0,2,4,6],[1,3,4,7],[0,2,5,7],[0,3,6,7],[4,5,6,7],[0,3,4,8],[1,2,5,8],[2,3,6,8],[1,4,6,8],[0,5,6,8],[0,1,7,8],[2,4,7,8],[3,5,7,8]]
FAM D=48 ell=12 count=24 degs=[7,7,7,7,8,6,7,7,8] blocks=[[0,1,2,3],[0,1,4,5],[2,3,4,5],[0,2,4,6],[1,3,4,7],[1,2,6,7],[0,3,6,7],[4,5,6,7],[1,2,4,8],[0,3,5,8],[0,1,6,8],[3,4,6,8],[2,5,6,8],[2,3,7,8],[0,4,7,8],[1,5,7,8]]
FAM D=48 ell=12 count=24 degs=[7,7,7,7,8,6,7,7,8] blocks=[[0,1,2,3],[0,1,4,5],[2,3,4,5],[0,2,4,6],[1,3,4,7],[1,2,6,7],[0,3,6,7],[4,5,6,7],[0,3,4,8],[1,2,5,8],[2,3,6,8],[1,4,6,8],[0,5,6,8],[0,1,7,8],[2,4,7,8],[3,5,7,8]]
FAM D=48 ell=12 count=24 degs=[8,6,8,6,7,7,7,7,8] blocks=[[0,1,2,3],[0,1,4,5],[2,3,4,5],[0,2,4,6],[0,2,5,7],[1,2,6,7],[0,3,6,7],[4,5,6,7],[1,2,4,8],[0,3,5,8],[0,1,6,8],[3,4,6,8],[2,5,6,8],[2,3,7,8],[0,4,7,8],[1,5,7,8]]
FAM D=48 ell=12 count=24 degs=[8,6,8,6,7,7,7,7,8] blocks=[[0,1,2,3],[0,1,4,5],[2,3,4,5],[0,2,4,6],[0,2,5,7],[1,2,6,7],[0,3,6,7],[4,5,6,7],[0,3,4,8],[1,2,5,8],[2,3,6,8],[1,4,6,8],[0,5,6,8],[0,1,7,8],[2,4,7,8],[3,5,7,8]]
FAM D=48 ell=12 count=24 degs=[7,7,8,6,7,7,7,7,8] blocks=[[0,1,2,3],[0,1,4,5],[2,3,4,5],[0,2,4,6],[1,2,5,7],[2,3,6,7],[1,4,6,7],[0,5,6,7],[1,2,4,8],[0,3,5,8],[0,1,6,8],[3,4,6,8],[2,5,6,8],[0,2,7,8],[1,3,7,8],[4,5,7,8]]
FAM D=48 ell=12 count=24 degs=[7,7,8,6,7,7,7,7,8] blocks=[[0,1,2,3],[0,1,4,5],[2,3,4,5],[0,2,4,6],[1,2,5,7],[2,3,6,7],[1,4,6,7],[0,5,6,7],[1,3,4,8],[0,2,5,8],[1,2,6,8],[0,3,6,8],[4,5,6,8],[0,1,7,8],[2,4,7,8],[3,5,7,8]]
FAM D=48 ell=12 count=24 degs=[8,6,7,7,7,7,7,7,8] blocks=[[0,1,2,3],[0,1,4,5],[2,3,4,5],[0,2,4,6],[0,3,5,7],[0,1,6,7],[3,4,6,7],[2,5,6,7],[0,3,4,8],[1,2,5,8],[2,3,6,8],[1,4,6,8],[0,5,6,8],[0,2,7,8],[1,3,7,8],[4,5,7,8]]
FAM D=48 ell=12 count=24 degs=[8,6,7,7,7,7,7,7,8] blocks=[[0,1,2,3],[0,1,4,5],[2,3,4,5],[0,2,4,6],[0,3,5,7],[0,1,6,7],[3,4,6,7],[2,5,6,7],[1,3,4,8],[0,2,5,8],[1,2,6,8],[0,3,6,8],[4,5,6,8],[2,3,7,8],[0,4,7,8],[1,5,7,8]]
FAM D=48 ell=12 count=24 degs=[7,7,8,8,7,7,8,6,6] blocks=[[0,1,2,3],[0,1,4,5],[2,3,4,5],[1,2,4,6],[0,3,5,6],[0,2,4,7],[1,3,5,7],[0,1,6,7],[3,4,6,7],[2,5,6,7],[0,3,4,8],[1,2,5,8],[0,2,6,8],[1,3,6,8],[4,5,6,8],[2,3,7,8]]
FAM D=51 ell=12 count=21 degs=[7,8,8,8,8,7,8,7,7] blocks=[[0,1,2,3],[0,1,4,5],[2,3,4,5],[1,2,4,6],[0,3,5,6],[0,2,4,7],[1,3,5,7],[0,1,6,7],[3,4,6,7],[2,5,6,7],[0,3,4,8],[1,2,5,8],[0,2,6,8],[1,3,6,8],[4,5,6,8],[2,3,7,8],[1,4,7,8]]
FAM D=54 ell=12 count=18 degs=[8,8,8,8,8,8,8,8,8] blocks=[[0,1,2,3],[0,1,4,5],[2,3,4,5],[1,2,4,6],[0,3,5,6],[0,2,4,7],[1,3,5,7],[0,1,6,7],[3,4,6,7],[2,5,6,7],[0,3,4,8],[1,2,5,8],[0,2,6,8],[1,3,6,8],[4,5,6,8],[2,3,7,8],[1,4,7,8],[0,5,7,8]]
FAM D=51 ell=12 count=21 degs=[8,7,8,8,7,8,8,7,7] blocks=[[0,1,2,3],[0,1,4,5],[2,3,4,5],[1,2,4,6],[0,3,5,6],[0,2,4,7],[1,3,5,7],[0,1,6,7],[3,4,6,7],[2,5,6,7],[0,3,4,8],[1,2,5,8],[0,2,6,8],[1,3,6,8],[4,5,6,8],[2,3,7,8],[0,5,7,8]]
FAM D=48 ell=12 count=24 degs=[7,8,7,7,8,7,8,6,6] blocks=[[0,1,2,3],[0,1,4,5],[2,3,4,5],[1,2,4,6],[0,3,5,6],[0,2,4,7],[1,3,5,7],[0,1,6,7],[3,4,6,7],[2,5,6,7],[0,3,4,8],[1,2,5,8],[0,2,6,8],[1,3,6,8],[4,5,6,8],[1,4,7,8]]
FAM D=51 ell=12 count=21 degs=[8,8,7,7,8,8,8,7,7] blocks=[[0,1,2,3],[0,1,4,5],[2,3,4,5],[1,2,4,6],[0,3,5,6],[0,2,4,7],[1,3,5,7],[0,1,6,7],[3,4,6,7],[2,5,6,7],[0,3,4,8],[1,2,5,8],[0,2,6,8],[1,3,6,8],[4,5,6,8],[1,4,7,8],[0,5,7,8]]
FAM D=48 ell=12 count=24 degs=[8,7,7,7,7,8,8,6,6] blocks=[[0,1,2,3],[0,1,4,5],[2,3,4,5],[1,2,4,6],[0,3,5,6],[0,2,4,7],[1,3,5,7],[0,1,6,7],[3,4,6,7],[2,5,6,7],[0,3,4,8],[1,2,5,8],[0,2,6,8],[1,3,6,8],[4,5,6,8],[0,5,7,8]]
FAM D=48 ell=12 count=24 degs=[7,8,8,8,7,6,7,7,6] blocks=[[0,1,2,3],[0,1,4,5],[2,3,4,5],[1,2,4,6],[0,3,5,6],[0,2,4,7],[1,3,5,7],[0,1,6,7],[3,4,6,7],[2,5,6,7],[0,3,4,8],[1,2,5,8],[0,2,6,8],[1,3,6,8],[2,3,7,8],[1,4,7,8]]
FAM D=51 ell=12 count=21 degs=[8,8,8,8,7,7,7,8,7] blocks=[[0,1,2,3],[0,1,4,5],[2,3,4,5],[1,2,4,6],[0,3,5,6],[0,2,4,7],[1,3,5,7],[0,1,6,7],[3,4,6,7],[2,5,6,7],[0,3,4,8],[1,2,5,8],[0,2,6,8],[1,3,6,8],[2,3,7,8],[1,4,7,8],[0,5,7,8]]
FAM D=48 ell=12 count=24 degs=[8,7,8,8,6,7,7,7,6] blocks=[[0,1,2,3],[0,1,4,5],[2,3,4,5],[1,2,4,6],[0,3,5,6],[0,2,4,7],[1,3,5,7],[0,1,6,7],[3,4,6,7],[2,5,6,7],[0,3,4,8],[1,2,5,8],[0,2,6,8],[1,3,6,8],[2,3,7,8],[0,5,7,8]]
FAM D=48 ell=12 count=24 degs=[8,8,7,7,7,7,7,7,6] blocks=[[0,1,2,3],[0,1,4,5],[2,3,4,5],[1,2,4,6],[0,3,5,6],[0,2,4,7],[1,3,5,7],[0,1,6,7],[3,4,6,7],[2,5,6,7],[0,3,4,8],[1,2,5,8],[0,2,6,8],[1,3,6,8],[1,4,7,8],[0,5,7,8]]
FAM D=48 ell=12 count=24 degs=[7,7,8,7,8,7,7,7,6] blocks=[[0,1,2,3],[0,1,4,5],[2,3,4,5],[1,2,4,6],[0,3,5,6],[0,2,4,7],[1,3,5,7],[0,1,6,7],[3,4,6,7],[2,5,6,7],[0,3,4,8],[1,2,5,8],[0,2,6,8],[4,5,6,8],[2,3,7,8],[1,4,7,8]]
FAM D=51 ell=12 count=21 degs=[8,7,8,7,8,8,7,8,7] blocks=[[0,1,2,3],[0,1,4,5],[2,3,4,5],[1,2,4,6],[0,3,5,6],[0,2,4,7],[1,3,5,7],[0,1,6,7],[3,4,6,7],[2,5,6,7],[0,3,4,8],[1,2,5,8],[0,2,6,8],[4,5,6,8],[2,3,7,8],[1,4,7,8],[0,5,7,8]]
FAM D=48 ell=12 count=24 degs=[8,6,8,7,7,8,7,7,6] blocks=[[0,1,2,3],[0,1,4,5],[2,3,4,5],[1,2,4,6],[0,3,5,6],[0,2,4,7],[1,3,5,7],[0,1,6,7],[3,4,6,7],[2,5,6,7],[0,3,4,8],[1,2,5,8],[0,2,6,8],[4,5,6,8],[2,3,7,8],[0,5,7,8]]
FAM D=48 ell=12 count=24 degs=[8,7,7,6,8,8,7,7,6] blocks=[[0,1,2,3],[0,1,4,5],[2,3,4,5],[1,2,4,6],[0,3,5,6],[0,2,4,7],[1,3,5,7],[0,1,6,7],[3,4,6,7],[2,5,6,7],[0,3,4,8],[1,2,5,8],[0,2,6,8],[4,5,6,8],[1,4,7,8],[0,5,7,8]]
FAM D=48 ell=12 count=24 degs=[8,7,8,7,7,7,6,8,6] blocks=[[0,1,2,3],[0,1,4,5],[2,3,4,5],[1,2,4,6],[0,3,5,6],[0,2,4,7],[1,3,5,7],[0,1,6,7],[3,4,6,7],[2,5,6,7],[0,3,4,8],[1,2,5,8],[0,2,6,8],[2,3,7,8],[1,4,7,8],[0,5,7,8]]
FAM D=48 ell=12 count=24 degs=[6,8,7,8,8,7,7,7,6] blocks=[[0,1,2,3],[0,1,4,5],[2,3,4,5],[1,2,4,6],[0,3,5,6],[0,2,4,7],[1,3,5,7],[0,1,6,7],[3,4,6,7],[2,5,6,7],[0,3,4,8],[1,2,5,8],[1,3,6,8],[4,5,6,8],[2,3,7,8],[1,4,7,8]]
FAM D=51 ell=12 count=21 degs=[7,8,7,8,8,8,7,8,7] blocks=[[0,1,2,3],[0,1,4,5],[2,3,4,5],[1,2,4,6],[0,3,5,6],[0,2,4,7],[1,3,5,7],[0,1,6,7],[3,4,6,7],[2,5,6,7],[0,3,4,8],[1,2,5,8],[1,3,6,8],[4,5,6,8],[2,3,7,8],[1,4,7,8],[0,5,7,8]]
FAM D=48 ell=12 count=24 degs=[7,7,7,8,7,8,7,7,6] blocks=[[0,1,2,3],[0,1,4,5],[2,3,4,5],[1,2,4,6],[0,3,5,6],[0,2,4,7],[1,3,5,7],[0,1,6,7],[3,4,6,7],[2,5,6,7],[0,3,4,8],[1,2,5,8],[1,3,6,8],[4,5,6,8],[2,3,7,8],[0,5,7,8]]
FAM D=48 ell=12 count=24 degs=[7,8,6,7,8,8,7,7,6] blocks=[[0,1,2,3],[0,1,4,5],[2,3,4,5],[1,2,4,6],[0,3,5,6],[0,2,4,7],[1,3,5,7],[0,1,6,7],[3,4,6,7],[2,5,6,7],[0,3,4,8],[1,2,5,8],[1,3,6,8],[4,5,6,8],[1,4,7,8],[0,5,7,8]]
FAM D=48 ell=12 count=24 degs=[7,8,7,8,7,7,6,8,6] blocks=[[0,1,2,3],[0,1,4,5],[2,3,4,5],[1,2,4,6],[0,3,5,6],[0,2,4,7],[1,3,5,7],[0,1,6,7],[3,4,6,7],[2,5,6,7],[0,3,4,8],[1,2,5,8],[1,3,6,8],[2,3,7,8],[1,4,7,8],[0,5,7,8]]
FAM D=48 ell=12 count=24 degs=[7,7,7,7,8,8,6,8,6] blocks=[[0,1,2,3],[0,1,4,5],[2,3,4,5],[1,2,4,6],[0,3,5,6],[0,2,4,7],[1,3,5,7],[0,1,6,7],[3,4,6,7],[2,5,6,7],[0,3,4,8],[1,2,5,8],[4,5,6,8],[2,3,7,8],[1,4,7,8],[0,5,7,8]]
FAM D=48 ell=12 count=24 degs=[7,7,7,8,8,6,8,7,6] blocks=[[0,1,2,3],[0,1,4,5],[2,3,4,5],[1,2,4,6],[0,3,5,6],[0,2,4,7],[1,3,5,7],[0,1,6,7],[3,4,6,7],[2,5,6,7],[0,3,4,8],[0,2,6,8],[1,3,6,8],[4,5,6,8],[2,3,7,8],[1,4,7,8]]
FAM D=51 ell=12 count=21 degs=[8,7,7,8,8,7,8,8,7] blocks=[[0,1,2,3],[0,1,4,5],[2,3,4,5],[1,2,4,6],[0,3,5,6],[0,2,4,7],[1,3,5,7],[0,1,6,7],[3,4,6,7],[2,5,6,7],[0,3,4,8],[0,2,6,8],[1,3,6,8],[4,5,6,8],[2,3,7,8],[1,4,7,8],[0,5,7,8]]
FAM D=48 ell=12 count=24 degs=[8,6,7,8,7,7,8,7,6] blocks=[[0,1,2,3],[0,1,4,5],[2,3,4,5],[1,2,4,6],[0,3,5,6],[0,2,4,7],[1,3,5,7],[0,1,6,7],[3,4,6,7],[2,5,6,7],[0,3,4,8],[0,2,6,8],[1,3,6,8],[4,5,6,8],[2,3,7,8],[0,5,7,8]]
FAM D=48 ell=12 count=24 degs=[8,7,6,7,8,7,8,7,6] blocks=[[0,1,2,3],[0,1,4,5],[2,3,4,5],[1,2,4,6],[0,3,5,6],[0,2,4,7],[1,3,5,7],[0,1,6,7],[3,4,6,7],[2,5,6,7],[0,3,4,8],[0,2,6,8],[1,3,6,8],[4,5,6,8],[1,4,7,8],[0,5,7,8]]
FAM D=48 ell=12 count=24 degs=[8,7,7,8,7,6,7,8,6] blocks=[[0,1,2,3],[0,1,4,5],[2,3,4,5],[1,2,4,6],[0,3,5,6],[0,2,4,7],[1,3,5,7],[0,1,6,7],[3,4,6,7],[2,5,6,7],[0,3,4,8],[0,2,6,8],[1,3,6,8],[2,3,7,8],[1,4,7,8],[0,5,7,8]]
FAM D=48 ell=12 count=24 degs=[8,6,7,7,8,7,7,8,6] blocks=[[0,1,2,3],[0,1,4,5],[2,3,4,5],[1,2,4,6],[0,3,5,6],[0,2,4,7],[1,3,5,7],[0,1,6,7],[3,4,6,7],[2,5,6,7],[0,3,4,8],[0,2,6,8],[4,5,6,8],[2,3,7,8],[1,4,7,8],[0,5,7,8]]
FAM D=48 ell=12 count=24 degs=[7,7,6,8,8,7,7,8,6] blocks=[[0,1,2,3],[0,1,4,5],[2,3,4,5],[1,2,4,6],[0,3,5,6],[0,2,4,7],[1,3,5,7],[0,1,6,7],[3,4,6,7],[2,5,6,7],[0,3,4,8],[1,3,6,8],[4,5,6,8],[2,3,7,8],[1,4,7,8],[0,5,7,8]]
FAM D=48 ell=12 count=24 degs=[7,8,8,7,7,7,8,6,6] blocks=[[0,1,2,3],[0,1,4,5],[2,3,4,5],[1,2,4,6],[0,3,5,6],[0,2,4,7],[1,3,5,7],[0,1,6,7],[3,4,6,7],[2,5,6,7],[1,3,4,8],[0,2,5,8],[2,3,6,8],[0,4,6,8],[1,5,6,8],[1,2,7,8]]
FAM D=51 ell=12 count=21 degs=[8,8,8,8,7,7,8,7,7] blocks=[[0,1,2,3],[0,1,4,5],[2,3,4,5],[1,2,4,6],[0,3,5,6],[0,2,4,7],[1,3,5,7],[0,1,6,7],[3,4,6,7],[2,5,6,7],[1,3,4,8],[0,2,5,8],[2,3,6,8],[0,4,6,8],[1,5,6,8],[1,2,7,8],[0,3,7,8]]
FAM D=54 ell=12 count=18 degs=[8,8,8,8,8,8,8,8,8] blocks=[[0,1,2,3],[0,1,4,5],[2,3,4,5],[1,2,4,6],[0,3,5,6],[0,2,4,7],[1,3,5,7],[0,1,6,7],[3,4,6,7],[2,5,6,7],[1,3,4,8],[0,2,5,8],[2,3,6,8],[0,4,6,8],[1,5,6,8],[1,2,7,8],[0,3,7,8],[4,5,7,8]]
FAM D=51 ell=12 count=21 degs=[7,8,8,7,8,8,8,7,7] blocks=[[0,1,2,3],[0,1,4,5],[2,3,4,5],[1,2,4,6],[0,3,5,6],[0,2,4,7],[1,3,5,7],[0,1,6,7],[3,4,6,7],[2,5,6,7],[1,3,4,8],[0,2,5,8],[2,3,6,8],[0,4,6,8],[1,5,6,8],[1,2,7,8],[4,5,7,8]]
FAM D=48 ell=12 count=24 degs=[8,7,7,8,7,7,8,6,6] blocks=[[0,1,2,3],[0,1,4,5],[2,3,4,5],[1,2,4,6],[0,3,5,6],[0,2,4,7],[1,3,5,7],[0,1,6,7],[3,4,6,7],[2,5,6,7],[1,3,4,8],[0,2,5,8],[2,3,6,8],[0,4,6,8],[1,5,6,8],[0,3,7,8]]
FAM D=51 ell=12 count=21 degs=[8,7,7,8,8,8,8,7,7] blocks=[[0,1,2,3],[0,1,4,5],[2,3,4,5],[1,2,4,6],[0,3,5,6],[0,2,4,7],[1,3,5,7],[0,1,6,7],[3,4,6,7],[2,5,6,7],[1,3,4,8],[0,2,5,8],[2,3,6,8],[0,4,6,8],[1,5,6,8],[0,3,7,8],[4,5,7,8]]
FAM D=48 ell=12 count=24 degs=[7,7,7,7,8,8,8,6,6] blocks=[[0,1,2,3],[0,1,4,5],[2,3,4,5],[1,2,4,6],[0,3,5,6],[0,2,4,7],[1,3,5,7],[0,1,6,7],[3,4,6,7],[2,5,6,7],[1,3,4,8],[0,2,5,8],[2,3,6,8],[0,4,6,8],[1,5,6,8],[4,5,7,8]]
FAM D=48 ell=12 count=24 degs=[8,7,8,8,7,6,7,7,6] blocks=[[0,1,2,3],[0,1,4,5],[2,3,4,5],[1,2,4,6],[0,3,5,6],[0,2,4,7],[1,3,5,7],[0,1,6,7],[3,4,6,7],[2,5,6,7],[1,3,4,8],[0,2,5,8],[2,3,6,8],[0,4,6,8],[1,2,7,8],[0,3,7,8]]
FAM D=51 ell=12 count=21 degs=[8,7,8,8,8,7,7,8,7] blocks=[[0,1,2,3],[0,1,4,5],[2,3,4,5],[1,2,4,6],[0,3,5,6],[0,2,4,7],[1,3,5,7],[0,1,6,7],[3,4,6,7],[2,5,6,7],[1,3,4,8],[0,2,5,8],[2,3,6,8],[0,4,6,8],[1,2,7,8],[0,3,7,8],[4,5,7,8]]
FAM D=48 ell=12 count=24 degs=[7,7,8,7,8,7,7,7,6] blocks=[[0,1,2,3],[0,1,4,5],[2,3,4,5],[1,2,4,6],[0,3,5,6],[0,2,4,7],[1,3,5,7],[0,1,6,7],[3,4,6,7],[2,5,6,7],[1,3,4,8],[0,2,5,8],[2,3,6,8],[0,4,6,8],[1,2,7,8],[4,5,7,8]]
FAM D=48 ell=12 count=24 degs=[8,6,7,8,8,7,7,7,6] blocks=[[0,1,2,3],[0,1,4,5],[2,3,4,5],[1,2,4,6],[0,3,5,6],[0,2,4,7],[1,3,5,7],[0,1,6,7],[3,4,6,7],[2,5,6,7],[1,3,4,8],[0,2,5,8],[2,3,6,8],[0,4,6,8],[0,3,7,8],[4,5,7,8]]
FAM D=48 ell=12 count=24 degs=[7,8,8,8,6,7,7,7,6] blocks=[[0,1,2,3],[0,1,4,5],[2,3,4,5],[1,2,4,6],[0,3,5,6],[0,2,4,7],[1,3,5,7],[0,1,6,7],[3,4,6,7],[2,5,6,7],[1,3,4,8],[0,2,5,8],[2,3,6,8],[1,5,6,8],[1,2,7,8],[0,3,7,8]]
FAM D=51 ell=12 count=21 degs=[7,8,8,8,7,8,7,8,7] blocks=[[0,1,2,3],[0,1,4,5],[2,3,4,5],[1,2,4,6],[0,3,5,6],[0,2,4,7],[1,3,5,7],[0,1,6,7],[3,4,6,7],[2,5,6,7],[1,3,4,8],[0,2,5,8],[2,3,6,8],[1,5,6,8],[1,2,7,8],[0,3,7,8],[4,5,7,8]]
FAM D=48 ell=12 count=24 degs=[6,8,8,7,7,8,7,7,6] blocks=[[0,1,2,3],[0,1,4,5],[2,3,4,5],[1,2,4,6],[0,3,5,6],[0,2,4,7],[1,3,5,7],[0,1,6,7],[3,4,6,7],[2,5,6,7],[1,3,4,8],[0,2,5,8],[2,3,6,8],[1,5,6,8],[1,2,7,8],[4,5,7,8]]
FAM D=48 ell=12 count=24 degs=[7,7,7,8,7,8,7,7,6] blocks=[[0,1,2,3],[0,1,4,5],[2,3,4,5],[1,2,4,6],[0,3,5,6],[0,2,4,7],[1,3,5,7],[0,1,6,7],[3,4,6,7],[2,5,6,7],[1,3,4,8],[0,2,5,8],[2,3,6,8],[1,5,6,8],[0,3,7,8],[4,5,7,8]]
FAM D=48 ell=12 count=24 degs=[7,7,8,8,7,7,6,8,6] blocks=[[0,1,2,3],[0,1,4,5],[2,3,4,5],[1,2,4,6],[0,3,5,6],[0,2,4,7],[1,3,5,7],[0,1,6,7],[3,4,6,7],[2,5,6,7],[1,3,4,8],[0,2,5,8],[2,3,6,8],[1,2,7,8],[0,3,7,8],[4,5,7,8]]
FAM D=48 ell=12 count=24 degs=[8,8,7,7,7,7,7,7,6] blocks=[[0,1,2,3],[0,1,4,5],[2,3,4,5],[1,2,4,6],[0,3,5,6],[0,2,4,7],[1,3,5,7],[0,1,6,7],[3,4,6,7],[2,5,6,7],[1,3,4,8],[0,2,5,8],[0,4,6,8],[1,5,6,8],[1,2,7,8],[0,3,7,8]]
FAM D=51 ell=12 count=21 degs=[8,8,7,7,8,8,7,8,7] blocks=[[0,1,2,3],[0,1,4,5],[2,3,4,5],[1,2,4,6],[0,3,5,6],[0,2,4,7],[1,3,5,7],[0,1,6,7],[3,4,6,7],[2,5,6,7],[1,3,4,8],[0,2,5,8],[0,4,6,8],[1,5,6,8],[1,2,7,8],[0,3,7,8],[4,5,7,8]]
FAM D=48 ell=12 count=24 degs=[7,8,7,6,8,8,7,7,6] blocks=[[0,1,2,3],[0,1,4,5],[2,3,4,5],[1,2,4,6],[0,3,5,6],[0,2,4,7],[1,3,5,7],[0,1,6,7],[3,4,6,7],[2,5,6,7],[1,3,4,8],[0,2,5,8],[0,4,6,8],[1,5,6,8],[1,2,7,8],[4,5,7,8]]
FAM D=48 ell=12 count=24 degs=[8,7,6,7,8,8,7,7,6] blocks=[[0,1,2,3],[0,1,4,5],[2,3,4,5],[1,2,4,6],[0,3,5,6],[0,2,4,7],[1,3,5,7],[0,1,6,7],[3,4,6,7],[2,5,6,7],[1,3,4,8],[0,2,5,8],[0,4,6,8],[1,5,6,8],[0,3,7,8],[4,5,7,8]]
FAM D=48 ell=12 count=24 degs=[8,7,7,7,8,7,6,8,6] blocks=[[0,1,2,3],[0,1,4,5],[2,3,4,5],[1,2,4,6],[0,3,5,6],[0,2,4,7],[1,3,5,7],[0,1,6,7],[3,4,6,7],[2,5,6,7],[1,3,4,8],[0,2,5,8],[0,4,6,8],[1,2,7,8],[0,3,7,8],[4,5,7,8]]
FAM D=48 ell=12 count=24 degs=[7,8,7,7,7,8,6,8,6] blocks=[[0,1,2,3],[0,1,4,5],[2,3,4,5],[1,2,4,6],[0,3,5,6],[0,2,4,7],[1,3,5,7],[0,1,6,7],[3,4,6,7],[2,5,6,7],[1,3,4,8],[0,2,5,8],[1,5,6,8],[1,2,7,8],[0,3,7,8],[4,5,7,8]]
FAM D=48 ell=12 count=24 degs=[7,8,7,8,7,6,8,7,6] blocks=[[0,1,2,3],[0,1,4,5],[2,3,4,5],[1,2,4,6],[0,3,5,6],[0,2,4,7],[1,3,5,7],[0,1,6,7],[3,4,6,7],[2,5,6,7],[1,3,4,8],[2,3,6,8],[0,4,6,8],[1,5,6,8],[1,2,7,8],[0,3,7,8]]
FAM D=51 ell=12 count=21 degs=[7,8,7,8,8,7,8,8,7] blocks=[[0,1,2,3],[0,1,4,5],[2,3,4,5],[1,2,4,6],[0,3,5,6],[0,2,4,7],[1,3,5,7],[0,1,6,7],[3,4,6,7],[2,5,6,7],[1,3,4,8],[2,3,6,8],[0,4,6,8],[1,5,6,8],[1,2,7,8],[0,3,7,8],[4,5,7,8]]
FAM D=48 ell=12 count=24 degs=[6,8,7,7,8,7,8,7,6] blocks=[[0,1,2,3],[0,1,4,5],[2,3,4,5],[1,2,4,6],[0,3,5,6],[0,2,4,7],[1,3,5,7],[0,1,6,7],[3,4,6,7],[2,5,6,7],[1,3,4,8],[2,3,6,8],[0,4,6,8],[1,5,6,8],[1,2,7,8],[4,5,7,8]]
FAM D=48 ell=12 count=24 degs=[7,7,6,8,8,7,8,7,6] blocks=[[0,1,2,3],[0,1,4,5],[2,3,4,5],[1,2,4,6],[0,3,5,6],[0,2,4,7],[1,3,5,7],[0,1,6,7],[3,4,6,7],[2,5,6,7],[1,3,4,8],[2,3,6,8],[0,4,6,8],[1,5,6,8],[0,3,7,8],[4,5,7,8]]
FAM D=48 ell=12 count=24 degs=[7,7,7,8,8,6,7,8,6] blocks=[[0,1,2,3],[0,1,4,5],[2,3,4,5],[1,2,4,6],[0,3,5,6],[0,2,4,7],[1,3,5,7],[0,1,6,7],[3,4,6,7],[2,5,6,7],[1,3,4,8],[2,3,6,8],[0,4,6,8],[1,2,7,8],[0,3,7,8],[4,5,7,8]]
FAM D=48 ell=12 count=24 degs=[6,8,7,8,7,7,7,8,6] blocks=[[0,1,2,3],[0,1,4,5],[2,3,4,5],[1,2,4,6],[0,3,5,6],[0,2,4,7],[1,3,5,7],[0,1,6,7],[3,4,6,7],[2,5,6,7],[1,3,4,8],[2,3,6,8],[1,5,6,8],[1,2,7,8],[0,3,7,8],[4,5,7,8]]
FAM D=48 ell=12 count=24 degs=[7,8,6,7,8,7,7,8,6] blocks=[[0,1,2,3],[0,1,4,5],[2,3,4,5],[1,2,4,6],[0,3,5,6],[0,2,4,7],[1,3,5,7],[0,1,6,7],[3,4,6,7],[2,5,6,7],[1,3,4,8],[0,4,6,8],[1,5,6,8],[1,2,7,8],[0,3,7,8],[4,5,7,8]]
FAM D=48 ell=12 count=24 degs=[8,7,8,7,6,7,8,7,6] blocks=[[0,1,2,3],[0,1,4,5],[2,3,4,5],[1,2,4,6],[0,3,5,6],[0,2,4,7],[1,3,5,7],[0,1,6,7],[3,4,6,7],[2,5,6,7],[0,2,5,8],[2,3,6,8],[0,4,6,8],[1,5,6,8],[1,2,7,8],[0,3,7,8]]
FAM D=51 ell=12 count=21 degs=[8,7,8,7,7,8,8,8,7] blocks=[[0,1,2,3],[0,1,4,5],[2,3,4,5],[1,2,4,6],[0,3,5,6],[0,2,4,7],[1,3,5,7],[0,1,6,7],[3,4,6,7],[2,5,6,7],[0,2,5,8],[2,3,6,8],[0,4,6,8],[1,5,6,8],[1,2,7,8],[0,3,7,8],[4,5,7,8]]
FAM D=48 ell=12 count=24 degs=[7,7,8,6,7,8,8,7,6] blocks=[[0,1,2,3],[0,1,4,5],[2,3,4,5],[1,2,4,6],[0,3,5,6],[0,2,4,7],[1,3,5,7],[0,1,6,7],[3,4,6,7],[2,5,6,7],[0,2,5,8],[2,3,6,8],[0,4,6,8],[1,5,6,8],[1,2,7,8],[4,5,7,8]]
FAM D=48 ell=12 count=24 degs=[8,6,7,7,7,8,8,7,6] blocks=[[0,1,2,3],[0,1,4,5],[2,3,4,5],[1,2,4,6],[0,3,5,6],[0,2,4,7],[1,3,5,7],[0,1,6,7],[3,4,6,7],[2,5,6,7],[0,2,5,8],[2,3,6,8],[0,4,6,8],[1,5,6,8],[0,3,7,8],[4,5,7,8]]
FAM D=48 ell=12 count=24 degs=[8,6,8,7,7,7,7,8,6] blocks=[[0,1,2,3],[0,1,4,5],[2,3,4,5],[1,2,4,6],[0,3,5,6],[0,2,4,7],[1,3,5,7],[0,1,6,7],[3,4,6,7],[2,5,6,7],[0,2,5,8],[2,3,6,8],[0,4,6,8],[1,2,7,8],[0,3,7,8],[4,5,7,8]]
FAM D=48 ell=12 count=24 degs=[7,7,8,7,6,8,7,8,6] blocks=[[0,1,2,3],[0,1,4,5],[2,3,4,5],[1,2,4,6],[0,3,5,6],[0,2,4,7],[1,3,5,7],[0,1,6,7],[3,4,6,7],[2,5,6,7],[0,2,5,8],[2,3,6,8],[1,5,6,8],[1,2,7,8],[0,3,7,8],[4,5,7,8]]
FAM D=48 ell=12 count=24 degs=[8,7,7,6,7,8,7,8,6] blocks=[[0,1,2,3],[0,1,4,5],[2,3,4,5],[1,2,4,6],[0,3,5,6],[0,2,4,7],[1,3,5,7],[0,1,6,7],[3,4,6,7],[2,5,6,7],[0,2,5,8],[0,4,6,8],[1,5,6,8],[1,2,7,8],[0,3,7,8],[4,5,7,8]]
FAM D=48 ell=12 count=24 degs=[6,8,8,7,7,7,8,7,6] blocks=[[0,1,2,3],[0,1,4,5],[2,3,4,5],[1,2,4,6],[0,3,5,6],[0,2,4,7],[1,3,5,7],[0,1,6,7],[3,4,6,7],[2,5,6,7],[1,2,5,8],[0,2,6,8],[1,3,6,8],[4,5,6,8],[2,3,7,8],[1,4,7,8]]
FAM D=51 ell=12 count=21 degs=[7,8,8,7,7,8,8,8,7] blocks=[[0,1,2,3],[0,1,4,5],[2,3,4,5],[1,2,4,6],[0,3,5,6],[0,2,4,7],[1,3,5,7],[0,1,6,7],[3,4,6,7],[2,5,6,7],[1,2,5,8],[0,2,6,8],[1,3,6,8],[4,5,6,8],[2,3,7,8],[1,4,7,8],[0,5,7,8]]
FAM D=48 ell=12 count=24 degs=[7,7,8,7,6,8,8,7,6] blocks=[[0,1,2,3],[0,1,4,5],[2,3,4,5],[1,2,4,6],[0,3,5,6],[0,2,4,7],[1,3,5,7],[0,1,6,7],[3,4,6,7],[2,5,6,7],[1,2,5,8],[0,2,6,8],[1,3,6,8],[4,5,6,8],[2,3,7,8],[0,5,7,8]]
FAM D=48 ell=12 count=24 degs=[7,8,7,6,7,8,8,7,6] blocks=[[0,1,2,3],[0,1,4,5],[2,3,4,5],[1,2,4,6],[0,3,5,6],[0,2,4,7],[1,3,5,7],[0,1,6,7],[3,4,6,7],[2,5,6,7],[1,2,5,8],[0,2,6,8],[1,3,6,8],[4,5,6,8],[1,4,7,8],[0,5,7,8]]
FAM D=48 ell=12 count=24 degs=[7,8,8,7,6,7,7,8,6] blocks=[[0,1,2,3],[0,1,4,5],[2,3,4,5],[1,2,4,6],[0,3,5,6],[0,2,4,7],[1,3,5,7],[0,1,6,7],[3,4,6,7],[2,5,6,7],[1,2,5,8],[0,2,6,8],[1,3,6,8],[2,3,7,8],[1,4,7,8],[0,5,7,8]]
FAM D=48 ell=12 count=24 degs=[7,7,8,6,7,8,7,8,6] blocks=[[0,1,2,3],[0,1,4,5],[2,3,4,5],[1,2,4,6],[0,3,5,6],[0,2,4,7],[1,3,5,7],[0,1,6,7],[3,4,6,7],[2,5,6,7],[1,2,5,8],[0,2,6,8],[4,5,6,8],[2,3,7,8],[1,4,7,8],[0,5,7,8]]
FAM D=48 ell=12 count=24 degs=[6,8,7,7,7,8,7,8,6] blocks=[[0,1,2,3],[0,1,4,5],[2,3,4,5],[1,2,4,6],[0,3,5,6],[0,2,4,7],[1,3,5,7],[0,1,6,7],[3,4,6,7],[2,5,6,7],[1,2,5,8],[1,3,6,8],[4,5,6,8],[2,3,7,8],[1,4,7,8],[0,5,7,8]]
FAM D=48 ell=12 count=24 degs=[7,7,7,7,7,7,8,8,6] blocks=[[0,1,2,3],[0,1,4,5],[2,3,4,5],[1,2,4,6],[0,3,5,6],[0,2,4,7],[1,3,5,7],[0,1,6,7],[3,4,6,7],[2,5,6,7],[0,2,6,8],[1,3,6,8],[4,5,6,8],[2,3,7,8],[1,4,7,8],[0,5,7,8]]
FAM D=48 ell=12 count=24 degs=[7,7,7,7,7,7,8,8,6] blocks=[[0,1,2,3],[0,1,4,5],[2,3,4,5],[1,2,4,6],[0,3,5,6],[0,2,4,7],[1,3,5,7],[0,1,6,7],[3,4,6,7],[2,5,6,7],[2,3,6,8],[0,4,6,8],[1,5,6,8],[1,2,7,8],[0,3,7,8],[4,5,7,8]]
FAM D=48 ell=12 count=24 degs=[7,8,7,8,8,6,7,6,7] blocks=[[0,1,2,3],[0,1,4,5],[2,3,4,5],[1,2,4,6],[0,3,5,6],[0,2,4,7],[1,3,5,7],[0,1,6,7],[3,4,6,7],[0,3,4,8],[1,2,5,8],[0,2,6,8],[1,3,6,8],[4,5,6,8],[2,3,7,8],[1,4,7,8]]
FAM D=51 ell=12 count=21 degs=[8,8,7,8,8,7,7,7,8] blocks=[[0,1,2,3],[0,1,4,5],[2,3,4,5],[1,2,4,6],[0,3,5,6],[0,2,4,7],[1,3,5,7],[0,1,6,7],[3,4,6,7],[0,3,4,8],[1,2,5,8],[0,2,6,8],[1,3,6,8],[4,5,6,8],[2,3,7,8],[1,4,7,8],[0,5,7,8]]
FAM D=48 ell=12 count=24 degs=[8,7,7,8,7,7,7,6,7] blocks=[[0,1,2,3],[0,1,4,5],[2,3,4,5],[1,2,4,6],[0,3,5,6],[0,2,4,7],[1,3,5,7],[0,1,6,7],[3,4,6,7],[0,3,4,8],[1,2,5,8],[0,2,6,8],[1,3,6,8],[4,5,6,8],[2,3,7,8],[0,5,7,8]]
FAM D=48 ell=12 count=24 degs=[8,8,6,7,8,7,7,6,7] blocks=[[0,1,2,3],[0,1,4,5],[2,3,4,5],[1,2,4,6],[0,3,5,6],[0,2,4,7],[1,3,5,7],[0,1,6,7],[3,4,6,7],[0,3,4,8],[1,2,5,8],[0,2,6,8],[1,3,6,8],[4,5,6,8],[1,4,7,8],[0,5,7,8]]
FAM D=48 ell=12 count=24 degs=[8,8,7,8,7,6,6,7,7] blocks=[[0,1,2,3],[0,1,4,5],[2,3,4,5],[1,2,4,6],[0,3,5,6],[0,2,4,7],[1,3,5,7],[0,1,6,7],[3,4,6,7],[0,3,4,8],[1,2,5,8],[0,2,6,8],[1,3,6,8],[2,3,7,8],[1,4,7,8],[0,5,7,8]]
FAM D=48 ell=12 count=24 degs=[8,7,7,7,8,7,6,7,7] blocks=[[0,1,2,3],[0,1,4,5],[2,3,4,5],[1,2,4,6],[0,3,5,6],[0,2,4,7],[1,3,5,7],[0,1,6,7],[3,4,6,7],[0,3,4,8],[1,2,5,8],[0,2,6,8],[4,5,6,8],[2,3,7,8],[1,4,7,8],[0,5,7,8]]
FAM D=48 ell=12 count=24 degs=[7,8,6,8,8,7,6,7,7] blocks=[[0,1,2,3],[0,1,4,5],[2,3,4,5],[1,2,4,6],[0,3,5,6],[0,2,4,7],[1,3,5,7],[0,1,6,7],[3,4,6,7],[0,3,4,8],[1,2,5,8],[1,3,6,8],[4,5,6,8],[2,3,7,8],[1,4,7,8],[0,5,7,8]]
FAM D=48 ell=12 count=24 degs=[8,7,6,8,8,6,7,7,7] blocks=[[0,1,2,3],[0,1,4,5],[2,3,4,5],[1,2,4,6],[0,3,5,6],[0,2,4,7],[1,3,5,7],[0,1,6,7],[3,4,6,7],[0,3,4,8],[0,2,6,8],[1,3,6,8],[4,5,6,8],[2,3,7,8],[1,4,7,8],[0,5,7,8]]
FAM D=48 ell=12 count=24 degs=[8,8,7,8,7,6,7,6,7] blocks=[[0,1,2,3],[0,1,4,5],[2,3,4,5],[1,2,4,6],[0,3,5,6],[0,2,4,7],[1,3,5,7],[0,1,6,7],[3,4,6,7],[1,3,4,8],[0,2,5,8],[2,3,6,8],[0,4,6,8],[1,5,6,8],[1,2,7,8],[0,3,7,8]]
FAM D=51 ell=12 count=21 degs=[8,8,7,8,8,7,7,7,8] blocks=[[0,1,2,3],[0,1,4,5],[2,3,4,5],[1,2,4,6],[0,3,5,6],[0,2,4,7],[1,3,5,7],[0,1,6,7],[3,4,6,7],[1,3,4,8],[0,2,5,8],[2,3,6,8],[0,4,6,8],[1,5,6,8],[1,2,7,8],[0,3,7,8],[4,5,7,8]]
FAM D=48 ell=12 count=24 degs=[7,8,7,7,8,7,7,6,7] blocks=[[0,1,2,3],[0,1,4,5],[2,3,4,5],[1,2,4,6],[0,3,5,6],[0,2,4,7],[1,3,5,7],[0,1,6,7],[3,4,6,7],[1,3,4,8],[0,2,5,8],[2,3,6,8],[0,4,6,8],[1,5,6,8],[1,2,7,8],[4,5,7,8]]
FAM D=48 ell=12 count=24 degs=[8,7,6,8,8,7,7,6,7] blocks=[[0,1,2,3],[0,1,4,5],[2,3,4,5],[1,2,4,6],[0,3,5,6],[0,2,4,7],[1,3,5,7],[0,1,6,7],[3,4,6,7],[1,3,4,8],[0,2,5,8],[2,3,6,8],[0,4,6,8],[1,5,6,8],[0,3,7,8],[4,5,7,8]]
FAM D=48 ell=12 count=24 degs=[8,7,7,8,8,6,6,7,7] blocks=[[0,1,2,3],[0,1,4,5],[2,3,4,5],[1,2,4,6],[0,3,5,6],[0,2,4,7],[1,3,5,7],[0,1,6,7],[3,4,6,7],[1,3,4,8],[0,2,5,8],[2,3,6,8],[0,4,6,8],[1,2,7,8],[0,3,7,8],[4,5,7,8]]
FAM D=48 ell=12 count=24 degs=[7,8,7,8,7,7,6,7,7] blocks=[[0,1,2,3],[0,1,4,5],[2,3,4,5],[1,2,4,6],[0,3,5,6],[0,2,4,7],[1,3,5,7],[0,1,6,7],[3,4,6,7],[1,3,4,8],[0,2,5,8],[2,3,6,8],[1,5,6,8],[1,2,7,8],[0,3,7,8],[4,5,7,8]]
FAM D=48 ell=12 count=24 degs=[8,8,6,7,8,7,6,7,7] blocks=[[0,1,2,3],[0,1,4,5],[2,3,4,5],[1,2,4,6],[0,3,5,6],[0,2,4,7],[1,3,5,7],[0,1,6,7],[3,4,6,7],[1,3,4,8],[0,2,5,8],[0,4,6,8],[1,5,6,8],[1,2,7,8],[0,3,7,8],[4,5,7,8]]
FAM D=48 ell=12 count=24 degs=[7,8,6,8,8,6,7,7,7] blocks=[[0,1,2,3],[0,1,4,5],[2,3,4,5],[1,2,4,6],[0,3,5,6],[0,2,4,7],[1,3,5,7],[0,1,6,7],[3,4,6,7],[1,3,4,8],[2,3,6,8],[0,4,6,8],[1,5,6,8],[1,2,7,8],[0,3,7,8],[4,5,7,8]]
FAM D=48 ell=12 count=24 degs=[8,7,7,7,7,7,7,7,7] blocks=[[0,1,2,3],[0,1,4,5],[2,3,4,5],[1,2,4,6],[0,3,5,6],[0,2,4,7],[1,3,5,7],[0,1,6,7],[3,4,6,7],[0,2,5,8],[2,3,6,8],[0,4,6,8],[1,5,6,8],[1,2,7,8],[0,3,7,8],[4,5,7,8]]
FAM D=48 ell=12 count=24 degs=[7,8,7,7,7,7,7,7,7] blocks=[[0,1,2,3],[0,1,4,5],[2,3,4,5],[1,2,4,6],[0,3,5,6],[0,2,4,7],[1,3,5,7],[0,1,6,7],[3,4,6,7],[1,2,5,8],[0,2,6,8],[1,3,6,8],[4,5,6,8],[2,3,7,8],[1,4,7,8],[0,5,7,8]]
FAM D=48 ell=12 count=24 degs=[7,8,8,7,7,7,7,6,7] blocks=[[0,1,2,3],[0,1,4,5],[2,3,4,5],[1,2,4,6],[0,3,5,6],[0,2,4,7],[1,3,5,7],[0,1,6,7],[2,5,6,7],[0,3,4,8],[1,2,5,8],[0,2,6,8],[1,3,6,8],[4,5,6,8],[2,3,7,8],[1,4,7,8]]
FAM D=51 ell=12 count=21 degs=[8,8,8,7,7,8,7,7,8] blocks=[[0,1,2,3],[0,1,4,5],[2,3,4,5],[1,2,4,6],[0,3,5,6],[0,2,4,7],[1,3,5,7],[0,1,6,7],[2,5,6,7],[0,3,4,8],[1,2,5,8],[0,2,6,8],[1,3,6,8],[4,5,6,8],[2,3,7,8],[1,4,7,8],[0,5,7,8]]
FAM D=48 ell=12 count=24 degs=[8,7,8,7,6,8,7,6,7] blocks=[[0,1,2,3],[0,1,4,5],[2,3,4,5],[1,2,4,6],[0,3,5,6],[0,2,4,7],[1,3,5,7],[0,1,6,7],[2,5,6,7],[0,3,4,8],[1,2,5,8],[0,2,6,8],[1,3,6,8],[4,5,6,8],[2,3,7,8],[0,5,7,8]]
FAM D=48 ell=12 count=24 degs=[8,8,7,6,7,8,7,6,7] blocks=[[0,1,2,3],[0,1,4,5],[2,3,4,5],[1,2,4,6],[0,3,5,6],[0,2,4,7],[1,3,5,7],[0,1,6,7],[2,5,6,7],[0,3,4,8],[1,2,5,8],[0,2,6,8],[1,3,6,8],[4,5,6,8],[1,4,7,8],[0,5,7,8]]
FAM D=48 ell=12 count=24 degs=[8,8,8,7,6,7,6,7,7] blocks=[[0,1,2,3],[0,1,4,5],[2,3,4,5],[1,2,4,6],[0,3,5,6],[0,2,4,7],[1,3,5,7],[0,1,6,7],[2,5,6,7],[0,3,4,8],[1,2,5,8],[0,2,6,8],[1,3,6,8],[2,3,7,8],[1,4,7,8],[0,5,7,8]]
FAM D=48 ell=12 count=24 degs=[8,7,8,6,7,8,6,7,7] blocks=[[0,1,2,3],[0,1,4,5],[2,3,4,5],[1,2,4,6],[0,3,5,6],[0,2,4,7],[1,3,5,7],[0,1,6,7],[2,5,6,7],[0,3,4,8],[1,2,5,8],[0,2,6,8],[4,5,6,8],[2,3,7,8],[1,4,7,8],[0,5,7,8]]
FAM D=48 ell=12 count=24 degs=[7,8,7,7,7,8,6,7,7] blocks=[[0,1,2,3],[0,1,4,5],[2,3,4,5],[1,2,4,6],[0,3,5,6],[0,2,4,7],[1,3,5,7],[0,1,6,7],[2,5,6,7],[0,3,4,8],[1,2,5,8],[1,3,6,8],[4,5,6,8],[2,3,7,8],[1,4,7,8],[0,5,7,8]]
FAM D=48 ell=12 count=24 degs=[8,7,7,7,7,7,7,7,7] blocks=[[0,1,2,3],[0,1,4,5],[2,3,4,5],[1,2,4,6],[0,3,5,6],[0,2,4,7],[1,3,5,7],[0,1,6,7],[2,5,6,7],[0,3,4,8],[0,2,6,8],[1,3,6,8],[4,5,6,8],[2,3,7,8],[1,4,7,8],[0,5,7,8]]
FAM D=48 ell=12 count=24 degs=[8,8,8,7,6,7,7,6,7] blocks=[[0,1,2,3],[0,1,4,5],[2,3,4,5],[1,2,4,6],[0,3,5,6],[0,2,4,7],[1,3,5,7],[0,1,6,7],[2,5,6,7],[1,3,4,8],[0,2,5,8],[2,3,6,8],[0,4,6,8],[1,5,6,8],[1,2,7,8],[0,3,7,8]]
FAM D=51 ell=12 count=21 degs=[8,8,8,7,7,8,7,7,8] blocks=[[0,1,2,3],[0,1,4,5],[2,3,4,5],[1,2,4,6],[0,3,5,6],[0,2,4,7],[1,3,5,7],[0,1,6,7],[2,5,6,7],[1,3,4,8],[0,2,5,8],[2,3,6,8],[0,4,6,8],[1,5,6,8],[1,2,7,8],[0,3,7,8],[4,5,7,8]]
FAM D=48 ell=12 count=24 degs=[7,8,8,6,7,8,7,6,7] blocks=[[0,1,2,3],[0,1,4,5],[2,3,4,5],[1,2,4,6],[0,3,5,6],[0,2,4,7],[1,3,5,7],[0,1,6,7],[2,5,6,7],[1,3,4,8],[0,2,5,8],[2,3,6,8],[0,4,6,8],[1,5,6,8],[1,2,7,8],[4,5,7,8]]
FAM D=48 ell=12 count=24 degs=[8,7,7,7,7,8,7,6,7] blocks=[[0,1,2,3],[0,1,4,5],[2,3,4,5],[1,2,4,6],[0,3,5,6],[0,2,4,7],[1,3,5,7],[0,1,6,7],[2,5,6,7],[1,3,4,8],[0,2,5,8],[2,3,6,8],[0,4,6,8],[1,5,6,8],[0,3,7,8],[4,5,7,8]]
FAM D=48 ell=12 count=24 degs=[8,7,8,7,7,7,6,7,7] blocks=[[0,1,2,3],[0,1,4,5],[2,3,4,5],[1,2,4,6],[0,3,5,6],[0,2,4,7],[1,3,5,7],[0,1,6,7],[2,5,6,7],[1,3,4,8],[0,2,5,8],[2,3,6,8],[0,4,6,8],[1,2,7,8],[0,3,7,8],[4,5,7,8]]
FAM D=48 ell=12 count=24 degs=[7,8,8,7,6,8,6,7,7] blocks=[[0,1,2,3],[0,1,4,5],[2,3,4,5],[1,2,4,6],[0,3,5,6],[0,2,4,7],[1,3,5,7],[0,1,6,7],[2,5,6,7],[1,3,4,8],[0,2,5,8],[2,3,6,8],[1,5,6,8],[1,2,7,8],[0,3,7,8],[4,5,7,8]]
FAM D=48 ell=12 count=24 degs=[8,8,7,6,7,8,6,7,7] blocks=[[0,1,2,3],[0,1,4,5],[2,3,4,5],[1,2,4,6],[0,3,5,6],[0,2,4,7],[1,3,5,7],[0,1,6,7],[2,5,6,7],[1,3,4,8],[0,2,5,8],[0,4,6,8],[1,5,6,8],[1,2,7,8],[0,3,7,8],[4,5,7,8]]
FAM D=48 ell=12 count=24 degs=[7,8,7,7,7,7,7,7,7] blocks=[[0,1,2,3],[0,1,4,5],[2,3,4,5],[1,2,4,6],[0,3,5,6],[0,2,4,7],[1,3,5,7],[0,1,6,7],[2,5,6,7],[1,3,4,8],[2,3,6,8],[0,4,6,8],[1,5,6,8],[1,2,7,8],[0,3,7,8],[4,5,7,8]]
FAM D=48 ell=12 count=24 degs=[8,7,8,6,6,8,7,7,7] blocks=[[0,1,2,3],[0,1,4,5],[2,3,4,5],[1,2,4,6],[0,3,5,6],[0,2,4,7],[1,3,5,7],[0,1,6,7],[2,5,6,7],[0,2,5,8],[2,3,6,8],[0,4,6,8],[1,5,6,8],[1,2,7,8],[0,3,7,8],[4,5,7,8]]
FAM D=48 ell=12 count=24 degs=[7,8,8,6,6,8,7,7,7] blocks=[[0,1,2,3],[0,1,4,5],[2,3,4,5],[1,2,4,6],[0,3,5,6],[0,2,4,7],[1,3,5,7],[0,1,6,7],[2,5,6,7],[1,2,5,8],[0,2,6,8],[1,3,6,8],[4,5,6,8],[2,3,7,8],[1,4,7,8],[0,5,7,8]]
FAM D=48 ell=12 count=24 degs=[8,8,7,7,7,7,6,6,8] blocks=[[0,1,2,3],[0,1,4,5],[2,3,4,5],[1,2,4,6],[0,3,5,6],[0,2,4,7],[1,3,5,7],[0,1,6,7],[0,3,4,8],[1,2,5,8],[0,2,6,8],[1,3,6,8],[4,5,6,8],[2,3,7,8],[1,4,7,8],[0,5,7,8]]
FAM D=48 ell=12 count=24 degs=[8,8,7,7,7,7,6,6,8] blocks=[[0,1,2,3],[0,1,4,5],[2,3,4,5],[1,2,4,6],[0,3,5,6],[0,2,4,7],[1,3,5,7],[0,1,6,7],[1,3,4,8],[0,2,5,8],[2,3,6,8],[0,4,6,8],[1,5,6,8],[1,2,7,8],[0,3,7,8],[4,5,7,8]]
FAM D=48 ell=12 count=24 degs=[6,7,8,8,8,7,7,6,7] blocks=[[0,1,2,3],[0,1,4,5],[2,3,4,5],[1,2,4,6],[0,3,5,6],[0,2,4,7],[1,3,5,7],[3,4,6,7],[2,5,6,7],[0,3,4,8],[1,2,5,8],[0,2,6,8],[1,3,6,8],[4,5,6,8],[2,3,7,8],[1,4,7,8]]
FAM D=51 ell=12 count=21 degs=[7,7,8,8,8,8,7,7,8] blocks=[[0,1,2,3],[0,1,4,5],[2,3,4,5],[1,2,4,6],[0,3,5,6],[0,2,4,7],[1,3,5,7],[3,4,6,7],[2,5,6,7],[0,3,4,8],[1,2,5,8],[0,2,6,8],[1,3,6,8],[4,5,6,8],[2,3,7,8],[1,4,7,8],[0,5,7,8]]
FAM D=48 ell=12 count=24 degs=[7,6,8,8,7,8,7,6,7] blocks=[[0,1,2,3],[0,1,4,5],[2,3,4,5],[1,2,4,6],[0,3,5,6],[0,2,4,7],[1,3,5,7],[3,4,6,7],[2,5,6,7],[0,3,4,8],[1,2,5,8],[0,2,6,8],[1,3,6,8],[4,5,6,8],[2,3,7,8],[0,5,7,8]]
FAM D=48 ell=12 count=24 degs=[7,7,7,7,8,8,7,6,7] blocks=[[0,1,2,3],[0,1,4,5],[2,3,4,5],[1,2,4,6],[0,3,5,6],[0,2,4,7],[1,3,5,7],[3,4,6,7],[2,5,6,7],[0,3,4,8],[1,2,5,8],[0,2,6,8],[1,3,6,8],[4,5,6,8],[1,4,7,8],[0,5,7,8]]
FAM D=48 ell=12 count=24 degs=[7,7,8,8,7,7,6,7,7] blocks=[[0,1,2,3],[0,1,4,5],[2,3,4,5],[1,2,4,6],[0,3,5,6],[0,2,4,7],[1,3,5,7],[3,4,6,7],[2,5,6,7],[0,3,4,8],[1,2,5,8],[0,2,6,8],[1,3,6,8],[2,3,7,8],[1,4,7,8],[0,5,7,8]]
FAM D=48 ell=12 count=24 degs=[7,6,8,7,8,8,6,7,7] blocks=[[0,1,2,3],[0,1,4,5],[2,3,4,5],[1,2,4,6],[0,3,5,6],[0,2,4,7],[1,3,5,7],[3,4,6,7],[2,5,6,7],[0,3,4,8],[1,2,5,8],[0,2,6,8],[4,5,6,8],[2,3,7,8],[1,4,7,8],[0,5,7,8]]
FAM D=48 ell=12 count=24 degs=[6,7,7,8,8,8,6,7,7] blocks=[[0,1,2,3],[0,1,4,5],[2,3,4,5],[1,2,4,6],[0,3,5,6],[0,2,4,7],[1,3,5,7],[3,4,6,7],[2,5,6,7],[0,3,4,8],[1,2,5,8],[1,3,6,8],[4,5,6,8],[2,3,7,8],[1,4,7,8],[0,5,7,8]]
FAM D=48 ell=12 count=24 degs=[7,6,7,8,8,7,7,7,7] blocks=[[0,1,2,3],[0,1,4,5],[2,3,4,5],[1,2,4,6],[0,3,5,6],[0,2,4,7],[1,3,5,7],[3,4,6,7],[2,5,6,7],[0,3,4,8],[0,2,6,8],[1,3,6,8],[4,5,6,8],[2,3,7,8],[1,4,7,8],[0,5,7,8]]
FAM D=48 ell=12 count=24 degs=[7,7,8,8,7,7,7,6,7] blocks=[[0,1,2,3],[0,1,4,5],[2,3,4,5],[1,2,4,6],[0,3,5,6],[0,2,4,7],[1,3,5,7],[3,4,6,7],[2,5,6,7],[1,3,4,8],[0,2,5,8],[2,3,6,8],[0,4,6,8],[1,5,6,8],[1,2,7,8],[0,3,7,8]]
FAM D=51 ell=12 count=21 degs=[7,7,8,8,8,8,7,7,8] blocks=[[0,1,2,3],[0,1,4,5],[2,3,4,5],[1,2,4,6],[0,3,5,6],[0,2,4,7],[1,3,5,7],[3,4,6,7],[2,5,6,7],[1,3,4,8],[0,2,5,8],[2,3,6,8],[0,4,6,8],[1,5,6,8],[1,2,7,8],[0,3,7,8],[4,5,7,8]]
FAM D=48 ell=12 count=24 degs=[6,7,8,7,8,8,7,6,7] blocks=[[0,1,2,3],[0,1,4,5],[2,3,4,5],[1,2,4,6],[0,3,5,6],[0,2,4,7],[1,3,5,7],[3,4,6,7],[2,5,6,7],[1,3,4,8],[0,2,5,8],[2,3,6,8],[0,4,6,8],[1,5,6,8],[1,2,7,8],[4,5,7,8]]
FAM D=48 ell=12 count=24 degs=[7,6,7,8,8,8,7,6,7] blocks=[[0,1,2,3],[0,1,4,5],[2,3,4,5],[1,2,4,6],[0,3,5,6],[0,2,4,7],[1,3,5,7],[3,4,6,7],[2,5,6,7],[1,3,4,8],[0,2,5,8],[2,3,6,8],[0,4,6,8],[1,5,6,8],[0,3,7,8],[4,5,7,8]]
FAM D=48 ell=12 count=24 degs=[7,6,8,8,8,7,6,7,7] blocks=[[0,1,2,3],[0,1,4,5],[2,3,4,5],[1,2,4,6],[0,3,5,6],[0,2,4,7],[1,3,5,7],[3,4,6,7],[2,5,6,7],[1,3,4,8],[0,2,5,8],[2,3,6,8],[0,4,6,8],[1,2,7,8],[0,3,7,8],[4,5,7,8]]
FAM D=48 ell=12 count=24 degs=[6,7,8,8,7,8,6,7,7] blocks=[[0,1,2,3],[0,1,4,5],[2,3,4,5],[1,2,4,6],[0,3,5,6],[0,2,4,7],[1,3,5,7],[3,4,6,7],[2,5,6,7],[1,3,4,8],[0,2,5,8],[2,3,6,8],[1,5,6,8],[1,2,7,8],[0,3,7,8],[4,5,7,8]]
FAM D=48 ell=12 count=24 degs=[7,7,7,7,8,8,6,7,7] blocks=[[0,1,2,3],[0,1,4,5],[2,3,4,5],[1,2,4,6],[0,3,5,6],[0,2,4,7],[1,3,5,7],[3,4,6,7],[2,5,6,7],[1,3,4,8],[0,2,5,8],[0,4,6,8],[1,5,6,8],[1,2,7,8],[0,3,7,8],[4,5,7,8]]
FAM D=48 ell=12 count=24 degs=[6,7,7,8,8,7,7,7,7] blocks=[[0,1,2,3],[0,1,4,5],[2,3,4,5],[1,2,4,6],[0,3,5,6],[0,2,4,7],[1,3,5,7],[3,4,6,7],[2,5,6,7],[1,3,4,8],[2,3,6,8],[0,4,6,8],[1,5,6,8],[1,2,7,8],[0,3,7,8],[4,5,7,8]]
FAM D=48 ell=12 count=24 degs=[7,6,8,7,7,8,7,7,7] blocks=[[0,1,2,3],[0,1,4,5],[2,3,4,5],[1,2,4,6],[0,3,5,6],[0,2,4,7],[1,3,5,7],[3,4,6,7],[2,5,6,7],[0,2,5,8],[2,3,6,8],[0,4,6,8],[1,5,6,8],[1,2,7,8],[0,3,7,8],[4,5,7,8]]
FAM D=48 ell=12 count=24 degs=[6,7,8,7,7,8,7,7,7] blocks=[[0,1,2,3],[0,1,4,5],[2,3,4,5],[1,2,4,6],[0,3,5,6],[0,2,4,7],[1,3,5,7],[3,4,6,7],[2,5,6,7],[1,2,5,8],[0,2,6,8],[1,3,6,8],[4,5,6,8],[2,3,7,8],[1,4,7,8],[0,5,7,8]]
FAM D=48 ell=12 count=24 degs=[7,7,7,8,8,7,6,6,8] blocks=[[0,1,2,3],[0,1,4,5],[2,3,4,5],[1,2,4,6],[0,3,5,6],[0,2,4,7],[1,3,5,7],[3,4,6,7],[0,3,4,8],[1,2,5,8],[0,2,6,8],[1,3,6,8],[4,5,6,8],[2,3,7,8],[1,4,7,8],[0,5,7,8]]
FAM D=48 ell=12 count=24 degs=[7,7,7,8,8,7,6,6,8] blocks=[[0,1,2,3],[0,1,4,5],[2,3,4,5],[1,2,4,6],[0,3,5,6],[0,2,4,7],[1,3,5,7],[3,4,6,7],[1,3,4,8],[0,2,5,8],[2,3,6,8],[0,4,6,8],[1,5,6,8],[1,2,7,8],[0,3,7,8],[4,5,7,8]]
FAM D=48 ell=12 count=24 degs=[7,7,8,7,7,8,6,6,8] blocks=[[0,1,2,3],[0,1,4,5],[2,3,4,5],[1,2,4,6],[0,3,5,6],[0,2,4,7],[1,3,5,7],[2,5,6,7],[0,3,4,8],[1,2,5,8],[0,2,6,8],[1,3,6,8],[4,5,6,8],[2,3,7,8],[1,4,7,8],[0,5,7,8]]
FAM D=48 ell=12 count=24 degs=[7,7,8,7,7,8,6,6,8] blocks=[[0,1,2,3],[0,1,4,5],[2,3,4,5],[1,2,4,6],[0,3,5,6],[0,2,4,7],[1,3,5,7],[2,5,6,7],[1,3,4,8],[0,2,5,8],[2,3,6,8],[0,4,6,8],[1,5,6,8],[1,2,7,8],[0,3,7,8],[4,5,7,8]]
FAM D=48 ell=12 count=24 degs=[7,7,8,7,8,6,8,6,7] blocks=[[0,1,2,3],[0,1,4,5],[2,3,4,5],[1,2,4,6],[0,3,5,6],[0,2,4,7],[0,1,6,7],[3,4,6,7],[2,5,6,7],[0,3,4,8],[1,2,5,8],[0,2,6,8],[1,3,6,8],[4,5,6,8],[2,3,7,8],[1,4,7,8]]
FAM D=51 ell=12 count=21 degs=[8,7,8,7,8,7,8,7,8] blocks=[[0,1,2,3],[0,1,4,5],[2,3,4,5],[1,2,4,6],[0,3,5,6],[0,2,4,7],[0,1,6,7],[3,4,6,7],[2,5,6,7],[0,3,4,8],[1,2,5,8],[0,2,6,8],[1,3,6,8],[4,5,6,8],[2,3,7,8],[1,4,7,8],[0,5,7,8]]
FAM D=48 ell=12 count=24 degs=[8,6,8,7,7,7,8,6,7] blocks=[[0,1,2,3],[0,1,4,5],[2,3,4,5],[1,2,4,6],[0,3,5,6],[0,2,4,7],[0,1,6,7],[3,4,6,7],[2,5,6,7],[0,3,4,8],[1,2,5,8],[0,2,6,8],[1,3,6,8],[4,5,6,8],[2,3,7,8],[0,5,7,8]]
FAM D=48 ell=12 count=24 degs=[8,7,7,6,8,7,8,6,7] blocks=[[0,1,2,3],[0,1,4,5],[2,3,4,5],[1,2,4,6],[0,3,5,6],[0,2,4,7],[0,1,6,7],[3,4,6,7],[2,5,6,7],[0,3,4,8],[1,2,5,8],[0,2,6,8],[1,3,6,8],[4,5,6,8],[1,4,7,8],[0,5,7,8]]
FAM D=48 ell=12 count=24 degs=[8,7,8,7,7,6,7,7,7] blocks=[[0,1,2,3],[0,1,4,5],[2,3,4,5],[1,2,4,6],[0,3,5,6],[0,2,4,7],[0,1,6,7],[3,4,6,7],[2,5,6,7],[0,3,4,8],[1,2,5,8],[0,2,6,8],[1,3,6,8],[2,3,7,8],[1,4,7,8],[0,5,7,8]]
FAM D=48 ell=12 count=24 degs=[8,6,8,6,8,7,7,7,7] blocks=[[0,1,2,3],[0,1,4,5],[2,3,4,5],[1,2,4,6],[0,3,5,6],[0,2,4,7],[0,1,6,7],[3,4,6,7],[2,5,6,7],[0,3,4,8],[1,2,5,8],[0,2,6,8],[4,5,6,8],[2,3,7,8],[1,4,7,8],[0,5,7,8]]
FAM D=48 ell=12 count=24 degs=[7,7,7,7,8,7,7,7,7] blocks=[[0,1,2,3],[0,1,4,5],[2,3,4,5],[1,2,4,6],[0,3,5,6],[0,2,4,7],[0,1,6,7],[3,4,6,7],[2,5,6,7],[0,3,4,8],[1,2,5,8],[1,3,6,8],[4,5,6,8],[2,3,7,8],[1,4,7,8],[0,5,7,8]]
FAM D=48 ell=12 count=24 degs=[8,6,7,7,8,6,8,7,7] blocks=[[0,1,2,3],[0,1,4,5],[2,3,4,5],[1,2,4,6],[0,3,5,6],[0,2,4,7],[0,1,6,7],[3,4,6,7],[2,5,6,7],[0,3,4,8],[0,2,6,8],[1,3,6,8],[4,5,6,8],[2,3,7,8],[1,4,7,8],[0,5,7,8]]
FAM D=48 ell=12 count=24 degs=[8,7,8,7,7,6,8,6,7] blocks=[[0,1,2,3],[0,1,4,5],[2,3,4,5],[1,2,4,6],[0,3,5,6],[0,2,4,7],[0,1,6,7],[3,4,6,7],[2,5,6,7],[1,3,4,8],[0,2,5,8],[2,3,6,8],[0,4,6,8],[1,5,6,8],[1,2,7,8],[0,3,7,8]]
FAM D=51 ell=12 count=21 degs=[8,7,8,7,8,7,8,7,8] blocks=[[0,1,2,3],[0,1,4,5],[2,3,4,5],[1,2,4,6],[0,3,5,6],[0,2,4,7],[0,1,6,7],[3,4,6,7],[2,5,6,7],[1,3,4,8],[0,2,5,8],[2,3,6,8],[0,4,6,8],[1,5,6,8],[1,2,7,8],[0,3,7,8],[4,5,7,8]]
FAM D=48 ell=12 count=24 degs=[7,7,8,6,8,7,8,6,7] blocks=[[0,1,2,3],[0,1,4,5],[2,3,4,5],[1,2,4,6],[0,3,5,6],[0,2,4,7],[0,1,6,7],[3,4,6,7],[2,5,6,7],[1,3,4,8],[0,2,5,8],[2,3,6,8],[0,4,6,8],[1,5,6,8],[1,2,7,8],[4,5,7,8]]
FAM D=48 ell=12 count=24 degs=[8,6,7,7,8,7,8,6,7] blocks=[[0,1,2,3],[0,1,4,5],[2,3,4,5],[1,2,4,6],[0,3,5,6],[0,2,4,7],[0,1,6,7],[3,4,6,7],[2,5,6,7],[1,3,4,8],[0,2,5,8],[2,3,6,8],[0,4,6,8],[1,5,6,8],[0,3,7,8],[4,5,7,8]]
FAM D=48 ell=12 count=24 degs=[8,6,8,7,8,6,7,7,7] blocks=[[0,1,2,3],[0,1,4,5],[2,3,4,5],[1,2,4,6],[0,3,5,6],[0,2,4,7],[0,1,6,7],[3,4,6,7],[2,5,6,7],[1,3,4,8],[0,2,5,8],[2,3,6,8],[0,4,6,8],[1,2,7,8],[0,3,7,8],[4,5,7,8]]
FAM D=48 ell=12 count=24 degs=[7,7,8,7,7,7,7,7,7] blocks=[[0,1,2,3],[0,1,4,5],[2,3,4,5],[1,2,4,6],[0,3,5,6],[0,2,4,7],[0,1,6,7],[3,4,6,7],[2,5,6,7],[1,3,4,8],[0,2,5,8],[2,3,6,8],[1,5,6,8],[1,2,7,8],[0,3,7,8],[4,5,7,8]]
FAM D=48 ell=12 count=24 degs=[8,7,7,6,8,7,7,7,7] blocks=[[0,1,2,3],[0,1,4,5],[2,3,4,5],[1,2,4,6],[0,3,5,6],[0,2,4,7],[0,1,6,7],[3,4,6,7],[2,5,6,7],[1,3,4,8],[0,2,5,8],[0,4,6,8],[1,5,6,8],[1,2,7,8],[0,3,7,8],[4,5,7,8]]
FAM D=48 ell=12 count=24 degs=[7,7,7,7,8,6,8,7,7] blocks=[[0,1,2,3],[0,1,4,5],[2,3,4,5],[1,2,4,6],[0,3,5,6],[0,2,4,7],[0,1,6,7],[3,4,6,7],[2,5,6,7],[1,3,4,8],[2,3,6,8],[0,4,6,8],[1,5,6,8],[1,2,7,8],[0,3,7,8],[4,5,7,8]]
FAM D=48 ell=12 count=24 degs=[8,6,8,6,7,7,8,7,7] blocks=[[0,1,2,3],[0,1,4,5],[2,3,4,5],[1,2,4,6],[0,3,5,6],[0,2,4,7],[0,1,6,7],[3,4,6,7],[2,5,6,7],[0,2,5,8],[2,3,6,8],[0,4,6,8],[1,5,6,8],[1,2,7,8],[0,3,7,8],[4,5,7,8]]
FAM D=48 ell=12 count=24 degs=[7,7,8,6,7,7,8,7,7] blocks=[[0,1,2,3],[0,1,4,5],[2,3,4,5],[1,2,4,6],[0,3,5,6],[0,2,4,7],[0,1,6,7],[3,4,6,7],[2,5,6,7],[1,2,5,8],[0,2,6,8],[1,3,6,8],[4,5,6,8],[2,3,7,8],[1,4,7,8],[0,5,7,8]]
FAM D=48 ell=12 count=24 degs=[8,7,7,7,8,6,7,6,8] blocks=[[0,1,2,3],[0,1,4,5],[2,3,4,5],[1,2,4,6],[0,3,5,6],[0,2,4,7],[0,1,6,7],[3,4,6,7],[0,3,4,8],[1,2,5,8],[0,2,6,8],[1,3,6,8],[4,5,6,8],[2,3,7,8],[1,4,7,8],[0,5,7,8]]
FAM D=48 ell=12 count=24 degs=[8,7,7,7,8,6,7,6,8] blocks=[[0,1,2,3],[0,1,4,5],[2,3,4,5],[1,2,4,6],[0,3,5,6],[0,2,4,7],[0,1,6,7],[3,4,6,7],[1,3,4,8],[0,2,5,8],[2,3,6,8],[0,4,6,8],[1,5,6,8],[1,2,7,8],[0,3,7,8],[4,5,7,8]]
FAM D=48 ell=12 count=24 degs=[8,7,8,6,7,7,7,6,8] blocks=[[0,1,2,3],[0,1,4,5],[2,3,4,5],[1,2,4,6],[0,3,5,6],[0,2,4,7],[0,1,6,7],[2,5,6,7],[0,3,4,8],[1,2,5,8],[0,2,6,8],[1,3,6,8],[4,5,6,8],[2,3,7,8],[1,4,7,8],[0,5,7,8]]
FAM D=48 ell=12 count=24 degs=[8,7,8,6,7,7,7,6,8] blocks=[[0,1,2,3],[0,1,4,5],[2,3,4,5],[1,2,4,6],[0,3,5,6],[0,2,4,7],[0,1,6,7],[2,5,6,7],[1,3,4,8],[0,2,5,8],[2,3,6,8],[0,4,6,8],[1,5,6,8],[1,2,7,8],[0,3,7,8],[4,5,7,8]]
FAM D=48 ell=12 count=24 degs=[7,6,8,7,8,7,7,6,8] blocks=[[0,1,2,3],[0,1,4,5],[2,3,4,5],[1,2,4,6],[0,3,5,6],[0,2,4,7],[3,4,6,7],[2,5,6,7],[0,3,4,8],[1,2,5,8],[0,2,6,8],[1,3,6,8],[4,5,6,8],[2,3,7,8],[1,4,7,8],[0,5,7,8]]
FAM D=48 ell=12 count=24 degs=[7,6,8,7,8,7,7,6,8] blocks=[[0,1,2,3],[0,1,4,5],[2,3,4,5],[1,2,4,6],[0,3,5,6],[0,2,4,7],[3,4,6,7],[2,5,6,7],[1,3,4,8],[0,2,5,8],[2,3,6,8],[0,4,6,8],[1,5,6,8],[1,2,7,8],[0,3,7,8],[4,5,7,8]]
FAM D=48 ell=12 count=24 degs=[7,7,8,8,7,7,8,6,6] blocks=[[0,1,2,3],[0,1,4,5],[2,3,4,5],[1,2,4,6],[0,3,5,6],[0,3,4,7],[1,2,5,7],[0,2,6,7],[1,3,6,7],[4,5,6,7],[0,2,4,8],[1,3,5,8],[0,1,6,8],[3,4,6,8],[2,5,6,8],[2,3,7,8]]
FAM D=51 ell=12 count=21 degs=[7,8,8,8,8,7,8,7,7] blocks=[[0,1,2,3],[0,1,4,5],[2,3,4,5],[1,2,4,6],[0,3,5,6],[0,3,4,7],[1,2,5,7],[0,2,6,7],[1,3,6,7],[4,5,6,7],[0,2,4,8],[1,3,5,8],[0,1,6,8],[3,4,6,8],[2,5,6,8],[2,3,7,8],[1,4,7,8]]
FAM D=54 ell=12 count=18 degs=[8,8,8,8,8,8,8,8,8] blocks=[[0,1,2,3],[0,1,4,5],[2,3,4,5],[1,2,4,6],[0,3,5,6],[0,3,4,7],[1,2,5,7],[0,2,6,7],[1,3,6,7],[4,5,6,7],[0,2,4,8],[1,3,5,8],[0,1,6,8],[3,4,6,8],[2,5,6,8],[2,3,7,8],[1,4,7,8],[0,5,7,8]]
FAM D=51 ell=12 count=21 degs=[8,7,8,8,7,8,8,7,7] blocks=[[0,1,2,3],[0,1,4,5],[2,3,4,5],[1,2,4,6],[0,3,5,6],[0,3,4,7],[1,2,5,7],[0,2,6,7],[1,3,6,7],[4,5,6,7],[0,2,4,8],[1,3,5,8],[0,1,6,8],[3,4,6,8],[2,5,6,8],[2,3,7,8],[0,5,7,8]]
FAM D=48 ell=12 count=24 degs=[7,8,7,7,8,7,8,6,6] blocks=[[0,1,2,3],[0,1,4,5],[2,3,4,5],[1,2,4,6],[0,3,5,6],[0,3,4,7],[1,2,5,7],[0,2,6,7],[1,3,6,7],[4,5,6,7],[0,2,4,8],[1,3,5,8],[0,1,6,8],[3,4,6,8],[2,5,6,8],[1,4,7,8]]
FAM D=51 ell=12 count=21 degs=[8,8,7,7,8,8,8,7,7] blocks=[[0,1,2,3],[0,1,4,5],[2,3,4,5],[1,2,4,6],[0,3,5,6],[0,3,4,7],[1,2,5,7],[0,2,6,7],[1,3,6,7],[4,5,6,7],[0,2,4,8],[1,3,5,8],[0,1,6,8],[3,4,6,8],[2,5,6,8],[1,4,7,8],[0,5,7,8]]
FAM D=48 ell=12 count=24 degs=[8,7,7,7,7,8,8,6,6] blocks=[[0,1,2,3],[0,1,4,5],[2,3,4,5],[1,2,4,6],[0,3,5,6],[0,3,4,7],[1,2,5,7],[0,2,6,7],[1,3,6,7],[4,5,6,7],[0,2,4,8],[1,3,5,8],[0,1,6,8],[3,4,6,8],[2,5,6,8],[0,5,7,8]]
FAM D=48 ell=12 count=24 degs=[7,8,7,8,8,6,7,7,6] blocks=[[0,1,2,3],[0,1,4,5],[2,3,4,5],[1,2,4,6],[0,3,5,6],[0,3,4,7],[1,2,5,7],[0,2,6,7],[1,3,6,7],[4,5,6,7],[0,2,4,8],[1,3,5,8],[0,1,6,8],[3,4,6,8],[2,3,7,8],[1,4,7,8]]
FAM D=51 ell=12 count=21 degs=[8,8,7,8,8,7,7,8,7] blocks=[[0,1,2,3],[0,1,4,5],[2,3,4,5],[1,2,4,6],[0,3,5,6],[0,3,4,7],[1,2,5,7],[0,2,6,7],[1,3,6,7],[4,5,6,7],[0,2,4,8],[1,3,5,8],[0,1,6,8],[3,4,6,8],[2,3,7,8],[1,4,7,8],[0,5,7,8]]
FAM D=48 ell=12 count=24 degs=[8,7,7,8,7,7,7,7,6] blocks=[[0,1,2,3],[0,1,4,5],[2,3,4,5],[1,2,4,6],[0,3,5,6],[0,3,4,7],[1,2,5,7],[0,2,6,7],[1,3,6,7],[4,5,6,7],[0,2,4,8],[1,3,5,8],[0,1,6,8],[3,4,6,8],[2,3,7,8],[0,5,7,8]]
FAM D=48 ell=12 count=24 degs=[8,8,6,7,8,7,7,7,6] blocks=[[0,1,2,3],[0,1,4,5],[2,3,4,5],[1,2,4,6],[0,3,5,6],[0,3,4,7],[1,2,5,7],[0,2,6,7],[1,3,6,7],[4,5,6,7],[0,2,4,8],[1,3,5,8],[0,1,6,8],[3,4,6,8],[1,4,7,8],[0,5,7,8]]
FAM D=48 ell=12 count=24 degs=[7,8,8,7,7,7,7,7,6] blocks=[[0,1,2,3],[0,1,4,5],[2,3,4,5],[1,2,4,6],[0,3,5,6],[0,3,4,7],[1,2,5,7],[0,2,6,7],[1,3,6,7],[4,5,6,7],[0,2,4,8],[1,3,5,8],[0,1,6,8],[2,5,6,8],[2,3,7,8],[1,4,7,8]]
FAM D=51 ell=12 count=21 degs=[8,8,8,7,7,8,7,8,7] blocks=[[0,1,2,3],[0,1,4,5],[2,3,4,5],[1,2,4,6],[0,3,5,6],[0,3,4,7],[1,2,5,7],[0,2,6,7],[1,3,6,7],[4,5,6,7],[0,2,4,8],[1,3,5,8],[0,1,6,8],[2,5,6,8],[2,3,7,8],[1,4,7,8],[0,5,7,8]]
FAM D=48 ell=12 count=24 degs=[8,7,8,7,6,8,7,7,6] blocks=[[0,1,2,3],[0,1,4,5],[2,3,4,5],[1,2,4,6],[0,3,5,6],[0,3,4,7],[1,2,5,7],[0,2,6,7],[1,3,6,7],[4,5,6,7],[0,2,4,8],[1,3,5,8],[0,1,6,8],[2,5,6,8],[2,3,7,8],[0,5,7,8]]
FAM D=48 ell=12 count=24 degs=[8,8,7,6,7,8,7,7,6] blocks=[[0,1,2,3],[0,1,4,5],[2,3,4,5],[1,2,4,6],[0,3,5,6],[0,3,4,7],[1,2,5,7],[0,2,6,7],[1,3,6,7],[4,5,6,7],[0,2,4,8],[1,3,5,8],[0,1,6,8],[2,5,6,8],[1,4,7,8],[0,5,7,8]]
FAM D=48 ell=12 count=24 degs=[8,8,7,7,7,7,6,8,6] blocks=[[0,1,2,3],[0,1,4,5],[2,3,4,5],[1,2,4,6],[0,3,5,6],[0,3,4,7],[1,2,5,7],[0,2,6,7],[1,3,6,7],[4,5,6,7],[0,2,4,8],[1,3,5,8],[0,1,6,8],[2,3,7,8],[1,4,7,8],[0,5,7,8]]
FAM D=48 ell=12 count=24 degs=[6,7,8,8,8,7,7,7,6] blocks=[[0,1,2,3],[0,1,4,5],[2,3,4,5],[1,2,4,6],[0,3,5,6],[0,3,4,7],[1,2,5,7],[0,2,6,7],[1,3,6,7],[4,5,6,7],[0,2,4,8],[1,3,5,8],[3,4,6,8],[2,5,6,8],[2,3,7,8],[1,4,7,8]]
FAM D=51 ell=12 count=21 degs=[7,7,8,8,8,8,7,8,7] blocks=[[0,1,2,3],[0,1,4,5],[2,3,4,5],[1,2,4,6],[0,3,5,6],[0,3,4,7],[1,2,5,7],[0,2,6,7],[1,3,6,7],[4,5,6,7],[0,2,4,8],[1,3,5,8],[3,4,6,8],[2,5,6,8],[2,3,7,8],[1,4,7,8],[0,5,7,8]]
FAM D=48 ell=12 count=24 degs=[7,6,8,8,7,8,7,7,6] blocks=[[0,1,2,3],[0,1,4,5],[2,3,4,5],[1,2,4,6],[0,3,5,6],[0,3,4,7],[1,2,5,7],[0,2,6,7],[1,3,6,7],[4,5,6,7],[0,2,4,8],[1,3,5,8],[3,4,6,8],[2,5,6,8],[2,3,7,8],[0,5,7,8]]
FAM D=48 ell=12 count=24 degs=[7,7,7,7,8,8,7,7,6] blocks=[[0,1,2,3],[0,1,4,5],[2,3,4,5],[1,2,4,6],[0,3,5,6],[0,3,4,7],[1,2,5,7],[0,2,6,7],[1,3,6,7],[4,5,6,7],[0,2,4,8],[1,3,5,8],[3,4,6,8],[2,5,6,8],[1,4,7,8],[0,5,7,8]]
FAM D=48 ell=12 count=24 degs=[7,7,7,8,8,7,6,8,6] blocks=[[0,1,2,3],[0,1,4,5],[2,3,4,5],[1,2,4,6],[0,3,5,6],[0,3,4,7],[1,2,5,7],[0,2,6,7],[1,3,6,7],[4,5,6,7],[0,2,4,8],[1,3,5,8],[3,4,6,8],[2,3,7,8],[1,4,7,8],[0,5,7,8]]
FAM D=48 ell=12 count=24 degs=[7,7,8,7,7,8,6,8,6] blocks=[[0,1,2,3],[0,1,4,5],[2,3,4,5],[1,2,4,6],[0,3,5,6],[0,3,4,7],[1,2,5,7],[0,2,6,7],[1,3,6,7],[4,5,6,7],[0,2,4,8],[1,3,5,8],[2,5,6,8],[2,3,7,8],[1,4,7,8],[0,5,7,8]]
FAM D=48 ell=12 count=24 degs=[7,7,8,7,8,6,8,7,6] blocks=[[0,1,2,3],[0,1,4,5],[2,3,4,5],[1,2,4,6],[0,3,5,6],[0,3,4,7],[1,2,5,7],[0,2,6,7],[1,3,6,7],[4,5,6,7],[0,2,4,8],[0,1,6,8],[3,4,6,8],[2,5,6,8],[2,3,7,8],[1,4,7,8]]
FAM D=51 ell=12 count=21 degs=[8,7,8,7,8,7,8,8,7] blocks=[[0,1,2,3],[0,1,4,5],[2,3,4,5],[1,2,4,6],[0,3,5,6],[0,3,4,7],[1,2,5,7],[0,2,6,7],[1,3,6,7],[4,5,6,7],[0,2,4,8],[0,1,6,8],[3,4,6,8],[2,5,6,8],[2,3,7,8],[1,4,7,8],[0,5,7,8]]
FAM D=48 ell=12 count=24 degs=[8,6,8,7,7,7,8,7,6] blocks=[[0,1,2,3],[0,1,4,5],[2,3,4,5],[1,2,4,6],[0,3,5,6],[0,3,4,7],[1,2,5,7],[0,2,6,7],[1,3,6,7],[4,5,6,7],[0,2,4,8],[0,1,6,8],[3,4,6,8],[2,5,6,8],[2,3,7,8],[0,5,7,8]]
FAM D=48 ell=12 count=24 degs=[8,7,7,6,8,7,8,7,6] blocks=[[0,1,2,3],[0,1,4,5],[2,3,4,5],[1,2,4,6],[0,3,5,6],[0,3,4,7],[1,2,5,7],[0,2,6,7],[1,3,6,7],[4,5,6,7],[0,2,4,8],[0,1,6,8],[3,4,6,8],[2,5,6,8],[1,4,7,8],[0,5,7,8]]
FAM D=48 ell=12 count=24 degs=[8,7,7,7,8,6,7,8,6] blocks=[[0,1,2,3],[0,1,4,5],[2,3,4,5],[1,2,4,6],[0,3,5,6],[0,3,4,7],[1,2,5,7],[0,2,6,7],[1,3,6,7],[4,5,6,7],[0,2,4,8],[0,1,6,8],[3,4,6,8],[2,3,7,8],[1,4,7,8],[0,5,7,8]]
FAM D=48 ell=12 count=24 degs=[8,7,8,6,7,7,7,8,6] blocks=[[0,1,2,3],[0,1,4,5],[2,3,4,5],[1,2,4,6],[0,3,5,6],[0,3,4,7],[1,2,5,7],[0,2,6,7],[1,3,6,7],[4,5,6,7],[0,2,4,8],[0,1,6,8],[2,5,6,8],[2,3,7,8],[1,4,7,8],[0,5,7,8]]
FAM D=48 ell=12 count=24 degs=[7,6,8,7,8,7,7,8,6] blocks=[[0,1,2,3],[0,1,4,5],[2,3,4,5],[1,2,4,6],[0,3,5,6],[0,3,4,7],[1,2,5,7],[0,2,6,7],[1,3,6,7],[4,5,6,7],[0,2,4,8],[3,4,6,8],[2,5,6,8],[2,3,7,8],[1,4,7,8],[0,5,7,8]]
FAM D=48 ell=12 count=24 degs=[8,8,7,7,7,7,8,6,6] blocks=[[0,1,2,3],[0,1,4,5],[2,3,4,5],[1,2,4,6],[0,3,5,6],[0,3,4,7],[1,2,5,7],[0,2,6,7],[1,3,6,7],[4,5,6,7],[1,3,4,8],[0,2,5,8],[2,3,6,8],[0,4,6,8],[1,5,6,8],[0,1,7,8]]
FAM D=51 ell=12 count=21 degs=[8,8,8,7,8,7,8,7,7] blocks=[[0,1,2,3],[0,1,4,5],[2,3,4,5],[1,2,4,6],[0,3,5,6],[0,3,4,7],[1,2,5,7],[0,2,6,7],[1,3,6,7],[4,5,6,7],[1,3,4,8],[0,2,5,8],[2,3,6,8],[0,4,6,8],[1,5,6,8],[0,1,7,8],[2,4,7,8]]
FAM D=54 ell=12 count=18 degs=[8,8,8,8,8,8,8,8,8] blocks=[[0,1,2,3],[0,1,4,5],[2,3,4,5],[1,2,4,6],[0,3,5,6],[0,3,4,7],[1,2,5,7],[0,2,6,7],[1,3,6,7],[4,5,6,7],[1,3,4,8],[0,2,5,8],[2,3,6,8],[0,4,6,8],[1,5,6,8],[0,1,7,8],[2,4,7,8],[3,5,7,8]]
FAM D=51 ell=12 count=21 degs=[8,8,7,8,7,8,8,7,7] blocks=[[0,1,2,3],[0,1,4,5],[2,3,4,5],[1,2,4,6],[0,3,5,6],[0,3,4,7],[1,2,5,7],[0,2,6,7],[1,3,6,7],[4,5,6,7],[1,3,4,8],[0,2,5,8],[2,3,6,8],[0,4,6,8],[1,5,6,8],[0,1,7,8],[3,5,7,8]]
FAM D=48 ell=12 count=24 degs=[7,7,8,7,8,7,8,6,6] blocks=[[0,1,2,3],[0,1,4,5],[2,3,4,5],[1,2,4,6],[0,3,5,6],[0,3,4,7],[1,2,5,7],[0,2,6,7],[1,3,6,7],[4,5,6,7],[1,3,4,8],[0,2,5,8],[2,3,6,8],[0,4,6,8],[1,5,6,8],[2,4,7,8]]
FAM D=51 ell=12 count=21 degs=[7,7,8,8,8,8,8,7,7] blocks=[[0,1,2,3],[0,1,4,5],[2,3,4,5],[1,2,4,6],[0,3,5,6],[0,3,4,7],[1,2,5,7],[0,2,6,7],[1,3,6,7],[4,5,6,7],[1,3,4,8],[0,2,5,8],[2,3,6,8],[0,4,6,8],[1,5,6,8],[2,4,7,8],[3,5,7,8]]
FAM D=48 ell=12 count=24 degs=[7,7,7,8,7,8,8,6,6] blocks=[[0,1,2,3],[0,1,4,5],[2,3,4,5],[1,2,4,6],[0,3,5,6],[0,3,4,7],[1,2,5,7],[0,2,6,7],[1,3,6,7],[4,5,6,7],[1,3,4,8],[0,2,5,8],[2,3,6,8],[0,4,6,8],[1,5,6,8],[3,5,7,8]]
FAM D=48 ell=12 count=24 degs=[8,7,8,7,8,6,7,7,6] blocks=[[0,1,2,3],[0,1,4,5],[2,3,4,5],[1,2,4,6],[0,3,5,6],[0,3,4,7],[1,2,5,7],[0,2,6,7],[1,3,6,7],[4,5,6,7],[1,3,4,8],[0,2,5,8],[2,3,6,8],[0,4,6,8],[0,1,7,8],[2,4,7,8]]
FAM D=51 ell=12 count=21 degs=[8,7,8,8,8,7,7,8,7] blocks=[[0,1,2,3],[0,1,4,5],[2,3,4,5],[1,2,4,6],[0,3,5,6],[0,3,4,7],[1,2,5,7],[0,2,6,7],[1,3,6,7],[4,5,6,7],[1,3,4,8],[0,2,5,8],[2,3,6,8],[0,4,6,8],[0,1,7,8],[2,4,7,8],[3,5,7,8]]
FAM D=48 ell=12 count=24 degs=[8,7,7,8,7,7,7,7,6] blocks=[[0,1,2,3],[0,1,4,5],[2,3,4,5],[1,2,4,6],[0,3,5,6],[0,3,4,7],[1,2,5,7],[0,2,6,7],[1,3,6,7],[4,5,6,7],[1,3,4,8],[0,2,5,8],[2,3,6,8],[0,4,6,8],[0,1,7,8],[3,5,7,8]]
FAM D=48 ell=12 count=24 degs=[7,6,8,8,8,7,7,7,6] blocks=[[0,1,2,3],[0,1,4,5],[2,3,4,5],[1,2,4,6],[0,3,5,6],[0,3,4,7],[1,2,5,7],[0,2,6,7],[1,3,6,7],[4,5,6,7],[1,3,4,8],[0,2,5,8],[2,3,6,8],[0,4,6,8],[2,4,7,8],[3,5,7,8]]
FAM D=48 ell=12 count=24 degs=[7,8,8,7,7,7,7,7,6] blocks=[[0,1,2,3],[0,1,4,5],[2,3,4,5],[1,2,4,6],[0,3,5,6],[0,3,4,7],[1,2,5,7],[0,2,6,7],[1,3,6,7],[4,5,6,7],[1,3,4,8],[0,2,5,8],[2,3,6,8],[1,5,6,8],[0,1,7,8],[2,4,7,8]]
FAM D=51 ell=12 count=21 degs=[7,8,8,8,7,8,7,8,7] blocks=[[0,1,2,3],[0,1,4,5],[2,3,4,5],[1,2,4,6],[0,3,5,6],[0,3,4,7],[1,2,5,7],[0,2,6,7],[1,3,6,7],[4,5,6,7],[1,3,4,8],[0,2,5,8],[2,3,6,8],[1,5,6,8],[0,1,7,8],[2,4,7,8],[3,5,7,8]]
FAM D=48 ell=12 count=24 degs=[7,8,7,8,6,8,7,7,6] blocks=[[0,1,2,3],[0,1,4,5],[2,3,4,5],[1,2,4,6],[0,3,5,6],[0,3,4,7],[1,2,5,7],[0,2,6,7],[1,3,6,7],[4,5,6,7],[1,3,4,8],[0,2,5,8],[2,3,6,8],[1,5,6,8],[0,1,7,8],[3,5,7,8]]
FAM D=48 ell=12 count=24 degs=[6,7,8,8,7,8,7,7,6] blocks=[[0,1,2,3],[0,1,4,5],[2,3,4,5],[1,2,4,6],[0,3,5,6],[0,3,4,7],[1,2,5,7],[0,2,6,7],[1,3,6,7],[4,5,6,7],[1,3,4,8],[0,2,5,8],[2,3,6,8],[1,5,6,8],[2,4,7,8],[3,5,7,8]]
FAM D=48 ell=12 count=24 degs=[7,7,8,8,7,7,6,8,6] blocks=[[0,1,2,3],[0,1,4,5],[2,3,4,5],[1,2,4,6],[0,3,5,6],[0,3,4,7],[1,2,5,7],[0,2,6,7],[1,3,6,7],[4,5,6,7],[1,3,4,8],[0,2,5,8],[2,3,6,8],[0,1,7,8],[2,4,7,8],[3,5,7,8]]
FAM D=48 ell=12 count=24 degs=[8,8,7,6,8,7,7,7,6] blocks=[[0,1,2,3],[0,1,4,5],[2,3,4,5],[1,2,4,6],[0,3,5,6],[0,3,4,7],[1,2,5,7],[0,2,6,7],[1,3,6,7],[4,5,6,7],[1,3,4,8],[0,2,5,8],[0,4,6,8],[1,5,6,8],[0,1,7,8],[2,4,7,8]]
FAM D=51 ell=12 count=21 degs=[8,8,7,7,8,8,7,8,7] blocks=[[0,1,2,3],[0,1,4,5],[2,3,4,5],[1,2,4,6],[0,3,5,6],[0,3,4,7],[1,2,5,7],[0,2,6,7],[1,3,6,7],[4,5,6,7],[1,3,4,8],[0,2,5,8],[0,4,6,8],[1,5,6,8],[0,1,7,8],[2,4,7,8],[3,5,7,8]]
FAM D=48 ell=12 count=24 degs=[8,8,6,7,7,8,7,7,6] blocks=[[0,1,2,3],[0,1,4,5],[2,3,4,5],[1,2,4,6],[0,3,5,6],[0,3,4,7],[1,2,5,7],[0,2,6,7],[1,3,6,7],[4,5,6,7],[1,3,4,8],[0,2,5,8],[0,4,6,8],[1,5,6,8],[0,1,7,8],[3,5,7,8]]
FAM D=48 ell=12 count=24 degs=[7,7,7,7,8,8,7,7,6] blocks=[[0,1,2,3],[0,1,4,5],[2,3,4,5],[1,2,4,6],[0,3,5,6],[0,3,4,7],[1,2,5,7],[0,2,6,7],[1,3,6,7],[4,5,6,7],[1,3,4,8],[0,2,5,8],[0,4,6,8],[1,5,6,8],[2,4,7,8],[3,5,7,8]]
FAM D=48 ell=12 count=24 degs=[8,7,7,7,8,7,6,8,6] blocks=[[0,1,2,3],[0,1,4,5],[2,3,4,5],[1,2,4,6],[0,3,5,6],[0,3,4,7],[1,2,5,7],[0,2,6,7],[1,3,6,7],[4,5,6,7],[1,3,4,8],[0,2,5,8],[0,4,6,8],[0,1,7,8],[2,4,7,8],[3,5,7,8]]
FAM D=48 ell=12 count=24 degs=[7,8,7,7,7,8,6,8,6] blocks=[[0,1,2,3],[0,1,4,5],[2,3,4,5],[1,2,4,6],[0,3,5,6],[0,3,4,7],[1,2,5,7],[0,2,6,7],[1,3,6,7],[4,5,6,7],[1,3,4,8],[0,2,5,8],[1,5,6,8],[0,1,7,8],[2,4,7,8],[3,5,7,8]]
FAM D=48 ell=12 count=24 degs=[7,8,7,7,8,6,8,7,6] blocks=[[0,1,2,3],[0,1,4,5],[2,3,4,5],[1,2,4,6],[0,3,5,6],[0,3,4,7],[1,2,5,7],[0,2,6,7],[1,3,6,7],[4,5,6,7],[1,3,4,8],[2,3,6,8],[0,4,6,8],[1,5,6,8],[0,1,7,8],[2,4,7,8]]
FAM D=51 ell=12 count=21 degs=[7,8,7,8,8,7,8,8,7] blocks=[[0,1,2,3],[0,1,4,5],[2,3,4,5],[1,2,4,6],[0,3,5,6],[0,3,4,7],[1,2,5,7],[0,2,6,7],[1,3,6,7],[4,5,6,7],[1,3,4,8],[2,3,6,8],[0,4,6,8],[1,5,6,8],[0,1,7,8],[2,4,7,8],[3,5,7,8]]
FAM D=48 ell=12 count=24 degs=[7,8,6,8,7,7,8,7,6] blocks=[[0,1,2,3],[0,1,4,5],[2,3,4,5],[1,2,4,6],[0,3,5,6],[0,3,4,7],[1,2,5,7],[0,2,6,7],[1,3,6,7],[4,5,6,7],[1,3,4,8],[2,3,6,8],[0,4,6,8],[1,5,6,8],[0,1,7,8],[3,5,7,8]]
FAM D=48 ell=12 count=24 degs=[6,7,7,8,8,7,8,7,6] blocks=[[0,1,2,3],[0,1,4,5],[2,3,4,5],[1,2,4,6],[0,3,5,6],[0,3,4,7],[1,2,5,7],[0,2,6,7],[1,3,6,7],[4,5,6,7],[1,3,4,8],[2,3,6,8],[0,4,6,8],[1,5,6,8],[2,4,7,8],[3,5,7,8]]
FAM D=48 ell=12 count=24 degs=[7,7,7,8,8,6,7,8,6] blocks=[[0,1,2,3],[0,1,4,5],[2,3,4,5],[1,2,4,6],[0,3,5,6],[0,3,4,7],[1,2,5,7],[0,2,6,7],[1,3,6,7],[4,5,6,7],[1,3,4,8],[2,3,6,8],[0,4,6,8],[0,1,7,8],[2,4,7,8],[3,5,7,8]]
FAM D=48 ell=12 count=24 degs=[6,8,7,8,7,7,7,8,6] blocks=[[0,1,2,3],[0,1,4,5],[2,3,4,5],[1,2,4,6],[0,3,5,6],[0,3,4,7],[1,2,5,7],[0,2,6,7],[1,3,6,7],[4,5,6,7],[1,3,4,8],[2,3,6,8],[1,5,6,8],[0,1,7,8],[2,4,7,8],[3,5,7,8]]
FAM D=48 ell=12 count=24 degs=[7,8,6,7,8,7,7,8,6] blocks=[[0,1,2,3],[0,1,4,5],[2,3,4,5],[1,2,4,6],[0,3,5,6],[0,3,4,7],[1,2,5,7],[0,2,6,7],[1,3,6,7],[4,5,6,7],[1,3,4,8],[0,4,6,8],[1,5,6,8],[0,1,7,8],[2,4,7,8],[3,5,7,8]]
FAM D=48 ell=12 count=24 degs=[8,7,8,6,7,7,8,7,6] blocks=[[0,1,2,3],[0,1,4,5],[2,3,4,5],[1,2,4,6],[0,3,5,6],[0,3,4,7],[1,2,5,7],[0,2,6,7],[1,3,6,7],[4,5,6,7],[0,2,5,8],[2,3,6,8],[0,4,6,8],[1,5,6,8],[0,1,7,8],[2,4,7,8]]
FAM D=51 ell=12 count=21 degs=[8,7,8,7,7,8,8,8,7] blocks=[[0,1,2,3],[0,1,4,5],[2,3,4,5],[1,2,4,6],[0,3,5,6],[0,3,4,7],[1,2,5,7],[0,2,6,7],[1,3,6,7],[4,5,6,7],[0,2,5,8],[2,3,6,8],[0,4,6,8],[1,5,6,8],[0,1,7,8],[2,4,7,8],[3,5,7,8]]
FAM D=48 ell=12 count=24 degs=[8,7,7,7,6,8,8,7,6] blocks=[[0,1,2,3],[0,1,4,5],[2,3,4,5],[1,2,4,6],[0,3,5,6],[0,3,4,7],[1,2,5,7],[0,2,6,7],[1,3,6,7],[4,5,6,7],[0,2,5,8],[2,3,6,8],[0,4,6,8],[1,5,6,8],[0,1,7,8],[3,5,7,8]]
FAM D=48 ell=12 count=24 degs=[7,6,8,7,7,8,8,7,6] blocks=[[0,1,2,3],[0,1,4,5],[2,3,4,5],[1,2,4,6],[0,3,5,6],[0,3,4,7],[1,2,5,7],[0,2,6,7],[1,3,6,7],[4,5,6,7],[0,2,5,8],[2,3,6,8],[0,4,6,8],[1,5,6,8],[2,4,7,8],[3,5,7,8]]
FAM D=48 ell=12 count=24 degs=[8,6,8,7,7,7,7,8,6] blocks=[[0,1,2,3],[0,1,4,5],[2,3,4,5],[1,2,4,6],[0,3,5,6],[0,3,4,7],[1,2,5,7],[0,2,6,7],[1,3,6,7],[4,5,6,7],[0,2,5,8],[2,3,6,8],[0,4,6,8],[0,1,7,8],[2,4,7,8],[3,5,7,8]]
FAM D=48 ell=12 count=24 degs=[7,7,8,7,6,8,7,8,6] blocks=[[0,1,2,3],[0,1,4,5],[2,3,4,5],[1,2,4,6],[0,3,5,6],[0,3,4,7],[1,2,5,7],[0,2,6,7],[1,3,6,7],[4,5,6,7],[0,2,5,8],[2,3,6,8],[1,5,6,8],[0,1,7,8],[2,4,7,8],[3,5,7,8]]
FAM D=48 ell=12 count=24 degs=[8,7,7,6,7,8,7,8,6] blocks=[[0,1,2,3],[0,1,4,5],[2,3,4,5],[1,2,4,6],[0,3,5,6],[0,3,4,7],[1,2,5,7],[0,2,6,7],[1,3,6,7],[4,5,6,7],[0,2,5,8],[0,4,6,8],[1,5,6,8],[0,1,7,8],[2,4,7,8],[3,5,7,8]]
FAM D=48 ell=12 count=24 degs=[6,8,7,8,7,7,8,7,6] blocks=[[0,1,2,3],[0,1,4,5],[2,3,4,5],[1,2,4,6],[0,3,5,6],[0,3,4,7],[1,2,5,7],[0,2,6,7],[1,3,6,7],[4,5,6,7],[1,3,5,8],[0,1,6,8],[3,4,6,8],[2,5,6,8],[2,3,7,8],[1,4,7,8]]
FAM D=51 ell=12 count=21 degs=[7,8,7,8,7,8,8,8,7] blocks=[[0,1,2,3],[0,1,4,5],[2,3,4,5],[1,2,4,6],[0,3,5,6],[0,3,4,7],[1,2,5,7],[0,2,6,7],[1,3,6,7],[4,5,6,7],[1,3,5,8],[0,1,6,8],[3,4,6,8],[2,5,6,8],[2,3,7,8],[1,4,7,8],[0,5,7,8]]
FAM D=48 ell=12 count=24 degs=[7,7,7,8,6,8,8,7,6] blocks=[[0,1,2,3],[0,1,4,5],[2,3,4,5],[1,2,4,6],[0,3,5,6],[0,3,4,7],[1,2,5,7],[0,2,6,7],[1,3,6,7],[4,5,6,7],[1,3,5,8],[0,1,6,8],[3,4,6,8],[2,5,6,8],[2,3,7,8],[0,5,7,8]]
FAM D=48 ell=12 count=24 degs=[7,8,6,7,7,8,8,7,6] blocks=[[0,1,2,3],[0,1,4,5],[2,3,4,5],[1,2,4,6],[0,3,5,6],[0,3,4,7],[1,2,5,7],[0,2,6,7],[1,3,6,7],[4,5,6,7],[1,3,5,8],[0,1,6,8],[3,4,6,8],[2,5,6,8],[1,4,7,8],[0,5,7,8]]
FAM D=48 ell=12 count=24 degs=[7,8,6,8,7,7,7,8,6] blocks=[[0,1,2,3],[0,1,4,5],[2,3,4,5],[1,2,4,6],[0,3,5,6],[0,3,4,7],[1,2,5,7],[0,2,6,7],[1,3,6,7],[4,5,6,7],[1,3,5,8],[0,1,6,8],[3,4,6,8],[2,3,7,8],[1,4,7,8],[0,5,7,8]]
FAM D=48 ell=12 count=24 degs=[7,8,7,7,6,8,7,8,6] blocks=[[0,1,2,3],[0,1,4,5],[2,3,4,5],[1,2,4,6],[0,3,5,6],[0,3,4,7],[1,2,5,7],[0,2,6,7],[1,3,6,7],[4,5,6,7],[1,3,5,8],[0,1,6,8],[2,5,6,8],[2,3,7,8],[1,4,7,8],[0,5,7,8]]
FAM D=48 ell=12 count=24 degs=[6,7,7,8,7,8,7,8,6] blocks=[[0,1,2,3],[0,1,4,5],[2,3,4,5],[1,2,4,6],[0,3,5,6],[0,3,4,7],[1,2,5,7],[0,2,6,7],[1,3,6,7],[4,5,6,7],[1,3,5,8],[3,4,6,8],[2,5,6,8],[2,3,7,8],[1,4,7,8],[0,5,7,8]]
FAM D=48 ell=12 count=24 degs=[7,7,7,7,7,7,8,8,6] blocks=[[0,1,2,3],[0,1,4,5],[2,3,4,5],[1,2,4,6],[0,3,5,6],[0,3,4,7],[1,2,5,7],[0,2,6,7],[1,3,6,7],[4,5,6,7],[0,1,6,8],[3,4,6,8],[2,5,6,8],[2,3,7,8],[1,4,7,8],[0,5,7,8]]
FAM D=48 ell=12 count=24 degs=[7,7,7,7,7,7,8,8,6] blocks=[[0,1,2,3],[0,1,4,5],[2,3,4,5],[1,2,4,6],[0,3,5,6],[0,3,4,7],[1,2,5,7],[0,2,6,7],[1,3,6,7],[4,5,6,7],[2,3,6,8],[0,4,6,8],[1,5,6,8],[0,1,7,8],[2,4,7,8],[3,5,7,8]]
FAM D=48 ell=12 count=24 degs=[7,8,8,8,7,6,7,6,7] blocks=[[0,1,2,3],[0,1,4,5],[2,3,4,5],[1,2,4,6],[0,3,5,6],[0,3,4,7],[1,2,5,7],[0,2,6,7],[1,3,6,7],[0,2,4,8],[1,3,5,8],[0,1,6,8],[3,4,6,8],[2,5,6,8],[2,3,7,8],[1,4,7,8]]
FAM D=51 ell=12 count=21 degs=[8,8,8,8,7,7,7,7,8] blocks=[[0,1,2,3],[0,1,4,5],[2,3,4,5],[1,2,4,6],[0,3,5,6],[0,3,4,7],[1,2,5,7],[0,2,6,7],[1,3,6,7],[0,2,4,8],[1,3,5,8],[0,1,6,8],[3,4,6,8],[2,5,6,8],[2,3,7,8],[1,4,7,8],[0,5,7,8]]
FAM D=48 ell=12 count=24 degs=[8,7,8,8,6,7,7,6,7] blocks=[[0,1,2,3],[0,1,4,5],[2,3,4,5],[1,2,4,6],[0,3,5,6],[0,3,4,7],[1,2,5,7],[0,2,6,7],[1,3,6,7],[0,2,4,8],[1,3,5,8],[0,1,6,8],[3,4,6,8],[2,5,6,8],[2,3,7,8],[0,5,7,8]]
FAM D=48 ell=12 count=24 degs=[8,8,7,7,7,7,7,6,7] blocks=[[0,1,2,3],[0,1,4,5],[2,3,4,5],[1,2,4,6],[0,3,5,6],[0,3,4,7],[1,2,5,7],[0,2,6,7],[1,3,6,7],[0,2,4,8],[1,3,5,8],[0,1,6,8],[3,4,6,8],[2,5,6,8],[1,4,7,8],[0,5,7,8]]
FAM D=48 ell=12 count=24 degs=[8,8,7,8,7,6,6,7,7] blocks=[[0,1,2,3],[0,1,4,5],[2,3,4,5],[1,2,4,6],[0,3,5,6],[0,3,4,7],[1,2,5,7],[0,2,6,7],[1,3,6,7],[0,2,4,8],[1,3,5,8],[0,1,6,8],[3,4,6,8],[2,3,7,8],[1,4,7,8],[0,5,7,8]]
FAM D=48 ell=12 count=24 degs=[8,8,8,7,6,7,6,7,7] blocks=[[0,1,2,3],[0,1,4,5],[2,3,4,5],[1,2,4,6],[0,3,5,6],[0,3,4,7],[1,2,5,7],[0,2,6,7],[1,3,6,7],[0,2,4,8],[1,3,5,8],[0,1,6,8],[2,5,6,8],[2,3,7,8],[1,4,7,8],[0,5,7,8]]
FAM D=48 ell=12 count=24 degs=[7,7,8,8,7,7,6,7,7] blocks=[[0,1,2,3],[0,1,4,5],[2,3,4,5],[1,2,4,6],[0,3,5,6],[0,3,4,7],[1,2,5,7],[0,2,6,7],[1,3,6,7],[0,2,4,8],[1,3,5,8],[3,4,6,8],[2,5,6,8],[2,3,7,8],[1,4,7,8],[0,5,7,8]]
FAM D=48 ell=12 count=24 degs=[8,7,8,7,7,6,7,7,7] blocks=[[0,1,2,3],[0,1,4,5],[2,3,4,5],[1,2,4,6],[0,3,5,6],[0,3,4,7],[1,2,5,7],[0,2,6,7],[1,3,6,7],[0,2,4,8],[0,1,6,8],[3,4,6,8],[2,5,6,8],[2,3,7,8],[1,4,7,8],[0,5,7,8]]
FAM D=48 ell=12 count=24 degs=[8,8,8,7,7,6,7,6,7] blocks=[[0,1,2,3],[0,1,4,5],[2,3,4,5],[1,2,4,6],[0,3,5,6],[0,3,4,7],[1,2,5,7],[0,2,6,7],[1,3,6,7],[1,3,4,8],[0,2,5,8],[2,3,6,8],[0,4,6,8],[1,5,6,8],[0,1,7,8],[2,4,7,8]]
FAM D=51 ell=12 count=21 degs=[8,8,8,8,7,7,7,7,8] blocks=[[0,1,2,3],[0,1,4,5],[2,3,4,5],[1,2,4,6],[0,3,5,6],[0,3,4,7],[1,2,5,7],[0,2,6,7],[1,3,6,7],[1,3,4,8],[0,2,5,8],[2,3,6,8],[0,4,6,8],[1,5,6,8],[0,1,7,8],[2,4,7,8],[3,5,7,8]]
FAM D=48 ell=12 count=24 degs=[8,8,7,8,6,7,7,6,7] blocks=[[0,1,2,3],[0,1,4,5],[2,3,4,5],[1,2,4,6],[0,3,5,6],[0,3,4,7],[1,2,5,7],[0,2,6,7],[1,3,6,7],[1,3,4,8],[0,2,5,8],[2,3,6,8],[0,4,6,8],[1,5,6,8],[0,1,7,8],[3,5,7,8]]
FAM D=48 ell=12 count=24 degs=[7,7,8,8,7,7,7,6,7] blocks=[[0,1,2,3],[0,1,4,5],[2,3,4,5],[1,2,4,6],[0,3,5,6],[0,3,4,7],[1,2,5,7],[0,2,6,7],[1,3,6,7],[1,3,4,8],[0,2,5,8],[2,3,6,8],[0,4,6,8],[1,5,6,8],[2,4,7,8],[3,5,7,8]]
FAM D=48 ell=12 count=24 degs=[8,7,8,8,7,6,6,7,7] blocks=[[0,1,2,3],[0,1,4,5],[2,3,4,5],[1,2,4,6],[0,3,5,6],[0,3,4,7],[1,2,5,7],[0,2,6,7],[1,3,6,7],[1,3,4,8],[0,2,5,8],[2,3,6,8],[0,4,6,8],[0,1,7,8],[2,4,7,8],[3,5,7,8]]
FAM D=48 ell=12 count=24 degs=[7,8,8,8,6,7,6,7,7] blocks=[[0,1,2,3],[0,1,4,5],[2,3,4,5],[1,2,4,6],[0,3,5,6],[0,3,4,7],[1,2,5,7],[0,2,6,7],[1,3,6,7],[1,3,4,8],[0,2,5,8],[2,3,6,8],[1,5,6,8],[0,1,7,8],[2,4,7,8],[3,5,7,8]]
FAM D=48 ell=12 count=24 degs=[8,8,7,7,7,7,6,7,7] blocks=[[0,1,2,3],[0,1,4,5],[2,3,4,5],[1,2,4,6],[0,3,5,6],[0,3,4,7],[1,2,5,7],[0,2,6,7],[1,3,6,7],[1,3,4,8],[0,2,5,8],[0,4,6,8],[1,5,6,8],[0,1,7,8],[2,4,7,8],[3,5,7,8]]
FAM D=48 ell=12 count=24 degs=[7,8,7,8,7,6,7,7,7] blocks=[[0,1,2,3],[0,1,4,5],[2,3,4,5],[1,2,4,6],[0,3,5,6],[0,3,4,7],[1,2,5,7],[0,2,6,7],[1,3,6,7],[1,3,4,8],[2,3,6,8],[0,4,6,8],[1,5,6,8],[0,1,7,8],[2,4,7,8],[3,5,7,8]]
FAM D=48 ell=12 count=24 degs=[8,7,8,7,6,7,7,7,7] blocks=[[0,1,2,3],[0,1,4,5],[2,3,4,5],[1,2,4,6],[0,3,5,6],[0,3,4,7],[1,2,5,7],[0,2,6,7],[1,3,6,7],[0,2,5,8],[2,3,6,8],[0,4,6,8],[1,5,6,8],[0,1,7,8],[2,4,7,8],[3,5,7,8]]
FAM D=48 ell=12 count=24 degs=[7,8,7,8,6,7,7,7,7] blocks=[[0,1,2,3],[0,1,4,5],[2,3,4,5],[1,2,4,6],[0,3,5,6],[0,3,4,7],[1,2,5,7],[0,2,6,7],[1,3,6,7],[1,3,5,8],[0,1,6,8],[3,4,6,8],[2,5,6,8],[2,3,7,8],[1,4,7,8],[0,5,7,8]]
FAM D=48 ell=12 count=24 degs=[7,7,8,7,8,7,7,6,7] blocks=[[0,1,2,3],[0,1,4,5],[2,3,4,5],[1,2,4,6],[0,3,5,6],[0,3,4,7],[1,2,5,7],[0,2,6,7],[4,5,6,7],[0,2,4,8],[1,3,5,8],[0,1,6,8],[3,4,6,8],[2,5,6,8],[2,3,7,8],[1,4,7,8]]
FAM D=51 ell=12 count=21 degs=[8,7,8,7,8,8,7,7,8] blocks=[[0,1,2,3],[0,1,4,5],[2,3,4,5],[1,2,4,6],[0,3,5,6],[0,3,4,7],[1,2,5,7],[0,2,6,7],[4,5,6,7],[0,2,4,8],[1,3,5,8],[0,1,6,8],[3,4,6,8],[2,5,6,8],[2,3,7,8],[1,4,7,8],[0,5,7,8]]
FAM D=48 ell=12 count=24 degs=[8,6,8,7,7,8,7,6,7] blocks=[[0,1,2,3],[0,1,4,5],[2,3,4,5],[1,2,4,6],[0,3,5,6],[0,3,4,7],[1,2,5,7],[0,2,6,7],[4,5,6,7],[0,2,4,8],[1,3,5,8],[0,1,6,8],[3,4,6,8],[2,5,6,8],[2,3,7,8],[0,5,7,8]]
FAM D=48 ell=12 count=24 degs=[8,7,7,6,8,8,7,6,7] blocks=[[0,1,2,3],[0,1,4,5],[2,3,4,5],[1,2,4,6],[0,3,5,6],[0,3,4,7],[1,2,5,7],[0,2,6,7],[4,5,6,7],[0,2,4,8],[1,3,5,8],[0,1,6,8],[3,4,6,8],[2,5,6,8],[1,4,7,8],[0,5,7,8]]
FAM D=48 ell=12 count=24 degs=[8,7,7,7,8,7,6,7,7] blocks=[[0,1,2,3],[0,1,4,5],[2,3,4,5],[1,2,4,6],[0,3,5,6],[0,3,4,7],[1,2,5,7],[0,2,6,7],[4,5,6,7],[0,2,4,8],[1,3,5,8],[0,1,6,8],[3,4,6,8],[2,3,7,8],[1,4,7,8],[0,5,7,8]]
FAM D=48 ell=12 count=24 degs=[8,7,8,6,7,8,6,7,7] blocks=[[0,1,2,3],[0,1,4,5],[2,3,4,5],[1,2,4,6],[0,3,5,6],[0,3,4,7],[1,2,5,7],[0,2,6,7],[4,5,6,7],[0,2,4,8],[1,3,5,8],[0,1,6,8],[2,5,6,8],[2,3,7,8],[1,4,7,8],[0,5,7,8]]
FAM D=48 ell=12 count=24 degs=[7,6,8,7,8,8,6,7,7] blocks=[[0,1,2,3],[0,1,4,5],[2,3,4,5],[1,2,4,6],[0,3,5,6],[0,3,4,7],[1,2,5,7],[0,2,6,7],[4,5,6,7],[0,2,4,8],[1,3,5,8],[3,4,6,8],[2,5,6,8],[2,3,7,8],[1,4,7,8],[0,5,7,8]]
FAM D=48 ell=12 count=24 degs=[8,6,8,6,8,7,7,7,7] blocks=[[0,1,2,3],[0,1,4,5],[2,3,4,5],[1,2,4,6],[0,3,5,6],[0,3,4,7],[1,2,5,7],[0,2,6,7],[4,5,6,7],[0,2,4,8],[0,1,6,8],[3,4,6,8],[2,5,6,8],[2,3,7,8],[1,4,7,8],[0,5,7,8]]
FAM D=48 ell=12 count=24 degs=[8,7,8,6,8,7,7,6,7] blocks=[[0,1,2,3],[0,1,4,5],[2,3,4,5],[1,2,4,6],[0,3,5,6],[0,3,4,7],[1,2,5,7],[0,2,6,7],[4,5,6,7],[1,3,4,8],[0,2,5,8],[2,3,6,8],[0,4,6,8],[1,5,6,8],[0,1,7,8],[2,4,7,8]]
FAM D=51 ell=12 count=21 degs=[8,7,8,7,8,8,7,7,8] blocks=[[0,1,2,3],[0,1,4,5],[2,3,4,5],[1,2,4,6],[0,3,5,6],[0,3,4,7],[1,2,5,7],[0,2,6,7],[4,5,6,7],[1,3,4,8],[0,2,5,8],[2,3,6,8],[0,4,6,8],[1,5,6,8],[0,1,7,8],[2,4,7,8],[3,5,7,8]]
FAM D=48 ell=12 count=24 degs=[8,7,7,7,7,8,7,6,7] blocks=[[0,1,2,3],[0,1,4,5],[2,3,4,5],[1,2,4,6],[0,3,5,6],[0,3,4,7],[1,2,5,7],[0,2,6,7],[4,5,6,7],[1,3,4,8],[0,2,5,8],[2,3,6,8],[0,4,6,8],[1,5,6,8],[0,1,7,8],[3,5,7,8]]
FAM D=48 ell=12 count=24 degs=[7,6,8,7,8,8,7,6,7] blocks=[[0,1,2,3],[0,1,4,5],[2,3,4,5],[1,2,4,6],[0,3,5,6],[0,3,4,7],[1,2,5,7],[0,2,6,7],[4,5,6,7],[1,3,4,8],[0,2,5,8],[2,3,6,8],[0,4,6,8],[1,5,6,8],[2,4,7,8],[3,5,7,8]]
FAM D=48 ell=12 count=24 degs=[8,6,8,7,8,7,6,7,7] blocks=[[0,1,2,3],[0,1,4,5],[2,3,4,5],[1,2,4,6],[0,3,5,6],[0,3,4,7],[1,2,5,7],[0,2,6,7],[4,5,6,7],[1,3,4,8],[0,2,5,8],[2,3,6,8],[0,4,6,8],[0,1,7,8],[2,4,7,8],[3,5,7,8]]
FAM D=48 ell=12 count=24 degs=[7,7,8,7,7,8,6,7,7] blocks=[[0,1,2,3],[0,1,4,5],[2,3,4,5],[1,2,4,6],[0,3,5,6],[0,3,4,7],[1,2,5,7],[0,2,6,7],[4,5,6,7],[1,3,4,8],[0,2,5,8],[2,3,6,8],[1,5,6,8],[0,1,7,8],[2,4,7,8],[3,5,7,8]]
FAM D=48 ell=12 count=24 degs=[8,7,7,6,8,8,6,7,7] blocks=[[0,1,2,3],[0,1,4,5],[2,3,4,5],[1,2,4,6],[0,3,5,6],[0,3,4,7],[1,2,5,7],[0,2,6,7],[4,5,6,7],[1,3,4,8],[0,2,5,8],[0,4,6,8],[1,5,6,8],[0,1,7,8],[2,4,7,8],[3,5,7,8]]
FAM D=48 ell=12 count=24 degs=[7,7,7,7,8,7,7,7,7] blocks=[[0,1,2,3],[0,1,4,5],[2,3,4,5],[1,2,4,6],[0,3,5,6],[0,3,4,7],[1,2,5,7],[0,2,6,7],[4,5,6,7],[1,3,4,8],[2,3,6,8],[0,4,6,8],[1,5,6,8],[0,1,7,8],[2,4,7,8],[3,5,7,8]]
FAM D=48 ell=12 count=24 degs=[8,6,8,6,7,8,7,7,7] blocks=[[0,1,2,3],[0,1,4,5],[2,3,4,5],[1,2,4,6],[0,3,5,6],[0,3,4,7],[1,2,5,7],[0,2,6,7],[4,5,6,7],[0,2,5,8],[2,3,6,8],[0,4,6,8],[1,5,6,8],[0,1,7,8],[2,4,7,8],[3,5,7,8]]
FAM D=48 ell=12 count=24 degs=[7,7,7,7,7,8,7,7,7] blocks=[[0,1,2,3],[0,1,4,5],[2,3,4,5],[1,2,4,6],[0,3,5,6],[0,3,4,7],[1,2,5,7],[0,2,6,7],[4,5,6,7],[1,3,5,8],[0,1,6,8],[3,4,6,8],[2,5,6,8],[2,3,7,8],[1,4,7,8],[0,5,7,8]]
FAM D=48 ell=12 count=24 degs=[8,7,8,7,7,7,6,6,8] blocks=[[0,1,2,3],[0,1,4,5],[2,3,4,5],[1,2,4,6],[0,3,5,6],[0,3,4,7],[1,2,5,7],[0,2,6,7],[0,2,4,8],[1,3,5,8],[0,1,6,8],[3,4,6,8],[2,5,6,8],[2,3,7,8],[1,4,7,8],[0,5,7,8]]
FAM D=48 ell=12 count=24 degs=[8,7,8,7,7,7,6,6,8] blocks=[[0,1,2,3],[0,1,4,5],[2,3,4,5],[1,2,4,6],[0,3,5,6],[0,3,4,7],[1,2,5,7],[0,2,6,7],[1,3,4,8],[0,2,5,8],[2,3,6,8],[0,4,6,8],[1,5,6,8],[0,1,7,8],[2,4,7,8],[3,5,7,8]]
FAM D=48 ell=12 count=24 degs=[6,8,7,8,8,7,7,6,7] blocks=[[0,1,2,3],[0,1,4,5],[2,3,4,5],[1,2,4,6],[0,3,5,6],[0,3,4,7],[1,2,5,7],[1,3,6,7],[4,5,6,7],[0,2,4,8],[1,3,5,8],[0,1,6,8],[3,4,6,8],[2,5,6,8],[2,3,7,8],[1,4,7,8]]
FAM D=51 ell=12 count=21 degs=[7,8,7,8,8,8,7,7,8] blocks=[[0,1,2,3],[0,1,4,5],[2,3,4,5],[1,2,4,6],[0,3,5,6],[0,3,4,7],[1,2,5,7],[1,3,6,7],[4,5,6,7],[0,2,4,8],[1,3,5,8],[0,1,6,8],[3,4,6,8],[2,5,6,8],[2,3,7,8],[1,4,7,8],[0,5,7,8]]
FAM D=48 ell=12 count=24 degs=[7,7,7,8,7,8,7,6,7] blocks=[[0,1,2,3],[0,1,4,5],[2,3,4,5],[1,2,4,6],[0,3,5,6],[0,3,4,7],[1,2,5,7],[1,3,6,7],[4,5,6,7],[0,2,4,8],[1,3,5,8],[0,1,6,8],[3,4,6,8],[2,5,6,8],[2,3,7,8],[0,5,7,8]]
FAM D=48 ell=12 count=24 degs=[7,8,6,7,8,8,7,6,7] blocks=[[0,1,2,3],[0,1,4,5],[2,3,4,5],[1,2,4,6],[0,3,5,6],[0,3,4,7],[1,2,5,7],[1,3,6,7],[4,5,6,7],[0,2,4,8],[1,3,5,8],[0,1,6,8],[3,4,6,8],[2,5,6,8],[1,4,7,8],[0,5,7,8]]
FAM D=48 ell=12 count=24 degs=[7,8,6,8,8,7,6,7,7] blocks=[[0,1,2,3],[0,1,4,5],[2,3,4,5],[1,2,4,6],[0,3,5,6],[0,3,4,7],[1,2,5,7],[1,3,6,7],[4,5,6,7],[0,2,4,8],[1,3,5,8],[0,1,6,8],[3,4,6,8],[2,3,7,8],[1,4,7,8],[0,5,7,8]]
FAM D=48 ell=12 count=24 degs=[7,8,7,7,7,8,6,7,7] blocks=[[0,1,2,3],[0,1,4,5],[2,3,4,5],[1,2,4,6],[0,3,5,6],[0,3,4,7],[1,2,5,7],[1,3,6,7],[4,5,6,7],[0,2,4,8],[1,3,5,8],[0,1,6,8],[2,5,6,8],[2,3,7,8],[1,4,7,8],[0,5,7,8]]
FAM D=48 ell=12 count=24 degs=[6,7,7,8,8,8,6,7,7] blocks=[[0,1,2,3],[0,1,4,5],[2,3,4,5],[1,2,4,6],[0,3,5,6],[0,3,4,7],[1,2,5,7],[1,3,6,7],[4,5,6,7],[0,2,4,8],[1,3,5,8],[3,4,6,8],[2,5,6,8],[2,3,7,8],[1,4,7,8],[0,5,7,8]]
FAM D=48 ell=12 count=24 degs=[7,7,7,7,8,7,7,7,7] blocks=[[0,1,2,3],[0,1,4,5],[2,3,4,5],[1,2,4,6],[0,3,5,6],[0,3,4,7],[1,2,5,7],[1,3,6,7],[4,5,6,7],[0,2,4,8],[0,1,6,8],[3,4,6,8],[2,5,6,8],[2,3,7,8],[1,4,7,8],[0,5,7,8]]
FAM D=48 ell=12 count=24 degs=[7,8,7,7,8,7,7,6,7] blocks=[[0,1,2,3],[0,1,4,5],[2,3,4,5],[1,2,4,6],[0,3,5,6],[0,3,4,7],[1,2,5,7],[1,3,6,7],[4,5,6,7],[1,3,4,8],[0,2,5,8],[2,3,6,8],[0,4,6,8],[1,5,6,8],[0,1,7,8],[2,4,7,8]]
FAM D=51 ell=12 count=21 degs=[7,8,7,8,8,8,7,7,8] blocks=[[0,1,2,3],[0,1,4,5],[2,3,4,5],[1,2,4,6],[0,3,5,6],[0,3,4,7],[1,2,5,7],[1,3,6,7],[4,5,6,7],[1,3,4,8],[0,2,5,8],[2,3,6,8],[0,4,6,8],[1,5,6,8],[0,1,7,8],[2,4,7,8],[3,5,7,8]]
FAM D=48 ell=12 count=24 degs=[7,8,6,8,7,8,7,6,7] blocks=[[0,1,2,3],[0,1,4,5],[2,3,4,5],[1,2,4,6],[0,3,5,6],[0,3,4,7],[1,2,5,7],[1,3,6,7],[4,5,6,7],[1,3,4,8],[0,2,5,8],[2,3,6,8],[0,4,6,8],[1,5,6,8],[0,1,7,8],[3,5,7,8]]
FAM D=48 ell=12 count=24 degs=[6,7,7,8,8,8,7,6,7] blocks=[[0,1,2,3],[0,1,4,5],[2,3,4,5],[1,2,4,6],[0,3,5,6],[0,3,4,7],[1,2,5,7],[1,3,6,7],[4,5,6,7],[1,3,4,8],[0,2,5,8],[2,3,6,8],[0,4,6,8],[1,5,6,8],[2,4,7,8],[3,5,7,8]]
FAM D=48 ell=12 count=24 degs=[7,7,7,8,8,7,6,7,7] blocks=[[0,1,2,3],[0,1,4,5],[2,3,4,5],[1,2,4,6],[0,3,5,6],[0,3,4,7],[1,2,5,7],[1,3,6,7],[4,5,6,7],[1,3,4,8],[0,2,5,8],[2,3,6,8],[0,4,6,8],[0,1,7,8],[2,4,7,8],[3,5,7,8]]
FAM D=48 ell=12 count=24 degs=[6,8,7,8,7,8,6,7,7] blocks=[[0,1,2,3],[0,1,4,5],[2,3,4,5],[1,2,4,6],[0,3,5,6],[0,3,4,7],[1,2,5,7],[1,3,6,7],[4,5,6,7],[1,3,4,8],[0,2,5,8],[2,3,6,8],[1,5,6,8],[0,1,7,8],[2,4,7,8],[3,5,7,8]]
FAM D=48 ell=12 count=24 degs=[7,8,6,7,8,8,6,7,7] blocks=[[0,1,2,3],[0,1,4,5],[2,3,4,5],[1,2,4,6],[0,3,5,6],[0,3,4,7],[1,2,5,7],[1,3,6,7],[4,5,6,7],[1,3,4,8],[0,2,5,8],[0,4,6,8],[1,5,6,8],[0,1,7,8],[2,4,7,8],[3,5,7,8]]
FAM D=48 ell=12 count=24 degs=[6,8,6,8,8,7,7,7,7] blocks=[[0,1,2,3],[0,1,4,5],[2,3,4,5],[1,2,4,6],[0,3,5,6],[0,3,4,7],[1,2,5,7],[1,3,6,7],[4,5,6,7],[1,3,4,8],[2,3,6,8],[0,4,6,8],[1,5,6,8],[0,1,7,8],[2,4,7,8],[3,5,7,8]]
FAM D=48 ell=12 count=24 degs=[7,7,7,7,7,8,7,7,7] blocks=[[0,1,2,3],[0,1,4,5],[2,3,4,5],[1,2,4,6],[0,3,5,6],[0,3,4,7],[1,2,5,7],[1,3,6,7],[4,5,6,7],[0,2,5,8],[2,3,6,8],[0,4,6,8],[1,5,6,8],[0,1,7,8],[2,4,7,8],[3,5,7,8]]
FAM D=48 ell=12 count=24 degs=[6,8,6,8,7,8,7,7,7] blocks=[[0,1,2,3],[0,1,4,5],[2,3,4,5],[1,2,4,6],[0,3,5,6],[0,3,4,7],[1,2,5,7],[1,3,6,7],[4,5,6,7],[1,3,5,8],[0,1,6,8],[3,4,6,8],[2,5,6,8],[2,3,7,8],[1,4,7,8],[0,5,7,8]]
FAM D=48 ell=12 count=24 degs=[7,8,7,8,7,7,6,6,8] blocks=[[0,1,2,3],[0,1,4,5],[2,3,4,5],[1,2,4,6],[0,3,5,6],[0,3,4,7],[1,2,5,7],[1,3,6,7],[0,2,4,8],[1,3,5,8],[0,1,6,8],[3,4,6,8],[2,5,6,8],[2,3,7,8],[1,4,7,8],[0,5,7,8]]
FAM D=48 ell=12 count=24 degs=[7,8,7,8,7,7,6,6,8] blocks=[[0,1,2,3],[0,1,4,5],[2,3,4,5],[1,2,4,6],[0,3,5,6],[0,3,4,7],[1,2,5,7],[1,3,6,7],[1,3,4,8],[0,2,5,8],[2,3,6,8],[0,4,6,8],[1,5,6,8],[0,1,7,8],[2,4,7,8],[3,5,7,8]]
FAM D=48 ell=12 count=24 degs=[7,7,7,7,8,8,6,6,8] blocks=[[0,1,2,3],[0,1,4,5],[2,3,4,5],[1,2,4,6],[0,3,5,6],[0,3,4,7],[1,2,5,7],[4,5,6,7],[0,2,4,8],[1,3,5,8],[0,1,6,8],[3,4,6,8],[2,5,6,8],[2,3,7,8],[1,4,7,8],[0,5,7,8]]
FAM D=48 ell=12 count=24 degs=[7,7,7,7,8,8,6,6,8] blocks=[[0,1,2,3],[0,1,4,5],[2,3,4,5],[1,2,4,6],[0,3,5,6],[0,3,4,7],[1,2,5,7],[4,5,6,7],[1,3,4,8],[0,2,5,8],[2,3,6,8],[0,4,6,8],[1,5,6,8],[0,1,7,8],[2,4,7,8],[3,5,7,8]]
FAM D=48 ell=12 count=24 degs=[7,7,7,8,8,6,8,6,7] blocks=[[0,1,2,3],[0,1,4,5],[2,3,4,5],[1,2,4,6],[0,3,5,6],[0,3,4,7],[0,2,6,7],[1,3,6,7],[4,5,6,7],[0,2,4,8],[1,3,5,8],[0,1,6,8],[3,4,6,8],[2,5,6,8],[2,3,7,8],[1,4,7,8]]
FAM D=51 ell=12 count=21 degs=[8,7,7,8,8,7,8,7,8] blocks=[[0,1,2,3],[0,1,4,5],[2,3,4,5],[1,2,4,6],[0,3,5,6],[0,3,4,7],[0,2,6,7],[1,3,6,7],[4,5,6,7],[0,2,4,8],[1,3,5,8],[0,1,6,8],[3,4,6,8],[2,5,6,8],[2,3,7,8],[1,4,7,8],[0,5,7,8]]
FAM D=48 ell=12 count=24 degs=[8,6,7,8,7,7,8,6,7] blocks=[[0,1,2,3],[0,1,4,5],[2,3,4,5],[1,2,4,6],[0,3,5,6],[0,3,4,7],[0,2,6,7],[1,3,6,7],[4,5,6,7],[0,2,4,8],[1,3,5,8],[0,1,6,8],[3,4,6,8],[2,5,6,8],[2,3,7,8],[0,5,7,8]]
FAM D=48 ell=12 count=24 degs=[8,7,6,7,8,7,8,6,7] blocks=[[0,1,2,3],[0,1,4,5],[2,3,4,5],[1,2,4,6],[0,3,5,6],[0,3,4,7],[0,2,6,7],[1,3,6,7],[4,5,6,7],[0,2,4,8],[1,3,5,8],[0,1,6,8],[3,4,6,8],[2,5,6,8],[1,4,7,8],[0,5,7,8]]
FAM D=48 ell=12 count=24 degs=[8,7,6,8,8,6,7,7,7] blocks=[[0,1,2,3],[0,1,4,5],[2,3,4,5],[1,2,4,6],[0,3,5,6],[0,3,4,7],[0,2,6,7],[1,3,6,7],[4,5,6,7],[0,2,4,8],[1,3,5,8],[0,1,6,8],[3,4,6,8],[2,3,7,8],[1,4,7,8],[0,5,7,8]]
FAM D=48 ell=12 count=24 degs=[8,7,7,7,7,7,7,7,7] blocks=[[0,1,2,3],[0,1,4,5],[2,3,4,5],[1,2,4,6],[0,3,5,6],[0,3,4,7],[0,2,6,7],[1,3,6,7],[4,5,6,7],[0,2,4,8],[1,3,5,8],[0,1,6,8],[2,5,6,8],[2,3,7,8],[1,4,7,8],[0,5,7,8]]
FAM D=48 ell=12 count=24 degs=[7,6,7,8,8,7,7,7,7] blocks=[[0,1,2,3],[0,1,4,5],[2,3,4,5],[1,2,4,6],[0,3,5,6],[0,3,4,7],[0,2,6,7],[1,3,6,7],[4,5,6,7],[0,2,4,8],[1,3,5,8],[3,4,6,8],[2,5,6,8],[2,3,7,8],[1,4,7,8],[0,5,7,8]]
FAM D=48 ell=12 count=24 degs=[8,6,7,7,8,6,8,7,7] blocks=[[0,1,2,3],[0,1,4,5],[2,3,4,5],[1,2,4,6],[0,3,5,6],[0,3,4,7],[0,2,6,7],[1,3,6,7],[4,5,6,7],[0,2,4,8],[0,1,6,8],[3,4,6,8],[2,5,6,8],[2,3,7,8],[1,4,7,8],[0,5,7,8]]
FAM D=48 ell=12 count=24 degs=[8,7,7,7,8,6,8,6,7] blocks=[[0,1,2,3],[0,1,4,5],[2,3,4,5],[1,2,4,6],[0,3,5,6],[0,3,4,7],[0,2,6,7],[1,3,6,7],[4,5,6,7],[1,3,4,8],[0,2,5,8],[2,3,6,8],[0,4,6,8],[1,5,6,8],[0,1,7,8],[2,4,7,8]]
FAM D=51 ell=12 count=21 degs=[8,7,7,8,8,7,8,7,8] blocks=[[0,1,2,3],[0,1,4,5],[2,3,4,5],[1,2,4,6],[0,3,5,6],[0,3,4,7],[0,2,6,7],[1,3,6,7],[4,5,6,7],[1,3,4,8],[0,2,5,8],[2,3,6,8],[0,4,6,8],[1,5,6,8],[0,1,7,8],[2,4,7,8],[3,5,7,8]]
FAM D=48 ell=12 count=24 degs=[8,7,6,8,7,7,8,6,7] blocks=[[0,1,2,3],[0,1,4,5],[2,3,4,5],[1,2,4,6],[0,3,5,6],[0,3,4,7],[0,2,6,7],[1,3,6,7],[4,5,6,7],[1,3,4,8],[0,2,5,8],[2,3,6,8],[0,4,6,8],[1,5,6,8],[0,1,7,8],[3,5,7,8]]
FAM D=48 ell=12 count=24 degs=[7,6,7,8,8,7,8,6,7] blocks=[[0,1,2,3],[0,1,4,5],[2,3,4,5],[1,2,4,6],[0,3,5,6],[0,3,4,7],[0,2,6,7],[1,3,6,7],[4,5,6,7],[1,3,4,8],[0,2,5,8],[2,3,6,8],[0,4,6,8],[1,5,6,8],[2,4,7,8],[3,5,7,8]]
FAM D=48 ell=12 count=24 degs=[8,6,7,8,8,6,7,7,7] blocks=[[0,1,2,3],[0,1,4,5],[2,3,4,5],[1,2,4,6],[0,3,5,6],[0,3,4,7],[0,2,6,7],[1,3,6,7],[4,5,6,7],[1,3,4,8],[0,2,5,8],[2,3,6,8],[0,4,6,8],[0,1,7,8],[2,4,7,8],[3,5,7,8]]
FAM D=48 ell=12 count=24 degs=[7,7,7,8,7,7,7,7,7] blocks=[[0,1,2,3],[0,1,4,5],[2,3,4,5],[1,2,4,6],[0,3,5,6],[0,3,4,7],[0,2,6,7],[1,3,6,7],[4,5,6,7],[1,3,4,8],[0,2,5,8],[2,3,6,8],[1,5,6,8],[0,1,7,8],[2,4,7,8],[3,5,7,8]]
FAM D=48 ell=12 count=24 degs=[8,7,6,7,8,7,7,7,7] blocks=[[0,1,2,3],[0,1,4,5],[2,3,4,5],[1,2,4,6],[0,3,5,6],[0,3,4,7],[0,2,6,7],[1,3,6,7],[4,5,6,7],[1,3,4,8],[0,2,5,8],[0,4,6,8],[1,5,6,8],[0,1,7,8],[2,4,7,8],[3,5,7,8]]
FAM D=48 ell=12 count=24 degs=[7,7,6,8,8,6,8,7,7] blocks=[[0,1,2,3],[0,1,4,5],[2,3,4,5],[1,2,4,6],[0,3,5,6],[0,3,4,7],[0,2,6,7],[1,3,6,7],[4,5,6,7],[1,3,4,8],[2,3,6,8],[0,4,6,8],[1,5,6,8],[0,1,7,8],[2,4,7,8],[3,5,7,8]]
FAM D=48 ell=12 count=24 degs=[8,6,7,7,7,7,8,7,7] blocks=[[0,1,2,3],[0,1,4,5],[2,3,4,5],[1,2,4,6],[0,3,5,6],[0,3,4,7],[0,2,6,7],[1,3,6,7],[4,5,6,7],[0,2,5,8],[2,3,6,8],[0,4,6,8],[1,5,6,8],[0,1,7,8],[2,4,7,8],[3,5,7,8]]
FAM D=48 ell=12 count=24 degs=[7,7,6,8,7,7,8,7,7] blocks=[[0,1,2,3],[0,1,4,5],[2,3,4,5],[1,2,4,6],[0,3,5,6],[0,3,4,7],[0,2,6,7],[1,3,6,7],[4,5,6,7],[1,3,5,8],[0,1,6,8],[3,4,6,8],[2,5,6,8],[2,3,7,8],[1,4,7,8],[0,5,7,8]]
FAM D=48 ell=12 count=24 degs=[8,7,7,8,7,6,7,6,8] blocks=[[0,1,2,3],[0,1,4,5],[2,3,4,5],[1,2,4,6],[0,3,5,6],[0,3,4,7],[0,2,6,7],[1,3,6,7],[0,2,4,8],[1,3,5,8],[0,1,6,8],[3,4,6,8],[2,5,6,8],[2,3,7,8],[1,4,7,8],[0,5,7,8]]
FAM D=48 ell=12 count=24 degs=[8,7,7,8,7,6,7,6,8] blocks=[[0,1,2,3],[0,1,4,5],[2,3,4,5],[1,2,4,6],[0,3,5,6],[0,3,4,7],[0,2,6,7],[1,3,6,7],[1,3,4,8],[0,2,5,8],[2,3,6,8],[0,4,6,8],[1,5,6,8],[0,1,7,8],[2,4,7,8],[3,5,7,8]]
FAM D=48 ell=12 count=24 degs=[8,6,7,7,8,7,7,6,8] blocks=[[0,1,2,3],[0,1,4,5],[2,3,4,5],[1,2,4,6],[0,3,5,6],[0,3,4,7],[0,2,6,7],[4,5,6,7],[0,2,4,8],[1,3,5,8],[0,1,6,8],[3,4,6,8],[2,5,6,8],[2,3,7,8],[1,4,7,8],[0,5,7,8]]
FAM D=48 ell=12 count=24 degs=[8,6,7,7,8,7,7,6,8] blocks=[[0,1,2,3],[0,1,4,5],[2,3,4,5],[1,2,4,6],[0,3,5,6],[0,3,4,7],[0,2,6,7],[4,5,6,7],[1,3,4,8],[0,2,5,8],[2,3,6,8],[0,4,6,8],[1,5,6,8],[0,1,7,8],[2,4,7,8],[3,5,7,8]]
FAM D=48 ell=12 count=24 degs=[7,7,6,8,8,7,7,6,8] blocks=[[0,1,2,3],[0,1,4,5],[2,3,4,5],[1,2,4,6],[0,3,5,6],[0,3,4,7],[1,3,6,7],[4,5,6,7],[0,2,4,8],[1,3,5,8],[0,1,6,8],[3,4,6,8],[2,5,6,8],[2,3,7,8],[1,4,7,8],[0,5,7,8]]
FAM D=48 ell=12 count=24 degs=[7,7,6,8,8,7,7,6,8] blocks=[[0,1,2,3],[0,1,4,5],[2,3,4,5],[1,2,4,6],[0,3,5,6],[0,3,4,7],[1,3,6,7],[4,5,6,7],[1,3,4,8],[0,2,5,8],[2,3,6,8],[0,4,6,8],[1,5,6,8],[0,1,7,8],[2,4,7,8],[3,5,7,8]]
FAM D=48 ell=12 count=24 degs=[7,8,8,7,7,7,8,6,6] blocks=[[0,1,2,3],[0,1,4,5],[2,3,4,5],[1,2,4,6],[0,3,5,6],[1,3,4,7],[0,2,5,7],[2,3,6,7],[0,4,6,7],[1,5,6,7],[0,2,4,8],[1,3,5,8],[0,1,6,8],[3,4,6,8],[2,5,6,8],[1,2,7,8]]
FAM D=51 ell=12 count=21 degs=[8,8,8,8,7,7,8,7,7] blocks=[[0,1,2,3],[0,1,4,5],[2,3,4,5],[1,2,4,6],[0,3,5,6],[1,3,4,7],[0,2,5,7],[2,3,6,7],[0,4,6,7],[1,5,6,7],[0,2,4,8],[1,3,5,8],[0,1,6,8],[3,4,6,8],[2,5,6,8],[1,2,7,8],[0,3,7,8]]
FAM D=54 ell=12 count=18 degs=[8,8,8,8,8,8,8,8,8] blocks=[[0,1,2,3],[0,1,4,5],[2,3,4,5],[1,2,4,6],[0,3,5,6],[1,3,4,7],[0,2,5,7],[2,3,6,7],[0,4,6,7],[1,5,6,7],[0,2,4,8],[1,3,5,8],[0,1,6,8],[3,4,6,8],[2,5,6,8],[1,2,7,8],[0,3,7,8],[4,5,7,8]]
FAM D=51 ell=12 count=21 degs=[7,8,8,7,8,8,8,7,7] blocks=[[0,1,2,3],[0,1,4,5],[2,3,4,5],[1,2,4,6],[0,3,5,6],[1,3,4,7],[0,2,5,7],[2,3,6,7],[0,4,6,7],[1,5,6,7],[0,2,4,8],[1,3,5,8],[0,1,6,8],[3,4,6,8],[2,5,6,8],[1,2,7,8],[4,5,7,8]]
FAM D=48 ell=12 count=24 degs=[8,7,7,8,7,7,8,6,6] blocks=[[0,1,2,3],[0,1,4,5],[2,3,4,5],[1,2,4,6],[0,3,5,6],[1,3,4,7],[0,2,5,7],[2,3,6,7],[0,4,6,7],[1,5,6,7],[0,2,4,8],[1,3,5,8],[0,1,6,8],[3,4,6,8],[2,5,6,8],[0,3,7,8]]
FAM D=51 ell=12 count=21 degs=[8,7,7,8,8,8,8,7,7] blocks=[[0,1,2,3],[0,1,4,5],[2,3,4,5],[1,2,4,6],[0,3,5,6],[1,3,4,7],[0,2,5,7],[2,3,6,7],[0,4,6,7],[1,5,6,7],[0,2,4,8],[1,3,5,8],[0,1,6,8],[3,4,6,8],[2,5,6,8],[0,3,7,8],[4,5,7,8]]
FAM D=48 ell=12 count=24 degs=[7,7,7,7,8,8,8,6,6] blocks=[[0,1,2,3],[0,1,4,5],[2,3,4,5],[1,2,4,6],[0,3,5,6],[1,3,4,7],[0,2,5,7],[2,3,6,7],[0,4,6,7],[1,5,6,7],[0,2,4,8],[1,3,5,8],[0,1,6,8],[3,4,6,8],[2,5,6,8],[4,5,7,8]]
FAM D=48 ell=12 count=24 degs=[8,8,7,8,7,6,7,7,6] blocks=[[0,1,2,3],[0,1,4,5],[2,3,4,5],[1,2,4,6],[0,3,5,6],[1,3,4,7],[0,2,5,7],[2,3,6,7],[0,4,6,7],[1,5,6,7],[0,2,4,8],[1,3,5,8],[0,1,6,8],[3,4,6,8],[1,2,7,8],[0,3,7,8]]
FAM D=51 ell=12 count=21 degs=[8,8,7,8,8,7,7,8,7] blocks=[[0,1,2,3],[0,1,4,5],[2,3,4,5],[1,2,4,6],[0,3,5,6],[1,3,4,7],[0,2,5,7],[2,3,6,7],[0,4,6,7],[1,5,6,7],[0,2,4,8],[1,3,5,8],[0,1,6,8],[3,4,6,8],[1,2,7,8],[0,3,7,8],[4,5,7,8]]
FAM D=48 ell=12 count=24 degs=[7,8,7,7,8,7,7,7,6] blocks=[[0,1,2,3],[0,1,4,5],[2,3,4,5],[1,2,4,6],[0,3,5,6],[1,3,4,7],[0,2,5,7],[2,3,6,7],[0,4,6,7],[1,5,6,7],[0,2,4,8],[1,3,5,8],[0,1,6,8],[3,4,6,8],[1,2,7,8],[4,5,7,8]]
FAM D=48 ell=12 count=24 degs=[8,7,6,8,8,7,7,7,6] blocks=[[0,1,2,3],[0,1,4,5],[2,3,4,5],[1,2,4,6],[0,3,5,6],[1,3,4,7],[0,2,5,7],[2,3,6,7],[0,4,6,7],[1,5,6,7],[0,2,4,8],[1,3,5,8],[0,1,6,8],[3,4,6,8],[0,3,7,8],[4,5,7,8]]
FAM D=48 ell=12 count=24 degs=[8,8,8,7,6,7,7,7,6] blocks=[[0,1,2,3],[0,1,4,5],[2,3,4,5],[1,2,4,6],[0,3,5,6],[1,3,4,7],[0,2,5,7],[2,3,6,7],[0,4,6,7],[1,5,6,7],[0,2,4,8],[1,3,5,8],[0,1,6,8],[2,5,6,8],[1,2,7,8],[0,3,7,8]]
FAM D=51 ell=12 count=21 degs=[8,8,8,7,7,8,7,8,7] blocks=[[0,1,2,3],[0,1,4,5],[2,3,4,5],[1,2,4,6],[0,3,5,6],[1,3,4,7],[0,2,5,7],[2,3,6,7],[0,4,6,7],[1,5,6,7],[0,2,4,8],[1,3,5,8],[0,1,6,8],[2,5,6,8],[1,2,7,8],[0,3,7,8],[4,5,7,8]]
FAM D=48 ell=12 count=24 degs=[7,8,8,6,7,8,7,7,6] blocks=[[0,1,2,3],[0,1,4,5],[2,3,4,5],[1,2,4,6],[0,3,5,6],[1,3,4,7],[0,2,5,7],[2,3,6,7],[0,4,6,7],[1,5,6,7],[0,2,4,8],[1,3,5,8],[0,1,6,8],[2,5,6,8],[1,2,7,8],[4,5,7,8]]
FAM D=48 ell=12 count=24 degs=[8,7,7,7,7,8,7,7,6] blocks=[[0,1,2,3],[0,1,4,5],[2,3,4,5],[1,2,4,6],[0,3,5,6],[1,3,4,7],[0,2,5,7],[2,3,6,7],[0,4,6,7],[1,5,6,7],[0,2,4,8],[1,3,5,8],[0,1,6,8],[2,5,6,8],[0,3,7,8],[4,5,7,8]]
FAM D=48 ell=12 count=24 degs=[8,8,7,7,7,7,6,8,6] blocks=[[0,1,2,3],[0,1,4,5],[2,3,4,5],[1,2,4,6],[0,3,5,6],[1,3,4,7],[0,2,5,7],[2,3,6,7],[0,4,6,7],[1,5,6,7],[0,2,4,8],[1,3,5,8],[0,1,6,8],[1,2,7,8],[0,3,7,8],[4,5,7,8]]
FAM D=48 ell=12 count=24 degs=[7,7,8,8,7,7,7,7,6] blocks=[[0,1,2,3],[0,1,4,5],[2,3,4,5],[1,2,4,6],[0,3,5,6],[1,3,4,7],[0,2,5,7],[2,3,6,7],[0,4,6,7],[1,5,6,7],[0,2,4,8],[1,3,5,8],[3,4,6,8],[2,5,6,8],[1,2,7,8],[0,3,7,8]]
FAM D=51 ell=12 count=21 degs=[7,7,8,8,8,8,7,8,7] blocks=[[0,1,2,3],[0,1,4,5],[2,3,4,5],[1,2,4,6],[0,3,5,6],[1,3,4,7],[0,2,5,7],[2,3,6,7],[0,4,6,7],[1,5,6,7],[0,2,4,8],[1,3,5,8],[3,4,6,8],[2,5,6,8],[1,2,7,8],[0,3,7,8],[4,5,7,8]]
FAM D=48 ell=12 count=24 degs=[6,7,8,7,8,8,7,7,6] blocks=[[0,1,2,3],[0,1,4,5],[2,3,4,5],[1,2,4,6],[0,3,5,6],[1,3,4,7],[0,2,5,7],[2,3,6,7],[0,4,6,7],[1,5,6,7],[0,2,4,8],[1,3,5,8],[3,4,6,8],[2,5,6,8],[1,2,7,8],[4,5,7,8]]
FAM D=48 ell=12 count=24 degs=[7,6,7,8,8,8,7,7,6] blocks=[[0,1,2,3],[0,1,4,5],[2,3,4,5],[1,2,4,6],[0,3,5,6],[1,3,4,7],[0,2,5,7],[2,3,6,7],[0,4,6,7],[1,5,6,7],[0,2,4,8],[1,3,5,8],[3,4,6,8],[2,5,6,8],[0,3,7,8],[4,5,7,8]]
FAM D=48 ell=12 count=24 degs=[7,7,7,8,8,7,6,8,6] blocks=[[0,1,2,3],[0,1,4,5],[2,3,4,5],[1,2,4,6],[0,3,5,6],[1,3,4,7],[0,2,5,7],[2,3,6,7],[0,4,6,7],[1,5,6,7],[0,2,4,8],[1,3,5,8],[3,4,6,8],[1,2,7,8],[0,3,7,8],[4,5,7,8]]
FAM D=48 ell=12 count=24 degs=[7,7,8,7,7,8,6,8,6] blocks=[[0,1,2,3],[0,1,4,5],[2,3,4,5],[1,2,4,6],[0,3,5,6],[1,3,4,7],[0,2,5,7],[2,3,6,7],[0,4,6,7],[1,5,6,7],[0,2,4,8],[1,3,5,8],[2,5,6,8],[1,2,7,8],[0,3,7,8],[4,5,7,8]]
FAM D=48 ell=12 count=24 degs=[8,7,8,7,7,6,8,7,6] blocks=[[0,1,2,3],[0,1,4,5],[2,3,4,5],[1,2,4,6],[0,3,5,6],[1,3,4,7],[0,2,5,7],[2,3,6,7],[0,4,6,7],[1,5,6,7],[0,2,4,8],[0,1,6,8],[3,4,6,8],[2,5,6,8],[1,2,7,8],[0,3,7,8]]
FAM D=51 ell=12 count=21 degs=[8,7,8,7,8,7,8,8,7] blocks=[[0,1,2,3],[0,1,4,5],[2,3,4,5],[1,2,4,6],[0,3,5,6],[1,3,4,7],[0,2,5,7],[2,3,6,7],[0,4,6,7],[1,5,6,7],[0,2,4,8],[0,1,6,8],[3,4,6,8],[2,5,6,8],[1,2,7,8],[0,3,7,8],[4,5,7,8]]
FAM D=48 ell=12 count=24 degs=[7,7,8,6,8,7,8,7,6] blocks=[[0,1,2,3],[0,1,4,5],[2,3,4,5],[1,2,4,6],[0,3,5,6],[1,3,4,7],[0,2,5,7],[2,3,6,7],[0,4,6,7],[1,5,6,7],[0,2,4,8],[0,1,6,8],[3,4,6,8],[2,5,6,8],[1,2,7,8],[4,5,7,8]]
FAM D=48 ell=12 count=24 degs=[8,6,7,7,8,7,8,7,6] blocks=[[0,1,2,3],[0,1,4,5],[2,3,4,5],[1,2,4,6],[0,3,5,6],[1,3,4,7],[0,2,5,7],[2,3,6,7],[0,4,6,7],[1,5,6,7],[0,2,4,8],[0,1,6,8],[3,4,6,8],[2,5,6,8],[0,3,7,8],[4,5,7,8]]
FAM D=48 ell=12 count=24 degs=[8,7,7,7,8,6,7,8,6] blocks=[[0,1,2,3],[0,1,4,5],[2,3,4,5],[1,2,4,6],[0,3,5,6],[1,3,4,7],[0,2,5,7],[2,3,6,7],[0,4,6,7],[1,5,6,7],[0,2,4,8],[0,1,6,8],[3,4,6,8],[1,2,7,8],[0,3,7,8],[4,5,7,8]]
FAM D=48 ell=12 count=24 degs=[8,7,8,6,7,7,7,8,6] blocks=[[0,1,2,3],[0,1,4,5],[2,3,4,5],[1,2,4,6],[0,3,5,6],[1,3,4,7],[0,2,5,7],[2,3,6,7],[0,4,6,7],[1,5,6,7],[0,2,4,8],[0,1,6,8],[2,5,6,8],[1,2,7,8],[0,3,7,8],[4,5,7,8]]
FAM D=48 ell=12 count=24 degs=[7,6,8,7,8,7,7,8,6] blocks=[[0,1,2,3],[0,1,4,5],[2,3,4,5],[1,2,4,6],[0,3,5,6],[1,3,4,7],[0,2,5,7],[2,3,6,7],[0,4,6,7],[1,5,6,7],[0,2,4,8],[3,4,6,8],[2,5,6,8],[1,2,7,8],[0,3,7,8],[4,5,7,8]]
FAM D=48 ell=12 count=24 degs=[8,8,7,7,7,7,8,6,6] blocks=[[0,1,2,3],[0,1,4,5],[2,3,4,5],[1,2,4,6],[0,3,5,6],[1,3,4,7],[0,2,5,7],[2,3,6,7],[0,4,6,7],[1,5,6,7],[0,3,4,8],[1,2,5,8],[0,2,6,8],[1,3,6,8],[4,5,6,8],[0,1,7,8]]
FAM D=51 ell=12 count=21 degs=[8,8,8,7,8,7,8,7,7] blocks=[[0,1,2,3],[0,1,4,5],[2,3,4,5],[1,2,4,6],[0,3,5,6],[1,3,4,7],[0,2,5,7],[2,3,6,7],[0,4,6,7],[1,5,6,7],[0,3,4,8],[1,2,5,8],[0,2,6,8],[1,3,6,8],[4,5,6,8],[0,1,7,8],[2,4,7,8]]
FAM D=54 ell=12 count=18 degs=[8,8,8,8,8,8,8,8,8] blocks=[[0,1,2,3],[0,1,4,5],[2,3,4,5],[1,2,4,6],[0,3,5,6],[1,3,4,7],[0,2,5,7],[2,3,6,7],[0,4,6,7],[1,5,6,7],[0,3,4,8],[1,2,5,8],[0,2,6,8],[1,3,6,8],[4,5,6,8],[0,1,7,8],[2,4,7,8],[3,5,7,8]]
FAM D=51 ell=12 count=21 degs=[8,8,7,8,7,8,8,7,7] blocks=[[0,1,2,3],[0,1,4,5],[2,3,4,5],[1,2,4,6],[0,3,5,6],[1,3,4,7],[0,2,5,7],[2,3,6,7],[0,4,6,7],[1,5,6,7],[0,3,4,8],[1,2,5,8],[0,2,6,8],[1,3,6,8],[4,5,6,8],[0,1,7,8],[3,5,7,8]]
FAM D=48 ell=12 count=24 degs=[7,7,8,7,8,7,8,6,6] blocks=[[0,1,2,3],[0,1,4,5],[2,3,4,5],[1,2,4,6],[0,3,5,6],[1,3,4,7],[0,2,5,7],[2,3,6,7],[0,4,6,7],[1,5,6,7],[0,3,4,8],[1,2,5,8],[0,2,6,8],[1,3,6,8],[4,5,6,8],[2,4,7,8]]
FAM D=51 ell=12 count=21 degs=[7,7,8,8,8,8,8,7,7] blocks=[[0,1,2,3],[0,1,4,5],[2,3,4,5],[1,2,4,6],[0,3,5,6],[1,3,4,7],[0,2,5,7],[2,3,6,7],[0,4,6,7],[1,5,6,7],[0,3,4,8],[1,2,5,8],[0,2,6,8],[1,3,6,8],[4,5,6,8],[2,4,7,8],[3,5,7,8]]
FAM D=48 ell=12 count=24 degs=[7,7,7,8,7,8,8,6,6] blocks=[[0,1,2,3],[0,1,4,5],[2,3,4,5],[1,2,4,6],[0,3,5,6],[1,3,4,7],[0,2,5,7],[2,3,6,7],[0,4,6,7],[1,5,6,7],[0,3,4,8],[1,2,5,8],[0,2,6,8],[1,3,6,8],[4,5,6,8],[3,5,7,8]]
FAM D=48 ell=12 count=24 degs=[8,8,8,7,7,6,7,7,6] blocks=[[0,1,2,3],[0,1,4,5],[2,3,4,5],[1,2,4,6],[0,3,5,6],[1,3,4,7],[0,2,5,7],[2,3,6,7],[0,4,6,7],[1,5,6,7],[0,3,4,8],[1,2,5,8],[0,2,6,8],[1,3,6,8],[0,1,7,8],[2,4,7,8]]
FAM D=51 ell=12 count=21 degs=[8,8,8,8,7,7,7,8,7] blocks=[[0,1,2,3],[0,1,4,5],[2,3,4,5],[1,2,4,6],[0,3,5,6],[1,3,4,7],[0,2,5,7],[2,3,6,7],[0,4,6,7],[1,5,6,7],[0,3,4,8],[1,2,5,8],[0,2,6,8],[1,3,6,8],[0,1,7,8],[2,4,7,8],[3,5,7,8]]
FAM D=48 ell=12 count=24 degs=[8,8,7,8,6,7,7,7,6] blocks=[[0,1,2,3],[0,1,4,5],[2,3,4,5],[1,2,4,6],[0,3,5,6],[1,3,4,7],[0,2,5,7],[2,3,6,7],[0,4,6,7],[1,5,6,7],[0,3,4,8],[1,2,5,8],[0,2,6,8],[1,3,6,8],[0,1,7,8],[3,5,7,8]]
FAM D=48 ell=12 count=24 degs=[7,7,8,8,7,7,7,7,6] blocks=[[0,1,2,3],[0,1,4,5],[2,3,4,5],[1,2,4,6],[0,3,5,6],[1,3,4,7],[0,2,5,7],[2,3,6,7],[0,4,6,7],[1,5,6,7],[0,3,4,8],[1,2,5,8],[0,2,6,8],[1,3,6,8],[2,4,7,8],[3,5,7,8]]
FAM D=48 ell=12 count=24 degs=[8,7,8,6,8,7,7,7,6] blocks=[[0,1,2,3],[0,1,4,5],[2,3,4,5],[1,2,4,6],[0,3,5,6],[1,3,4,7],[0,2,5,7],[2,3,6,7],[0,4,6,7],[1,5,6,7],[0,3,4,8],[1,2,5,8],[0,2,6,8],[4,5,6,8],[0,1,7,8],[2,4,7,8]]
FAM D=51 ell=12 count=21 degs=[8,7,8,7,8,8,7,8,7] blocks=[[0,1,2,3],[0,1,4,5],[2,3,4,5],[1,2,4,6],[0,3,5,6],[1,3,4,7],[0,2,5,7],[2,3,6,7],[0,4,6,7],[1,5,6,7],[0,3,4,8],[1,2,5,8],[0,2,6,8],[4,5,6,8],[0,1,7,8],[2,4,7,8],[3,5,7,8]]
FAM D=48 ell=12 count=24 degs=[8,7,7,7,7,8,7,7,6] blocks=[[0,1,2,3],[0,1,4,5],[2,3,4,5],[1,2,4,6],[0,3,5,6],[1,3,4,7],[0,2,5,7],[2,3,6,7],[0,4,6,7],[1,5,6,7],[0,3,4,8],[1,2,5,8],[0,2,6,8],[4,5,6,8],[0,1,7,8],[3,5,7,8]]
FAM D=48 ell=12 count=24 degs=[7,6,8,7,8,8,7,7,6] blocks=[[0,1,2,3],[0,1,4,5],[2,3,4,5],[1,2,4,6],[0,3,5,6],[1,3,4,7],[0,2,5,7],[2,3,6,7],[0,4,6,7],[1,5,6,7],[0,3,4,8],[1,2,5,8],[0,2,6,8],[4,5,6,8],[2,4,7,8],[3,5,7,8]]
FAM D=48 ell=12 count=24 degs=[8,7,8,7,7,7,6,8,6] blocks=[[0,1,2,3],[0,1,4,5],[2,3,4,5],[1,2,4,6],[0,3,5,6],[1,3,4,7],[0,2,5,7],[2,3,6,7],[0,4,6,7],[1,5,6,7],[0,3,4,8],[1,2,5,8],[0,2,6,8],[0,1,7,8],[2,4,7,8],[3,5,7,8]]
FAM D=48 ell=12 count=24 degs=[7,8,7,7,8,7,7,7,6] blocks=[[0,1,2,3],[0,1,4,5],[2,3,4,5],[1,2,4,6],[0,3,5,6],[1,3,4,7],[0,2,5,7],[2,3,6,7],[0,4,6,7],[1,5,6,7],[0,3,4,8],[1,2,5,8],[1,3,6,8],[4,5,6,8],[0,1,7,8],[2,4,7,8]]
FAM D=51 ell=12 count=21 degs=[7,8,7,8,8,8,7,8,7] blocks=[[0,1,2,3],[0,1,4,5],[2,3,4,5],[1,2,4,6],[0,3,5,6],[1,3,4,7],[0,2,5,7],[2,3,6,7],[0,4,6,7],[1,5,6,7],[0,3,4,8],[1,2,5,8],[1,3,6,8],[4,5,6,8],[0,1,7,8],[2,4,7,8],[3,5,7,8]]
FAM D=48 ell=12 count=24 degs=[7,8,6,8,7,8,7,7,6] blocks=[[0,1,2,3],[0,1,4,5],[2,3,4,5],[1,2,4,6],[0,3,5,6],[1,3,4,7],[0,2,5,7],[2,3,6,7],[0,4,6,7],[1,5,6,7],[0,3,4,8],[1,2,5,8],[1,3,6,8],[4,5,6,8],[0,1,7,8],[3,5,7,8]]
FAM D=48 ell=12 count=24 degs=[6,7,7,8,8,8,7,7,6] blocks=[[0,1,2,3],[0,1,4,5],[2,3,4,5],[1,2,4,6],[0,3,5,6],[1,3,4,7],[0,2,5,7],[2,3,6,7],[0,4,6,7],[1,5,6,7],[0,3,4,8],[1,2,5,8],[1,3,6,8],[4,5,6,8],[2,4,7,8],[3,5,7,8]]
FAM D=48 ell=12 count=24 degs=[7,8,7,8,7,7,6,8,6] blocks=[[0,1,2,3],[0,1,4,5],[2,3,4,5],[1,2,4,6],[0,3,5,6],[1,3,4,7],[0,2,5,7],[2,3,6,7],[0,4,6,7],[1,5,6,7],[0,3,4,8],[1,2,5,8],[1,3,6,8],[0,1,7,8],[2,4,7,8],[3,5,7,8]]
FAM D=48 ell=12 count=24 degs=[7,7,7,7,8,8,6,8,6] blocks=[[0,1,2,3],[0,1,4,5],[2,3,4,5],[1,2,4,6],[0,3,5,6],[1,3,4,7],[0,2,5,7],[2,3,6,7],[0,4,6,7],[1,5,6,7],[0,3,4,8],[1,2,5,8],[4,5,6,8],[0,1,7,8],[2,4,7,8],[3,5,7,8]]
FAM D=48 ell=12 count=24 degs=[8,7,7,7,8,6,8,7,6] blocks=[[0,1,2,3],[0,1,4,5],[2,3,4,5],[1,2,4,6],[0,3,5,6],[1,3,4,7],[0,2,5,7],[2,3,6,7],[0,4,6,7],[1,5,6,7],[0,3,4,8],[0,2,6,8],[1,3,6,8],[4,5,6,8],[0,1,7,8],[2,4,7,8]]
FAM D=51 ell=12 count=21 degs=[8,7,7,8,8,7,8,8,7] blocks=[[0,1,2,3],[0,1,4,5],[2,3,4,5],[1,2,4,6],[0,3,5,6],[1,3,4,7],[0,2,5,7],[2,3,6,7],[0,4,6,7],[1,5,6,7],[0,3,4,8],[0,2,6,8],[1,3,6,8],[4,5,6,8],[0,1,7,8],[2,4,7,8],[3,5,7,8]]
FAM D=48 ell=12 count=24 degs=[8,7,6,8,7,7,8,7,6] blocks=[[0,1,2,3],[0,1,4,5],[2,3,4,5],[1,2,4,6],[0,3,5,6],[1,3,4,7],[0,2,5,7],[2,3,6,7],[0,4,6,7],[1,5,6,7],[0,3,4,8],[0,2,6,8],[1,3,6,8],[4,5,6,8],[0,1,7,8],[3,5,7,8]]
FAM D=48 ell=12 count=24 degs=[7,6,7,8,8,7,8,7,6] blocks=[[0,1,2,3],[0,1,4,5],[2,3,4,5],[1,2,4,6],[0,3,5,6],[1,3,4,7],[0,2,5,7],[2,3,6,7],[0,4,6,7],[1,5,6,7],[0,3,4,8],[0,2,6,8],[1,3,6,8],[4,5,6,8],[2,4,7,8],[3,5,7,8]]
FAM D=48 ell=12 count=24 degs=[8,7,7,8,7,6,7,8,6] blocks=[[0,1,2,3],[0,1,4,5],[2,3,4,5],[1,2,4,6],[0,3,5,6],[1,3,4,7],[0,2,5,7],[2,3,6,7],[0,4,6,7],[1,5,6,7],[0,3,4,8],[0,2,6,8],[1,3,6,8],[0,1,7,8],[2,4,7,8],[3,5,7,8]]
FAM D=48 ell=12 count=24 degs=[8,6,7,7,8,7,7,8,6] blocks=[[0,1,2,3],[0,1,4,5],[2,3,4,5],[1,2,4,6],[0,3,5,6],[1,3,4,7],[0,2,5,7],[2,3,6,7],[0,4,6,7],[1,5,6,7],[0,3,4,8],[0,2,6,8],[4,5,6,8],[0,1,7,8],[2,4,7,8],[3,5,7,8]]
FAM D=48 ell=12 count=24 degs=[7,7,6,8,8,7,7,8,6] blocks=[[0,1,2,3],[0,1,4,5],[2,3,4,5],[1,2,4,6],[0,3,5,6],[1,3,4,7],[0,2,5,7],[2,3,6,7],[0,4,6,7],[1,5,6,7],[0,3,4,8],[1,3,6,8],[4,5,6,8],[0,1,7,8],[2,4,7,8],[3,5,7,8]]
FAM D=48 ell=12 count=24 degs=[7,8,8,6,7,7,8,7,6] blocks=[[0,1,2,3],[0,1,4,5],[2,3,4,5],[1,2,4,6],[0,3,5,6],[1,3,4,7],[0,2,5,7],[2,3,6,7],[0,4,6,7],[1,5,6,7],[1,2,5,8],[0,2,6,8],[1,3,6,8],[4,5,6,8],[0,1,7,8],[2,4,7,8]]
FAM D=51 ell=12 count=21 degs=[7,8,8,7,7,8,8,8,7] blocks=[[0,1,2,3],[0,1,4,5],[2,3,4,5],[1,2,4,6],[0,3,5,6],[1,3,4,7],[0,2,5,7],[2,3,6,7],[0,4,6,7],[1,5,6,7],[1,2,5,8],[0,2,6,8],[1,3,6,8],[4,5,6,8],[0,1,7,8],[2,4,7,8],[3,5,7,8]]
FAM D=48 ell=12 count=24 degs=[7,8,7,7,6,8,8,7,6] blocks=[[0,1,2,3],[0,1,4,5],[2,3,4,5],[1,2,4,6],[0,3,5,6],[1,3,4,7],[0,2,5,7],[2,3,6,7],[0,4,6,7],[1,5,6,7],[1,2,5,8],[0,2,6,8],[1,3,6,8],[4,5,6,8],[0,1,7,8],[3,5,7,8]]
FAM D=48 ell=12 count=24 degs=[6,7,8,7,7,8,8,7,6] blocks=[[0,1,2,3],[0,1,4,5],[2,3,4,5],[1,2,4,6],[0,3,5,6],[1,3,4,7],[0,2,5,7],[2,3,6,7],[0,4,6,7],[1,5,6,7],[1,2,5,8],[0,2,6,8],[1,3,6,8],[4,5,6,8],[2,4,7,8],[3,5,7,8]]
FAM D=48 ell=12 count=24 degs=[7,8,8,7,6,7,7,8,6] blocks=[[0,1,2,3],[0,1,4,5],[2,3,4,5],[1,2,4,6],[0,3,5,6],[1,3,4,7],[0,2,5,7],[2,3,6,7],[0,4,6,7],[1,5,6,7],[1,2,5,8],[0,2,6,8],[1,3,6,8],[0,1,7,8],[2,4,7,8],[3,5,7,8]]
FAM D=48 ell=12 count=24 degs=[7,7,8,6,7,8,7,8,6] blocks=[[0,1,2,3],[0,1,4,5],[2,3,4,5],[1,2,4,6],[0,3,5,6],[1,3,4,7],[0,2,5,7],[2,3,6,7],[0,4,6,7],[1,5,6,7],[1,2,5,8],[0,2,6,8],[4,5,6,8],[0,1,7,8],[2,4,7,8],[3,5,7,8]]
FAM D=48 ell=12 count=24 degs=[6,8,7,7,7,8,7,8,6] blocks=[[0,1,2,3],[0,1,4,5],[2,3,4,5],[1,2,4,6],[0,3,5,6],[1,3,4,7],[0,2,5,7],[2,3,6,7],[0,4,6,7],[1,5,6,7],[1,2,5,8],[1,3,6,8],[4,5,6,8],[0,1,7,8],[2,4,7,8],[3,5,7,8]]
FAM D=48 ell=12 count=24 degs=[7,8,7,8,6,7,8,7,6] blocks=[[0,1,2,3],[0,1,4,5],[2,3,4,5],[1,2,4,6],[0,3,5,6],[1,3,4,7],[0,2,5,7],[2,3,6,7],[0,4,6,7],[1,5,6,7],[1,3,5,8],[0,1,6,8],[3,4,6,8],[2,5,6,8],[1,2,7,8],[0,3,7,8]]
FAM D=51 ell=12 count=21 degs=[7,8,7,8,7,8,8,8,7] blocks=[[0,1,2,3],[0,1,4,5],[2,3,4,5],[1,2,4,6],[0,3,5,6],[1,3,4,7],[0,2,5,7],[2,3,6,7],[0,4,6,7],[1,5,6,7],[1,3,5,8],[0,1,6,8],[3,4,6,8],[2,5,6,8],[1,2,7,8],[0,3,7,8],[4,5,7,8]]
FAM D=48 ell=12 count=24 degs=[6,8,7,7,7,8,8,7,6] blocks=[[0,1,2,3],[0,1,4,5],[2,3,4,5],[1,2,4,6],[0,3,5,6],[1,3,4,7],[0,2,5,7],[2,3,6,7],[0,4,6,7],[1,5,6,7],[1,3,5,8],[0,1,6,8],[3,4,6,8],[2,5,6,8],[1,2,7,8],[4,5,7,8]]
FAM D=48 ell=12 count=24 degs=[7,7,6,8,7,8,8,7,6] blocks=[[0,1,2,3],[0,1,4,5],[2,3,4,5],[1,2,4,6],[0,3,5,6],[1,3,4,7],[0,2,5,7],[2,3,6,7],[0,4,6,7],[1,5,6,7],[1,3,5,8],[0,1,6,8],[3,4,6,8],[2,5,6,8],[0,3,7,8],[4,5,7,8]]
FAM D=48 ell=12 count=24 degs=[7,8,6,8,7,7,7,8,6] blocks=[[0,1,2,3],[0,1,4,5],[2,3,4,5],[1,2,4,6],[0,3,5,6],[1,3,4,7],[0,2,5,7],[2,3,6,7],[0,4,6,7],[1,5,6,7],[1,3,5,8],[0,1,6,8],[3,4,6,8],[1,2,7,8],[0,3,7,8],[4,5,7,8]]
FAM D=48 ell=12 count=24 degs=[7,8,7,7,6,8,7,8,6] blocks=[[0,1,2,3],[0,1,4,5],[2,3,4,5],[1,2,4,6],[0,3,5,6],[1,3,4,7],[0,2,5,7],[2,3,6,7],[0,4,6,7],[1,5,6,7],[1,3,5,8],[0,1,6,8],[2,5,6,8],[1,2,7,8],[0,3,7,8],[4,5,7,8]]
FAM D=48 ell=12 count=24 degs=[6,7,7,8,7,8,7,8,6] blocks=[[0,1,2,3],[0,1,4,5],[2,3,4,5],[1,2,4,6],[0,3,5,6],[1,3,4,7],[0,2,5,7],[2,3,6,7],[0,4,6,7],[1,5,6,7],[1,3,5,8],[3,4,6,8],[2,5,6,8],[1,2,7,8],[0,3,7,8],[4,5,7,8]]
FAM D=48 ell=12 count=24 degs=[7,7,7,7,7,7,8,8,6] blocks=[[0,1,2,3],[0,1,4,5],[2,3,4,5],[1,2,4,6],[0,3,5,6],[1,3,4,7],[0,2,5,7],[2,3,6,7],[0,4,6,7],[1,5,6,7],[0,1,6,8],[3,4,6,8],[2,5,6,8],[1,2,7,8],[0,3,7,8],[4,5,7,8]]
FAM D=48 ell=12 count=24 degs=[7,7,7,7,7,7,8,8,6] blocks=[[0,1,2,3],[0,1,4,5],[2,3,4,5],[1,2,4,6],[0,3,5,6],[1,3,4,7],[0,2,5,7],[2,3,6,7],[0,4,6,7],[1,5,6,7],[0,2,6,8],[1,3,6,8],[4,5,6,8],[0,1,7,8],[2,4,7,8],[3,5,7,8]]
FAM D=48 ell=12 count=24 degs=[8,7,8,8,7,6,7,6,7] blocks=[[0,1,2,3],[0,1,4,5],[2,3,4,5],[1,2,4,6],[0,3,5,6],[1,3,4,7],[0,2,5,7],[2,3,6,7],[0,4,6,7],[0,2,4,8],[1,3,5,8],[0,1,6,8],[3,4,6,8],[2,5,6,8],[1,2,7,8],[0,3,7,8]]
FAM D=51 ell=12 count=21 degs=[8,7,8,8,8,7,7,7,8] blocks=[[0,1,2,3],[0,1,4,5],[2,3,4,5],[1,2,4,6],[0,3,5,6],[1,3,4,7],[0,2,5,7],[2,3,6,7],[0,4,6,7],[0,2,4,8],[1,3,5,8],[0,1,6,8],[3,4,6,8],[2,5,6,8],[1,2,7,8],[0,3,7,8],[4,5,7,8]]
FAM D=48 ell=12 count=24 degs=[7,7,8,7,8,7,7,6,7] blocks=[[0,1,2,3],[0,1,4,5],[2,3,4,5],[1,2,4,6],[0,3,5,6],[1,3,4,7],[0,2,5,7],[2,3,6,7],[0,4,6,7],[0,2,4,8],[1,3,5,8],[0,1,6,8],[3,4,6,8],[2,5,6,8],[1,2,7,8],[4,5,7,8]]
FAM D=48 ell=12 count=24 degs=[8,6,7,8,8,7,7,6,7] blocks=[[0,1,2,3],[0,1,4,5],[2,3,4,5],[1,2,4,6],[0,3,5,6],[1,3,4,7],[0,2,5,7],[2,3,6,7],[0,4,6,7],[0,2,4,8],[1,3,5,8],[0,1,6,8],[3,4,6,8],[2,5,6,8],[0,3,7,8],[4,5,7,8]]
FAM D=48 ell=12 count=24 degs=[8,7,7,8,8,6,6,7,7] blocks=[[0,1,2,3],[0,1,4,5],[2,3,4,5],[1,2,4,6],[0,3,5,6],[1,3,4,7],[0,2,5,7],[2,3,6,7],[0,4,6,7],[0,2,4,8],[1,3,5,8],[0,1,6,8],[3,4,6,8],[1,2,7,8],[0,3,7,8],[4,5,7,8]]
FAM D=48 ell=12 count=24 degs=[8,7,8,7,7,7,6,7,7] blocks=[[0,1,2,3],[0,1,4,5],[2,3,4,5],[1,2,4,6],[0,3,5,6],[1,3,4,7],[0,2,5,7],[2,3,6,7],[0,4,6,7],[0,2,4,8],[1,3,5,8],[0,1,6,8],[2,5,6,8],[1,2,7,8],[0,3,7,8],[4,5,7,8]]
FAM D=48 ell=12 count=24 degs=[7,6,8,8,8,7,6,7,7] blocks=[[0,1,2,3],[0,1,4,5],[2,3,4,5],[1,2,4,6],[0,3,5,6],[1,3,4,7],[0,2,5,7],[2,3,6,7],[0,4,6,7],[0,2,4,8],[1,3,5,8],[3,4,6,8],[2,5,6,8],[1,2,7,8],[0,3,7,8],[4,5,7,8]]
FAM D=48 ell=12 count=24 degs=[8,6,8,7,8,6,7,7,7] blocks=[[0,1,2,3],[0,1,4,5],[2,3,4,5],[1,2,4,6],[0,3,5,6],[1,3,4,7],[0,2,5,7],[2,3,6,7],[0,4,6,7],[0,2,4,8],[0,1,6,8],[3,4,6,8],[2,5,6,8],[1,2,7,8],[0,3,7,8],[4,5,7,8]]
FAM D=48 ell=12 count=24 degs=[8,7,8,7,8,6,7,6,7] blocks=[[0,1,2,3],[0,1,4,5],[2,3,4,5],[1,2,4,6],[0,3,5,6],[1,3,4,7],[0,2,5,7],[2,3,6,7],[0,4,6,7],[0,3,4,8],[1,2,5,8],[0,2,6,8],[1,3,6,8],[4,5,6,8],[0,1,7,8],[2,4,7,8]]
FAM D=51 ell=12 count=21 degs=[8,7,8,8,8,7,7,7,8] blocks=[[0,1,2,3],[0,1,4,5],[2,3,4,5],[1,2,4,6],[0,3,5,6],[1,3,4,7],[0,2,5,7],[2,3,6,7],[0,4,6,7],[0,3,4,8],[1,2,5,8],[0,2,6,8],[1,3,6,8],[4,5,6,8],[0,1,7,8],[2,4,7,8],[3,5,7,8]]
FAM D=48 ell=12 count=24 degs=[8,7,7,8,7,7,7,6,7] blocks=[[0,1,2,3],[0,1,4,5],[2,3,4,5],[1,2,4,6],[0,3,5,6],[1,3,4,7],[0,2,5,7],[2,3,6,7],[0,4,6,7],[0,3,4,8],[1,2,5,8],[0,2,6,8],[1,3,6,8],[4,5,6,8],[0,1,7,8],[3,5,7,8]]
FAM D=48 ell=12 count=24 degs=[7,6,8,8,8,7,7,6,7] blocks=[[0,1,2,3],[0,1,4,5],[2,3,4,5],[1,2,4,6],[0,3,5,6],[1,3,4,7],[0,2,5,7],[2,3,6,7],[0,4,6,7],[0,3,4,8],[1,2,5,8],[0,2,6,8],[1,3,6,8],[4,5,6,8],[2,4,7,8],[3,5,7,8]]
FAM D=48 ell=12 count=24 degs=[8,7,8,8,7,6,6,7,7] blocks=[[0,1,2,3],[0,1,4,5],[2,3,4,5],[1,2,4,6],[0,3,5,6],[1,3,4,7],[0,2,5,7],[2,3,6,7],[0,4,6,7],[0,3,4,8],[1,2,5,8],[0,2,6,8],[1,3,6,8],[0,1,7,8],[2,4,7,8],[3,5,7,8]]
FAM D=48 ell=12 count=24 degs=[8,6,8,7,8,7,6,7,7] blocks=[[0,1,2,3],[0,1,4,5],[2,3,4,5],[1,2,4,6],[0,3,5,6],[1,3,4,7],[0,2,5,7],[2,3,6,7],[0,4,6,7],[0,3,4,8],[1,2,5,8],[0,2,6,8],[4,5,6,8],[0,1,7,8],[2,4,7,8],[3,5,7,8]]
FAM D=48 ell=12 count=24 degs=[7,7,7,8,8,7,6,7,7] blocks=[[0,1,2,3],[0,1,4,5],[2,3,4,5],[1,2,4,6],[0,3,5,6],[1,3,4,7],[0,2,5,7],[2,3,6,7],[0,4,6,7],[0,3,4,8],[1,2,5,8],[1,3,6,8],[4,5,6,8],[0,1,7,8],[2,4,7,8],[3,5,7,8]]
FAM D=48 ell=12 count=24 degs=[8,6,7,8,8,6,7,7,7] blocks=[[0,1,2,3],[0,1,4,5],[2,3,4,5],[1,2,4,6],[0,3,5,6],[1,3,4,7],[0,2,5,7],[2,3,6,7],[0,4,6,7],[0,3,4,8],[0,2,6,8],[1,3,6,8],[4,5,6,8],[0,1,7,8],[2,4,7,8],[3,5,7,8]]
FAM D=48 ell=12 count=24 degs=[7,7,8,7,7,7,7,7,7] blocks=[[0,1,2,3],[0,1,4,5],[2,3,4,5],[1,2,4,6],[0,3,5,6],[1,3,4,7],[0,2,5,7],[2,3,6,7],[0,4,6,7],[1,2,5,8],[0,2,6,8],[1,3,6,8],[4,5,6,8],[0,1,7,8],[2,4,7,8],[3,5,7,8]]
FAM D=48 ell=12 count=24 degs=[7,7,7,8,7,7,7,7,7] blocks=[[0,1,2,3],[0,1,4,5],[2,3,4,5],[1,2,4,6],[0,3,5,6],[1,3,4,7],[0,2,5,7],[2,3,6,7],[0,4,6,7],[1,3,5,8],[0,1,6,8],[3,4,6,8],[2,5,6,8],[1,2,7,8],[0,3,7,8],[4,5,7,8]]
FAM D=48 ell=12 count=24 degs=[7,8,8,8,6,7,7,6,7] blocks=[[0,1,2,3],[0,1,4,5],[2,3,4,5],[1,2,4,6],[0,3,5,6],[1,3,4,7],[0,2,5,7],[2,3,6,7],[1,5,6,7],[0,2,4,8],[1,3,5,8],[0,1,6,8],[3,4,6,8],[2,5,6,8],[1,2,7,8],[0,3,7,8]]
FAM D=51 ell=12 count=21 degs=[7,8,8,8,7,8,7,7,8] blocks=[[0,1,2,3],[0,1,4,5],[2,3,4,5],[1,2,4,6],[0,3,5,6],[1,3,4,7],[0,2,5,7],[2,3,6,7],[1,5,6,7],[0,2,4,8],[1,3,5,8],[0,1,6,8],[3,4,6,8],[2,5,6,8],[1,2,7,8],[0,3,7,8],[4,5,7,8]]
FAM D=48 ell=12 count=24 degs=[6,8,8,7,7,8,7,6,7] blocks=[[0,1,2,3],[0,1,4,5],[2,3,4,5],[1,2,4,6],[0,3,5,6],[1,3,4,7],[0,2,5,7],[2,3,6,7],[1,5,6,7],[0,2,4,8],[1,3,5,8],[0,1,6,8],[3,4,6,8],[2,5,6,8],[1,2,7,8],[4,5,7,8]]
FAM D=48 ell=12 count=24 degs=[7,7,7,8,7,8,7,6,7] blocks=[[0,1,2,3],[0,1,4,5],[2,3,4,5],[1,2,4,6],[0,3,5,6],[1,3,4,7],[0,2,5,7],[2,3,6,7],[1,5,6,7],[0,2,4,8],[1,3,5,8],[0,1,6,8],[3,4,6,8],[2,5,6,8],[0,3,7,8],[4,5,7,8]]
FAM D=48 ell=12 count=24 degs=[7,8,7,8,7,7,6,7,7] blocks=[[0,1,2,3],[0,1,4,5],[2,3,4,5],[1,2,4,6],[0,3,5,6],[1,3,4,7],[0,2,5,7],[2,3,6,7],[1,5,6,7],[0,2,4,8],[1,3,5,8],[0,1,6,8],[3,4,6,8],[1,2,7,8],[0,3,7,8],[4,5,7,8]]
FAM D=48 ell=12 count=24 degs=[7,8,8,7,6,8,6,7,7] blocks=[[0,1,2,3],[0,1,4,5],[2,3,4,5],[1,2,4,6],[0,3,5,6],[1,3,4,7],[0,2,5,7],[2,3,6,7],[1,5,6,7],[0,2,4,8],[1,3,5,8],[0,1,6,8],[2,5,6,8],[1,2,7,8],[0,3,7,8],[4,5,7,8]]
FAM D=48 ell=12 count=24 degs=[6,7,8,8,7,8,6,7,7] blocks=[[0,1,2,3],[0,1,4,5],[2,3,4,5],[1,2,4,6],[0,3,5,6],[1,3,4,7],[0,2,5,7],[2,3,6,7],[1,5,6,7],[0,2,4,8],[1,3,5,8],[3,4,6,8],[2,5,6,8],[1,2,7,8],[0,3,7,8],[4,5,7,8]]
FAM D=48 ell=12 count=24 degs=[7,7,8,7,7,7,7,7,7] blocks=[[0,1,2,3],[0,1,4,5],[2,3,4,5],[1,2,4,6],[0,3,5,6],[1,3,4,7],[0,2,5,7],[2,3,6,7],[1,5,6,7],[0,2,4,8],[0,1,6,8],[3,4,6,8],[2,5,6,8],[1,2,7,8],[0,3,7,8],[4,5,7,8]]
FAM D=48 ell=12 count=24 degs=[7,8,8,7,7,7,7,6,7] blocks=[[0,1,2,3],[0,1,4,5],[2,3,4,5],[1,2,4,6],[0,3,5,6],[1,3,4,7],[0,2,5,7],[2,3,6,7],[1,5,6,7],[0,3,4,8],[1,2,5,8],[0,2,6,8],[1,3,6,8],[4,5,6,8],[0,1,7,8],[2,4,7,8]]
FAM D=51 ell=12 count=21 degs=[7,8,8,8,7,8,7,7,8] blocks=[[0,1,2,3],[0,1,4,5],[2,3,4,5],[1,2,4,6],[0,3,5,6],[1,3,4,7],[0,2,5,7],[2,3,6,7],[1,5,6,7],[0,3,4,8],[1,2,5,8],[0,2,6,8],[1,3,6,8],[4,5,6,8],[0,1,7,8],[2,4,7,8],[3,5,7,8]]
FAM D=48 ell=12 count=24 degs=[7,8,7,8,6,8,7,6,7] blocks=[[0,1,2,3],[0,1,4,5],[2,3,4,5],[1,2,4,6],[0,3,5,6],[1,3,4,7],[0,2,5,7],[2,3,6,7],[1,5,6,7],[0,3,4,8],[1,2,5,8],[0,2,6,8],[1,3,6,8],[4,5,6,8],[0,1,7,8],[3,5,7,8]]
FAM D=48 ell=12 count=24 degs=[6,7,8,8,7,8,7,6,7] blocks=[[0,1,2,3],[0,1,4,5],[2,3,4,5],[1,2,4,6],[0,3,5,6],[1,3,4,7],[0,2,5,7],[2,3,6,7],[1,5,6,7],[0,3,4,8],[1,2,5,8],[0,2,6,8],[1,3,6,8],[4,5,6,8],[2,4,7,8],[3,5,7,8]]
FAM D=48 ell=12 count=24 degs=[7,8,8,8,6,7,6,7,7] blocks=[[0,1,2,3],[0,1,4,5],[2,3,4,5],[1,2,4,6],[0,3,5,6],[1,3,4,7],[0,2,5,7],[2,3,6,7],[1,5,6,7],[0,3,4,8],[1,2,5,8],[0,2,6,8],[1,3,6,8],[0,1,7,8],[2,4,7,8],[3,5,7,8]]
FAM D=48 ell=12 count=24 degs=[7,7,8,7,7,8,6,7,7] blocks=[[0,1,2,3],[0,1,4,5],[2,3,4,5],[1,2,4,6],[0,3,5,6],[1,3,4,7],[0,2,5,7],[2,3,6,7],[1,5,6,7],[0,3,4,8],[1,2,5,8],[0,2,6,8],[4,5,6,8],[0,1,7,8],[2,4,7,8],[3,5,7,8]]
FAM D=48 ell=12 count=24 degs=[6,8,7,8,7,8,6,7,7] blocks=[[0,1,2,3],[0,1,4,5],[2,3,4,5],[1,2,4,6],[0,3,5,6],[1,3,4,7],[0,2,5,7],[2,3,6,7],[1,5,6,7],[0,3,4,8],[1,2,5,8],[1,3,6,8],[4,5,6,8],[0,1,7,8],[2,4,7,8],[3,5,7,8]]
FAM D=48 ell=12 count=24 degs=[7,7,7,8,7,7,7,7,7] blocks=[[0,1,2,3],[0,1,4,5],[2,3,4,5],[1,2,4,6],[0,3,5,6],[1,3,4,7],[0,2,5,7],[2,3,6,7],[1,5,6,7],[0,3,4,8],[0,2,6,8],[1,3,6,8],[4,5,6,8],[0,1,7,8],[2,4,7,8],[3,5,7,8]]
FAM D=48 ell=12 count=24 degs=[6,8,8,7,6,8,7,7,7] blocks=[[0,1,2,3],[0,1,4,5],[2,3,4,5],[1,2,4,6],[0,3,5,6],[1,3,4,7],[0,2,5,7],[2,3,6,7],[1,5,6,7],[1,2,5,8],[0,2,6,8],[1,3,6,8],[4,5,6,8],[0,1,7,8],[2,4,7,8],[3,5,7,8]]
FAM D=48 ell=12 count=24 degs=[6,8,7,8,6,8,7,7,7] blocks=[[0,1,2,3],[0,1,4,5],[2,3,4,5],[1,2,4,6],[0,3,5,6],[1,3,4,7],[0,2,5,7],[2,3,6,7],[1,5,6,7],[1,3,5,8],[0,1,6,8],[3,4,6,8],[2,5,6,8],[1,2,7,8],[0,3,7,8],[4,5,7,8]]
FAM D=48 ell=12 count=24 degs=[7,7,8,8,7,7,6,6,8] blocks=[[0,1,2,3],[0,1,4,5],[2,3,4,5],[1,2,4,6],[0,3,5,6],[1,3,4,7],[0,2,5,7],[2,3,6,7],[0,2,4,8],[1,3,5,8],[0,1,6,8],[3,4,6,8],[2,5,6,8],[1,2,7,8],[0,3,7,8],[4,5,7,8]]
FAM D=48 ell=12 count=24 degs=[7,7,8,8,7,7,6,6,8] blocks=[[0,1,2,3],[0,1,4,5],[2,3,4,5],[1,2,4,6],[0,3,5,6],[1,3,4,7],[0,2,5,7],[2,3,6,7],[0,3,4,8],[1,2,5,8],[0,2,6,8],[1,3,6,8],[4,5,6,8],[0,1,7,8],[2,4,7,8],[3,5,7,8]]
FAM D=48 ell=12 count=24 degs=[8,8,7,7,7,7,7,6,7] blocks=[[0,1,2,3],[0,1,4,5],[2,3,4,5],[1,2,4,6],[0,3,5,6],[1,3,4,7],[0,2,5,7],[0,4,6,7],[1,5,6,7],[0,2,4,8],[1,3,5,8],[0,1,6,8],[3,4,6,8],[2,5,6,8],[1,2,7,8],[0,3,7,8]]
FAM D=51 ell=12 count=21 degs=[8,8,7,7,8,8,7,7,8] blocks=[[0,1,2,3],[0,1,4,5],[2,3,4,5],[1,2,4,6],[0,3,5,6],[1,3,4,7],[0,2,5,7],[0,4,6,7],[1,5,6,7],[0,2,4,8],[1,3,5,8],[0,1,6,8],[3,4,6,8],[2,5,6,8],[1,2,7,8],[0,3,7,8],[4,5,7,8]]
FAM D=48 ell=12 count=24 degs=[7,8,7,6,8,8,7,6,7] blocks=[[0,1,2,3],[0,1,4,5],[2,3,4,5],[1,2,4,6],[0,3,5,6],[1,3,4,7],[0,2,5,7],[0,4,6,7],[1,5,6,7],[0,2,4,8],[1,3,5,8],[0,1,6,8],[3,4,6,8],[2,5,6,8],[1,2,7,8],[4,5,7,8]]
FAM D=48 ell=12 count=24 degs=[8,7,6,7,8,8,7,6,7] blocks=[[0,1,2,3],[0,1,4,5],[2,3,4,5],[1,2,4,6],[0,3,5,6],[1,3,4,7],[0,2,5,7],[0,4,6,7],[1,5,6,7],[0,2,4,8],[1,3,5,8],[0,1,6,8],[3,4,6,8],[2,5,6,8],[0,3,7,8],[4,5,7,8]]
FAM D=48 ell=12 count=24 degs=[8,8,6,7,8,7,6,7,7] blocks=[[0,1,2,3],[0,1,4,5],[2,3,4,5],[1,2,4,6],[0,3,5,6],[1,3,4,7],[0,2,5,7],[0,4,6,7],[1,5,6,7],[0,2,4,8],[1,3,5,8],[0,1,6,8],[3,4,6,8],[1,2,7,8],[0,3,7,8],[4,5,7,8]]
FAM D=48 ell=12 count=24 degs=[8,8,7,6,7,8,6,7,7] blocks=[[0,1,2,3],[0,1,4,5],[2,3,4,5],[1,2,4,6],[0,3,5,6],[1,3,4,7],[0,2,5,7],[0,4,6,7],[1,5,6,7],[0,2,4,8],[1,3,5,8],[0,1,6,8],[2,5,6,8],[1,2,7,8],[0,3,7,8],[4,5,7,8]]
FAM D=48 ell=12 count=24 degs=[7,7,7,7,8,8,6,7,7] blocks=[[0,1,2,3],[0,1,4,5],[2,3,4,5],[1,2,4,6],[0,3,5,6],[1,3,4,7],[0,2,5,7],[0,4,6,7],[1,5,6,7],[0,2,4,8],[1,3,5,8],[3,4,6,8],[2,5,6,8],[1,2,7,8],[0,3,7,8],[4,5,7,8]]
FAM D=48 ell=12 count=24 degs=[8,7,7,6,8,7,7,7,7] blocks=[[0,1,2,3],[0,1,4,5],[2,3,4,5],[1,2,4,6],[0,3,5,6],[1,3,4,7],[0,2,5,7],[0,4,6,7],[1,5,6,7],[0,2,4,8],[0,1,6,8],[3,4,6,8],[2,5,6,8],[1,2,7,8],[0,3,7,8],[4,5,7,8]]
FAM D=48 ell=12 count=24 degs=[8,8,7,6,8,7,7,6,7] blocks=[[0,1,2,3],[0,1,4,5],[2,3,4,5],[1,2,4,6],[0,3,5,6],[1,3,4,7],[0,2,5,7],[0,4,6,7],[1,5,6,7],[0,3,4,8],[1,2,5,8],[0,2,6,8],[1,3,6,8],[4,5,6,8],[0,1,7,8],[2,4,7,8]]
FAM D=51 ell=12 count=21 degs=[8,8,7,7,8,8,7,7,8] blocks=[[0,1,2,3],[0,1,4,5],[2,3,4,5],[1,2,4,6],[0,3,5,6],[1,3,4,7],[0,2,5,7],[0,4,6,7],[1,5,6,7],[0,3,4,8],[1,2,5,8],[0,2,6,8],[1,3,6,8],[4,5,6,8],[0,1,7,8],[2,4,7,8],[3,5,7,8]]
FAM D=48 ell=12 count=24 degs=[8,8,6,7,7,8,7,6,7] blocks=[[0,1,2,3],[0,1,4,5],[2,3,4,5],[1,2,4,6],[0,3,5,6],[1,3,4,7],[0,2,5,7],[0,4,6,7],[1,5,6,7],[0,3,4,8],[1,2,5,8],[0,2,6,8],[1,3,6,8],[4,5,6,8],[0,1,7,8],[3,5,7,8]]
FAM D=48 ell=12 count=24 degs=[7,7,7,7,8,8,7,6,7] blocks=[[0,1,2,3],[0,1,4,5],[2,3,4,5],[1,2,4,6],[0,3,5,6],[1,3,4,7],[0,2,5,7],[0,4,6,7],[1,5,6,7],[0,3,4,8],[1,2,5,8],[0,2,6,8],[1,3,6,8],[4,5,6,8],[2,4,7,8],[3,5,7,8]]
FAM D=48 ell=12 count=24 degs=[8,8,7,7,7,7,6,7,7] blocks=[[0,1,2,3],[0,1,4,5],[2,3,4,5],[1,2,4,6],[0,3,5,6],[1,3,4,7],[0,2,5,7],[0,4,6,7],[1,5,6,7],[0,3,4,8],[1,2,5,8],[0,2,6,8],[1,3,6,8],[0,1,7,8],[2,4,7,8],[3,5,7,8]]
FAM D=48 ell=12 count=24 degs=[8,7,7,6,8,8,6,7,7] blocks=[[0,1,2,3],[0,1,4,5],[2,3,4,5],[1,2,4,6],[0,3,5,6],[1,3,4,7],[0,2,5,7],[0,4,6,7],[1,5,6,7],[0,3,4,8],[1,2,5,8],[0,2,6,8],[4,5,6,8],[0,1,7,8],[2,4,7,8],[3,5,7,8]]
FAM D=48 ell=12 count=24 degs=[7,8,6,7,8,8,6,7,7] blocks=[[0,1,2,3],[0,1,4,5],[2,3,4,5],[1,2,4,6],[0,3,5,6],[1,3,4,7],[0,2,5,7],[0,4,6,7],[1,5,6,7],[0,3,4,8],[1,2,5,8],[1,3,6,8],[4,5,6,8],[0,1,7,8],[2,4,7,8],[3,5,7,8]]
FAM D=48 ell=12 count=24 degs=[8,7,6,7,8,7,7,7,7] blocks=[[0,1,2,3],[0,1,4,5],[2,3,4,5],[1,2,4,6],[0,3,5,6],[1,3,4,7],[0,2,5,7],[0,4,6,7],[1,5,6,7],[0,3,4,8],[0,2,6,8],[1,3,6,8],[4,5,6,8],[0,1,7,8],[2,4,7,8],[3,5,7,8]]
FAM D=48 ell=12 count=24 degs=[7,8,7,6,7,8,7,7,7] blocks=[[0,1,2,3],[0,1,4,5],[2,3,4,5],[1,2,4,6],[0,3,5,6],[1,3,4,7],[0,2,5,7],[0,4,6,7],[1,5,6,7],[1,2,5,8],[0,2,6,8],[1,3,6,8],[4,5,6,8],[0,1,7,8],[2,4,7,8],[3,5,7,8]]
FAM D=48 ell=12 count=24 degs=[7,8,6,7,7,8,7,7,7] blocks=[[0,1,2,3],[0,1,4,5],[2,3,4,5],[1,2,4,6],[0,3,5,6],[1,3,4,7],[0,2,5,7],[0,4,6,7],[1,5,6,7],[1,3,5,8],[0,1,6,8],[3,4,6,8],[2,5,6,8],[1,2,7,8],[0,3,7,8],[4,5,7,8]]
FAM D=48 ell=12 count=24 degs=[8,7,7,7,8,7,6,6,8] blocks=[[0,1,2,3],[0,1,4,5],[2,3,4,5],[1,2,4,6],[0,3,5,6],[1,3,4,7],[0,2,5,7],[0,4,6,7],[0,2,4,8],[1,3,5,8],[0,1,6,8],[3,4,6,8],[2,5,6,8],[1,2,7,8],[0,3,7,8],[4,5,7,8]]
FAM D=48 ell=12 count=24 degs=[8,7,7,7,8,7,6,6,8] blocks=[[0,1,2,3],[0,1,4,5],[2,3,4,5],[1,2,4,6],[0,3,5,6],[1,3,4,7],[0,2,5,7],[0,4,6,7],[0,3,4,8],[1,2,5,8],[0,2,6,8],[1,3,6,8],[4,5,6,8],[0,1,7,8],[2,4,7,8],[3,5,7,8]]
FAM D=48 ell=12 count=24 degs=[7,8,7,7,7,8,6,6,8] blocks=[[0,1,2,3],[0,1,4,5],[2,3,4,5],[1,2,4,6],[0,3,5,6],[1,3,4,7],[0,2,5,7],[1,5,6,7],[0,2,4,8],[1,3,5,8],[0,1,6,8],[3,4,6,8],[2,5,6,8],[1,2,7,8],[0,3,7,8],[4,5,7,8]]
FAM D=48 ell=12 count=24 degs=[7,8,7,7,7,8,6,6,8] blocks=[[0,1,2,3],[0,1,4,5],[2,3,4,5],[1,2,4,6],[0,3,5,6],[1,3,4,7],[0,2,5,7],[1,5,6,7],[0,3,4,8],[1,2,5,8],[0,2,6,8],[1,3,6,8],[4,5,6,8],[0,1,7,8],[2,4,7,8],[3,5,7,8]]
FAM D=48 ell=12 count=24 degs=[7,8,7,8,7,6,8,6,7] blocks=[[0,1,2,3],[0,1,4,5],[2,3,4,5],[1,2,4,6],[0,3,5,6],[1,3,4,7],[2,3,6,7],[0,4,6,7],[1,5,6,7],[0,2,4,8],[1,3,5,8],[0,1,6,8],[3,4,6,8],[2,5,6,8],[1,2,7,8],[0,3,7,8]]
FAM D=51 ell=12 count=21 degs=[7,8,7,8,8,7,8,7,8] blocks=[[0,1,2,3],[0,1,4,5],[2,3,4,5],[1,2,4,6],[0,3,5,6],[1,3,4,7],[2,3,6,7],[0,4,6,7],[1,5,6,7],[0,2,4,8],[1,3,5,8],[0,1,6,8],[3,4,6,8],[2,5,6,8],[1,2,7,8],[0,3,7,8],[4,5,7,8]]
FAM D=48 ell=12 count=24 degs=[6,8,7,7,8,7,8,6,7] blocks=[[0,1,2,3],[0,1,4,5],[2,3,4,5],[1,2,4,6],[0,3,5,6],[1,3,4,7],[2,3,6,7],[0,4,6,7],[1,5,6,7],[0,2,4,8],[1,3,5,8],[0,1,6,8],[3,4,6,8],[2,5,6,8],[1,2,7,8],[4,5,7,8]]
FAM D=48 ell=12 count=24 degs=[7,7,6,8,8,7,8,6,7] blocks=[[0,1,2,3],[0,1,4,5],[2,3,4,5],[1,2,4,6],[0,3,5,6],[1,3,4,7],[2,3,6,7],[0,4,6,7],[1,5,6,7],[0,2,4,8],[1,3,5,8],[0,1,6,8],[3,4,6,8],[2,5,6,8],[0,3,7,8],[4,5,7,8]]
FAM D=48 ell=12 count=24 degs=[7,8,6,8,8,6,7,7,7] blocks=[[0,1,2,3],[0,1,4,5],[2,3,4,5],[1,2,4,6],[0,3,5,6],[1,3,4,7],[2,3,6,7],[0,4,6,7],[1,5,6,7],[0,2,4,8],[1,3,5,8],[0,1,6,8],[3,4,6,8],[1,2,7,8],[0,3,7,8],[4,5,7,8]]
FAM D=48 ell=12 count=24 degs=[7,8,7,7,7,7,7,7,7] blocks=[[0,1,2,3],[0,1,4,5],[2,3,4,5],[1,2,4,6],[0,3,5,6],[1,3,4,7],[2,3,6,7],[0,4,6,7],[1,5,6,7],[0,2,4,8],[1,3,5,8],[0,1,6,8],[2,5,6,8],[1,2,7,8],[0,3,7,8],[4,5,7,8]]
FAM D=48 ell=12 count=24 degs=[6,7,7,8,8,7,7,7,7] blocks=[[0,1,2,3],[0,1,4,5],[2,3,4,5],[1,2,4,6],[0,3,5,6],[1,3,4,7],[2,3,6,7],[0,4,6,7],[1,5,6,7],[0,2,4,8],[1,3,5,8],[3,4,6,8],[2,5,6,8],[1,2,7,8],[0,3,7,8],[4,5,7,8]]
FAM D=48 ell=12 count=24 degs=[7,7,7,7,8,6,8,7,7] blocks=[[0,1,2,3],[0,1,4,5],[2,3,4,5],[1,2,4,6],[0,3,5,6],[1,3,4,7],[2,3,6,7],[0,4,6,7],[1,5,6,7],[0,2,4,8],[0,1,6,8],[3,4,6,8],[2,5,6,8],[1,2,7,8],[0,3,7,8],[4,5,7,8]]
FAM D=48 ell=12 count=24 degs=[7,8,7,7,8,6,8,6,7] blocks=[[0,1,2,3],[0,1,4,5],[2,3,4,5],[1,2,4,6],[0,3,5,6],[1,3,4,7],[2,3,6,7],[0,4,6,7],[1,5,6,7],[0,3,4,8],[1,2,5,8],[0,2,6,8],[1,3,6,8],[4,5,6,8],[0,1,7,8],[2,4,7,8]]
FAM D=51 ell=12 count=21 degs=[7,8,7,8,8,7,8,7,8] blocks=[[0,1,2,3],[0,1,4,5],[2,3,4,5],[1,2,4,6],[0,3,5,6],[1,3,4,7],[2,3,6,7],[0,4,6,7],[1,5,6,7],[0,3,4,8],[1,2,5,8],[0,2,6,8],[1,3,6,8],[4,5,6,8],[0,1,7,8],[2,4,7,8],[3,5,7,8]]
FAM D=48 ell=12 count=24 degs=[7,8,6,8,7,7,8,6,7] blocks=[[0,1,2,3],[0,1,4,5],[2,3,4,5],[1,2,4,6],[0,3,5,6],[1,3,4,7],[2,3,6,7],[0,4,6,7],[1,5,6,7],[0,3,4,8],[1,2,5,8],[0,2,6,8],[1,3,6,8],[4,5,6,8],[0,1,7,8],[3,5,7,8]]
FAM D=48 ell=12 count=24 degs=[6,7,7,8,8,7,8,6,7] blocks=[[0,1,2,3],[0,1,4,5],[2,3,4,5],[1,2,4,6],[0,3,5,6],[1,3,4,7],[2,3,6,7],[0,4,6,7],[1,5,6,7],[0,3,4,8],[1,2,5,8],[0,2,6,8],[1,3,6,8],[4,5,6,8],[2,4,7,8],[3,5,7,8]]
FAM D=48 ell=12 count=24 degs=[7,8,7,8,7,6,7,7,7] blocks=[[0,1,2,3],[0,1,4,5],[2,3,4,5],[1,2,4,6],[0,3,5,6],[1,3,4,7],[2,3,6,7],[0,4,6,7],[1,5,6,7],[0,3,4,8],[1,2,5,8],[0,2,6,8],[1,3,6,8],[0,1,7,8],[2,4,7,8],[3,5,7,8]]
FAM D=48 ell=12 count=24 degs=[7,7,7,7,8,7,7,7,7] blocks=[[0,1,2,3],[0,1,4,5],[2,3,4,5],[1,2,4,6],[0,3,5,6],[1,3,4,7],[2,3,6,7],[0,4,6,7],[1,5,6,7],[0,3,4,8],[1,2,5,8],[0,2,6,8],[4,5,6,8],[0,1,7,8],[2,4,7,8],[3,5,7,8]]
FAM D=48 ell=12 count=24 degs=[6,8,6,8,8,7,7,7,7] blocks=[[0,1,2,3],[0,1,4,5],[2,3,4,5],[1,2,4,6],[0,3,5,6],[1,3,4,7],[2,3,6,7],[0,4,6,7],[1,5,6,7],[0,3,4,8],[1,2,5,8],[1,3,6,8],[4,5,6,8],[0,1,7,8],[2,4,7,8],[3,5,7,8]]
FAM D=48 ell=12 count=24 degs=[7,7,6,8,8,6,8,7,7] blocks=[[0,1,2,3],[0,1,4,5],[2,3,4,5],[1,2,4,6],[0,3,5,6],[1,3,4,7],[2,3,6,7],[0,4,6,7],[1,5,6,7],[0,3,4,8],[0,2,6,8],[1,3,6,8],[4,5,6,8],[0,1,7,8],[2,4,7,8],[3,5,7,8]]
FAM D=48 ell=12 count=24 degs=[6,8,7,7,7,7,8,7,7] blocks=[[0,1,2,3],[0,1,4,5],[2,3,4,5],[1,2,4,6],[0,3,5,6],[1,3,4,7],[2,3,6,7],[0,4,6,7],[1,5,6,7],[1,2,5,8],[0,2,6,8],[1,3,6,8],[4,5,6,8],[0,1,7,8],[2,4,7,8],[3,5,7,8]]
FAM D=48 ell=12 count=24 degs=[6,8,6,8,7,7,8,7,7] blocks=[[0,1,2,3],[0,1,4,5],[2,3,4,5],[1,2,4,6],[0,3,5,6],[1,3,4,7],[2,3,6,7],[0,4,6,7],[1,5,6,7],[1,3,5,8],[0,1,6,8],[3,4,6,8],[2,5,6,8],[1,2,7,8],[0,3,7,8],[4,5,7,8]]
FAM D=48 ell=12 count=24 degs=[7,7,7,8,8,6,7,6,8] blocks=[[0,1,2,3],[0,1,4,5],[2,3,4,5],[1,2,4,6],[0,3,5,6],[1,3,4,7],[2,3,6,7],[0,4,6,7],[0,2,4,8],[1,3,5,8],[0,1,6,8],[3,4,6,8],[2,5,6,8],[1,2,7,8],[0,3,7,8],[4,5,7,8]]
FAM D=48 ell=12 count=24 degs=[7,7,7,8,8,6,7,6,8] blocks=[[0,1,2,3],[0,1,4,5],[2,3,4,5],[1,2,4,6],[0,3,5,6],[1,3,4,7],[2,3,6,7],[0,4,6,7],[0,3,4,8],[1,2,5,8],[0,2,6,8],[1,3,6,8],[4,5,6,8],[0,1,7,8],[2,4,7,8],[3,5,7,8]]
FAM D=48 ell=12 count=24 degs=[6,8,7,8,7,7,7,6,8] blocks=[[0,1,2,3],[0,1,4,5],[2,3,4,5],[1,2,4,6],[0,3,5,6],[1,3,4,7],[2,3,6,7],[1,5,6,7],[0,2,4,8],[1,3,5,8],[0,1,6,8],[3,4,6,8],[2,5,6,8],[1,2,7,8],[0,3,7,8],[4,5,7,8]]
FAM D=48 ell=12 count=24 degs=[6,8,7,8,7,7,7,6,8] blocks=[[0,1,2,3],[0,1,4,5],[2,3,4,5],[1,2,4,6],[0,3,5,6],[1,3,4,7],[2,3,6,7],[1,5,6,7],[0,3,4,8],[1,2,5,8],[0,2,6,8],[1,3,6,8],[4,5,6,8],[0,1,7,8],[2,4,7,8],[3,5,7,8]]
FAM D=48 ell=12 count=24 degs=[7,8,6,7,8,7,7,6,8] blocks=[[0,1,2,3],[0,1,4,5],[2,3,4,5],[1,2,4,6],[0,3,5,6],[1,3,4,7],[0,4,6,7],[1,5,6,7],[0,2,4,8],[1,3,5,8],[0,1,6,8],[3,4,6,8],[2,5,6,8],[1,2,7,8],[0,3,7,8],[4,5,7,8]]
FAM D=48 ell=12 count=24 degs=[7,8,6,7,8,7,7,6,8] blocks=[[0,1,2,3],[0,1,4,5],[2,3,4,5],[1,2,4,6],[0,3,5,6],[1,3,4,7],[0,4,6,7],[1,5,6,7],[0,3,4,8],[1,2,5,8],[0,2,6,8],[1,3,6,8],[4,5,6,8],[0,1,7,8],[2,4,7,8],[3,5,7,8]]
FAM D=48 ell=12 count=24 degs=[8,7,8,7,6,7,8,6,7] blocks=[[0,1,2,3],[0,1,4,5],[2,3,4,5],[1,2,4,6],[0,3,5,6],[0,2,5,7],[2,3,6,7],[0,4,6,7],[1,5,6,7],[0,2,4,8],[1,3,5,8],[0,1,6,8],[3,4,6,8],[2,5,6,8],[1,2,7,8],[0,3,7,8]]
FAM D=51 ell=12 count=21 degs=[8,7,8,7,7,8,8,7,8] blocks=[[0,1,2,3],[0,1,4,5],[2,3,4,5],[1,2,4,6],[0,3,5,6],[0,2,5,7],[2,3,6,7],[0,4,6,7],[1,5,6,7],[0,2,4,8],[1,3,5,8],[0,1,6,8],[3,4,6,8],[2,5,6,8],[1,2,7,8],[0,3,7,8],[4,5,7,8]]
FAM D=48 ell=12 count=24 degs=[7,7,8,6,7,8,8,6,7] blocks=[[0,1,2,3],[0,1,4,5],[2,3,4,5],[1,2,4,6],[0,3,5,6],[0,2,5,7],[2,3,6,7],[0,4,6,7],[1,5,6,7],[0,2,4,8],[1,3,5,8],[0,1,6,8],[3,4,6,8],[2,5,6,8],[1,2,7,8],[4,5,7,8]]
FAM D=48 ell=12 count=24 degs=[8,6,7,7,7,8,8,6,7] blocks=[[0,1,2,3],[0,1,4,5],[2,3,4,5],[1,2,4,6],[0,3,5,6],[0,2,5,7],[2,3,6,7],[0,4,6,7],[1,5,6,7],[0,2,4,8],[1,3,5,8],[0,1,6,8],[3,4,6,8],[2,5,6,8],[0,3,7,8],[4,5,7,8]]
FAM D=48 ell=12 count=24 degs=[8,7,7,7,7,7,7,7,7] blocks=[[0,1,2,3],[0,1,4,5],[2,3,4,5],[1,2,4,6],[0,3,5,6],[0,2,5,7],[2,3,6,7],[0,4,6,7],[1,5,6,7],[0,2,4,8],[1,3,5,8],[0,1,6,8],[3,4,6,8],[1,2,7,8],[0,3,7,8],[4,5,7,8]]
FAM D=48 ell=12 count=24 degs=[8,7,8,6,6,8,7,7,7] blocks=[[0,1,2,3],[0,1,4,5],[2,3,4,5],[1,2,4,6],[0,3,5,6],[0,2,5,7],[2,3,6,7],[0,4,6,7],[1,5,6,7],[0,2,4,8],[1,3,5,8],[0,1,6,8],[2,5,6,8],[1,2,7,8],[0,3,7,8],[4,5,7,8]]
FAM D=48 ell=12 count=24 degs=[7,6,8,7,7,8,7,7,7] blocks=[[0,1,2,3],[0,1,4,5],[2,3,4,5],[1,2,4,6],[0,3,5,6],[0,2,5,7],[2,3,6,7],[0,4,6,7],[1,5,6,7],[0,2,4,8],[1,3,5,8],[3,4,6,8],[2,5,6,8],[1,2,7,8],[0,3,7,8],[4,5,7,8]]
FAM D=48 ell=12 count=24 degs=[8,6,8,6,7,7,8,7,7] blocks=[[0,1,2,3],[0,1,4,5],[2,3,4,5],[1,2,4,6],[0,3,5,6],[0,2,5,7],[2,3,6,7],[0,4,6,7],[1,5,6,7],[0,2,4,8],[0,1,6,8],[3,4,6,8],[2,5,6,8],[1,2,7,8],[0,3,7,8],[4,5,7,8]]
FAM D=48 ell=12 count=24 degs=[8,7,8,6,7,7,8,6,7] blocks=[[0,1,2,3],[0,1,4,5],[2,3,4,5],[1,2,4,6],[0,3,5,6],[0,2,5,7],[2,3,6,7],[0,4,6,7],[1,5,6,7],[0,3,4,8],[1,2,5,8],[0,2,6,8],[1,3,6,8],[4,5,6,8],[0,1,7,8],[2,4,7,8]]
FAM D=51 ell=12 count=21 degs=[8,7,8,7,7,8,8,7,8] blocks=[[0,1,2,3],[0,1,4,5],[2,3,4,5],[1,2,4,6],[0,3,5,6],[0,2,5,7],[2,3,6,7],[0,4,6,7],[1,5,6,7],[0,3,4,8],[1,2,5,8],[0,2,6,8],[1,3,6,8],[4,5,6,8],[0,1,7,8],[2,4,7,8],[3,5,7,8]]
FAM D=48 ell=12 count=24 degs=[8,7,7,7,6,8,8,6,7] blocks=[[0,1,2,3],[0,1,4,5],[2,3,4,5],[1,2,4,6],[0,3,5,6],[0,2,5,7],[2,3,6,7],[0,4,6,7],[1,5,6,7],[0,3,4,8],[1,2,5,8],[0,2,6,8],[1,3,6,8],[4,5,6,8],[0,1,7,8],[3,5,7,8]]
FAM D=48 ell=12 count=24 degs=[7,6,8,7,7,8,8,6,7] blocks=[[0,1,2,3],[0,1,4,5],[2,3,4,5],[1,2,4,6],[0,3,5,6],[0,2,5,7],[2,3,6,7],[0,4,6,7],[1,5,6,7],[0,3,4,8],[1,2,5,8],[0,2,6,8],[1,3,6,8],[4,5,6,8],[2,4,7,8],[3,5,7,8]]
FAM D=48 ell=12 count=24 degs=[8,7,8,7,6,7,7,7,7] blocks=[[0,1,2,3],[0,1,4,5],[2,3,4,5],[1,2,4,6],[0,3,5,6],[0,2,5,7],[2,3,6,7],[0,4,6,7],[1,5,6,7],[0,3,4,8],[1,2,5,8],[0,2,6,8],[1,3,6,8],[0,1,7,8],[2,4,7,8],[3,5,7,8]]
FAM D=48 ell=12 count=24 degs=[8,6,8,6,7,8,7,7,7] blocks=[[0,1,2,3],[0,1,4,5],[2,3,4,5],[1,2,4,6],[0,3,5,6],[0,2,5,7],[2,3,6,7],[0,4,6,7],[1,5,6,7],[0,3,4,8],[1,2,5,8],[0,2,6,8],[4,5,6,8],[0,1,7,8],[2,4,7,8],[3,5,7,8]]
FAM D=48 ell=12 count=24 degs=[7,7,7,7,7,8,7,7,7] blocks=[[0,1,2,3],[0,1,4,5],[2,3,4,5],[1,2,4,6],[0,3,5,6],[0,2,5,7],[2,3,6,7],[0,4,6,7],[1,5,6,7],[0,3,4,8],[1,2,5,8],[1,3,6,8],[4,5,6,8],[0,1,7,8],[2,4,7,8],[3,5,7,8]]
FAM D=48 ell=12 count=24 degs=[8,6,7,7,7,7,8,7,7] blocks=[[0,1,2,3],[0,1,4,5],[2,3,4,5],[1,2,4,6],[0,3,5,6],[0,2,5,7],[2,3,6,7],[0,4,6,7],[1,5,6,7],[0,3,4,8],[0,2,6,8],[1,3,6,8],[4,5,6,8],[0,1,7,8],[2,4,7,8],[3,5,7,8]]
FAM D=48 ell=12 count=24 degs=[7,7,8,6,6,8,8,7,7] blocks=[[0,1,2,3],[0,1,4,5],[2,3,4,5],[1,2,4,6],[0,3,5,6],[0,2,5,7],[2,3,6,7],[0,4,6,7],[1,5,6,7],[1,2,5,8],[0,2,6,8],[1,3,6,8],[4,5,6,8],[0,1,7,8],[2,4,7,8],[3,5,7,8]]
FAM D=48 ell=12 count=24 degs=[7,7,7,7,6,8,8,7,7] blocks=[[0,1,2,3],[0,1,4,5],[2,3,4,5],[1,2,4,6],[0,3,5,6],[0,2,5,7],[2,3,6,7],[0,4,6,7],[1,5,6,7],[1,3,5,8],[0,1,6,8],[3,4,6,8],[2,5,6,8],[1,2,7,8],[0,3,7,8],[4,5,7,8]]
FAM D=48 ell=12 count=24 degs=[8,6,8,7,7,7,7,6,8] blocks=[[0,1,2,3],[0,1,4,5],[2,3,4,5],[1,2,4,6],[0,3,5,6],[0,2,5,7],[2,3,6,7],[0,4,6,7],[0,2,4,8],[1,3,5,8],[0,1,6,8],[3,4,6,8],[2,5,6,8],[1,2,7,8],[0,3,7,8],[4,5,7,8]]
FAM D=48 ell=12 count=24 degs=[8,6,8,7,7,7,7,6,8] blocks=[[0,1,2,3],[0,1,4,5],[2,3,4,5],[1,2,4,6],[0,3,5,6],[0,2,5,7],[2,3,6,7],[0,4,6,7],[0,3,4,8],[1,2,5,8],[0,2,6,8],[1,3,6,8],[4,5,6,8],[0,1,7,8],[2,4,7,8],[3,5,7,8]]
FAM D=48 ell=12 count=24 degs=[7,7,8,7,6,8,7,6,8] blocks=[[0,1,2,3],[0,1,4,5],[2,3,4,5],[1,2,4,6],[0,3,5,6],[0,2,5,7],[2,3,6,7],[1,5,6,7],[0,2,4,8],[1,3,5,8],[0,1,6,8],[3,4,6,8],[2,5,6,8],[1,2,7,8],[0,3,7,8],[4,5,7,8]]
FAM D=48 ell=12 count=24 degs=[7,7,8,7,6,8,7,6,8] blocks=[[0,1,2,3],[0,1,4,5],[2,3,4,5],[1,2,4,6],[0,3,5,6],[0,2,5,7],[2,3,6,7],[1,5,6,7],[0,3,4,8],[1,2,5,8],[0,2,6,8],[1,3,6,8],[4,5,6,8],[0,1,7,8],[2,4,7,8],[3,5,7,8]]
FAM D=48 ell=12 count=24 degs=[8,7,7,6,7,8,7,6,8] blocks=[[0,1,2,3],[0,1,4,5],[2,3,4,5],[1,2,4,6],[0,3,5,6],[0,2,5,7],[0,4,6,7],[1,5,6,7],[0,2,4,8],[1,3,5,8],[0,1,6,8],[3,4,6,8],[2,5,6,8],[1,2,7,8],[0,3,7,8],[4,5,7,8]]
FAM D=48 ell=12 count=24 degs=[8,7,7,6,7,8,7,6,8] blocks=[[0,1,2,3],[0,1,4,5],[2,3,4,5],[1,2,4,6],[0,3,5,6],[0,2,5,7],[0,4,6,7],[1,5,6,7],[0,3,4,8],[1,2,5,8],[0,2,6,8],[1,3,6,8],[4,5,6,8],[0,1,7,8],[2,4,7,8],[3,5,7,8]]
FAM D=48 ell=12 count=24 degs=[6,8,8,7,7,7,8,6,7] blocks=[[0,1,2,3],[0,1,4,5],[2,3,4,5],[1,2,4,6],[0,3,5,6],[1,2,5,7],[0,2,6,7],[1,3,6,7],[4,5,6,7],[0,2,4,8],[1,3,5,8],[0,1,6,8],[3,4,6,8],[2,5,6,8],[2,3,7,8],[1,4,7,8]]
FAM D=51 ell=12 count=21 degs=[7,8,8,7,7,8,8,7,8] blocks=[[0,1,2,3],[0,1,4,5],[2,3,4,5],[1,2,4,6],[0,3,5,6],[1,2,5,7],[0,2,6,7],[1,3,6,7],[4,5,6,7],[0,2,4,8],[1,3,5,8],[0,1,6,8],[3,4,6,8],[2,5,6,8],[2,3,7,8],[1,4,7,8],[0,5,7,8]]
FAM D=48 ell=12 count=24 degs=[7,7,8,7,6,8,8,6,7] blocks=[[0,1,2,3],[0,1,4,5],[2,3,4,5],[1,2,4,6],[0,3,5,6],[1,2,5,7],[0,2,6,7],[1,3,6,7],[4,5,6,7],[0,2,4,8],[1,3,5,8],[0,1,6,8],[3,4,6,8],[2,5,6,8],[2,3,7,8],[0,5,7,8]]
FAM D=48 ell=12 count=24 degs=[7,8,7,6,7,8,8,6,7] blocks=[[0,1,2,3],[0,1,4,5],[2,3,4,5],[1,2,4,6],[0,3,5,6],[1,2,5,7],[0,2,6,7],[1,3,6,7],[4,5,6,7],[0,2,4,8],[1,3,5,8],[0,1,6,8],[3,4,6,8],[2,5,6,8],[1,4,7,8],[0,5,7,8]]
FAM D=48 ell=12 count=24 degs=[7,8,7,7,7,7,7,7,7] blocks=[[0,1,2,3],[0,1,4,5],[2,3,4,5],[1,2,4,6],[0,3,5,6],[1,2,5,7],[0,2,6,7],[1,3,6,7],[4,5,6,7],[0,2,4,8],[1,3,5,8],[0,1,6,8],[3,4,6,8],[2,3,7,8],[1,4,7,8],[0,5,7,8]]
FAM D=48 ell=12 count=24 degs=[7,8,8,6,6,8,7,7,7] blocks=[[0,1,2,3],[0,1,4,5],[2,3,4,5],[1,2,4,6],[0,3,5,6],[1,2,5,7],[0,2,6,7],[1,3,6,7],[4,5,6,7],[0,2,4,8],[1,3,5,8],[0,1,6,8],[2,5,6,8],[2,3,7,8],[1,4,7,8],[0,5,7,8]]
FAM D=48 ell=12 count=24 degs=[6,7,8,7,7,8,7,7,7] blocks=[[0,1,2,3],[0,1,4,5],[2,3,4,5],[1,2,4,6],[0,3,5,6],[1,2,5,7],[0,2,6,7],[1,3,6,7],[4,5,6,7],[0,2,4,8],[1,3,5,8],[3,4,6,8],[2,5,6,8],[2,3,7,8],[1,4,7,8],[0,5,7,8]]
FAM D=48 ell=12 count=24 degs=[7,7,8,6,7,7,8,7,7] blocks=[[0,1,2,3],[0,1,4,5],[2,3,4,5],[1,2,4,6],[0,3,5,6],[1,2,5,7],[0,2,6,7],[1,3,6,7],[4,5,6,7],[0,2,4,8],[0,1,6,8],[3,4,6,8],[2,5,6,8],[2,3,7,8],[1,4,7,8],[0,5,7,8]]
FAM D=48 ell=12 count=24 degs=[7,8,8,6,7,7,8,6,7] blocks=[[0,1,2,3],[0,1,4,5],[2,3,4,5],[1,2,4,6],[0,3,5,6],[1,2,5,7],[0,2,6,7],[1,3,6,7],[4,5,6,7],[1,3,4,8],[0,2,5,8],[2,3,6,8],[0,4,6,8],[1,5,6,8],[0,1,7,8],[2,4,7,8]]
FAM D=51 ell=12 count=21 degs=[7,8,8,7,7,8,8,7,8] blocks=[[0,1,2,3],[0,1,4,5],[2,3,4,5],[1,2,4,6],[0,3,5,6],[1,2,5,7],[0,2,6,7],[1,3,6,7],[4,5,6,7],[1,3,4,8],[0,2,5,8],[2,3,6,8],[0,4,6,8],[1,5,6,8],[0,1,7,8],[2,4,7,8],[3,5,7,8]]
FAM D=48 ell=12 count=24 degs=[7,8,7,7,6,8,8,6,7] blocks=[[0,1,2,3],[0,1,4,5],[2,3,4,5],[1,2,4,6],[0,3,5,6],[1,2,5,7],[0,2,6,7],[1,3,6,7],[4,5,6,7],[1,3,4,8],[0,2,5,8],[2,3,6,8],[0,4,6,8],[1,5,6,8],[0,1,7,8],[3,5,7,8]]
FAM D=48 ell=12 count=24 degs=[6,7,8,7,7,8,8,6,7] blocks=[[0,1,2,3],[0,1,4,5],[2,3,4,5],[1,2,4,6],[0,3,5,6],[1,2,5,7],[0,2,6,7],[1,3,6,7],[4,5,6,7],[1,3,4,8],[0,2,5,8],[2,3,6,8],[0,4,6,8],[1,5,6,8],[2,4,7,8],[3,5,7,8]]
FAM D=48 ell=12 count=24 degs=[7,7,8,7,7,7,7,7,7] blocks=[[0,1,2,3],[0,1,4,5],[2,3,4,5],[1,2,4,6],[0,3,5,6],[1,2,5,7],[0,2,6,7],[1,3,6,7],[4,5,6,7],[1,3,4,8],[0,2,5,8],[2,3,6,8],[0,4,6,8],[0,1,7,8],[2,4,7,8],[3,5,7,8]]
FAM D=48 ell=12 count=24 degs=[6,8,8,7,6,8,7,7,7] blocks=[[0,1,2,3],[0,1,4,5],[2,3,4,5],[1,2,4,6],[0,3,5,6],[1,2,5,7],[0,2,6,7],[1,3,6,7],[4,5,6,7],[1,3,4,8],[0,2,5,8],[2,3,6,8],[1,5,6,8],[0,1,7,8],[2,4,7,8],[3,5,7,8]]
FAM D=48 ell=12 count=24 degs=[7,8,7,6,7,8,7,7,7] blocks=[[0,1,2,3],[0,1,4,5],[2,3,4,5],[1,2,4,6],[0,3,5,6],[1,2,5,7],[0,2,6,7],[1,3,6,7],[4,5,6,7],[1,3,4,8],[0,2,5,8],[0,4,6,8],[1,5,6,8],[0,1,7,8],[2,4,7,8],[3,5,7,8]]
FAM D=48 ell=12 count=24 degs=[6,8,7,7,7,7,8,7,7] blocks=[[0,1,2,3],[0,1,4,5],[2,3,4,5],[1,2,4,6],[0,3,5,6],[1,2,5,7],[0,2,6,7],[1,3,6,7],[4,5,6,7],[1,3,4,8],[2,3,6,8],[0,4,6,8],[1,5,6,8],[0,1,7,8],[2,4,7,8],[3,5,7,8]]
FAM D=48 ell=12 count=24 degs=[7,7,8,6,6,8,8,7,7] blocks=[[0,1,2,3],[0,1,4,5],[2,3,4,5],[1,2,4,6],[0,3,5,6],[1,2,5,7],[0,2,6,7],[1,3,6,7],[4,5,6,7],[0,2,5,8],[2,3,6,8],[0,4,6,8],[1,5,6,8],[0,1,7,8],[2,4,7,8],[3,5,7,8]]
FAM D=48 ell=12 count=24 degs=[6,8,7,7,6,8,8,7,7] blocks=[[0,1,2,3],[0,1,4,5],[2,3,4,5],[1,2,4,6],[0,3,5,6],[1,2,5,7],[0,2,6,7],[1,3,6,7],[4,5,6,7],[1,3,5,8],[0,1,6,8],[3,4,6,8],[2,5,6,8],[2,3,7,8],[1,4,7,8],[0,5,7,8]]
FAM D=48 ell=12 count=24 degs=[7,8,8,7,6,7,7,6,8] blocks=[[0,1,2,3],[0,1,4,5],[2,3,4,5],[1,2,4,6],[0,3,5,6],[1,2,5,7],[0,2,6,7],[1,3,6,7],[0,2,4,8],[1,3,5,8],[0,1,6,8],[3,4,6,8],[2,5,6,8],[2,3,7,8],[1,4,7,8],[0,5,7,8]]
FAM D=48 ell=12 count=24 degs=[7,8,8,7,6,7,7,6,8] blocks=[[0,1,2,3],[0,1,4,5],[2,3,4,5],[1,2,4,6],[0,3,5,6],[1,2,5,7],[0,2,6,7],[1,3,6,7],[1,3,4,8],[0,2,5,8],[2,3,6,8],[0,4,6,8],[1,5,6,8],[0,1,7,8],[2,4,7,8],[3,5,7,8]]
FAM D=48 ell=12 count=24 degs=[7,7,8,6,7,8,7,6,8] blocks=[[0,1,2,3],[0,1,4,5],[2,3,4,5],[1,2,4,6],[0,3,5,6],[1,2,5,7],[0,2,6,7],[4,5,6,7],[0,2,4,8],[1,3,5,8],[0,1,6,8],[3,4,6,8],[2,5,6,8],[2,3,7,8],[1,4,7,8],[0,5,7,8]]
FAM D=48 ell=12 count=24 degs=[7,7,8,6,7,8,7,6,8] blocks=[[0,1,2,3],[0,1,4,5],[2,3,4,5],[1,2,4,6],[0,3,5,6],[1,2,5,7],[0,2,6,7],[4,5,6,7],[1,3,4,8],[0,2,5,8],[2,3,6,8],[0,4,6,8],[1,5,6,8],[0,1,7,8],[2,4,7,8],[3,5,7,8]]
FAM D=48 ell=12 count=24 degs=[6,8,7,7,7,8,7,6,8] blocks=[[0,1,2,3],[0,1,4,5],[2,3,4,5],[1,2,4,6],[0,3,5,6],[1,2,5,7],[1,3,6,7],[4,5,6,7],[0,2,4,8],[1,3,5,8],[0,1,6,8],[3,4,6,8],[2,5,6,8],[2,3,7,8],[1,4,7,8],[0,5,7,8]]
FAM D=48 ell=12 count=24 degs=[6,8,7,7,7,8,7,6,8] blocks=[[0,1,2,3],[0,1,4,5],[2,3,4,5],[1,2,4,6],[0,3,5,6],[1,2,5,7],[1,3,6,7],[4,5,6,7],[1,3,4,8],[0,2,5,8],[2,3,6,8],[0,4,6,8],[1,5,6,8],[0,1,7,8],[2,4,7,8],[3,5,7,8]]
FAM D=48 ell=12 count=24 degs=[6,8,7,8,7,7,8,6,7] blocks=[[0,1,2,3],[0,1,4,5],[2,3,4,5],[1,2,4,6],[0,3,5,6],[1,3,5,7],[0,1,6,7],[3,4,6,7],[2,5,6,7],[0,3,4,8],[1,2,5,8],[0,2,6,8],[1,3,6,8],[4,5,6,8],[2,3,7,8],[1,4,7,8]]
FAM D=51 ell=12 count=21 degs=[7,8,7,8,7,8,8,7,8] blocks=[[0,1,2,3],[0,1,4,5],[2,3,4,5],[1,2,4,6],[0,3,5,6],[1,3,5,7],[0,1,6,7],[3,4,6,7],[2,5,6,7],[0,3,4,8],[1,2,5,8],[0,2,6,8],[1,3,6,8],[4,5,6,8],[2,3,7,8],[1,4,7,8],[0,5,7,8]]
FAM D=48 ell=12 count=24 degs=[7,7,7,8,6,8,8,6,7] blocks=[[0,1,2,3],[0,1,4,5],[2,3,4,5],[1,2,4,6],[0,3,5,6],[1,3,5,7],[0,1,6,7],[3,4,6,7],[2,5,6,7],[0,3,4,8],[1,2,5,8],[0,2,6,8],[1,3,6,8],[4,5,6,8],[2,3,7,8],[0,5,7,8]]
FAM D=48 ell=12 count=24 degs=[7,8,6,7,7,8,8,6,7] blocks=[[0,1,2,3],[0,1,4,5],[2,3,4,5],[1,2,4,6],[0,3,5,6],[1,3,5,7],[0,1,6,7],[3,4,6,7],[2,5,6,7],[0,3,4,8],[1,2,5,8],[0,2,6,8],[1,3,6,8],[4,5,6,8],[1,4,7,8],[0,5,7,8]]
FAM D=48 ell=12 count=24 degs=[7,8,7,8,6,7,7,7,7] blocks=[[0,1,2,3],[0,1,4,5],[2,3,4,5],[1,2,4,6],[0,3,5,6],[1,3,5,7],[0,1,6,7],[3,4,6,7],[2,5,6,7],[0,3,4,8],[1,2,5,8],[0,2,6,8],[1,3,6,8],[2,3,7,8],[1,4,7,8],[0,5,7,8]]
FAM D=48 ell=12 count=24 degs=[7,7,7,7,7,8,7,7,7] blocks=[[0,1,2,3],[0,1,4,5],[2,3,4,5],[1,2,4,6],[0,3,5,6],[1,3,5,7],[0,1,6,7],[3,4,6,7],[2,5,6,7],[0,3,4,8],[1,2,5,8],[0,2,6,8],[4,5,6,8],[2,3,7,8],[1,4,7,8],[0,5,7,8]]
FAM D=48 ell=12 count=24 degs=[6,8,6,8,7,8,7,7,7] blocks=[[0,1,2,3],[0,1,4,5],[2,3,4,5],[1,2,4,6],[0,3,5,6],[1,3,5,7],[0,1,6,7],[3,4,6,7],[2,5,6,7],[0,3,4,8],[1,2,5,8],[1,3,6,8],[4,5,6,8],[2,3,7,8],[1,4,7,8],[0,5,7,8]]
FAM D=48 ell=12 count=24 degs=[7,7,6,8,7,7,8,7,7] blocks=[[0,1,2,3],[0,1,4,5],[2,3,4,5],[1,2,4,6],[0,3,5,6],[1,3,5,7],[0,1,6,7],[3,4,6,7],[2,5,6,7],[0,3,4,8],[0,2,6,8],[1,3,6,8],[4,5,6,8],[2,3,7,8],[1,4,7,8],[0,5,7,8]]
FAM D=48 ell=12 count=24 degs=[7,8,7,8,6,7,8,6,7] blocks=[[0,1,2,3],[0,1,4,5],[2,3,4,5],[1,2,4,6],[0,3,5,6],[1,3,5,7],[0,1,6,7],[3,4,6,7],[2,5,6,7],[1,3,4,8],[0,2,5,8],[2,3,6,8],[0,4,6,8],[1,5,6,8],[1,2,7,8],[0,3,7,8]]
FAM D=51 ell=12 count=21 degs=[7,8,7,8,7,8,8,7,8] blocks=[[0,1,2,3],[0,1,4,5],[2,3,4,5],[1,2,4,6],[0,3,5,6],[1,3,5,7],[0,1,6,7],[3,4,6,7],[2,5,6,7],[1,3,4,8],[0,2,5,8],[2,3,6,8],[0,4,6,8],[1,5,6,8],[1,2,7,8],[0,3,7,8],[4,5,7,8]]
FAM D=48 ell=12 count=24 degs=[6,8,7,7,7,8,8,6,7] blocks=[[0,1,2,3],[0,1,4,5],[2,3,4,5],[1,2,4,6],[0,3,5,6],[1,3,5,7],[0,1,6,7],[3,4,6,7],[2,5,6,7],[1,3,4,8],[0,2,5,8],[2,3,6,8],[0,4,6,8],[1,5,6,8],[1,2,7,8],[4,5,7,8]]
FAM D=48 ell=12 count=24 degs=[7,7,6,8,7,8,8,6,7] blocks=[[0,1,2,3],[0,1,4,5],[2,3,4,5],[1,2,4,6],[0,3,5,6],[1,3,5,7],[0,1,6,7],[3,4,6,7],[2,5,6,7],[1,3,4,8],[0,2,5,8],[2,3,6,8],[0,4,6,8],[1,5,6,8],[0,3,7,8],[4,5,7,8]]
FAM D=48 ell=12 count=24 degs=[7,7,7,8,7,7,7,7,7] blocks=[[0,1,2,3],[0,1,4,5],[2,3,4,5],[1,2,4,6],[0,3,5,6],[1,3,5,7],[0,1,6,7],[3,4,6,7],[2,5,6,7],[1,3,4,8],[0,2,5,8],[2,3,6,8],[0,4,6,8],[1,2,7,8],[0,3,7,8],[4,5,7,8]]
FAM D=48 ell=12 count=24 degs=[6,8,7,8,6,8,7,7,7] blocks=[[0,1,2,3],[0,1,4,5],[2,3,4,5],[1,2,4,6],[0,3,5,6],[1,3,5,7],[0,1,6,7],[3,4,6,7],[2,5,6,7],[1,3,4,8],[0,2,5,8],[2,3,6,8],[1,5,6,8],[1,2,7,8],[0,3,7,8],[4,5,7,8]]
FAM D=48 ell=12 count=24 degs=[7,8,6,7,7,8,7,7,7] blocks=[[0,1,2,3],[0,1,4,5],[2,3,4,5],[1,2,4,6],[0,3,5,6],[1,3,5,7],[0,1,6,7],[3,4,6,7],[2,5,6,7],[1,3,4,8],[0,2,5,8],[0,4,6,8],[1,5,6,8],[1,2,7,8],[0,3,7,8],[4,5,7,8]]
FAM D=48 ell=12 count=24 degs=[6,8,6,8,7,7,8,7,7] blocks=[[0,1,2,3],[0,1,4,5],[2,3,4,5],[1,2,4,6],[0,3,5,6],[1,3,5,7],[0,1,6,7],[3,4,6,7],[2,5,6,7],[1,3,4,8],[2,3,6,8],[0,4,6,8],[1,5,6,8],[1,2,7,8],[0,3,7,8],[4,5,7,8]]
FAM D=48 ell=12 count=24 degs=[7,7,7,7,6,8,8,7,7] blocks=[[0,1,2,3],[0,1,4,5],[2,3,4,5],[1,2,4,6],[0,3,5,6],[1,3,5,7],[0,1,6,7],[3,4,6,7],[2,5,6,7],[0,2,5,8],[2,3,6,8],[0,4,6,8],[1,5,6,8],[1,2,7,8],[0,3,7,8],[4,5,7,8]]
FAM D=48 ell=12 count=24 degs=[6,8,7,7,6,8,8,7,7] blocks=[[0,1,2,3],[0,1,4,5],[2,3,4,5],[1,2,4,6],[0,3,5,6],[1,3,5,7],[0,1,6,7],[3,4,6,7],[2,5,6,7],[1,2,5,8],[0,2,6,8],[1,3,6,8],[4,5,6,8],[2,3,7,8],[1,4,7,8],[0,5,7,8]]
FAM D=48 ell=12 count=24 degs=[7,8,6,8,7,7,7,6,8] blocks=[[0,1,2,3],[0,1,4,5],[2,3,4,5],[1,2,4,6],[0,3,5,6],[1,3,5,7],[0,1,6,7],[3,4,6,7],[0,3,4,8],[1,2,5,8],[0,2,6,8],[1,3,6,8],[4,5,6,8],[2,3,7,8],[1,4,7,8],[0,5,7,8]]
FAM D=48 ell=12 count=24 degs=[7,8,6,8,7,7,7,6,8] blocks=[[0,1,2,3],[0,1,4,5],[2,3,4,5],[1,2,4,6],[0,3,5,6],[1,3,5,7],[0,1,6,7],[3,4,6,7],[1,3,4,8],[0,2,5,8],[2,3,6,8],[0,4,6,8],[1,5,6,8],[1,2,7,8],[0,3,7,8],[4,5,7,8]]
FAM D=48 ell=12 count=24 degs=[7,8,7,7,6,8,7,6,8] blocks=[[0,1,2,3],[0,1,4,5],[2,3,4,5],[1,2,4,6],[0,3,5,6],[1,3,5,7],[0,1,6,7],[2,5,6,7],[0,3,4,8],[1,2,5,8],[0,2,6,8],[1,3,6,8],[4,5,6,8],[2,3,7,8],[1,4,7,8],[0,5,7,8]]
FAM D=48 ell=12 count=24 degs=[7,8,7,7,6,8,7,6,8] blocks=[[0,1,2,3],[0,1,4,5],[2,3,4,5],[1,2,4,6],[0,3,5,6],[1,3,5,7],[0,1,6,7],[2,5,6,7],[1,3,4,8],[0,2,5,8],[2,3,6,8],[0,4,6,8],[1,5,6,8],[1,2,7,8],[0,3,7,8],[4,5,7,8]]
FAM D=48 ell=12 count=24 degs=[6,7,7,8,7,8,7,6,8] blocks=[[0,1,2,3],[0,1,4,5],[2,3,4,5],[1,2,4,6],[0,3,5,6],[1,3,5,7],[3,4,6,7],[2,5,6,7],[0,3,4,8],[1,2,5,8],[0,2,6,8],[1,3,6,8],[4,5,6,8],[2,3,7,8],[1,4,7,8],[0,5,7,8]]
FAM D=48 ell=12 count=24 degs=[6,7,7,8,7,8,7,6,8] blocks=[[0,1,2,3],[0,1,4,5],[2,3,4,5],[1,2,4,6],[0,3,5,6],[1,3,5,7],[3,4,6,7],[2,5,6,7],[1,3,4,8],[0,2,5,8],[2,3,6,8],[0,4,6,8],[1,5,6,8],[1,2,7,8],[0,3,7,8],[4,5,7,8]]
FAM D=48 ell=12 count=24 degs=[7,7,7,7,7,7,8,6,8] blocks=[[0,1,2,3],[0,1,4,5],[2,3,4,5],[1,2,4,6],[0,3,5,6],[0,1,6,7],[3,4,6,7],[2,5,6,7],[0,3,4,8],[1,2,5,8],[0,2,6,8],[1,3,6,8],[4,5,6,8],[2,3,7,8],[1,4,7,8],[0,5,7,8]]
FAM D=48 ell=12 count=24 degs=[7,7,7,7,7,7,8,6,8] blocks=[[0,1,2,3],[0,1,4,5],[2,3,4,5],[1,2,4,6],[0,3,5,6],[0,1,6,7],[3,4,6,7],[2,5,6,7],[1,3,4,8],[0,2,5,8],[2,3,6,8],[0,4,6,8],[1,5,6,8],[1,2,7,8],[0,3,7,8],[4,5,7,8]]
FAM D=48 ell=12 count=24 degs=[7,7,7,7,7,7,8,6,8] blocks=[[0,1,2,3],[0,1,4,5],[2,3,4,5],[1,2,4,6],[0,3,5,6],[0,2,6,7],[1,3,6,7],[4,5,6,7],[0,2,4,8],[1,3,5,8],[0,1,6,8],[3,4,6,8],[2,5,6,8],[2,3,7,8],[1,4,7,8],[0,5,7,8]]
FAM D=48 ell=12 count=24 degs=[7,7,7,7,7,7,8,6,8] blocks=[[0,1,2,3],[0,1,4,5],[2,3,4,5],[1,2,4,6],[0,3,5,6],[0,2,6,7],[1,3,6,7],[4,5,6,7],[1,3,4,8],[0,2,5,8],[2,3,6,8],[0,4,6,8],[1,5,6,8],[0,1,7,8],[2,4,7,8],[3,5,7,8]]
FAM D=48 ell=12 count=24 degs=[7,7,7,7,7,7,8,6,8] blocks=[[0,1,2,3],[0,1,4,5],[2,3,4,5],[1,2,4,6],[0,3,5,6],[2,3,6,7],[0,4,6,7],[1,5,6,7],[0,2,4,8],[1,3,5,8],[0,1,6,8],[3,4,6,8],[2,5,6,8],[1,2,7,8],[0,3,7,8],[4,5,7,8]]
FAM D=48 ell=12 count=24 degs=[7,7,7,7,7,7,8,6,8] blocks=[[0,1,2,3],[0,1,4,5],[2,3,4,5],[1,2,4,6],[0,3,5,6],[2,3,6,7],[0,4,6,7],[1,5,6,7],[0,3,4,8],[1,2,5,8],[0,2,6,8],[1,3,6,8],[4,5,6,8],[0,1,7,8],[2,4,7,8],[3,5,7,8]]
FAM D=48 ell=12 count=24 degs=[6,8,8,7,8,6,7,7,7] blocks=[[0,1,2,3],[0,1,4,5],[2,3,4,5],[1,2,4,6],[0,2,4,7],[1,3,5,7],[0,1,6,7],[3,4,6,7],[2,5,6,7],[0,3,4,8],[1,2,5,8],[0,2,6,8],[1,3,6,8],[4,5,6,8],[2,3,7,8],[1,4,7,8]]
FAM D=51 ell=12 count=21 degs=[7,8,8,7,8,7,7,8,8] blocks=[[0,1,2,3],[0,1,4,5],[2,3,4,5],[1,2,4,6],[0,2,4,7],[1,3,5,7],[0,1,6,7],[3,4,6,7],[2,5,6,7],[0,3,4,8],[1,2,5,8],[0,2,6,8],[1,3,6,8],[4,5,6,8],[2,3,7,8],[1,4,7,8],[0,5,7,8]]
FAM D=48 ell=12 count=24 degs=[7,7,8,7,7,7,7,7,7] blocks=[[0,1,2,3],[0,1,4,5],[2,3,4,5],[1,2,4,6],[0,2,4,7],[1,3,5,7],[0,1,6,7],[3,4,6,7],[2,5,6,7],[0,3,4,8],[1,2,5,8],[0,2,6,8],[1,3,6,8],[4,5,6,8],[2,3,7,8],[0,5,7,8]]
FAM D=48 ell=12 count=24 degs=[7,8,7,6,8,7,7,7,7] blocks=[[0,1,2,3],[0,1,4,5],[2,3,4,5],[1,2,4,6],[0,2,4,7],[1,3,5,7],[0,1,6,7],[3,4,6,7],[2,5,6,7],[0,3,4,8],[1,2,5,8],[0,2,6,8],[1,3,6,8],[4,5,6,8],[1,4,7,8],[0,5,7,8]]
FAM D=48 ell=12 count=24 degs=[7,8,8,7,7,6,6,8,7] blocks=[[0,1,2,3],[0,1,4,5],[2,3,4,5],[1,2,4,6],[0,2,4,7],[1,3,5,7],[0,1,6,7],[3,4,6,7],[2,5,6,7],[0,3,4,8],[1,2,5,8],[0,2,6,8],[1,3,6,8],[2,3,7,8],[1,4,7,8],[0,5,7,8]]
FAM D=48 ell=12 count=24 degs=[7,7,8,6,8,7,6,8,7] blocks=[[0,1,2,3],[0,1,4,5],[2,3,4,5],[1,2,4,6],[0,2,4,7],[1,3,5,7],[0,1,6,7],[3,4,6,7],[2,5,6,7],[0,3,4,8],[1,2,5,8],[0,2,6,8],[4,5,6,8],[2,3,7,8],[1,4,7,8],[0,5,7,8]]
FAM D=48 ell=12 count=24 degs=[6,8,7,7,8,7,6,8,7] blocks=[[0,1,2,3],[0,1,4,5],[2,3,4,5],[1,2,4,6],[0,2,4,7],[1,3,5,7],[0,1,6,7],[3,4,6,7],[2,5,6,7],[0,3,4,8],[1,2,5,8],[1,3,6,8],[4,5,6,8],[2,3,7,8],[1,4,7,8],[0,5,7,8]]
FAM D=48 ell=12 count=24 degs=[7,7,7,7,8,6,7,8,7] blocks=[[0,1,2,3],[0,1,4,5],[2,3,4,5],[1,2,4,6],[0,2,4,7],[1,3,5,7],[0,1,6,7],[3,4,6,7],[2,5,6,7],[0,3,4,8],[0,2,6,8],[1,3,6,8],[4,5,6,8],[2,3,7,8],[1,4,7,8],[0,5,7,8]]
FAM D=48 ell=12 count=24 degs=[7,8,8,7,7,6,7,7,7] blocks=[[0,1,2,3],[0,1,4,5],[2,3,4,5],[1,2,4,6],[0,2,4,7],[1,3,5,7],[0,1,6,7],[3,4,6,7],[2,5,6,7],[1,3,4,8],[0,2,5,8],[2,3,6,8],[0,4,6,8],[1,5,6,8],[1,2,7,8],[0,3,7,8]]
FAM D=51 ell=12 count=21 degs=[7,8,8,7,8,7,7,8,8] blocks=[[0,1,2,3],[0,1,4,5],[2,3,4,5],[1,2,4,6],[0,2,4,7],[1,3,5,7],[0,1,6,7],[3,4,6,7],[2,5,6,7],[1,3,4,8],[0,2,5,8],[2,3,6,8],[0,4,6,8],[1,5,6,8],[1,2,7,8],[0,3,7,8],[4,5,7,8]]
FAM D=48 ell=12 count=24 degs=[6,8,8,6,8,7,7,7,7] blocks=[[0,1,2,3],[0,1,4,5],[2,3,4,5],[1,2,4,6],[0,2,4,7],[1,3,5,7],[0,1,6,7],[3,4,6,7],[2,5,6,7],[1,3,4,8],[0,2,5,8],[2,3,6,8],[0,4,6,8],[1,5,6,8],[1,2,7,8],[4,5,7,8]]
FAM D=48 ell=12 count=24 degs=[7,7,7,7,8,7,7,7,7] blocks=[[0,1,2,3],[0,1,4,5],[2,3,4,5],[1,2,4,6],[0,2,4,7],[1,3,5,7],[0,1,6,7],[3,4,6,7],[2,5,6,7],[1,3,4,8],[0,2,5,8],[2,3,6,8],[0,4,6,8],[1,5,6,8],[0,3,7,8],[4,5,7,8]]
FAM D=48 ell=12 count=24 degs=[7,7,8,7,8,6,6,8,7] blocks=[[0,1,2,3],[0,1,4,5],[2,3,4,5],[1,2,4,6],[0,2,4,7],[1,3,5,7],[0,1,6,7],[3,4,6,7],[2,5,6,7],[1,3,4,8],[0,2,5,8],[2,3,6,8],[0,4,6,8],[1,2,7,8],[0,3,7,8],[4,5,7,8]]
FAM D=48 ell=12 count=24 degs=[6,8,8,7,7,7,6,8,7] blocks=[[0,1,2,3],[0,1,4,5],[2,3,4,5],[1,2,4,6],[0,2,4,7],[1,3,5,7],[0,1,6,7],[3,4,6,7],[2,5,6,7],[1,3,4,8],[0,2,5,8],[2,3,6,8],[1,5,6,8],[1,2,7,8],[0,3,7,8],[4,5,7,8]]
FAM D=48 ell=12 count=24 degs=[7,8,7,6,8,7,6,8,7] blocks=[[0,1,2,3],[0,1,4,5],[2,3,4,5],[1,2,4,6],[0,2,4,7],[1,3,5,7],[0,1,6,7],[3,4,6,7],[2,5,6,7],[1,3,4,8],[0,2,5,8],[0,4,6,8],[1,5,6,8],[1,2,7,8],[0,3,7,8],[4,5,7,8]]
FAM D=48 ell=12 count=24 degs=[6,8,7,7,8,6,7,8,7] blocks=[[0,1,2,3],[0,1,4,5],[2,3,4,5],[1,2,4,6],[0,2,4,7],[1,3,5,7],[0,1,6,7],[3,4,6,7],[2,5,6,7],[1,3,4,8],[2,3,6,8],[0,4,6,8],[1,5,6,8],[1,2,7,8],[0,3,7,8],[4,5,7,8]]
FAM D=48 ell=12 count=24 degs=[7,7,8,6,7,7,7,8,7] blocks=[[0,1,2,3],[0,1,4,5],[2,3,4,5],[1,2,4,6],[0,2,4,7],[1,3,5,7],[0,1,6,7],[3,4,6,7],[2,5,6,7],[0,2,5,8],[2,3,6,8],[0,4,6,8],[1,5,6,8],[1,2,7,8],[0,3,7,8],[4,5,7,8]]
FAM D=48 ell=12 count=24 degs=[6,8,8,6,7,7,7,8,7] blocks=[[0,1,2,3],[0,1,4,5],[2,3,4,5],[1,2,4,6],[0,2,4,7],[1,3,5,7],[0,1,6,7],[3,4,6,7],[2,5,6,7],[1,2,5,8],[0,2,6,8],[1,3,6,8],[4,5,6,8],[2,3,7,8],[1,4,7,8],[0,5,7,8]]
FAM D=48 ell=12 count=24 degs=[7,8,7,7,8,6,6,7,8] blocks=[[0,1,2,3],[0,1,4,5],[2,3,4,5],[1,2,4,6],[0,2,4,7],[1,3,5,7],[0,1,6,7],[3,4,6,7],[0,3,4,8],[1,2,5,8],[0,2,6,8],[1,3,6,8],[4,5,6,8],[2,3,7,8],[1,4,7,8],[0,5,7,8]]
FAM D=48 ell=12 count=24 degs=[7,8,7,7,8,6,6,7,8] blocks=[[0,1,2,3],[0,1,4,5],[2,3,4,5],[1,2,4,6],[0,2,4,7],[1,3,5,7],[0,1,6,7],[3,4,6,7],[1,3,4,8],[0,2,5,8],[2,3,6,8],[0,4,6,8],[1,5,6,8],[1,2,7,8],[0,3,7,8],[4,5,7,8]]
FAM D=48 ell=12 count=24 degs=[7,8,8,6,7,7,6,7,8] blocks=[[0,1,2,3],[0,1,4,5],[2,3,4,5],[1,2,4,6],[0,2,4,7],[1,3,5,7],[0,1,6,7],[2,5,6,7],[0,3,4,8],[1,2,5,8],[0,2,6,8],[1,3,6,8],[4,5,6,8],[2,3,7,8],[1,4,7,8],[0,5,7,8]]
FAM D=48 ell=12 count=24 degs=[7,8,8,6,7,7,6,7,8] blocks=[[0,1,2,3],[0,1,4,5],[2,3,4,5],[1,2,4,6],[0,2,4,7],[1,3,5,7],[0,1,6,7],[2,5,6,7],[1,3,4,8],[0,2,5,8],[2,3,6,8],[0,4,6,8],[1,5,6,8],[1,2,7,8],[0,3,7,8],[4,5,7,8]]
FAM D=48 ell=12 count=24 degs=[6,7,8,7,8,7,6,7,8] blocks=[[0,1,2,3],[0,1,4,5],[2,3,4,5],[1,2,4,6],[0,2,4,7],[1,3,5,7],[3,4,6,7],[2,5,6,7],[0,3,4,8],[1,2,5,8],[0,2,6,8],[1,3,6,8],[4,5,6,8],[2,3,7,8],[1,4,7,8],[0,5,7,8]]
FAM D=48 ell=12 count=24 degs=[6,7,8,7,8,7,6,7,8] blocks=[[0,1,2,3],[0,1,4,5],[2,3,4,5],[1,2,4,6],[0,2,4,7],[1,3,5,7],[3,4,6,7],[2,5,6,7],[1,3,4,8],[0,2,5,8],[2,3,6,8],[0,4,6,8],[1,5,6,8],[1,2,7,8],[0,3,7,8],[4,5,7,8]]
FAM D=48 ell=12 count=24 degs=[7,7,8,6,8,6,7,7,8] blocks=[[0,1,2,3],[0,1,4,5],[2,3,4,5],[1,2,4,6],[0,2,4,7],[0,1,6,7],[3,4,6,7],[2,5,6,7],[0,3,4,8],[1,2,5,8],[0,2,6,8],[1,3,6,8],[4,5,6,8],[2,3,7,8],[1,4,7,8],[0,5,7,8]]
FAM D=48 ell=12 count=24 degs=[7,7,8,6,8,6,7,7,8] blocks=[[0,1,2,3],[0,1,4,5],[2,3,4,5],[1,2,4,6],[0,2,4,7],[0,1,6,7],[3,4,6,7],[2,5,6,7],[1,3,4,8],[0,2,5,8],[2,3,6,8],[0,4,6,8],[1,5,6,8],[1,2,7,8],[0,3,7,8],[4,5,7,8]]
FAM D=48 ell=12 count=24 degs=[6,8,8,7,8,6,7,7,7] blocks=[[0,1,2,3],[0,1,4,5],[2,3,4,5],[1,2,4,6],[0,3,4,7],[1,2,5,7],[0,2,6,7],[1,3,6,7],[4,5,6,7],[0,2,4,8],[1,3,5,8],[0,1,6,8],[3,4,6,8],[2,5,6,8],[2,3,7,8],[1,4,7,8]]
FAM D=51 ell=12 count=21 degs=[7,8,8,7,8,7,7,8,8] blocks=[[0,1,2,3],[0,1,4,5],[2,3,4,5],[1,2,4,6],[0,3,4,7],[1,2,5,7],[0,2,6,7],[1,3,6,7],[4,5,6,7],[0,2,4,8],[1,3,5,8],[0,1,6,8],[3,4,6,8],[2,5,6,8],[2,3,7,8],[1,4,7,8],[0,5,7,8]]
FAM D=48 ell=12 count=24 degs=[7,7,8,7,7,7,7,7,7] blocks=[[0,1,2,3],[0,1,4,5],[2,3,4,5],[1,2,4,6],[0,3,4,7],[1,2,5,7],[0,2,6,7],[1,3,6,7],[4,5,6,7],[0,2,4,8],[1,3,5,8],[0,1,6,8],[3,4,6,8],[2,5,6,8],[2,3,7,8],[0,5,7,8]]
FAM D=48 ell=12 count=24 degs=[7,8,7,6,8,7,7,7,7] blocks=[[0,1,2,3],[0,1,4,5],[2,3,4,5],[1,2,4,6],[0,3,4,7],[1,2,5,7],[0,2,6,7],[1,3,6,7],[4,5,6,7],[0,2,4,8],[1,3,5,8],[0,1,6,8],[3,4,6,8],[2,5,6,8],[1,4,7,8],[0,5,7,8]]
FAM D=48 ell=12 count=24 degs=[7,8,7,7,8,6,6,8,7] blocks=[[0,1,2,3],[0,1,4,5],[2,3,4,5],[1,2,4,6],[0,3,4,7],[1,2,5,7],[0,2,6,7],[1,3,6,7],[4,5,6,7],[0,2,4,8],[1,3,5,8],[0,1,6,8],[3,4,6,8],[2,3,7,8],[1,4,7,8],[0,5,7,8]]
FAM D=48 ell=12 count=24 degs=[7,8,8,6,7,7,6,8,7] blocks=[[0,1,2,3],[0,1,4,5],[2,3,4,5],[1,2,4,6],[0,3,4,7],[1,2,5,7],[0,2,6,7],[1,3,6,7],[4,5,6,7],[0,2,4,8],[1,3,5,8],[0,1,6,8],[2,5,6,8],[2,3,7,8],[1,4,7,8],[0,5,7,8]]
FAM D=48 ell=12 count=24 degs=[6,7,8,7,8,7,6,8,7] blocks=[[0,1,2,3],[0,1,4,5],[2,3,4,5],[1,2,4,6],[0,3,4,7],[1,2,5,7],[0,2,6,7],[1,3,6,7],[4,5,6,7],[0,2,4,8],[1,3,5,8],[3,4,6,8],[2,5,6,8],[2,3,7,8],[1,4,7,8],[0,5,7,8]]
FAM D=48 ell=12 count=24 degs=[7,7,8,6,8,6,7,8,7] blocks=[[0,1,2,3],[0,1,4,5],[2,3,4,5],[1,2,4,6],[0,3,4,7],[1,2,5,7],[0,2,6,7],[1,3,6,7],[4,5,6,7],[0,2,4,8],[0,1,6,8],[3,4,6,8],[2,5,6,8],[2,3,7,8],[1,4,7,8],[0,5,7,8]]
FAM D=48 ell=12 count=24 degs=[7,8,8,6,8,6,7,7,7] blocks=[[0,1,2,3],[0,1,4,5],[2,3,4,5],[1,2,4,6],[0,3,4,7],[1,2,5,7],[0,2,6,7],[1,3,6,7],[4,5,6,7],[1,3,4,8],[0,2,5,8],[2,3,6,8],[0,4,6,8],[1,5,6,8],[0,1,7,8],[2,4,7,8]]
FAM D=51 ell=12 count=21 degs=[7,8,8,7,8,7,7,8,8] blocks=[[0,1,2,3],[0,1,4,5],[2,3,4,5],[1,2,4,6],[0,3,4,7],[1,2,5,7],[0,2,6,7],[1,3,6,7],[4,5,6,7],[1,3,4,8],[0,2,5,8],[2,3,6,8],[0,4,6,8],[1,5,6,8],[0,1,7,8],[2,4,7,8],[3,5,7,8]]
FAM D=48 ell=12 count=24 degs=[7,8,7,7,7,7,7,7,7] blocks=[[0,1,2,3],[0,1,4,5],[2,3,4,5],[1,2,4,6],[0,3,4,7],[1,2,5,7],[0,2,6,7],[1,3,6,7],[4,5,6,7],[1,3,4,8],[0,2,5,8],[2,3,6,8],[0,4,6,8],[1,5,6,8],[0,1,7,8],[3,5,7,8]]
FAM D=48 ell=12 count=24 degs=[6,7,8,7,8,7,7,7,7] blocks=[[0,1,2,3],[0,1,4,5],[2,3,4,5],[1,2,4,6],[0,3,4,7],[1,2,5,7],[0,2,6,7],[1,3,6,7],[4,5,6,7],[1,3,4,8],[0,2,5,8],[2,3,6,8],[0,4,6,8],[1,5,6,8],[2,4,7,8],[3,5,7,8]]
FAM D=48 ell=12 count=24 degs=[7,7,8,7,8,6,6,8,7] blocks=[[0,1,2,3],[0,1,4,5],[2,3,4,5],[1,2,4,6],[0,3,4,7],[1,2,5,7],[0,2,6,7],[1,3,6,7],[4,5,6,7],[1,3,4,8],[0,2,5,8],[2,3,6,8],[0,4,6,8],[0,1,7,8],[2,4,7,8],[3,5,7,8]]
FAM D=48 ell=12 count=24 degs=[6,8,8,7,7,7,6,8,7] blocks=[[0,1,2,3],[0,1,4,5],[2,3,4,5],[1,2,4,6],[0,3,4,7],[1,2,5,7],[0,2,6,7],[1,3,6,7],[4,5,6,7],[1,3,4,8],[0,2,5,8],[2,3,6,8],[1,5,6,8],[0,1,7,8],[2,4,7,8],[3,5,7,8]]
FAM D=48 ell=12 count=24 degs=[7,8,7,6,8,7,6,8,7] blocks=[[0,1,2,3],[0,1,4,5],[2,3,4,5],[1,2,4,6],[0,3,4,7],[1,2,5,7],[0,2,6,7],[1,3,6,7],[4,5,6,7],[1,3,4,8],[0,2,5,8],[0,4,6,8],[1,5,6,8],[0,1,7,8],[2,4,7,8],[3,5,7,8]]
FAM D=48 ell=12 count=24 degs=[6,8,7,7,8,6,7,8,7] blocks=[[0,1,2,3],[0,1,4,5],[2,3,4,5],[1,2,4,6],[0,3,4,7],[1,2,5,7],[0,2,6,7],[1,3,6,7],[4,5,6,7],[1,3,4,8],[2,3,6,8],[0,4,6,8],[1,5,6,8],[0,1,7,8],[2,4,7,8],[3,5,7,8]]
FAM D=48 ell=12 count=24 degs=[7,7,8,6,7,7,7,8,7] blocks=[[0,1,2,3],[0,1,4,5],[2,3,4,5],[1,2,4,6],[0,3,4,7],[1,2,5,7],[0,2,6,7],[1,3,6,7],[4,5,6,7],[0,2,5,8],[2,3,6,8],[0,4,6,8],[1,5,6,8],[0,1,7,8],[2,4,7,8],[3,5,7,8]]
FAM D=48 ell=12 count=24 degs=[6,8,7,7,7,7,7,8,7] blocks=[[0,1,2,3],[0,1,4,5],[2,3,4,5],[1,2,4,6],[0,3,4,7],[1,2,5,7],[0,2,6,7],[1,3,6,7],[4,5,6,7],[1,3,5,8],[0,1,6,8],[3,4,6,8],[2,5,6,8],[2,3,7,8],[1,4,7,8],[0,5,7,8]]
FAM D=48 ell=12 count=24 degs=[7,8,8,7,7,6,6,7,8] blocks=[[0,1,2,3],[0,1,4,5],[2,3,4,5],[1,2,4,6],[0,3,4,7],[1,2,5,7],[0,2,6,7],[1,3,6,7],[0,2,4,8],[1,3,5,8],[0,1,6,8],[3,4,6,8],[2,5,6,8],[2,3,7,8],[1,4,7,8],[0,5,7,8]]
FAM D=48 ell=12 count=24 degs=[7,8,8,7,7,6,6,7,8] blocks=[[0,1,2,3],[0,1,4,5],[2,3,4,5],[1,2,4,6],[0,3,4,7],[1,2,5,7],[0,2,6,7],[1,3,6,7],[1,3,4,8],[0,2,5,8],[2,3,6,8],[0,4,6,8],[1,5,6,8],[0,1,7,8],[2,4,7,8],[3,5,7,8]]
FAM D=48 ell=12 count=24 degs=[7,7,8,6,8,7,6,7,8] blocks=[[0,1,2,3],[0,1,4,5],[2,3,4,5],[1,2,4,6],[0,3,4,7],[1,2,5,7],[0,2,6,7],[4,5,6,7],[0,2,4,8],[1,3,5,8],[0,1,6,8],[3,4,6,8],[2,5,6,8],[2,3,7,8],[1,4,7,8],[0,5,7,8]]
FAM D=48 ell=12 count=24 degs=[7,7,8,6,8,7,6,7,8] blocks=[[0,1,2,3],[0,1,4,5],[2,3,4,5],[1,2,4,6],[0,3,4,7],[1,2,5,7],[0,2,6,7],[4,5,6,7],[1,3,4,8],[0,2,5,8],[2,3,6,8],[0,4,6,8],[1,5,6,8],[0,1,7,8],[2,4,7,8],[3,5,7,8]]
FAM D=48 ell=12 count=24 degs=[6,8,7,7,8,7,6,7,8] blocks=[[0,1,2,3],[0,1,4,5],[2,3,4,5],[1,2,4,6],[0,3,4,7],[1,2,5,7],[1,3,6,7],[4,5,6,7],[0,2,4,8],[1,3,5,8],[0,1,6,8],[3,4,6,8],[2,5,6,8],[2,3,7,8],[1,4,7,8],[0,5,7,8]]
FAM D=48 ell=12 count=24 degs=[6,8,7,7,8,7,6,7,8] blocks=[[0,1,2,3],[0,1,4,5],[2,3,4,5],[1,2,4,6],[0,3,4,7],[1,2,5,7],[1,3,6,7],[4,5,6,7],[1,3,4,8],[0,2,5,8],[2,3,6,8],[0,4,6,8],[1,5,6,8],[0,1,7,8],[2,4,7,8],[3,5,7,8]]
FAM D=48 ell=12 count=24 degs=[7,7,7,7,8,6,7,7,8] blocks=[[0,1,2,3],[0,1,4,5],[2,3,4,5],[1,2,4,6],[0,3,4,7],[0,2,6,7],[1,3,6,7],[4,5,6,7],[0,2,4,8],[1,3,5,8],[0,1,6,8],[3,4,6,8],[2,5,6,8],[2,3,7,8],[1,4,7,8],[0,5,7,8]]
FAM D=48 ell=12 count=24 degs=[7,7,7,7,8,6,7,7,8] blocks=[[0,1,2,3],[0,1,4,5],[2,3,4,5],[1,2,4,6],[0,3,4,7],[0,2,6,7],[1,3,6,7],[4,5,6,7],[1,3,4,8],[0,2,5,8],[2,3,6,8],[0,4,6,8],[1,5,6,8],[0,1,7,8],[2,4,7,8],[3,5,7,8]]
FAM D=48 ell=12 count=24 degs=[7,8,8,7,7,6,7,7,7] blocks=[[0,1,2,3],[0,1,4,5],[2,3,4,5],[1,2,4,6],[1,3,4,7],[0,2,5,7],[2,3,6,7],[0,4,6,7],[1,5,6,7],[0,2,4,8],[1,3,5,8],[0,1,6,8],[3,4,6,8],[2,5,6,8],[1,2,7,8],[0,3,7,8]]
FAM D=51 ell=12 count=21 degs=[7,8,8,7,8,7,7,8,8] blocks=[[0,1,2,3],[0,1,4,5],[2,3,4,5],[1,2,4,6],[1,3,4,7],[0,2,5,7],[2,3,6,7],[0,4,6,7],[1,5,6,7],[0,2,4,8],[1,3,5,8],[0,1,6,8],[3,4,6,8],[2,5,6,8],[1,2,7,8],[0,3,7,8],[4,5,7,8]]
FAM D=48 ell=12 count=24 degs=[6,8,8,6,8,7,7,7,7] blocks=[[0,1,2,3],[0,1,4,5],[2,3,4,5],[1,2,4,6],[1,3,4,7],[0,2,5,7],[2,3,6,7],[0,4,6,7],[1,5,6,7],[0,2,4,8],[1,3,5,8],[0,1,6,8],[3,4,6,8],[2,5,6,8],[1,2,7,8],[4,5,7,8]]
FAM D=48 ell=12 count=24 degs=[7,7,7,7,8,7,7,7,7] blocks=[[0,1,2,3],[0,1,4,5],[2,3,4,5],[1,2,4,6],[1,3,4,7],[0,2,5,7],[2,3,6,7],[0,4,6,7],[1,5,6,7],[0,2,4,8],[1,3,5,8],[0,1,6,8],[3,4,6,8],[2,5,6,8],[0,3,7,8],[4,5,7,8]]
FAM D=48 ell=12 count=24 degs=[7,8,7,7,8,6,6,8,7] blocks=[[0,1,2,3],[0,1,4,5],[2,3,4,5],[1,2,4,6],[1,3,4,7],[0,2,5,7],[2,3,6,7],[0,4,6,7],[1,5,6,7],[0,2,4,8],[1,3,5,8],[0,1,6,8],[3,4,6,8],[1,2,7,8],[0,3,7,8],[4,5,7,8]]
FAM D=48 ell=12 count=24 degs=[7,8,8,6,7,7,6,8,7] blocks=[[0,1,2,3],[0,1,4,5],[2,3,4,5],[1,2,4,6],[1,3,4,7],[0,2,5,7],[2,3,6,7],[0,4,6,7],[1,5,6,7],[0,2,4,8],[1,3,5,8],[0,1,6,8],[2,5,6,8],[1,2,7,8],[0,3,7,8],[4,5,7,8]]
FAM D=48 ell=12 count=24 degs=[6,7,8,7,8,7,6,8,7] blocks=[[0,1,2,3],[0,1,4,5],[2,3,4,5],[1,2,4,6],[1,3,4,7],[0,2,5,7],[2,3,6,7],[0,4,6,7],[1,5,6,7],[0,2,4,8],[1,3,5,8],[3,4,6,8],[2,5,6,8],[1,2,7,8],[0,3,7,8],[4,5,7,8]]
FAM D=48 ell=12 count=24 degs=[7,7,8,6,8,6,7,8,7] blocks=[[0,1,2,3],[0,1,4,5],[2,3,4,5],[1,2,4,6],[1,3,4,7],[0,2,5,7],[2,3,6,7],[0,4,6,7],[1,5,6,7],[0,2,4,8],[0,1,6,8],[3,4,6,8],[2,5,6,8],[1,2,7,8],[0,3,7,8],[4,5,7,8]]
FAM D=48 ell=12 count=24 degs=[7,8,8,6,8,6,7,7,7] blocks=[[0,1,2,3],[0,1,4,5],[2,3,4,5],[1,2,4,6],[1,3,4,7],[0,2,5,7],[2,3,6,7],[0,4,6,7],[1,5,6,7],[0,3,4,8],[1,2,5,8],[0,2,6,8],[1,3,6,8],[4,5,6,8],[0,1,7,8],[2,4,7,8]]
FAM D=51 ell=12 count=21 degs=[7,8,8,7,8,7,7,8,8] blocks=[[0,1,2,3],[0,1,4,5],[2,3,4,5],[1,2,4,6],[1,3,4,7],[0,2,5,7],[2,3,6,7],[0,4,6,7],[1,5,6,7],[0,3,4,8],[1,2,5,8],[0,2,6,8],[1,3,6,8],[4,5,6,8],[0,1,7,8],[2,4,7,8],[3,5,7,8]]
FAM D=48 ell=12 count=24 degs=[7,8,7,7,7,7,7,7,7] blocks=[[0,1,2,3],[0,1,4,5],[2,3,4,5],[1,2,4,6],[1,3,4,7],[0,2,5,7],[2,3,6,7],[0,4,6,7],[1,5,6,7],[0,3,4,8],[1,2,5,8],[0,2,6,8],[1,3,6,8],[4,5,6,8],[0,1,7,8],[3,5,7,8]]
FAM D=48 ell=12 count=24 degs=[6,7,8,7,8,7,7,7,7] blocks=[[0,1,2,3],[0,1,4,5],[2,3,4,5],[1,2,4,6],[1,3,4,7],[0,2,5,7],[2,3,6,7],[0,4,6,7],[1,5,6,7],[0,3,4,8],[1,2,5,8],[0,2,6,8],[1,3,6,8],[4,5,6,8],[2,4,7,8],[3,5,7,8]]
FAM D=48 ell=12 count=24 degs=[7,8,8,7,7,6,6,8,7] blocks=[[0,1,2,3],[0,1,4,5],[2,3,4,5],[1,2,4,6],[1,3,4,7],[0,2,5,7],[2,3,6,7],[0,4,6,7],[1,5,6,7],[0,3,4,8],[1,2,5,8],[0,2,6,8],[1,3,6,8],[0,1,7,8],[2,4,7,8],[3,5,7,8]]
FAM D=48 ell=12 count=24 degs=[7,7,8,6,8,7,6,8,7] blocks=[[0,1,2,3],[0,1,4,5],[2,3,4,5],[1,2,4,6],[1,3,4,7],[0,2,5,7],[2,3,6,7],[0,4,6,7],[1,5,6,7],[0,3,4,8],[1,2,5,8],[0,2,6,8],[4,5,6,8],[0,1,7,8],[2,4,7,8],[3,5,7,8]]
FAM D=48 ell=12 count=24 degs=[6,8,7,7,8,7,6,8,7] blocks=[[0,1,2,3],[0,1,4,5],[2,3,4,5],[1,2,4,6],[1,3,4,7],[0,2,5,7],[2,3,6,7],[0,4,6,7],[1,5,6,7],[0,3,4,8],[1,2,5,8],[1,3,6,8],[4,5,6,8],[0,1,7,8],[2,4,7,8],[3,5,7,8]]
FAM D=48 ell=12 count=24 degs=[7,7,7,7,8,6,7,8,7] blocks=[[0,1,2,3],[0,1,4,5],[2,3,4,5],[1,2,4,6],[1,3,4,7],[0,2,5,7],[2,3,6,7],[0,4,6,7],[1,5,6,7],[0,3,4,8],[0,2,6,8],[1,3,6,8],[4,5,6,8],[0,1,7,8],[2,4,7,8],[3,5,7,8]]
FAM D=48 ell=12 count=24 degs=[6,8,8,6,7,7,7,8,7] blocks=[[0,1,2,3],[0,1,4,5],[2,3,4,5],[1,2,4,6],[1,3,4,7],[0,2,5,7],[2,3,6,7],[0,4,6,7],[1,5,6,7],[1,2,5,8],[0,2,6,8],[1,3,6,8],[4,5,6,8],[0,1,7,8],[2,4,7,8],[3,5,7,8]]
FAM D=48 ell=12 count=24 degs=[6,8,7,7,7,7,7,8,7] blocks=[[0,1,2,3],[0,1,4,5],[2,3,4,5],[1,2,4,6],[1,3,4,7],[0,2,5,7],[2,3,6,7],[0,4,6,7],[1,5,6,7],[1,3,5,8],[0,1,6,8],[3,4,6,8],[2,5,6,8],[1,2,7,8],[0,3,7,8],[4,5,7,8]]
FAM D=48 ell=12 count=24 degs=[7,7,8,7,8,6,6,7,8] blocks=[[0,1,2,3],[0,1,4,5],[2,3,4,5],[1,2,4,6],[1,3,4,7],[0,2,5,7],[2,3,6,7],[0,4,6,7],[0,2,4,8],[1,3,5,8],[0,1,6,8],[3,4,6,8],[2,5,6,8],[1,2,7,8],[0,3,7,8],[4,5,7,8]]
FAM D=48 ell=12 count=24 degs=[7,7,8,7,8,6,6,7,8] blocks=[[0,1,2,3],[0,1,4,5],[2,3,4,5],[1,2,4,6],[1,3,4,7],[0,2,5,7],[2,3,6,7],[0,4,6,7],[0,3,4,8],[1,2,5,8],[0,2,6,8],[1,3,6,8],[4,5,6,8],[0,1,7,8],[2,4,7,8],[3,5,7,8]]
FAM D=48 ell=12 count=24 degs=[6,8,8,7,7,7,6,7,8] blocks=[[0,1,2,3],[0,1,4,5],[2,3,4,5],[1,2,4,6],[1,3,4,7],[0,2,5,7],[2,3,6,7],[1,5,6,7],[0,2,4,8],[1,3,5,8],[0,1,6,8],[3,4,6,8],[2,5,6,8],[1,2,7,8],[0,3,7,8],[4,5,7,8]]
FAM D=48 ell=12 count=24 degs=[6,8,8,7,7,7,6,7,8] blocks=[[0,1,2,3],[0,1,4,5],[2,3,4,5],[1,2,4,6],[1,3,4,7],[0,2,5,7],[2,3,6,7],[1,5,6,7],[0,3,4,8],[1,2,5,8],[0,2,6,8],[1,3,6,8],[4,5,6,8],[0,1,7,8],[2,4,7,8],[3,5,7,8]]
FAM D=48 ell=12 count=24 degs=[7,8,7,6,8,7,6,7,8] blocks=[[0,1,2,3],[0,1,4,5],[2,3,4,5],[1,2,4,6],[1,3,4,7],[0,2,5,7],[0,4,6,7],[1,5,6,7],[0,2,4,8],[1,3,5,8],[0,1,6,8],[3,4,6,8],[2,5,6,8],[1,2,7,8],[0,3,7,8],[4,5,7,8]]
FAM D=48 ell=12 count=24 degs=[7,8,7,6,8,7,6,7,8] blocks=[[0,1,2,3],[0,1,4,5],[2,3,4,5],[1,2,4,6],[1,3,4,7],[0,2,5,7],[0,4,6,7],[1,5,6,7],[0,3,4,8],[1,2,5,8],[0,2,6,8],[1,3,6,8],[4,5,6,8],[0,1,7,8],[2,4,7,8],[3,5,7,8]]
FAM D=48 ell=12 count=24 degs=[6,8,7,7,8,6,7,7,8] blocks=[[0,1,2,3],[0,1,4,5],[2,3,4,5],[1,2,4,6],[1,3,4,7],[2,3,6,7],[0,4,6,7],[1,5,6,7],[0,2,4,8],[1,3,5,8],[0,1,6,8],[3,4,6,8],[2,5,6,8],[1,2,7,8],[0,3,7,8],[4,5,7,8]]
FAM D=48 ell=12 count=24 degs=[6,8,7,7,8,6,7,7,8] blocks=[[0,1,2,3],[0,1,4,5],[2,3,4,5],[1,2,4,6],[1,3,4,7],[2,3,6,7],[0,4,6,7],[1,5,6,7],[0,3,4,8],[1,2,5,8],[0,2,6,8],[1,3,6,8],[4,5,6,8],[0,1,7,8],[2,4,7,8],[3,5,7,8]]
FAM D=48 ell=12 count=24 degs=[7,7,8,6,7,7,7,7,8] blocks=[[0,1,2,3],[0,1,4,5],[2,3,4,5],[1,2,4,6],[0,2,5,7],[2,3,6,7],[0,4,6,7],[1,5,6,7],[0,2,4,8],[1,3,5,8],[0,1,6,8],[3,4,6,8],[2,5,6,8],[1,2,7,8],[0,3,7,8],[4,5,7,8]]
FAM D=48 ell=12 count=24 degs=[7,7,8,6,7,7,7,7,8] blocks=[[0,1,2,3],[0,1,4,5],[2,3,4,5],[1,2,4,6],[0,2,5,7],[2,3,6,7],[0,4,6,7],[1,5,6,7],[0,3,4,8],[1,2,5,8],[0,2,6,8],[1,3,6,8],[4,5,6,8],[0,1,7,8],[2,4,7,8],[3,5,7,8]]
FAM D=48 ell=12 count=24 degs=[6,8,8,6,7,7,7,7,8] blocks=[[0,1,2,3],[0,1,4,5],[2,3,4,5],[1,2,4,6],[1,2,5,7],[0,2,6,7],[1,3,6,7],[4,5,6,7],[0,2,4,8],[1,3,5,8],[0,1,6,8],[3,4,6,8],[2,5,6,8],[2,3,7,8],[1,4,7,8],[0,5,7,8]]
FAM D=48 ell=12 count=24 degs=[6,8,8,6,7,7,7,7,8] blocks=[[0,1,2,3],[0,1,4,5],[2,3,4,5],[1,2,4,6],[1,2,5,7],[0,2,6,7],[1,3,6,7],[4,5,6,7],[1,3,4,8],[0,2,5,8],[2,3,6,8],[0,4,6,8],[1,5,6,8],[0,1,7,8],[2,4,7,8],[3,5,7,8]]
FAM D=48 ell=12 count=24 degs=[6,8,7,7,7,7,7,7,8] blocks=[[0,1,2,3],[0,1,4,5],[2,3,4,5],[1,2,4,6],[1,3,5,7],[0,1,6,7],[3,4,6,7],[2,5,6,7],[0,3,4,8],[1,2,5,8],[0,2,6,8],[1,3,6,8],[4,5,6,8],[2,3,7,8],[1,4,7,8],[0,5,7,8]]
FAM D=48 ell=12 count=24 degs=[6,8,7,7,7,7,7,7,8] blocks=[[0,1,2,3],[0,1,4,5],[2,3,4,5],[1,2,4,6],[1,3,5,7],[0,1,6,7],[3,4,6,7],[2,5,6,7],[1,3,4,8],[0,2,5,8],[2,3,6,8],[0,4,6,8],[1,5,6,8],[1,2,7,8],[0,3,7,8],[4,5,7,8]]
FAM D=48 ell=12 count=24 degs=[8,8,7,7,7,7,8,6,6] blocks=[[0,1,2,3],[0,1,4,5],[2,3,4,5],[0,3,4,6],[1,2,5,6],[0,2,4,7],[1,3,5,7],[2,3,6,7],[1,4,6,7],[0,5,6,7],[1,2,4,8],[0,3,5,8],[0,2,6,8],[1,3,6,8],[4,5,6,8],[0,1,7,8]]
FAM D=51 ell=12 count=21 degs=[8,8,7,8,8,7,8,7,7] blocks=[[0,1,2,3],[0,1,4,5],[2,3,4,5],[0,3,4,6],[1,2,5,6],[0,2,4,7],[1,3,5,7],[2,3,6,7],[1,4,6,7],[0,5,6,7],[1,2,4,8],[0,3,5,8],[0,2,6,8],[1,3,6,8],[4,5,6,8],[0,1,7,8],[3,4,7,8]]
FAM D=54 ell=12 count=18 degs=[8,8,8,8,8,8,8,8,8] blocks=[[0,1,2,3],[0,1,4,5],[2,3,4,5],[0,3,4,6],[1,2,5,6],[0,2,4,7],[1,3,5,7],[2,3,6,7],[1,4,6,7],[0,5,6,7],[1,2,4,8],[0,3,5,8],[0,2,6,8],[1,3,6,8],[4,5,6,8],[0,1,7,8],[3,4,7,8],[2,5,7,8]]
FAM D=51 ell=12 count=21 degs=[8,8,8,7,7,8,8,7,7] blocks=[[0,1,2,3],[0,1,4,5],[2,3,4,5],[0,3,4,6],[1,2,5,6],[0,2,4,7],[1,3,5,7],[2,3,6,7],[1,4,6,7],[0,5,6,7],[1,2,4,8],[0,3,5,8],[0,2,6,8],[1,3,6,8],[4,5,6,8],[0,1,7,8],[2,5,7,8]]
FAM D=48 ell=12 count=24 degs=[7,7,7,8,8,7,8,6,6] blocks=[[0,1,2,3],[0,1,4,5],[2,3,4,5],[0,3,4,6],[1,2,5,6],[0,2,4,7],[1,3,5,7],[2,3,6,7],[1,4,6,7],[0,5,6,7],[1,2,4,8],[0,3,5,8],[0,2,6,8],[1,3,6,8],[4,5,6,8],[3,4,7,8]]
FAM D=51 ell=12 count=21 degs=[7,7,8,8,8,8,8,7,7] blocks=[[0,1,2,3],[0,1,4,5],[2,3,4,5],[0,3,4,6],[1,2,5,6],[0,2,4,7],[1,3,5,7],[2,3,6,7],[1,4,6,7],[0,5,6,7],[1,2,4,8],[0,3,5,8],[0,2,6,8],[1,3,6,8],[4,5,6,8],[3,4,7,8],[2,5,7,8]]
FAM D=48 ell=12 count=24 degs=[7,7,8,7,7,8,8,6,6] blocks=[[0,1,2,3],[0,1,4,5],[2,3,4,5],[0,3,4,6],[1,2,5,6],[0,2,4,7],[1,3,5,7],[2,3,6,7],[1,4,6,7],[0,5,6,7],[1,2,4,8],[0,3,5,8],[0,2,6,8],[1,3,6,8],[4,5,6,8],[2,5,7,8]]
FAM D=48 ell=12 count=24 degs=[8,8,7,8,7,6,7,7,6] blocks=[[0,1,2,3],[0,1,4,5],[2,3,4,5],[0,3,4,6],[1,2,5,6],[0,2,4,7],[1,3,5,7],[2,3,6,7],[1,4,6,7],[0,5,6,7],[1,2,4,8],[0,3,5,8],[0,2,6,8],[1,3,6,8],[0,1,7,8],[3,4,7,8]]
FAM D=51 ell=12 count=21 degs=[8,8,8,8,7,7,7,8,7] blocks=[[0,1,2,3],[0,1,4,5],[2,3,4,5],[0,3,4,6],[1,2,5,6],[0,2,4,7],[1,3,5,7],[2,3,6,7],[1,4,6,7],[0,5,6,7],[1,2,4,8],[0,3,5,8],[0,2,6,8],[1,3,6,8],[0,1,7,8],[3,4,7,8],[2,5,7,8]]
FAM D=48 ell=12 count=24 degs=[8,8,8,7,6,7,7,7,6] blocks=[[0,1,2,3],[0,1,4,5],[2,3,4,5],[0,3,4,6],[1,2,5,6],[0,2,4,7],[1,3,5,7],[2,3,6,7],[1,4,6,7],[0,5,6,7],[1,2,4,8],[0,3,5,8],[0,2,6,8],[1,3,6,8],[0,1,7,8],[2,5,7,8]]
FAM D=48 ell=12 count=24 degs=[7,7,8,8,7,7,7,7,6] blocks=[[0,1,2,3],[0,1,4,5],[2,3,4,5],[0,3,4,6],[1,2,5,6],[0,2,4,7],[1,3,5,7],[2,3,6,7],[1,4,6,7],[0,5,6,7],[1,2,4,8],[0,3,5,8],[0,2,6,8],[1,3,6,8],[3,4,7,8],[2,5,7,8]]
FAM D=48 ell=12 count=24 degs=[8,7,7,7,8,7,7,7,6] blocks=[[0,1,2,3],[0,1,4,5],[2,3,4,5],[0,3,4,6],[1,2,5,6],[0,2,4,7],[1,3,5,7],[2,3,6,7],[1,4,6,7],[0,5,6,7],[1,2,4,8],[0,3,5,8],[0,2,6,8],[4,5,6,8],[0,1,7,8],[3,4,7,8]]
FAM D=51 ell=12 count=21 degs=[8,7,8,7,8,8,7,8,7] blocks=[[0,1,2,3],[0,1,4,5],[2,3,4,5],[0,3,4,6],[1,2,5,6],[0,2,4,7],[1,3,5,7],[2,3,6,7],[1,4,6,7],[0,5,6,7],[1,2,4,8],[0,3,5,8],[0,2,6,8],[4,5,6,8],[0,1,7,8],[3,4,7,8],[2,5,7,8]]
FAM D=48 ell=12 count=24 degs=[8,7,8,6,7,8,7,7,6] blocks=[[0,1,2,3],[0,1,4,5],[2,3,4,5],[0,3,4,6],[1,2,5,6],[0,2,4,7],[1,3,5,7],[2,3,6,7],[1,4,6,7],[0,5,6,7],[1,2,4,8],[0,3,5,8],[0,2,6,8],[4,5,6,8],[0,1,7,8],[2,5,7,8]]
FAM D=48 ell=12 count=24 degs=[7,6,8,7,8,8,7,7,6] blocks=[[0,1,2,3],[0,1,4,5],[2,3,4,5],[0,3,4,6],[1,2,5,6],[0,2,4,7],[1,3,5,7],[2,3,6,7],[1,4,6,7],[0,5,6,7],[1,2,4,8],[0,3,5,8],[0,2,6,8],[4,5,6,8],[3,4,7,8],[2,5,7,8]]
FAM D=48 ell=12 count=24 degs=[8,7,8,7,7,7,6,8,6] blocks=[[0,1,2,3],[0,1,4,5],[2,3,4,5],[0,3,4,6],[1,2,5,6],[0,2,4,7],[1,3,5,7],[2,3,6,7],[1,4,6,7],[0,5,6,7],[1,2,4,8],[0,3,5,8],[0,2,6,8],[0,1,7,8],[3,4,7,8],[2,5,7,8]]
FAM D=48 ell=12 count=24 degs=[7,8,6,8,8,7,7,7,6] blocks=[[0,1,2,3],[0,1,4,5],[2,3,4,5],[0,3,4,6],[1,2,5,6],[0,2,4,7],[1,3,5,7],[2,3,6,7],[1,4,6,7],[0,5,6,7],[1,2,4,8],[0,3,5,8],[1,3,6,8],[4,5,6,8],[0,1,7,8],[3,4,7,8]]
FAM D=51 ell=12 count=21 degs=[7,8,7,8,8,8,7,8,7] blocks=[[0,1,2,3],[0,1,4,5],[2,3,4,5],[0,3,4,6],[1,2,5,6],[0,2,4,7],[1,3,5,7],[2,3,6,7],[1,4,6,7],[0,5,6,7],[1,2,4,8],[0,3,5,8],[1,3,6,8],[4,5,6,8],[0,1,7,8],[3,4,7,8],[2,5,7,8]]
FAM D=48 ell=12 count=24 degs=[7,8,7,7,7,8,7,7,6] blocks=[[0,1,2,3],[0,1,4,5],[2,3,4,5],[0,3,4,6],[1,2,5,6],[0,2,4,7],[1,3,5,7],[2,3,6,7],[1,4,6,7],[0,5,6,7],[1,2,4,8],[0,3,5,8],[1,3,6,8],[4,5,6,8],[0,1,7,8],[2,5,7,8]]
FAM D=48 ell=12 count=24 degs=[6,7,7,8,8,8,7,7,6] blocks=[[0,1,2,3],[0,1,4,5],[2,3,4,5],[0,3,4,6],[1,2,5,6],[0,2,4,7],[1,3,5,7],[2,3,6,7],[1,4,6,7],[0,5,6,7],[1,2,4,8],[0,3,5,8],[1,3,6,8],[4,5,6,8],[3,4,7,8],[2,5,7,8]]
FAM D=48 ell=12 count=24 degs=[7,8,7,8,7,7,6,8,6] blocks=[[0,1,2,3],[0,1,4,5],[2,3,4,5],[0,3,4,6],[1,2,5,6],[0,2,4,7],[1,3,5,7],[2,3,6,7],[1,4,6,7],[0,5,6,7],[1,2,4,8],[0,3,5,8],[1,3,6,8],[0,1,7,8],[3,4,7,8],[2,5,7,8]]
FAM D=48 ell=12 count=24 degs=[7,7,7,7,8,8,6,8,6] blocks=[[0,1,2,3],[0,1,4,5],[2,3,4,5],[0,3,4,6],[1,2,5,6],[0,2,4,7],[1,3,5,7],[2,3,6,7],[1,4,6,7],[0,5,6,7],[1,2,4,8],[0,3,5,8],[4,5,6,8],[0,1,7,8],[3,4,7,8],[2,5,7,8]]
FAM D=48 ell=12 count=24 degs=[7,8,7,7,8,6,8,7,6] blocks=[[0,1,2,3],[0,1,4,5],[2,3,4,5],[0,3,4,6],[1,2,5,6],[0,2,4,7],[1,3,5,7],[2,3,6,7],[1,4,6,7],[0,5,6,7],[1,2,4,8],[0,2,6,8],[1,3,6,8],[4,5,6,8],[0,1,7,8],[3,4,7,8]]
FAM D=51 ell=12 count=21 degs=[7,8,8,7,8,7,8,8,7] blocks=[[0,1,2,3],[0,1,4,5],[2,3,4,5],[0,3,4,6],[1,2,5,6],[0,2,4,7],[1,3,5,7],[2,3,6,7],[1,4,6,7],[0,5,6,7],[1,2,4,8],[0,2,6,8],[1,3,6,8],[4,5,6,8],[0,1,7,8],[3,4,7,8],[2,5,7,8]]
FAM D=48 ell=12 count=24 degs=[7,8,8,6,7,7,8,7,6] blocks=[[0,1,2,3],[0,1,4,5],[2,3,4,5],[0,3,4,6],[1,2,5,6],[0,2,4,7],[1,3,5,7],[2,3,6,7],[1,4,6,7],[0,5,6,7],[1,2,4,8],[0,2,6,8],[1,3,6,8],[4,5,6,8],[0,1,7,8],[2,5,7,8]]
FAM D=48 ell=12 count=24 degs=[6,7,8,7,8,7,8,7,6] blocks=[[0,1,2,3],[0,1,4,5],[2,3,4,5],[0,3,4,6],[1,2,5,6],[0,2,4,7],[1,3,5,7],[2,3,6,7],[1,4,6,7],[0,5,6,7],[1,2,4,8],[0,2,6,8],[1,3,6,8],[4,5,6,8],[3,4,7,8],[2,5,7,8]]
FAM D=48 ell=12 count=24 degs=[7,8,8,7,7,6,7,8,6] blocks=[[0,1,2,3],[0,1,4,5],[2,3,4,5],[0,3,4,6],[1,2,5,6],[0,2,4,7],[1,3,5,7],[2,3,6,7],[1,4,6,7],[0,5,6,7],[1,2,4,8],[0,2,6,8],[1,3,6,8],[0,1,7,8],[3,4,7,8],[2,5,7,8]]
FAM D=48 ell=12 count=24 degs=[7,7,8,6,8,7,7,8,6] blocks=[[0,1,2,3],[0,1,4,5],[2,3,4,5],[0,3,4,6],[1,2,5,6],[0,2,4,7],[1,3,5,7],[2,3,6,7],[1,4,6,7],[0,5,6,7],[1,2,4,8],[0,2,6,8],[4,5,6,8],[0,1,7,8],[3,4,7,8],[2,5,7,8]]
FAM D=48 ell=12 count=24 degs=[6,8,7,7,8,7,7,8,6] blocks=[[0,1,2,3],[0,1,4,5],[2,3,4,5],[0,3,4,6],[1,2,5,6],[0,2,4,7],[1,3,5,7],[2,3,6,7],[1,4,6,7],[0,5,6,7],[1,2,4,8],[1,3,6,8],[4,5,6,8],[0,1,7,8],[3,4,7,8],[2,5,7,8]]
FAM D=48 ell=12 count=24 degs=[7,8,8,7,7,7,8,6,6] blocks=[[0,1,2,3],[0,1,4,5],[2,3,4,5],[0,3,4,6],[1,2,5,6],[0,2,4,7],[1,3,5,7],[2,3,6,7],[1,4,6,7],[0,5,6,7],[1,3,4,8],[0,2,5,8],[0,1,6,8],[2,4,6,8],[3,5,6,8],[1,2,7,8]]
FAM D=51 ell=12 count=21 degs=[8,8,8,8,7,7,8,7,7] blocks=[[0,1,2,3],[0,1,4,5],[2,3,4,5],[0,3,4,6],[1,2,5,6],[0,2,4,7],[1,3,5,7],[2,3,6,7],[1,4,6,7],[0,5,6,7],[1,3,4,8],[0,2,5,8],[0,1,6,8],[2,4,6,8],[3,5,6,8],[1,2,7,8],[0,3,7,8]]
FAM D=54 ell=12 count=18 degs=[8,8,8,8,8,8,8,8,8] blocks=[[0,1,2,3],[0,1,4,5],[2,3,4,5],[0,3,4,6],[1,2,5,6],[0,2,4,7],[1,3,5,7],[2,3,6,7],[1,4,6,7],[0,5,6,7],[1,3,4,8],[0,2,5,8],[0,1,6,8],[2,4,6,8],[3,5,6,8],[1,2,7,8],[0,3,7,8],[4,5,7,8]]
FAM D=51 ell=12 count=21 degs=[7,8,8,7,8,8,8,7,7] blocks=[[0,1,2,3],[0,1,4,5],[2,3,4,5],[0,3,4,6],[1,2,5,6],[0,2,4,7],[1,3,5,7],[2,3,6,7],[1,4,6,7],[0,5,6,7],[1,3,4,8],[0,2,5,8],[0,1,6,8],[2,4,6,8],[3,5,6,8],[1,2,7,8],[4,5,7,8]]
FAM D=48 ell=12 count=24 degs=[8,7,7,8,7,7,8,6,6] blocks=[[0,1,2,3],[0,1,4,5],[2,3,4,5],[0,3,4,6],[1,2,5,6],[0,2,4,7],[1,3,5,7],[2,3,6,7],[1,4,6,7],[0,5,6,7],[1,3,4,8],[0,2,5,8],[0,1,6,8],[2,4,6,8],[3,5,6,8],[0,3,7,8]]
FAM D=51 ell=12 count=21 degs=[8,7,7,8,8,8,8,7,7] blocks=[[0,1,2,3],[0,1,4,5],[2,3,4,5],[0,3,4,6],[1,2,5,6],[0,2,4,7],[1,3,5,7],[2,3,6,7],[1,4,6,7],[0,5,6,7],[1,3,4,8],[0,2,5,8],[0,1,6,8],[2,4,6,8],[3,5,6,8],[0,3,7,8],[4,5,7,8]]
FAM D=48 ell=12 count=24 degs=[7,7,7,7,8,8,8,6,6] blocks=[[0,1,2,3],[0,1,4,5],[2,3,4,5],[0,3,4,6],[1,2,5,6],[0,2,4,7],[1,3,5,7],[2,3,6,7],[1,4,6,7],[0,5,6,7],[1,3,4,8],[0,2,5,8],[0,1,6,8],[2,4,6,8],[3,5,6,8],[4,5,7,8]]
FAM D=48 ell=12 count=24 degs=[8,8,8,7,7,6,7,7,6] blocks=[[0,1,2,3],[0,1,4,5],[2,3,4,5],[0,3,4,6],[1,2,5,6],[0,2,4,7],[1,3,5,7],[2,3,6,7],[1,4,6,7],[0,5,6,7],[1,3,4,8],[0,2,5,8],[0,1,6,8],[2,4,6,8],[1,2,7,8],[0,3,7,8]]
FAM D=51 ell=12 count=21 degs=[8,8,8,7,8,7,7,8,7] blocks=[[0,1,2,3],[0,1,4,5],[2,3,4,5],[0,3,4,6],[1,2,5,6],[0,2,4,7],[1,3,5,7],[2,3,6,7],[1,4,6,7],[0,5,6,7],[1,3,4,8],[0,2,5,8],[0,1,6,8],[2,4,6,8],[1,2,7,8],[0,3,7,8],[4,5,7,8]]
FAM D=48 ell=12 count=24 degs=[7,8,8,6,8,7,7,7,6] blocks=[[0,1,2,3],[0,1,4,5],[2,3,4,5],[0,3,4,6],[1,2,5,6],[0,2,4,7],[1,3,5,7],[2,3,6,7],[1,4,6,7],[0,5,6,7],[1,3,4,8],[0,2,5,8],[0,1,6,8],[2,4,6,8],[1,2,7,8],[4,5,7,8]]
FAM D=48 ell=12 count=24 degs=[8,7,7,7,8,7,7,7,6] blocks=[[0,1,2,3],[0,1,4,5],[2,3,4,5],[0,3,4,6],[1,2,5,6],[0,2,4,7],[1,3,5,7],[2,3,6,7],[1,4,6,7],[0,5,6,7],[1,3,4,8],[0,2,5,8],[0,1,6,8],[2,4,6,8],[0,3,7,8],[4,5,7,8]]
FAM D=48 ell=12 count=24 degs=[8,8,7,8,6,7,7,7,6] blocks=[[0,1,2,3],[0,1,4,5],[2,3,4,5],[0,3,4,6],[1,2,5,6],[0,2,4,7],[1,3,5,7],[2,3,6,7],[1,4,6,7],[0,5,6,7],[1,3,4,8],[0,2,5,8],[0,1,6,8],[3,5,6,8],[1,2,7,8],[0,3,7,8]]
FAM D=51 ell=12 count=21 degs=[8,8,7,8,7,8,7,8,7] blocks=[[0,1,2,3],[0,1,4,5],[2,3,4,5],[0,3,4,6],[1,2,5,6],[0,2,4,7],[1,3,5,7],[2,3,6,7],[1,4,6,7],[0,5,6,7],[1,3,4,8],[0,2,5,8],[0,1,6,8],[3,5,6,8],[1,2,7,8],[0,3,7,8],[4,5,7,8]]
FAM D=48 ell=12 count=24 degs=[7,8,7,7,7,8,7,7,6] blocks=[[0,1,2,3],[0,1,4,5],[2,3,4,5],[0,3,4,6],[1,2,5,6],[0,2,4,7],[1,3,5,7],[2,3,6,7],[1,4,6,7],[0,5,6,7],[1,3,4,8],[0,2,5,8],[0,1,6,8],[3,5,6,8],[1,2,7,8],[4,5,7,8]]
FAM D=48 ell=12 count=24 degs=[8,7,6,8,7,8,7,7,6] blocks=[[0,1,2,3],[0,1,4,5],[2,3,4,5],[0,3,4,6],[1,2,5,6],[0,2,4,7],[1,3,5,7],[2,3,6,7],[1,4,6,7],[0,5,6,7],[1,3,4,8],[0,2,5,8],[0,1,6,8],[3,5,6,8],[0,3,7,8],[4,5,7,8]]
FAM D=48 ell=12 count=24 degs=[8,8,7,7,7,7,6,8,6] blocks=[[0,1,2,3],[0,1,4,5],[2,3,4,5],[0,3,4,6],[1,2,5,6],[0,2,4,7],[1,3,5,7],[2,3,6,7],[1,4,6,7],[0,5,6,7],[1,3,4,8],[0,2,5,8],[0,1,6,8],[1,2,7,8],[0,3,7,8],[4,5,7,8]]
FAM D=48 ell=12 count=24 degs=[7,7,8,8,7,7,7,7,6] blocks=[[0,1,2,3],[0,1,4,5],[2,3,4,5],[0,3,4,6],[1,2,5,6],[0,2,4,7],[1,3,5,7],[2,3,6,7],[1,4,6,7],[0,5,6,7],[1,3,4,8],[0,2,5,8],[2,4,6,8],[3,5,6,8],[1,2,7,8],[0,3,7,8]]
FAM D=51 ell=12 count=21 degs=[7,7,8,8,8,8,7,8,7] blocks=[[0,1,2,3],[0,1,4,5],[2,3,4,5],[0,3,4,6],[1,2,5,6],[0,2,4,7],[1,3,5,7],[2,3,6,7],[1,4,6,7],[0,5,6,7],[1,3,4,8],[0,2,5,8],[2,4,6,8],[3,5,6,8],[1,2,7,8],[0,3,7,8],[4,5,7,8]]
FAM D=48 ell=12 count=24 degs=[6,7,8,7,8,8,7,7,6] blocks=[[0,1,2,3],[0,1,4,5],[2,3,4,5],[0,3,4,6],[1,2,5,6],[0,2,4,7],[1,3,5,7],[2,3,6,7],[1,4,6,7],[0,5,6,7],[1,3,4,8],[0,2,5,8],[2,4,6,8],[3,5,6,8],[1,2,7,8],[4,5,7,8]]
FAM D=48 ell=12 count=24 degs=[7,6,7,8,8,8,7,7,6] blocks=[[0,1,2,3],[0,1,4,5],[2,3,4,5],[0,3,4,6],[1,2,5,6],[0,2,4,7],[1,3,5,7],[2,3,6,7],[1,4,6,7],[0,5,6,7],[1,3,4,8],[0,2,5,8],[2,4,6,8],[3,5,6,8],[0,3,7,8],[4,5,7,8]]
FAM D=48 ell=12 count=24 degs=[7,7,8,7,8,7,6,8,6] blocks=[[0,1,2,3],[0,1,4,5],[2,3,4,5],[0,3,4,6],[1,2,5,6],[0,2,4,7],[1,3,5,7],[2,3,6,7],[1,4,6,7],[0,5,6,7],[1,3,4,8],[0,2,5,8],[2,4,6,8],[1,2,7,8],[0,3,7,8],[4,5,7,8]]
FAM D=48 ell=12 count=24 degs=[7,7,7,8,7,8,6,8,6] blocks=[[0,1,2,3],[0,1,4,5],[2,3,4,5],[0,3,4,6],[1,2,5,6],[0,2,4,7],[1,3,5,7],[2,3,6,7],[1,4,6,7],[0,5,6,7],[1,3,4,8],[0,2,5,8],[3,5,6,8],[1,2,7,8],[0,3,7,8],[4,5,7,8]]
FAM D=48 ell=12 count=24 degs=[7,8,7,8,7,6,8,7,6] blocks=[[0,1,2,3],[0,1,4,5],[2,3,4,5],[0,3,4,6],[1,2,5,6],[0,2,4,7],[1,3,5,7],[2,3,6,7],[1,4,6,7],[0,5,6,7],[1,3,4,8],[0,1,6,8],[2,4,6,8],[3,5,6,8],[1,2,7,8],[0,3,7,8]]
FAM D=51 ell=12 count=21 degs=[7,8,7,8,8,7,8,8,7] blocks=[[0,1,2,3],[0,1,4,5],[2,3,4,5],[0,3,4,6],[1,2,5,6],[0,2,4,7],[1,3,5,7],[2,3,6,7],[1,4,6,7],[0,5,6,7],[1,3,4,8],[0,1,6,8],[2,4,6,8],[3,5,6,8],[1,2,7,8],[0,3,7,8],[4,5,7,8]]
FAM D=48 ell=12 count=24 degs=[6,8,7,7,8,7,8,7,6] blocks=[[0,1,2,3],[0,1,4,5],[2,3,4,5],[0,3,4,6],[1,2,5,6],[0,2,4,7],[1,3,5,7],[2,3,6,7],[1,4,6,7],[0,5,6,7],[1,3,4,8],[0,1,6,8],[2,4,6,8],[3,5,6,8],[1,2,7,8],[4,5,7,8]]
FAM D=48 ell=12 count=24 degs=[7,7,6,8,8,7,8,7,6] blocks=[[0,1,2,3],[0,1,4,5],[2,3,4,5],[0,3,4,6],[1,2,5,6],[0,2,4,7],[1,3,5,7],[2,3,6,7],[1,4,6,7],[0,5,6,7],[1,3,4,8],[0,1,6,8],[2,4,6,8],[3,5,6,8],[0,3,7,8],[4,5,7,8]]
FAM D=48 ell=12 count=24 degs=[7,8,7,7,8,6,7,8,6] blocks=[[0,1,2,3],[0,1,4,5],[2,3,4,5],[0,3,4,6],[1,2,5,6],[0,2,4,7],[1,3,5,7],[2,3,6,7],[1,4,6,7],[0,5,6,7],[1,3,4,8],[0,1,6,8],[2,4,6,8],[1,2,7,8],[0,3,7,8],[4,5,7,8]]
FAM D=48 ell=12 count=24 degs=[7,8,6,8,7,7,7,8,6] blocks=[[0,1,2,3],[0,1,4,5],[2,3,4,5],[0,3,4,6],[1,2,5,6],[0,2,4,7],[1,3,5,7],[2,3,6,7],[1,4,6,7],[0,5,6,7],[1,3,4,8],[0,1,6,8],[3,5,6,8],[1,2,7,8],[0,3,7,8],[4,5,7,8]]
FAM D=48 ell=12 count=24 degs=[6,7,7,8,8,7,7,8,6] blocks=[[0,1,2,3],[0,1,4,5],[2,3,4,5],[0,3,4,6],[1,2,5,6],[0,2,4,7],[1,3,5,7],[2,3,6,7],[1,4,6,7],[0,5,6,7],[1,3,4,8],[2,4,6,8],[3,5,6,8],[1,2,7,8],[0,3,7,8],[4,5,7,8]]
FAM D=48 ell=12 count=24 degs=[8,7,8,7,6,7,8,7,6] blocks=[[0,1,2,3],[0,1,4,5],[2,3,4,5],[0,3,4,6],[1,2,5,6],[0,2,4,7],[1,3,5,7],[2,3,6,7],[1,4,6,7],[0,5,6,7],[0,2,5,8],[0,1,6,8],[2,4,6,8],[3,5,6,8],[1,2,7,8],[0,3,7,8]]
FAM D=51 ell=12 count=21 degs=[8,7,8,7,7,8,8,8,7] blocks=[[0,1,2,3],[0,1,4,5],[2,3,4,5],[0,3,4,6],[1,2,5,6],[0,2,4,7],[1,3,5,7],[2,3,6,7],[1,4,6,7],[0,5,6,7],[0,2,5,8],[0,1,6,8],[2,4,6,8],[3,5,6,8],[1,2,7,8],[0,3,7,8],[4,5,7,8]]
FAM D=48 ell=12 count=24 degs=[7,7,8,6,7,8,8,7,6] blocks=[[0,1,2,3],[0,1,4,5],[2,3,4,5],[0,3,4,6],[1,2,5,6],[0,2,4,7],[1,3,5,7],[2,3,6,7],[1,4,6,7],[0,5,6,7],[0,2,5,8],[0,1,6,8],[2,4,6,8],[3,5,6,8],[1,2,7,8],[4,5,7,8]]
FAM D=48 ell=12 count=24 degs=[8,6,7,7,7,8,8,7,6] blocks=[[0,1,2,3],[0,1,4,5],[2,3,4,5],[0,3,4,6],[1,2,5,6],[0,2,4,7],[1,3,5,7],[2,3,6,7],[1,4,6,7],[0,5,6,7],[0,2,5,8],[0,1,6,8],[2,4,6,8],[3,5,6,8],[0,3,7,8],[4,5,7,8]]
FAM D=48 ell=12 count=24 degs=[8,7,8,6,7,7,7,8,6] blocks=[[0,1,2,3],[0,1,4,5],[2,3,4,5],[0,3,4,6],[1,2,5,6],[0,2,4,7],[1,3,5,7],[2,3,6,7],[1,4,6,7],[0,5,6,7],[0,2,5,8],[0,1,6,8],[2,4,6,8],[1,2,7,8],[0,3,7,8],[4,5,7,8]]
FAM D=48 ell=12 count=24 degs=[8,7,7,7,6,8,7,8,6] blocks=[[0,1,2,3],[0,1,4,5],[2,3,4,5],[0,3,4,6],[1,2,5,6],[0,2,4,7],[1,3,5,7],[2,3,6,7],[1,4,6,7],[0,5,6,7],[0,2,5,8],[0,1,6,8],[3,5,6,8],[1,2,7,8],[0,3,7,8],[4,5,7,8]]
FAM D=48 ell=12 count=24 degs=[7,6,8,7,7,8,7,8,6] blocks=[[0,1,2,3],[0,1,4,5],[2,3,4,5],[0,3,4,6],[1,2,5,6],[0,2,4,7],[1,3,5,7],[2,3,6,7],[1,4,6,7],[0,5,6,7],[0,2,5,8],[2,4,6,8],[3,5,6,8],[1,2,7,8],[0,3,7,8],[4,5,7,8]]
FAM D=48 ell=12 count=24 degs=[8,7,6,8,7,7,8,7,6] blocks=[[0,1,2,3],[0,1,4,5],[2,3,4,5],[0,3,4,6],[1,2,5,6],[0,2,4,7],[1,3,5,7],[2,3,6,7],[1,4,6,7],[0,5,6,7],[0,3,5,8],[0,2,6,8],[1,3,6,8],[4,5,6,8],[0,1,7,8],[3,4,7,8]]
FAM D=51 ell=12 count=21 degs=[8,7,7,8,7,8,8,8,7] blocks=[[0,1,2,3],[0,1,4,5],[2,3,4,5],[0,3,4,6],[1,2,5,6],[0,2,4,7],[1,3,5,7],[2,3,6,7],[1,4,6,7],[0,5,6,7],[0,3,5,8],[0,2,6,8],[1,3,6,8],[4,5,6,8],[0,1,7,8],[3,4,7,8],[2,5,7,8]]
FAM D=48 ell=12 count=24 degs=[8,7,7,7,6,8,8,7,6] blocks=[[0,1,2,3],[0,1,4,5],[2,3,4,5],[0,3,4,6],[1,2,5,6],[0,2,4,7],[1,3,5,7],[2,3,6,7],[1,4,6,7],[0,5,6,7],[0,3,5,8],[0,2,6,8],[1,3,6,8],[4,5,6,8],[0,1,7,8],[2,5,7,8]]
FAM D=48 ell=12 count=24 degs=[7,6,7,8,7,8,8,7,6] blocks=[[0,1,2,3],[0,1,4,5],[2,3,4,5],[0,3,4,6],[1,2,5,6],[0,2,4,7],[1,3,5,7],[2,3,6,7],[1,4,6,7],[0,5,6,7],[0,3,5,8],[0,2,6,8],[1,3,6,8],[4,5,6,8],[3,4,7,8],[2,5,7,8]]
FAM D=48 ell=12 count=24 degs=[8,7,7,8,6,7,7,8,6] blocks=[[0,1,2,3],[0,1,4,5],[2,3,4,5],[0,3,4,6],[1,2,5,6],[0,2,4,7],[1,3,5,7],[2,3,6,7],[1,4,6,7],[0,5,6,7],[0,3,5,8],[0,2,6,8],[1,3,6,8],[0,1,7,8],[3,4,7,8],[2,5,7,8]]
FAM D=48 ell=12 count=24 degs=[8,6,7,7,7,8,7,8,6] blocks=[[0,1,2,3],[0,1,4,5],[2,3,4,5],[0,3,4,6],[1,2,5,6],[0,2,4,7],[1,3,5,7],[2,3,6,7],[1,4,6,7],[0,5,6,7],[0,3,5,8],[0,2,6,8],[4,5,6,8],[0,1,7,8],[3,4,7,8],[2,5,7,8]]
FAM D=48 ell=12 count=24 degs=[7,7,6,8,7,8,7,8,6] blocks=[[0,1,2,3],[0,1,4,5],[2,3,4,5],[0,3,4,6],[1,2,5,6],[0,2,4,7],[1,3,5,7],[2,3,6,7],[1,4,6,7],[0,5,6,7],[0,3,5,8],[1,3,6,8],[4,5,6,8],[0,1,7,8],[3,4,7,8],[2,5,7,8]]
FAM D=48 ell=12 count=24 degs=[7,7,7,7,7,7,8,8,6] blocks=[[0,1,2,3],[0,1,4,5],[2,3,4,5],[0,3,4,6],[1,2,5,6],[0,2,4,7],[1,3,5,7],[2,3,6,7],[1,4,6,7],[0,5,6,7],[0,1,6,8],[2,4,6,8],[3,5,6,8],[1,2,7,8],[0,3,7,8],[4,5,7,8]]
FAM D=48 ell=12 count=24 degs=[7,7,7,7,7,7,8,8,6] blocks=[[0,1,2,3],[0,1,4,5],[2,3,4,5],[0,3,4,6],[1,2,5,6],[0,2,4,7],[1,3,5,7],[2,3,6,7],[1,4,6,7],[0,5,6,7],[0,2,6,8],[1,3,6,8],[4,5,6,8],[0,1,7,8],[3,4,7,8],[2,5,7,8]]
FAM D=48 ell=12 count=24 degs=[7,8,7,8,8,6,7,6,7] blocks=[[0,1,2,3],[0,1,4,5],[2,3,4,5],[0,3,4,6],[1,2,5,6],[0,2,4,7],[1,3,5,7],[2,3,6,7],[1,4,6,7],[1,2,4,8],[0,3,5,8],[0,2,6,8],[1,3,6,8],[4,5,6,8],[0,1,7,8],[3,4,7,8]]
FAM D=51 ell=12 count=21 degs=[7,8,8,8,8,7,7,7,8] blocks=[[0,1,2,3],[0,1,4,5],[2,3,4,5],[0,3,4,6],[1,2,5,6],[0,2,4,7],[1,3,5,7],[2,3,6,7],[1,4,6,7],[1,2,4,8],[0,3,5,8],[0,2,6,8],[1,3,6,8],[4,5,6,8],[0,1,7,8],[3,4,7,8],[2,5,7,8]]
FAM D=48 ell=12 count=24 degs=[7,8,8,7,7,7,7,6,7] blocks=[[0,1,2,3],[0,1,4,5],[2,3,4,5],[0,3,4,6],[1,2,5,6],[0,2,4,7],[1,3,5,7],[2,3,6,7],[1,4,6,7],[1,2,4,8],[0,3,5,8],[0,2,6,8],[1,3,6,8],[4,5,6,8],[0,1,7,8],[2,5,7,8]]
FAM D=48 ell=12 count=24 degs=[6,7,8,8,8,7,7,6,7] blocks=[[0,1,2,3],[0,1,4,5],[2,3,4,5],[0,3,4,6],[1,2,5,6],[0,2,4,7],[1,3,5,7],[2,3,6,7],[1,4,6,7],[1,2,4,8],[0,3,5,8],[0,2,6,8],[1,3,6,8],[4,5,6,8],[3,4,7,8],[2,5,7,8]]
FAM D=48 ell=12 count=24 degs=[7,8,8,8,7,6,6,7,7] blocks=[[0,1,2,3],[0,1,4,5],[2,3,4,5],[0,3,4,6],[1,2,5,6],[0,2,4,7],[1,3,5,7],[2,3,6,7],[1,4,6,7],[1,2,4,8],[0,3,5,8],[0,2,6,8],[1,3,6,8],[0,1,7,8],[3,4,7,8],[2,5,7,8]]
FAM D=48 ell=12 count=24 degs=[7,7,8,7,8,7,6,7,7] blocks=[[0,1,2,3],[0,1,4,5],[2,3,4,5],[0,3,4,6],[1,2,5,6],[0,2,4,7],[1,3,5,7],[2,3,6,7],[1,4,6,7],[1,2,4,8],[0,3,5,8],[0,2,6,8],[4,5,6,8],[0,1,7,8],[3,4,7,8],[2,5,7,8]]
FAM D=48 ell=12 count=24 degs=[6,8,7,8,8,7,6,7,7] blocks=[[0,1,2,3],[0,1,4,5],[2,3,4,5],[0,3,4,6],[1,2,5,6],[0,2,4,7],[1,3,5,7],[2,3,6,7],[1,4,6,7],[1,2,4,8],[0,3,5,8],[1,3,6,8],[4,5,6,8],[0,1,7,8],[3,4,7,8],[2,5,7,8]]
FAM D=48 ell=12 count=24 degs=[6,8,8,7,8,6,7,7,7] blocks=[[0,1,2,3],[0,1,4,5],[2,3,4,5],[0,3,4,6],[1,2,5,6],[0,2,4,7],[1,3,5,7],[2,3,6,7],[1,4,6,7],[1,2,4,8],[0,2,6,8],[1,3,6,8],[4,5,6,8],[0,1,7,8],[3,4,7,8],[2,5,7,8]]
FAM D=48 ell=12 count=24 degs=[7,8,8,8,7,6,7,6,7] blocks=[[0,1,2,3],[0,1,4,5],[2,3,4,5],[0,3,4,6],[1,2,5,6],[0,2,4,7],[1,3,5,7],[2,3,6,7],[1,4,6,7],[1,3,4,8],[0,2,5,8],[0,1,6,8],[2,4,6,8],[3,5,6,8],[1,2,7,8],[0,3,7,8]]
FAM D=51 ell=12 count=21 degs=[7,8,8,8,8,7,7,7,8] blocks=[[0,1,2,3],[0,1,4,5],[2,3,4,5],[0,3,4,6],[1,2,5,6],[0,2,4,7],[1,3,5,7],[2,3,6,7],[1,4,6,7],[1,3,4,8],[0,2,5,8],[0,1,6,8],[2,4,6,8],[3,5,6,8],[1,2,7,8],[0,3,7,8],[4,5,7,8]]
FAM D=48 ell=12 count=24 degs=[6,8,8,7,8,7,7,6,7] blocks=[[0,1,2,3],[0,1,4,5],[2,3,4,5],[0,3,4,6],[1,2,5,6],[0,2,4,7],[1,3,5,7],[2,3,6,7],[1,4,6,7],[1,3,4,8],[0,2,5,8],[0,1,6,8],[2,4,6,8],[3,5,6,8],[1,2,7,8],[4,5,7,8]]
FAM D=48 ell=12 count=24 degs=[7,7,7,8,8,7,7,6,7] blocks=[[0,1,2,3],[0,1,4,5],[2,3,4,5],[0,3,4,6],[1,2,5,6],[0,2,4,7],[1,3,5,7],[2,3,6,7],[1,4,6,7],[1,3,4,8],[0,2,5,8],[0,1,6,8],[2,4,6,8],[3,5,6,8],[0,3,7,8],[4,5,7,8]]
FAM D=48 ell=12 count=24 degs=[7,8,8,7,8,6,6,7,7] blocks=[[0,1,2,3],[0,1,4,5],[2,3,4,5],[0,3,4,6],[1,2,5,6],[0,2,4,7],[1,3,5,7],[2,3,6,7],[1,4,6,7],[1,3,4,8],[0,2,5,8],[0,1,6,8],[2,4,6,8],[1,2,7,8],[0,3,7,8],[4,5,7,8]]
FAM D=48 ell=12 count=24 degs=[7,8,7,8,7,7,6,7,7] blocks=[[0,1,2,3],[0,1,4,5],[2,3,4,5],[0,3,4,6],[1,2,5,6],[0,2,4,7],[1,3,5,7],[2,3,6,7],[1,4,6,7],[1,3,4,8],[0,2,5,8],[0,1,6,8],[3,5,6,8],[1,2,7,8],[0,3,7,8],[4,5,7,8]]
FAM D=48 ell=12 count=24 degs=[6,7,8,8,8,7,6,7,7] blocks=[[0,1,2,3],[0,1,4,5],[2,3,4,5],[0,3,4,6],[1,2,5,6],[0,2,4,7],[1,3,5,7],[2,3,6,7],[1,4,6,7],[1,3,4,8],[0,2,5,8],[2,4,6,8],[3,5,6,8],[1,2,7,8],[0,3,7,8],[4,5,7,8]]
FAM D=48 ell=12 count=24 degs=[6,8,7,8,8,6,7,7,7] blocks=[[0,1,2,3],[0,1,4,5],[2,3,4,5],[0,3,4,6],[1,2,5,6],[0,2,4,7],[1,3,5,7],[2,3,6,7],[1,4,6,7],[1,3,4,8],[0,1,6,8],[2,4,6,8],[3,5,6,8],[1,2,7,8],[0,3,7,8],[4,5,7,8]]
FAM D=48 ell=12 count=24 degs=[7,7,8,7,7,7,7,7,7] blocks=[[0,1,2,3],[0,1,4,5],[2,3,4,5],[0,3,4,6],[1,2,5,6],[0,2,4,7],[1,3,5,7],[2,3,6,7],[1,4,6,7],[0,2,5,8],[0,1,6,8],[2,4,6,8],[3,5,6,8],[1,2,7,8],[0,3,7,8],[4,5,7,8]]
FAM D=48 ell=12 count=24 degs=[7,7,7,8,7,7,7,7,7] blocks=[[0,1,2,3],[0,1,4,5],[2,3,4,5],[0,3,4,6],[1,2,5,6],[0,2,4,7],[1,3,5,7],[2,3,6,7],[1,4,6,7],[0,3,5,8],[0,2,6,8],[1,3,6,8],[4,5,6,8],[0,1,7,8],[3,4,7,8],[2,5,7,8]]
FAM D=48 ell=12 count=24 degs=[8,7,7,8,7,7,7,6,7] blocks=[[0,1,2,3],[0,1,4,5],[2,3,4,5],[0,3,4,6],[1,2,5,6],[0,2,4,7],[1,3,5,7],[2,3,6,7],[0,5,6,7],[1,2,4,8],[0,3,5,8],[0,2,6,8],[1,3,6,8],[4,5,6,8],[0,1,7,8],[3,4,7,8]]
FAM D=51 ell=12 count=21 degs=[8,7,8,8,7,8,7,7,8] blocks=[[0,1,2,3],[0,1,4,5],[2,3,4,5],[0,3,4,6],[1,2,5,6],[0,2,4,7],[1,3,5,7],[2,3,6,7],[0,5,6,7],[1,2,4,8],[0,3,5,8],[0,2,6,8],[1,3,6,8],[4,5,6,8],[0,1,7,8],[3,4,7,8],[2,5,7,8]]
FAM D=48 ell=12 count=24 degs=[8,7,8,7,6,8,7,6,7] blocks=[[0,1,2,3],[0,1,4,5],[2,3,4,5],[0,3,4,6],[1,2,5,6],[0,2,4,7],[1,3,5,7],[2,3,6,7],[0,5,6,7],[1,2,4,8],[0,3,5,8],[0,2,6,8],[1,3,6,8],[4,5,6,8],[0,1,7,8],[2,5,7,8]]
FAM D=48 ell=12 count=24 degs=[7,6,8,8,7,8,7,6,7] blocks=[[0,1,2,3],[0,1,4,5],[2,3,4,5],[0,3,4,6],[1,2,5,6],[0,2,4,7],[1,3,5,7],[2,3,6,7],[0,5,6,7],[1,2,4,8],[0,3,5,8],[0,2,6,8],[1,3,6,8],[4,5,6,8],[3,4,7,8],[2,5,7,8]]
FAM D=48 ell=12 count=24 degs=[8,7,8,8,6,7,6,7,7] blocks=[[0,1,2,3],[0,1,4,5],[2,3,4,5],[0,3,4,6],[1,2,5,6],[0,2,4,7],[1,3,5,7],[2,3,6,7],[0,5,6,7],[1,2,4,8],[0,3,5,8],[0,2,6,8],[1,3,6,8],[0,1,7,8],[3,4,7,8],[2,5,7,8]]
FAM D=48 ell=12 count=24 degs=[8,6,8,7,7,8,6,7,7] blocks=[[0,1,2,3],[0,1,4,5],[2,3,4,5],[0,3,4,6],[1,2,5,6],[0,2,4,7],[1,3,5,7],[2,3,6,7],[0,5,6,7],[1,2,4,8],[0,3,5,8],[0,2,6,8],[4,5,6,8],[0,1,7,8],[3,4,7,8],[2,5,7,8]]
FAM D=48 ell=12 count=24 degs=[7,7,7,8,7,8,6,7,7] blocks=[[0,1,2,3],[0,1,4,5],[2,3,4,5],[0,3,4,6],[1,2,5,6],[0,2,4,7],[1,3,5,7],[2,3,6,7],[0,5,6,7],[1,2,4,8],[0,3,5,8],[1,3,6,8],[4,5,6,8],[0,1,7,8],[3,4,7,8],[2,5,7,8]]
FAM D=48 ell=12 count=24 degs=[7,7,8,7,7,7,7,7,7] blocks=[[0,1,2,3],[0,1,4,5],[2,3,4,5],[0,3,4,6],[1,2,5,6],[0,2,4,7],[1,3,5,7],[2,3,6,7],[0,5,6,7],[1,2,4,8],[0,2,6,8],[1,3,6,8],[4,5,6,8],[0,1,7,8],[3,4,7,8],[2,5,7,8]]
FAM D=48 ell=12 count=24 degs=[8,7,8,8,6,7,7,6,7] blocks=[[0,1,2,3],[0,1,4,5],[2,3,4,5],[0,3,4,6],[1,2,5,6],[0,2,4,7],[1,3,5,7],[2,3,6,7],[0,5,6,7],[1,3,4,8],[0,2,5,8],[0,1,6,8],[2,4,6,8],[3,5,6,8],[1,2,7,8],[0,3,7,8]]
FAM D=51 ell=12 count=21 degs=[8,7,8,8,7,8,7,7,8] blocks=[[0,1,2,3],[0,1,4,5],[2,3,4,5],[0,3,4,6],[1,2,5,6],[0,2,4,7],[1,3,5,7],[2,3,6,7],[0,5,6,7],[1,3,4,8],[0,2,5,8],[0,1,6,8],[2,4,6,8],[3,5,6,8],[1,2,7,8],[0,3,7,8],[4,5,7,8]]
FAM D=48 ell=12 count=24 degs=[7,7,8,7,7,8,7,6,7] blocks=[[0,1,2,3],[0,1,4,5],[2,3,4,5],[0,3,4,6],[1,2,5,6],[0,2,4,7],[1,3,5,7],[2,3,6,7],[0,5,6,7],[1,3,4,8],[0,2,5,8],[0,1,6,8],[2,4,6,8],[3,5,6,8],[1,2,7,8],[4,5,7,8]]
FAM D=48 ell=12 count=24 degs=[8,6,7,8,7,8,7,6,7] blocks=[[0,1,2,3],[0,1,4,5],[2,3,4,5],[0,3,4,6],[1,2,5,6],[0,2,4,7],[1,3,5,7],[2,3,6,7],[0,5,6,7],[1,3,4,8],[0,2,5,8],[0,1,6,8],[2,4,6,8],[3,5,6,8],[0,3,7,8],[4,5,7,8]]
FAM D=48 ell=12 count=24 degs=[8,7,8,7,7,7,6,7,7] blocks=[[0,1,2,3],[0,1,4,5],[2,3,4,5],[0,3,4,6],[1,2,5,6],[0,2,4,7],[1,3,5,7],[2,3,6,7],[0,5,6,7],[1,3,4,8],[0,2,5,8],[0,1,6,8],[2,4,6,8],[1,2,7,8],[0,3,7,8],[4,5,7,8]]
FAM D=48 ell=12 count=24 degs=[8,7,7,8,6,8,6,7,7] blocks=[[0,1,2,3],[0,1,4,5],[2,3,4,5],[0,3,4,6],[1,2,5,6],[0,2,4,7],[1,3,5,7],[2,3,6,7],[0,5,6,7],[1,3,4,8],[0,2,5,8],[0,1,6,8],[3,5,6,8],[1,2,7,8],[0,3,7,8],[4,5,7,8]]
FAM D=48 ell=12 count=24 degs=[7,6,8,8,7,8,6,7,7] blocks=[[0,1,2,3],[0,1,4,5],[2,3,4,5],[0,3,4,6],[1,2,5,6],[0,2,4,7],[1,3,5,7],[2,3,6,7],[0,5,6,7],[1,3,4,8],[0,2,5,8],[2,4,6,8],[3,5,6,8],[1,2,7,8],[0,3,7,8],[4,5,7,8]]
FAM D=48 ell=12 count=24 degs=[7,7,7,8,7,7,7,7,7] blocks=[[0,1,2,3],[0,1,4,5],[2,3,4,5],[0,3,4,6],[1,2,5,6],[0,2,4,7],[1,3,5,7],[2,3,6,7],[0,5,6,7],[1,3,4,8],[0,1,6,8],[2,4,6,8],[3,5,6,8],[1,2,7,8],[0,3,7,8],[4,5,7,8]]
FAM D=48 ell=12 count=24 degs=[8,6,8,7,6,8,7,7,7] blocks=[[0,1,2,3],[0,1,4,5],[2,3,4,5],[0,3,4,6],[1,2,5,6],[0,2,4,7],[1,3,5,7],[2,3,6,7],[0,5,6,7],[0,2,5,8],[0,1,6,8],[2,4,6,8],[3,5,6,8],[1,2,7,8],[0,3,7,8],[4,5,7,8]]
FAM D=48 ell=12 count=24 degs=[8,6,7,8,6,8,7,7,7] blocks=[[0,1,2,3],[0,1,4,5],[2,3,4,5],[0,3,4,6],[1,2,5,6],[0,2,4,7],[1,3,5,7],[2,3,6,7],[0,5,6,7],[0,3,5,8],[0,2,6,8],[1,3,6,8],[4,5,6,8],[0,1,7,8],[3,4,7,8],[2,5,7,8]]
FAM D=48 ell=12 count=24 degs=[7,7,8,8,7,7,6,6,8] blocks=[[0,1,2,3],[0,1,4,5],[2,3,4,5],[0,3,4,6],[1,2,5,6],[0,2,4,7],[1,3,5,7],[2,3,6,7],[1,2,4,8],[0,3,5,8],[0,2,6,8],[1,3,6,8],[4,5,6,8],[0,1,7,8],[3,4,7,8],[2,5,7,8]]
FAM D=48 ell=12 count=24 degs=[7,7,8,8,7,7,6,6,8] blocks=[[0,1,2,3],[0,1,4,5],[2,3,4,5],[0,3,4,6],[1,2,5,6],[0,2,4,7],[1,3,5,7],[2,3,6,7],[1,3,4,8],[0,2,5,8],[0,1,6,8],[2,4,6,8],[3,5,6,8],[1,2,7,8],[0,3,7,8],[4,5,7,8]]
FAM D=48 ell=12 count=24 degs=[8,8,6,7,8,7,7,6,7] blocks=[[0,1,2,3],[0,1,4,5],[2,3,4,5],[0,3,4,6],[1,2,5,6],[0,2,4,7],[1,3,5,7],[1,4,6,7],[0,5,6,7],[1,2,4,8],[0,3,5,8],[0,2,6,8],[1,3,6,8],[4,5,6,8],[0,1,7,8],[3,4,7,8]]
FAM D=51 ell=12 count=21 degs=[8,8,7,7,8,8,7,7,8] blocks=[[0,1,2,3],[0,1,4,5],[2,3,4,5],[0,3,4,6],[1,2,5,6],[0,2,4,7],[1,3,5,7],[1,4,6,7],[0,5,6,7],[1,2,4,8],[0,3,5,8],[0,2,6,8],[1,3,6,8],[4,5,6,8],[0,1,7,8],[3,4,7,8],[2,5,7,8]]
FAM D=48 ell=12 count=24 degs=[8,8,7,6,7,8,7,6,7] blocks=[[0,1,2,3],[0,1,4,5],[2,3,4,5],[0,3,4,6],[1,2,5,6],[0,2,4,7],[1,3,5,7],[1,4,6,7],[0,5,6,7],[1,2,4,8],[0,3,5,8],[0,2,6,8],[1,3,6,8],[4,5,6,8],[0,1,7,8],[2,5,7,8]]
FAM D=48 ell=12 count=24 degs=[7,7,7,7,8,8,7,6,7] blocks=[[0,1,2,3],[0,1,4,5],[2,3,4,5],[0,3,4,6],[1,2,5,6],[0,2,4,7],[1,3,5,7],[1,4,6,7],[0,5,6,7],[1,2,4,8],[0,3,5,8],[0,2,6,8],[1,3,6,8],[4,5,6,8],[3,4,7,8],[2,5,7,8]]
FAM D=48 ell=12 count=24 degs=[8,8,7,7,7,7,6,7,7] blocks=[[0,1,2,3],[0,1,4,5],[2,3,4,5],[0,3,4,6],[1,2,5,6],[0,2,4,7],[1,3,5,7],[1,4,6,7],[0,5,6,7],[1,2,4,8],[0,3,5,8],[0,2,6,8],[1,3,6,8],[0,1,7,8],[3,4,7,8],[2,5,7,8]]
FAM D=48 ell=12 count=24 degs=[8,7,7,6,8,8,6,7,7] blocks=[[0,1,2,3],[0,1,4,5],[2,3,4,5],[0,3,4,6],[1,2,5,6],[0,2,4,7],[1,3,5,7],[1,4,6,7],[0,5,6,7],[1,2,4,8],[0,3,5,8],[0,2,6,8],[4,5,6,8],[0,1,7,8],[3,4,7,8],[2,5,7,8]]
FAM D=48 ell=12 count=24 degs=[7,8,6,7,8,8,6,7,7] blocks=[[0,1,2,3],[0,1,4,5],[2,3,4,5],[0,3,4,6],[1,2,5,6],[0,2,4,7],[1,3,5,7],[1,4,6,7],[0,5,6,7],[1,2,4,8],[0,3,5,8],[1,3,6,8],[4,5,6,8],[0,1,7,8],[3,4,7,8],[2,5,7,8]]
FAM D=48 ell=12 count=24 degs=[7,8,7,6,8,7,7,7,7] blocks=[[0,1,2,3],[0,1,4,5],[2,3,4,5],[0,3,4,6],[1,2,5,6],[0,2,4,7],[1,3,5,7],[1,4,6,7],[0,5,6,7],[1,2,4,8],[0,2,6,8],[1,3,6,8],[4,5,6,8],[0,1,7,8],[3,4,7,8],[2,5,7,8]]
FAM D=48 ell=12 count=24 degs=[8,8,7,7,7,7,7,6,7] blocks=[[0,1,2,3],[0,1,4,5],[2,3,4,5],[0,3,4,6],[1,2,5,6],[0,2,4,7],[1,3,5,7],[1,4,6,7],[0,5,6,7],[1,3,4,8],[0,2,5,8],[0,1,6,8],[2,4,6,8],[3,5,6,8],[1,2,7,8],[0,3,7,8]]
FAM D=51 ell=12 count=21 degs=[8,8,7,7,8,8,7,7,8] blocks=[[0,1,2,3],[0,1,4,5],[2,3,4,5],[0,3,4,6],[1,2,5,6],[0,2,4,7],[1,3,5,7],[1,4,6,7],[0,5,6,7],[1,3,4,8],[0,2,5,8],[0,1,6,8],[2,4,6,8],[3,5,6,8],[1,2,7,8],[0,3,7,8],[4,5,7,8]]
FAM D=48 ell=12 count=24 degs=[7,8,7,6,8,8,7,6,7] blocks=[[0,1,2,3],[0,1,4,5],[2,3,4,5],[0,3,4,6],[1,2,5,6],[0,2,4,7],[1,3,5,7],[1,4,6,7],[0,5,6,7],[1,3,4,8],[0,2,5,8],[0,1,6,8],[2,4,6,8],[3,5,6,8],[1,2,7,8],[4,5,7,8]]
FAM D=48 ell=12 count=24 degs=[8,7,6,7,8,8,7,6,7] blocks=[[0,1,2,3],[0,1,4,5],[2,3,4,5],[0,3,4,6],[1,2,5,6],[0,2,4,7],[1,3,5,7],[1,4,6,7],[0,5,6,7],[1,3,4,8],[0,2,5,8],[0,1,6,8],[2,4,6,8],[3,5,6,8],[0,3,7,8],[4,5,7,8]]
FAM D=48 ell=12 count=24 degs=[8,8,7,6,8,7,6,7,7] blocks=[[0,1,2,3],[0,1,4,5],[2,3,4,5],[0,3,4,6],[1,2,5,6],[0,2,4,7],[1,3,5,7],[1,4,6,7],[0,5,6,7],[1,3,4,8],[0,2,5,8],[0,1,6,8],[2,4,6,8],[1,2,7,8],[0,3,7,8],[4,5,7,8]]
FAM D=48 ell=12 count=24 degs=[8,8,6,7,7,8,6,7,7] blocks=[[0,1,2,3],[0,1,4,5],[2,3,4,5],[0,3,4,6],[1,2,5,6],[0,2,4,7],[1,3,5,7],[1,4,6,7],[0,5,6,7],[1,3,4,8],[0,2,5,8],[0,1,6,8],[3,5,6,8],[1,2,7,8],[0,3,7,8],[4,5,7,8]]
FAM D=48 ell=12 count=24 degs=[7,7,7,7,8,8,6,7,7] blocks=[[0,1,2,3],[0,1,4,5],[2,3,4,5],[0,3,4,6],[1,2,5,6],[0,2,4,7],[1,3,5,7],[1,4,6,7],[0,5,6,7],[1,3,4,8],[0,2,5,8],[2,4,6,8],[3,5,6,8],[1,2,7,8],[0,3,7,8],[4,5,7,8]]
FAM D=48 ell=12 count=24 degs=[7,8,6,7,8,7,7,7,7] blocks=[[0,1,2,3],[0,1,4,5],[2,3,4,5],[0,3,4,6],[1,2,5,6],[0,2,4,7],[1,3,5,7],[1,4,6,7],[0,5,6,7],[1,3,4,8],[0,1,6,8],[2,4,6,8],[3,5,6,8],[1,2,7,8],[0,3,7,8],[4,5,7,8]]
FAM D=48 ell=12 count=24 degs=[8,7,7,6,7,8,7,7,7] blocks=[[0,1,2,3],[0,1,4,5],[2,3,4,5],[0,3,4,6],[1,2,5,6],[0,2,4,7],[1,3,5,7],[1,4,6,7],[0,5,6,7],[0,2,5,8],[0,1,6,8],[2,4,6,8],[3,5,6,8],[1,2,7,8],[0,3,7,8],[4,5,7,8]]
FAM D=48 ell=12 count=24 degs=[8,7,6,7,7,8,7,7,7] blocks=[[0,1,2,3],[0,1,4,5],[2,3,4,5],[0,3,4,6],[1,2,5,6],[0,2,4,7],[1,3,5,7],[1,4,6,7],[0,5,6,7],[0,3,5,8],[0,2,6,8],[1,3,6,8],[4,5,6,8],[0,1,7,8],[3,4,7,8],[2,5,7,8]]
FAM D=48 ell=12 count=24 degs=[7,8,7,7,8,7,6,6,8] blocks=[[0,1,2,3],[0,1,4,5],[2,3,4,5],[0,3,4,6],[1,2,5,6],[0,2,4,7],[1,3,5,7],[1,4,6,7],[1,2,4,8],[0,3,5,8],[0,2,6,8],[1,3,6,8],[4,5,6,8],[0,1,7,8],[3,4,7,8],[2,5,7,8]]
FAM D=48 ell=12 count=24 degs=[7,8,7,7,8,7,6,6,8] blocks=[[0,1,2,3],[0,1,4,5],[2,3,4,5],[0,3,4,6],[1,2,5,6],[0,2,4,7],[1,3,5,7],[1,4,6,7],[1,3,4,8],[0,2,5,8],[0,1,6,8],[2,4,6,8],[3,5,6,8],[1,2,7,8],[0,3,7,8],[4,5,7,8]]
FAM D=48 ell=12 count=24 degs=[8,7,7,7,7,8,6,6,8] blocks=[[0,1,2,3],[0,1,4,5],[2,3,4,5],[0,3,4,6],[1,2,5,6],[0,2,4,7],[1,3,5,7],[0,5,6,7],[1,2,4,8],[0,3,5,8],[0,2,6,8],[1,3,6,8],[4,5,6,8],[0,1,7,8],[3,4,7,8],[2,5,7,8]]
FAM D=48 ell=12 count=24 degs=[8,7,7,7,7,8,6,6,8] blocks=[[0,1,2,3],[0,1,4,5],[2,3,4,5],[0,3,4,6],[1,2,5,6],[0,2,4,7],[1,3,5,7],[0,5,6,7],[1,3,4,8],[0,2,5,8],[0,1,6,8],[2,4,6,8],[3,5,6,8],[1,2,7,8],[0,3,7,8],[4,5,7,8]]
FAM D=48 ell=12 count=24 degs=[8,7,7,7,8,6,8,6,7] blocks=[[0,1,2,3],[0,1,4,5],[2,3,4,5],[0,3,4,6],[1,2,5,6],[0,2,4,7],[2,3,6,7],[1,4,6,7],[0,5,6,7],[1,2,4,8],[0,3,5,8],[0,2,6,8],[1,3,6,8],[4,5,6,8],[0,1,7,8],[3,4,7,8]]
FAM D=51 ell=12 count=21 degs=[8,7,8,7,8,7,8,7,8] blocks=[[0,1,2,3],[0,1,4,5],[2,3,4,5],[0,3,4,6],[1,2,5,6],[0,2,4,7],[2,3,6,7],[1,4,6,7],[0,5,6,7],[1,2,4,8],[0,3,5,8],[0,2,6,8],[1,3,6,8],[4,5,6,8],[0,1,7,8],[3,4,7,8],[2,5,7,8]]
FAM D=48 ell=12 count=24 degs=[8,7,8,6,7,7,8,6,7] blocks=[[0,1,2,3],[0,1,4,5],[2,3,4,5],[0,3,4,6],[1,2,5,6],[0,2,4,7],[2,3,6,7],[1,4,6,7],[0,5,6,7],[1,2,4,8],[0,3,5,8],[0,2,6,8],[1,3,6,8],[4,5,6,8],[0,1,7,8],[2,5,7,8]]
FAM D=48 ell=12 count=24 degs=[7,6,8,7,8,7,8,6,7] blocks=[[0,1,2,3],[0,1,4,5],[2,3,4,5],[0,3,4,6],[1,2,5,6],[0,2,4,7],[2,3,6,7],[1,4,6,7],[0,5,6,7],[1,2,4,8],[0,3,5,8],[0,2,6,8],[1,3,6,8],[4,5,6,8],[3,4,7,8],[2,5,7,8]]
FAM D=48 ell=12 count=24 degs=[8,7,8,7,7,6,7,7,7] blocks=[[0,1,2,3],[0,1,4,5],[2,3,4,5],[0,3,4,6],[1,2,5,6],[0,2,4,7],[2,3,6,7],[1,4,6,7],[0,5,6,7],[1,2,4,8],[0,3,5,8],[0,2,6,8],[1,3,6,8],[0,1,7,8],[3,4,7,8],[2,5,7,8]]
FAM D=48 ell=12 count=24 degs=[8,6,8,6,8,7,7,7,7] blocks=[[0,1,2,3],[0,1,4,5],[2,3,4,5],[0,3,4,6],[1,2,5,6],[0,2,4,7],[2,3,6,7],[1,4,6,7],[0,5,6,7],[1,2,4,8],[0,3,5,8],[0,2,6,8],[4,5,6,8],[0,1,7,8],[3,4,7,8],[2,5,7,8]]
FAM D=48 ell=12 count=24 degs=[7,7,7,7,8,7,7,7,7] blocks=[[0,1,2,3],[0,1,4,5],[2,3,4,5],[0,3,4,6],[1,2,5,6],[0,2,4,7],[2,3,6,7],[1,4,6,7],[0,5,6,7],[1,2,4,8],[0,3,5,8],[1,3,6,8],[4,5,6,8],[0,1,7,8],[3,4,7,8],[2,5,7,8]]
FAM D=48 ell=12 count=24 degs=[7,7,8,6,8,6,8,7,7] blocks=[[0,1,2,3],[0,1,4,5],[2,3,4,5],[0,3,4,6],[1,2,5,6],[0,2,4,7],[2,3,6,7],[1,4,6,7],[0,5,6,7],[1,2,4,8],[0,2,6,8],[1,3,6,8],[4,5,6,8],[0,1,7,8],[3,4,7,8],[2,5,7,8]]
FAM D=48 ell=12 count=24 degs=[8,7,8,7,7,6,8,6,7] blocks=[[0,1,2,3],[0,1,4,5],[2,3,4,5],[0,3,4,6],[1,2,5,6],[0,2,4,7],[2,3,6,7],[1,4,6,7],[0,5,6,7],[1,3,4,8],[0,2,5,8],[0,1,6,8],[2,4,6,8],[3,5,6,8],[1,2,7,8],[0,3,7,8]]
FAM D=51 ell=12 count=21 degs=[8,7,8,7,8,7,8,7,8] blocks=[[0,1,2,3],[0,1,4,5],[2,3,4,5],[0,3,4,6],[1,2,5,6],[0,2,4,7],[2,3,6,7],[1,4,6,7],[0,5,6,7],[1,3,4,8],[0,2,5,8],[0,1,6,8],[2,4,6,8],[3,5,6,8],[1,2,7,8],[0,3,7,8],[4,5,7,8]]
FAM D=48 ell=12 count=24 degs=[7,7,8,6,8,7,8,6,7] blocks=[[0,1,2,3],[0,1,4,5],[2,3,4,5],[0,3,4,6],[1,2,5,6],[0,2,4,7],[2,3,6,7],[1,4,6,7],[0,5,6,7],[1,3,4,8],[0,2,5,8],[0,1,6,8],[2,4,6,8],[3,5,6,8],[1,2,7,8],[4,5,7,8]]
FAM D=48 ell=12 count=24 degs=[8,6,7,7,8,7,8,6,7] blocks=[[0,1,2,3],[0,1,4,5],[2,3,4,5],[0,3,4,6],[1,2,5,6],[0,2,4,7],[2,3,6,7],[1,4,6,7],[0,5,6,7],[1,3,4,8],[0,2,5,8],[0,1,6,8],[2,4,6,8],[3,5,6,8],[0,3,7,8],[4,5,7,8]]
FAM D=48 ell=12 count=24 degs=[8,7,8,6,8,6,7,7,7] blocks=[[0,1,2,3],[0,1,4,5],[2,3,4,5],[0,3,4,6],[1,2,5,6],[0,2,4,7],[2,3,6,7],[1,4,6,7],[0,5,6,7],[1,3,4,8],[0,2,5,8],[0,1,6,8],[2,4,6,8],[1,2,7,8],[0,3,7,8],[4,5,7,8]]
FAM D=48 ell=12 count=24 degs=[8,7,7,7,7,7,7,7,7] blocks=[[0,1,2,3],[0,1,4,5],[2,3,4,5],[0,3,4,6],[1,2,5,6],[0,2,4,7],[2,3,6,7],[1,4,6,7],[0,5,6,7],[1,3,4,8],[0,2,5,8],[0,1,6,8],[3,5,6,8],[1,2,7,8],[0,3,7,8],[4,5,7,8]]
FAM D=48 ell=12 count=24 degs=[7,6,8,7,8,7,7,7,7] blocks=[[0,1,2,3],[0,1,4,5],[2,3,4,5],[0,3,4,6],[1,2,5,6],[0,2,4,7],[2,3,6,7],[1,4,6,7],[0,5,6,7],[1,3,4,8],[0,2,5,8],[2,4,6,8],[3,5,6,8],[1,2,7,8],[0,3,7,8],[4,5,7,8]]
FAM D=48 ell=12 count=24 degs=[7,7,7,7,8,6,8,7,7] blocks=[[0,1,2,3],[0,1,4,5],[2,3,4,5],[0,3,4,6],[1,2,5,6],[0,2,4,7],[2,3,6,7],[1,4,6,7],[0,5,6,7],[1,3,4,8],[0,1,6,8],[2,4,6,8],[3,5,6,8],[1,2,7,8],[0,3,7,8],[4,5,7,8]]
FAM D=48 ell=12 count=24 degs=[8,6,8,6,7,7,8,7,7] blocks=[[0,1,2,3],[0,1,4,5],[2,3,4,5],[0,3,4,6],[1,2,5,6],[0,2,4,7],[2,3,6,7],[1,4,6,7],[0,5,6,7],[0,2,5,8],[0,1,6,8],[2,4,6,8],[3,5,6,8],[1,2,7,8],[0,3,7,8],[4,5,7,8]]
FAM D=48 ell=12 count=24 degs=[8,6,7,7,7,7,8,7,7] blocks=[[0,1,2,3],[0,1,4,5],[2,3,4,5],[0,3,4,6],[1,2,5,6],[0,2,4,7],[2,3,6,7],[1,4,6,7],[0,5,6,7],[0,3,5,8],[0,2,6,8],[1,3,6,8],[4,5,6,8],[0,1,7,8],[3,4,7,8],[2,5,7,8]]
FAM D=48 ell=12 count=24 degs=[7,7,8,7,8,6,7,6,8] blocks=[[0,1,2,3],[0,1,4,5],[2,3,4,5],[0,3,4,6],[1,2,5,6],[0,2,4,7],[2,3,6,7],[1,4,6,7],[1,2,4,8],[0,3,5,8],[0,2,6,8],[1,3,6,8],[4,5,6,8],[0,1,7,8],[3,4,7,8],[2,5,7,8]]
FAM D=48 ell=12 count=24 degs=[7,7,8,7,8,6,7,6,8] blocks=[[0,1,2,3],[0,1,4,5],[2,3,4,5],[0,3,4,6],[1,2,5,6],[0,2,4,7],[2,3,6,7],[1,4,6,7],[1,3,4,8],[0,2,5,8],[0,1,6,8],[2,4,6,8],[3,5,6,8],[1,2,7,8],[0,3,7,8],[4,5,7,8]]
FAM D=48 ell=12 count=24 degs=[8,6,8,7,7,7,7,6,8] blocks=[[0,1,2,3],[0,1,4,5],[2,3,4,5],[0,3,4,6],[1,2,5,6],[0,2,4,7],[2,3,6,7],[0,5,6,7],[1,2,4,8],[0,3,5,8],[0,2,6,8],[1,3,6,8],[4,5,6,8],[0,1,7,8],[3,4,7,8],[2,5,7,8]]
FAM D=48 ell=12 count=24 degs=[8,6,8,7,7,7,7,6,8] blocks=[[0,1,2,3],[0,1,4,5],[2,3,4,5],[0,3,4,6],[1,2,5,6],[0,2,4,7],[2,3,6,7],[0,5,6,7],[1,3,4,8],[0,2,5,8],[0,1,6,8],[2,4,6,8],[3,5,6,8],[1,2,7,8],[0,3,7,8],[4,5,7,8]]
FAM D=48 ell=12 count=24 degs=[8,7,7,6,8,7,7,6,8] blocks=[[0,1,2,3],[0,1,4,5],[2,3,4,5],[0,3,4,6],[1,2,5,6],[0,2,4,7],[1,4,6,7],[0,5,6,7],[1,2,4,8],[0,3,5,8],[0,2,6,8],[1,3,6,8],[4,5,6,8],[0,1,7,8],[3,4,7,8],[2,5,7,8]]
FAM D=48 ell=12 count=24 degs=[8,7,7,6,8,7,7,6,8] blocks=[[0,1,2,3],[0,1,4,5],[2,3,4,5],[0,3,4,6],[1,2,5,6],[0,2,4,7],[1,4,6,7],[0,5,6,7],[1,3,4,8],[0,2,5,8],[0,1,6,8],[2,4,6,8],[3,5,6,8],[1,2,7,8],[0,3,7,8],[4,5,7,8]]
FAM D=48 ell=12 count=24 degs=[8,8,7,7,7,7,8,6,6] blocks=[[0,1,2,3],[0,1,4,5],[2,3,4,5],[0,3,4,6],[1,2,5,6],[1,2,4,7],[0,3,5,7],[0,2,6,7],[1,3,6,7],[4,5,6,7],[0,2,4,8],[1,3,5,8],[2,3,6,8],[1,4,6,8],[0,5,6,8],[0,1,7,8]]
FAM D=51 ell=12 count=21 degs=[8,8,7,8,8,7,8,7,7] blocks=[[0,1,2,3],[0,1,4,5],[2,3,4,5],[0,3,4,6],[1,2,5,6],[1,2,4,7],[0,3,5,7],[0,2,6,7],[1,3,6,7],[4,5,6,7],[0,2,4,8],[1,3,5,8],[2,3,6,8],[1,4,6,8],[0,5,6,8],[0,1,7,8],[3,4,7,8]]
FAM D=54 ell=12 count=18 degs=[8,8,8,8,8,8,8,8,8] blocks=[[0,1,2,3],[0,1,4,5],[2,3,4,5],[0,3,4,6],[1,2,5,6],[1,2,4,7],[0,3,5,7],[0,2,6,7],[1,3,6,7],[4,5,6,7],[0,2,4,8],[1,3,5,8],[2,3,6,8],[1,4,6,8],[0,5,6,8],[0,1,7,8],[3,4,7,8],[2,5,7,8]]
FAM D=51 ell=12 count=21 degs=[8,8,8,7,7,8,8,7,7] blocks=[[0,1,2,3],[0,1,4,5],[2,3,4,5],[0,3,4,6],[1,2,5,6],[1,2,4,7],[0,3,5,7],[0,2,6,7],[1,3,6,7],[4,5,6,7],[0,2,4,8],[1,3,5,8],[2,3,6,8],[1,4,6,8],[0,5,6,8],[0,1,7,8],[2,5,7,8]]
FAM D=48 ell=12 count=24 degs=[7,7,7,8,8,7,8,6,6] blocks=[[0,1,2,3],[0,1,4,5],[2,3,4,5],[0,3,4,6],[1,2,5,6],[1,2,4,7],[0,3,5,7],[0,2,6,7],[1,3,6,7],[4,5,6,7],[0,2,4,8],[1,3,5,8],[2,3,6,8],[1,4,6,8],[0,5,6,8],[3,4,7,8]]
FAM D=51 ell=12 count=21 degs=[7,7,8,8,8,8,8,7,7] blocks=[[0,1,2,3],[0,1,4,5],[2,3,4,5],[0,3,4,6],[1,2,5,6],[1,2,4,7],[0,3,5,7],[0,2,6,7],[1,3,6,7],[4,5,6,7],[0,2,4,8],[1,3,5,8],[2,3,6,8],[1,4,6,8],[0,5,6,8],[3,4,7,8],[2,5,7,8]]
FAM D=48 ell=12 count=24 degs=[7,7,8,7,7,8,8,6,6] blocks=[[0,1,2,3],[0,1,4,5],[2,3,4,5],[0,3,4,6],[1,2,5,6],[1,2,4,7],[0,3,5,7],[0,2,6,7],[1,3,6,7],[4,5,6,7],[0,2,4,8],[1,3,5,8],[2,3,6,8],[1,4,6,8],[0,5,6,8],[2,5,7,8]]
FAM D=48 ell=12 count=24 degs=[7,8,7,8,8,6,7,7,6] blocks=[[0,1,2,3],[0,1,4,5],[2,3,4,5],[0,3,4,6],[1,2,5,6],[1,2,4,7],[0,3,5,7],[0,2,6,7],[1,3,6,7],[4,5,6,7],[0,2,4,8],[1,3,5,8],[2,3,6,8],[1,4,6,8],[0,1,7,8],[3,4,7,8]]
FAM D=51 ell=12 count=21 degs=[7,8,8,8,8,7,7,8,7] blocks=[[0,1,2,3],[0,1,4,5],[2,3,4,5],[0,3,4,6],[1,2,5,6],[1,2,4,7],[0,3,5,7],[0,2,6,7],[1,3,6,7],[4,5,6,7],[0,2,4,8],[1,3,5,8],[2,3,6,8],[1,4,6,8],[0,1,7,8],[3,4,7,8],[2,5,7,8]]
FAM D=48 ell=12 count=24 degs=[7,8,8,7,7,7,7,7,6] blocks=[[0,1,2,3],[0,1,4,5],[2,3,4,5],[0,3,4,6],[1,2,5,6],[1,2,4,7],[0,3,5,7],[0,2,6,7],[1,3,6,7],[4,5,6,7],[0,2,4,8],[1,3,5,8],[2,3,6,8],[1,4,6,8],[0,1,7,8],[2,5,7,8]]
FAM D=48 ell=12 count=24 degs=[6,7,8,8,8,7,7,7,6] blocks=[[0,1,2,3],[0,1,4,5],[2,3,4,5],[0,3,4,6],[1,2,5,6],[1,2,4,7],[0,3,5,7],[0,2,6,7],[1,3,6,7],[4,5,6,7],[0,2,4,8],[1,3,5,8],[2,3,6,8],[1,4,6,8],[3,4,7,8],[2,5,7,8]]
FAM D=48 ell=12 count=24 degs=[8,7,7,8,7,7,7,7,6] blocks=[[0,1,2,3],[0,1,4,5],[2,3,4,5],[0,3,4,6],[1,2,5,6],[1,2,4,7],[0,3,5,7],[0,2,6,7],[1,3,6,7],[4,5,6,7],[0,2,4,8],[1,3,5,8],[2,3,6,8],[0,5,6,8],[0,1,7,8],[3,4,7,8]]
FAM D=51 ell=12 count=21 degs=[8,7,8,8,7,8,7,8,7] blocks=[[0,1,2,3],[0,1,4,5],[2,3,4,5],[0,3,4,6],[1,2,5,6],[1,2,4,7],[0,3,5,7],[0,2,6,7],[1,3,6,7],[4,5,6,7],[0,2,4,8],[1,3,5,8],[2,3,6,8],[0,5,6,8],[0,1,7,8],[3,4,7,8],[2,5,7,8]]
FAM D=48 ell=12 count=24 degs=[8,7,8,7,6,8,7,7,6] blocks=[[0,1,2,3],[0,1,4,5],[2,3,4,5],[0,3,4,6],[1,2,5,6],[1,2,4,7],[0,3,5,7],[0,2,6,7],[1,3,6,7],[4,5,6,7],[0,2,4,8],[1,3,5,8],[2,3,6,8],[0,5,6,8],[0,1,7,8],[2,5,7,8]]
FAM D=48 ell=12 count=24 degs=[7,6,8,8,7,8,7,7,6] blocks=[[0,1,2,3],[0,1,4,5],[2,3,4,5],[0,3,4,6],[1,2,5,6],[1,2,4,7],[0,3,5,7],[0,2,6,7],[1,3,6,7],[4,5,6,7],[0,2,4,8],[1,3,5,8],[2,3,6,8],[0,5,6,8],[3,4,7,8],[2,5,7,8]]
FAM D=48 ell=12 count=24 degs=[7,7,8,8,7,7,6,8,6] blocks=[[0,1,2,3],[0,1,4,5],[2,3,4,5],[0,3,4,6],[1,2,5,6],[1,2,4,7],[0,3,5,7],[0,2,6,7],[1,3,6,7],[4,5,6,7],[0,2,4,8],[1,3,5,8],[2,3,6,8],[0,1,7,8],[3,4,7,8],[2,5,7,8]]
FAM D=48 ell=12 count=24 degs=[8,8,6,7,8,7,7,7,6] blocks=[[0,1,2,3],[0,1,4,5],[2,3,4,5],[0,3,4,6],[1,2,5,6],[1,2,4,7],[0,3,5,7],[0,2,6,7],[1,3,6,7],[4,5,6,7],[0,2,4,8],[1,3,5,8],[1,4,6,8],[0,5,6,8],[0,1,7,8],[3,4,7,8]]
FAM D=51 ell=12 count=21 degs=[8,8,7,7,8,8,7,8,7] blocks=[[0,1,2,3],[0,1,4,5],[2,3,4,5],[0,3,4,6],[1,2,5,6],[1,2,4,7],[0,3,5,7],[0,2,6,7],[1,3,6,7],[4,5,6,7],[0,2,4,8],[1,3,5,8],[1,4,6,8],[0,5,6,8],[0,1,7,8],[3,4,7,8],[2,5,7,8]]
FAM D=48 ell=12 count=24 degs=[8,8,7,6,7,8,7,7,6] blocks=[[0,1,2,3],[0,1,4,5],[2,3,4,5],[0,3,4,6],[1,2,5,6],[1,2,4,7],[0,3,5,7],[0,2,6,7],[1,3,6,7],[4,5,6,7],[0,2,4,8],[1,3,5,8],[1,4,6,8],[0,5,6,8],[0,1,7,8],[2,5,7,8]]
FAM D=48 ell=12 count=24 degs=[7,7,7,7,8,8,7,7,6] blocks=[[0,1,2,3],[0,1,4,5],[2,3,4,5],[0,3,4,6],[1,2,5,6],[1,2,4,7],[0,3,5,7],[0,2,6,7],[1,3,6,7],[4,5,6,7],[0,2,4,8],[1,3,5,8],[1,4,6,8],[0,5,6,8],[3,4,7,8],[2,5,7,8]]
FAM D=48 ell=12 count=24 degs=[7,8,7,7,8,7,6,8,6] blocks=[[0,1,2,3],[0,1,4,5],[2,3,4,5],[0,3,4,6],[1,2,5,6],[1,2,4,7],[0,3,5,7],[0,2,6,7],[1,3,6,7],[4,5,6,7],[0,2,4,8],[1,3,5,8],[1,4,6,8],[0,1,7,8],[3,4,7,8],[2,5,7,8]]
FAM D=48 ell=12 count=24 degs=[8,7,7,7,7,8,6,8,6] blocks=[[0,1,2,3],[0,1,4,5],[2,3,4,5],[0,3,4,6],[1,2,5,6],[1,2,4,7],[0,3,5,7],[0,2,6,7],[1,3,6,7],[4,5,6,7],[0,2,4,8],[1,3,5,8],[0,5,6,8],[0,1,7,8],[3,4,7,8],[2,5,7,8]]
FAM D=48 ell=12 count=24 degs=[8,7,7,7,8,6,8,7,6] blocks=[[0,1,2,3],[0,1,4,5],[2,3,4,5],[0,3,4,6],[1,2,5,6],[1,2,4,7],[0,3,5,7],[0,2,6,7],[1,3,6,7],[4,5,6,7],[0,2,4,8],[2,3,6,8],[1,4,6,8],[0,5,6,8],[0,1,7,8],[3,4,7,8]]
FAM D=51 ell=12 count=21 degs=[8,7,8,7,8,7,8,8,7] blocks=[[0,1,2,3],[0,1,4,5],[2,3,4,5],[0,3,4,6],[1,2,5,6],[1,2,4,7],[0,3,5,7],[0,2,6,7],[1,3,6,7],[4,5,6,7],[0,2,4,8],[2,3,6,8],[1,4,6,8],[0,5,6,8],[0,1,7,8],[3,4,7,8],[2,5,7,8]]
FAM D=48 ell=12 count=24 degs=[8,7,8,6,7,7,8,7,6] blocks=[[0,1,2,3],[0,1,4,5],[2,3,4,5],[0,3,4,6],[1,2,5,6],[1,2,4,7],[0,3,5,7],[0,2,6,7],[1,3,6,7],[4,5,6,7],[0,2,4,8],[2,3,6,8],[1,4,6,8],[0,5,6,8],[0,1,7,8],[2,5,7,8]]
FAM D=48 ell=12 count=24 degs=[7,6,8,7,8,7,8,7,6] blocks=[[0,1,2,3],[0,1,4,5],[2,3,4,5],[0,3,4,6],[1,2,5,6],[1,2,4,7],[0,3,5,7],[0,2,6,7],[1,3,6,7],[4,5,6,7],[0,2,4,8],[2,3,6,8],[1,4,6,8],[0,5,6,8],[3,4,7,8],[2,5,7,8]]
FAM D=48 ell=12 count=24 degs=[7,7,8,7,8,6,7,8,6] blocks=[[0,1,2,3],[0,1,4,5],[2,3,4,5],[0,3,4,6],[1,2,5,6],[1,2,4,7],[0,3,5,7],[0,2,6,7],[1,3,6,7],[4,5,6,7],[0,2,4,8],[2,3,6,8],[1,4,6,8],[0,1,7,8],[3,4,7,8],[2,5,7,8]]
FAM D=48 ell=12 count=24 degs=[8,6,8,7,7,7,7,8,6] blocks=[[0,1,2,3],[0,1,4,5],[2,3,4,5],[0,3,4,6],[1,2,5,6],[1,2,4,7],[0,3,5,7],[0,2,6,7],[1,3,6,7],[4,5,6,7],[0,2,4,8],[2,3,6,8],[0,5,6,8],[0,1,7,8],[3,4,7,8],[2,5,7,8]]
FAM D=48 ell=12 count=24 degs=[8,7,7,6,8,7,7,8,6] blocks=[[0,1,2,3],[0,1,4,5],[2,3,4,5],[0,3,4,6],[1,2,5,6],[1,2,4,7],[0,3,5,7],[0,2,6,7],[1,3,6,7],[4,5,6,7],[0,2,4,8],[1,4,6,8],[0,5,6,8],[0,1,7,8],[3,4,7,8],[2,5,7,8]]
FAM D=48 ell=12 count=24 degs=[7,7,8,8,7,7,8,6,6] blocks=[[0,1,2,3],[0,1,4,5],[2,3,4,5],[0,3,4,6],[1,2,5,6],[1,2,4,7],[0,3,5,7],[0,2,6,7],[1,3,6,7],[4,5,6,7],[1,3,4,8],[0,2,5,8],[0,1,6,8],[2,4,6,8],[3,5,6,8],[2,3,7,8]]
FAM D=51 ell=12 count=21 degs=[8,7,8,8,8,7,8,7,7] blocks=[[0,1,2,3],[0,1,4,5],[2,3,4,5],[0,3,4,6],[1,2,5,6],[1,2,4,7],[0,3,5,7],[0,2,6,7],[1,3,6,7],[4,5,6,7],[1,3,4,8],[0,2,5,8],[0,1,6,8],[2,4,6,8],[3,5,6,8],[2,3,7,8],[0,4,7,8]]
FAM D=54 ell=12 count=18 degs=[8,8,8,8,8,8,8,8,8] blocks=[[0,1,2,3],[0,1,4,5],[2,3,4,5],[0,3,4,6],[1,2,5,6],[1,2,4,7],[0,3,5,7],[0,2,6,7],[1,3,6,7],[4,5,6,7],[1,3,4,8],[0,2,5,8],[0,1,6,8],[2,4,6,8],[3,5,6,8],[2,3,7,8],[0,4,7,8],[1,5,7,8]]
FAM D=51 ell=12 count=21 degs=[7,8,8,8,7,8,8,7,7] blocks=[[0,1,2,3],[0,1,4,5],[2,3,4,5],[0,3,4,6],[1,2,5,6],[1,2,4,7],[0,3,5,7],[0,2,6,7],[1,3,6,7],[4,5,6,7],[1,3,4,8],[0,2,5,8],[0,1,6,8],[2,4,6,8],[3,5,6,8],[2,3,7,8],[1,5,7,8]]
FAM D=48 ell=12 count=24 degs=[8,7,7,7,8,7,8,6,6] blocks=[[0,1,2,3],[0,1,4,5],[2,3,4,5],[0,3,4,6],[1,2,5,6],[1,2,4,7],[0,3,5,7],[0,2,6,7],[1,3,6,7],[4,5,6,7],[1,3,4,8],[0,2,5,8],[0,1,6,8],[2,4,6,8],[3,5,6,8],[0,4,7,8]]
FAM D=51 ell=12 count=21 degs=[8,8,7,7,8,8,8,7,7] blocks=[[0,1,2,3],[0,1,4,5],[2,3,4,5],[0,3,4,6],[1,2,5,6],[1,2,4,7],[0,3,5,7],[0,2,6,7],[1,3,6,7],[4,5,6,7],[1,3,4,8],[0,2,5,8],[0,1,6,8],[2,4,6,8],[3,5,6,8],[0,4,7,8],[1,5,7,8]]
FAM D=48 ell=12 count=24 degs=[7,8,7,7,7,8,8,6,6] blocks=[[0,1,2,3],[0,1,4,5],[2,3,4,5],[0,3,4,6],[1,2,5,6],[1,2,4,7],[0,3,5,7],[0,2,6,7],[1,3,6,7],[4,5,6,7],[1,3,4,8],[0,2,5,8],[0,1,6,8],[2,4,6,8],[3,5,6,8],[1,5,7,8]]
FAM D=48 ell=12 count=24 degs=[8,7,8,7,8,6,7,7,6] blocks=[[0,1,2,3],[0,1,4,5],[2,3,4,5],[0,3,4,6],[1,2,5,6],[1,2,4,7],[0,3,5,7],[0,2,6,7],[1,3,6,7],[4,5,6,7],[1,3,4,8],[0,2,5,8],[0,1,6,8],[2,4,6,8],[2,3,7,8],[0,4,7,8]]
FAM D=51 ell=12 count=21 degs=[8,8,8,7,8,7,7,8,7] blocks=[[0,1,2,3],[0,1,4,5],[2,3,4,5],[0,3,4,6],[1,2,5,6],[1,2,4,7],[0,3,5,7],[0,2,6,7],[1,3,6,7],[4,5,6,7],[1,3,4,8],[0,2,5,8],[0,1,6,8],[2,4,6,8],[2,3,7,8],[0,4,7,8],[1,5,7,8]]
FAM D=48 ell=12 count=24 degs=[7,8,8,7,7,7,7,7,6] blocks=[[0,1,2,3],[0,1,4,5],[2,3,4,5],[0,3,4,6],[1,2,5,6],[1,2,4,7],[0,3,5,7],[0,2,6,7],[1,3,6,7],[4,5,6,7],[1,3,4,8],[0,2,5,8],[0,1,6,8],[2,4,6,8],[2,3,7,8],[1,5,7,8]]
FAM D=48 ell=12 count=24 degs=[8,8,7,6,8,7,7,7,6] blocks=[[0,1,2,3],[0,1,4,5],[2,3,4,5],[0,3,4,6],[1,2,5,6],[1,2,4,7],[0,3,5,7],[0,2,6,7],[1,3,6,7],[4,5,6,7],[1,3,4,8],[0,2,5,8],[0,1,6,8],[2,4,6,8],[0,4,7,8],[1,5,7,8]]
FAM D=48 ell=12 count=24 degs=[8,7,7,8,7,7,7,7,6] blocks=[[0,1,2,3],[0,1,4,5],[2,3,4,5],[0,3,4,6],[1,2,5,6],[1,2,4,7],[0,3,5,7],[0,2,6,7],[1,3,6,7],[4,5,6,7],[1,3,4,8],[0,2,5,8],[0,1,6,8],[3,5,6,8],[2,3,7,8],[0,4,7,8]]
FAM D=51 ell=12 count=21 degs=[8,8,7,8,7,8,7,8,7] blocks=[[0,1,2,3],[0,1,4,5],[2,3,4,5],[0,3,4,6],[1,2,5,6],[1,2,4,7],[0,3,5,7],[0,2,6,7],[1,3,6,7],[4,5,6,7],[1,3,4,8],[0,2,5,8],[0,1,6,8],[3,5,6,8],[2,3,7,8],[0,4,7,8],[1,5,7,8]]
FAM D=48 ell=12 count=24 degs=[7,8,7,8,6,8,7,7,6] blocks=[[0,1,2,3],[0,1,4,5],[2,3,4,5],[0,3,4,6],[1,2,5,6],[1,2,4,7],[0,3,5,7],[0,2,6,7],[1,3,6,7],[4,5,6,7],[1,3,4,8],[0,2,5,8],[0,1,6,8],[3,5,6,8],[2,3,7,8],[1,5,7,8]]
FAM D=48 ell=12 count=24 degs=[8,8,6,7,7,8,7,7,6] blocks=[[0,1,2,3],[0,1,4,5],[2,3,4,5],[0,3,4,6],[1,2,5,6],[1,2,4,7],[0,3,5,7],[0,2,6,7],[1,3,6,7],[4,5,6,7],[1,3,4,8],[0,2,5,8],[0,1,6,8],[3,5,6,8],[0,4,7,8],[1,5,7,8]]
FAM D=48 ell=12 count=24 degs=[8,8,7,7,7,7,6,8,6] blocks=[[0,1,2,3],[0,1,4,5],[2,3,4,5],[0,3,4,6],[1,2,5,6],[1,2,4,7],[0,3,5,7],[0,2,6,7],[1,3,6,7],[4,5,6,7],[1,3,4,8],[0,2,5,8],[0,1,6,8],[2,3,7,8],[0,4,7,8],[1,5,7,8]]
FAM D=48 ell=12 count=24 degs=[7,6,8,8,8,7,7,7,6] blocks=[[0,1,2,3],[0,1,4,5],[2,3,4,5],[0,3,4,6],[1,2,5,6],[1,2,4,7],[0,3,5,7],[0,2,6,7],[1,3,6,7],[4,5,6,7],[1,3,4,8],[0,2,5,8],[2,4,6,8],[3,5,6,8],[2,3,7,8],[0,4,7,8]]
FAM D=51 ell=12 count=21 degs=[7,7,8,8,8,8,7,8,7] blocks=[[0,1,2,3],[0,1,4,5],[2,3,4,5],[0,3,4,6],[1,2,5,6],[1,2,4,7],[0,3,5,7],[0,2,6,7],[1,3,6,7],[4,5,6,7],[1,3,4,8],[0,2,5,8],[2,4,6,8],[3,5,6,8],[2,3,7,8],[0,4,7,8],[1,5,7,8]]
FAM D=48 ell=12 count=24 degs=[6,7,8,8,7,8,7,7,6] blocks=[[0,1,2,3],[0,1,4,5],[2,3,4,5],[0,3,4,6],[1,2,5,6],[1,2,4,7],[0,3,5,7],[0,2,6,7],[1,3,6,7],[4,5,6,7],[1,3,4,8],[0,2,5,8],[2,4,6,8],[3,5,6,8],[2,3,7,8],[1,5,7,8]]
FAM D=48 ell=12 count=24 degs=[7,7,7,7,8,8,7,7,6] blocks=[[0,1,2,3],[0,1,4,5],[2,3,4,5],[0,3,4,6],[1,2,5,6],[1,2,4,7],[0,3,5,7],[0,2,6,7],[1,3,6,7],[4,5,6,7],[1,3,4,8],[0,2,5,8],[2,4,6,8],[3,5,6,8],[0,4,7,8],[1,5,7,8]]
FAM D=48 ell=12 count=24 degs=[7,7,8,7,8,7,6,8,6] blocks=[[0,1,2,3],[0,1,4,5],[2,3,4,5],[0,3,4,6],[1,2,5,6],[1,2,4,7],[0,3,5,7],[0,2,6,7],[1,3,6,7],[4,5,6,7],[1,3,4,8],[0,2,5,8],[2,4,6,8],[2,3,7,8],[0,4,7,8],[1,5,7,8]]
FAM D=48 ell=12 count=24 degs=[7,7,7,8,7,8,6,8,6] blocks=[[0,1,2,3],[0,1,4,5],[2,3,4,5],[0,3,4,6],[1,2,5,6],[1,2,4,7],[0,3,5,7],[0,2,6,7],[1,3,6,7],[4,5,6,7],[1,3,4,8],[0,2,5,8],[3,5,6,8],[2,3,7,8],[0,4,7,8],[1,5,7,8]]
FAM D=48 ell=12 count=24 degs=[7,7,7,8,8,6,8,7,6] blocks=[[0,1,2,3],[0,1,4,5],[2,3,4,5],[0,3,4,6],[1,2,5,6],[1,2,4,7],[0,3,5,7],[0,2,6,7],[1,3,6,7],[4,5,6,7],[1,3,4,8],[0,1,6,8],[2,4,6,8],[3,5,6,8],[2,3,7,8],[0,4,7,8]]
FAM D=51 ell=12 count=21 degs=[7,8,7,8,8,7,8,8,7] blocks=[[0,1,2,3],[0,1,4,5],[2,3,4,5],[0,3,4,6],[1,2,5,6],[1,2,4,7],[0,3,5,7],[0,2,6,7],[1,3,6,7],[4,5,6,7],[1,3,4,8],[0,1,6,8],[2,4,6,8],[3,5,6,8],[2,3,7,8],[0,4,7,8],[1,5,7,8]]
FAM D=48 ell=12 count=24 degs=[6,8,7,8,7,7,8,7,6] blocks=[[0,1,2,3],[0,1,4,5],[2,3,4,5],[0,3,4,6],[1,2,5,6],[1,2,4,7],[0,3,5,7],[0,2,6,7],[1,3,6,7],[4,5,6,7],[1,3,4,8],[0,1,6,8],[2,4,6,8],[3,5,6,8],[2,3,7,8],[1,5,7,8]]
FAM D=48 ell=12 count=24 degs=[7,8,6,7,8,7,8,7,6] blocks=[[0,1,2,3],[0,1,4,5],[2,3,4,5],[0,3,4,6],[1,2,5,6],[1,2,4,7],[0,3,5,7],[0,2,6,7],[1,3,6,7],[4,5,6,7],[1,3,4,8],[0,1,6,8],[2,4,6,8],[3,5,6,8],[0,4,7,8],[1,5,7,8]]
FAM D=48 ell=12 count=24 degs=[7,8,7,7,8,6,7,8,6] blocks=[[0,1,2,3],[0,1,4,5],[2,3,4,5],[0,3,4,6],[1,2,5,6],[1,2,4,7],[0,3,5,7],[0,2,6,7],[1,3,6,7],[4,5,6,7],[1,3,4,8],[0,1,6,8],[2,4,6,8],[2,3,7,8],[0,4,7,8],[1,5,7,8]]
FAM D=48 ell=12 count=24 degs=[7,8,6,8,7,7,7,8,6] blocks=[[0,1,2,3],[0,1,4,5],[2,3,4,5],[0,3,4,6],[1,2,5,6],[1,2,4,7],[0,3,5,7],[0,2,6,7],[1,3,6,7],[4,5,6,7],[1,3,4,8],[0,1,6,8],[3,5,6,8],[2,3,7,8],[0,4,7,8],[1,5,7,8]]
FAM D=48 ell=12 count=24 degs=[6,7,7,8,8,7,7,8,6] blocks=[[0,1,2,3],[0,1,4,5],[2,3,4,5],[0,3,4,6],[1,2,5,6],[1,2,4,7],[0,3,5,7],[0,2,6,7],[1,3,6,7],[4,5,6,7],[1,3,4,8],[2,4,6,8],[3,5,6,8],[2,3,7,8],[0,4,7,8],[1,5,7,8]]
FAM D=48 ell=12 count=24 degs=[8,6,8,7,7,7,8,7,6] blocks=[[0,1,2,3],[0,1,4,5],[2,3,4,5],[0,3,4,6],[1,2,5,6],[1,2,4,7],[0,3,5,7],[0,2,6,7],[1,3,6,7],[4,5,6,7],[0,2,5,8],[0,1,6,8],[2,4,6,8],[3,5,6,8],[2,3,7,8],[0,4,7,8]]
FAM D=51 ell=12 count=21 degs=[8,7,8,7,7,8,8,8,7] blocks=[[0,1,2,3],[0,1,4,5],[2,3,4,5],[0,3,4,6],[1,2,5,6],[1,2,4,7],[0,3,5,7],[0,2,6,7],[1,3,6,7],[4,5,6,7],[0,2,5,8],[0,1,6,8],[2,4,6,8],[3,5,6,8],[2,3,7,8],[0,4,7,8],[1,5,7,8]]
FAM D=48 ell=12 count=24 degs=[7,7,8,7,6,8,8,7,6] blocks=[[0,1,2,3],[0,1,4,5],[2,3,4,5],[0,3,4,6],[1,2,5,6],[1,2,4,7],[0,3,5,7],[0,2,6,7],[1,3,6,7],[4,5,6,7],[0,2,5,8],[0,1,6,8],[2,4,6,8],[3,5,6,8],[2,3,7,8],[1,5,7,8]]
FAM D=48 ell=12 count=24 degs=[8,7,7,6,7,8,8,7,6] blocks=[[0,1,2,3],[0,1,4,5],[2,3,4,5],[0,3,4,6],[1,2,5,6],[1,2,4,7],[0,3,5,7],[0,2,6,7],[1,3,6,7],[4,5,6,7],[0,2,5,8],[0,1,6,8],[2,4,6,8],[3,5,6,8],[0,4,7,8],[1,5,7,8]]
FAM D=48 ell=12 count=24 degs=[8,7,8,6,7,7,7,8,6] blocks=[[0,1,2,3],[0,1,4,5],[2,3,4,5],[0,3,4,6],[1,2,5,6],[1,2,4,7],[0,3,5,7],[0,2,6,7],[1,3,6,7],[4,5,6,7],[0,2,5,8],[0,1,6,8],[2,4,6,8],[2,3,7,8],[0,4,7,8],[1,5,7,8]]
FAM D=48 ell=12 count=24 degs=[8,7,7,7,6,8,7,8,6] blocks=[[0,1,2,3],[0,1,4,5],[2,3,4,5],[0,3,4,6],[1,2,5,6],[1,2,4,7],[0,3,5,7],[0,2,6,7],[1,3,6,7],[4,5,6,7],[0,2,5,8],[0,1,6,8],[3,5,6,8],[2,3,7,8],[0,4,7,8],[1,5,7,8]]
FAM D=48 ell=12 count=24 degs=[7,6,8,7,7,8,7,8,6] blocks=[[0,1,2,3],[0,1,4,5],[2,3,4,5],[0,3,4,6],[1,2,5,6],[1,2,4,7],[0,3,5,7],[0,2,6,7],[1,3,6,7],[4,5,6,7],[0,2,5,8],[2,4,6,8],[3,5,6,8],[2,3,7,8],[0,4,7,8],[1,5,7,8]]
FAM D=48 ell=12 count=24 degs=[7,8,6,8,7,7,8,7,6] blocks=[[0,1,2,3],[0,1,4,5],[2,3,4,5],[0,3,4,6],[1,2,5,6],[1,2,4,7],[0,3,5,7],[0,2,6,7],[1,3,6,7],[4,5,6,7],[1,3,5,8],[2,3,6,8],[1,4,6,8],[0,5,6,8],[0,1,7,8],[3,4,7,8]]
FAM D=51 ell=12 count=21 degs=[7,8,7,8,7,8,8,8,7] blocks=[[0,1,2,3],[0,1,4,5],[2,3,4,5],[0,3,4,6],[1,2,5,6],[1,2,4,7],[0,3,5,7],[0,2,6,7],[1,3,6,7],[4,5,6,7],[1,3,5,8],[2,3,6,8],[1,4,6,8],[0,5,6,8],[0,1,7,8],[3,4,7,8],[2,5,7,8]]
FAM D=48 ell=12 count=24 degs=[7,8,7,7,6,8,8,7,6] blocks=[[0,1,2,3],[0,1,4,5],[2,3,4,5],[0,3,4,6],[1,2,5,6],[1,2,4,7],[0,3,5,7],[0,2,6,7],[1,3,6,7],[4,5,6,7],[1,3,5,8],[2,3,6,8],[1,4,6,8],[0,5,6,8],[0,1,7,8],[2,5,7,8]]
FAM D=48 ell=12 count=24 degs=[6,7,7,8,7,8,8,7,6] blocks=[[0,1,2,3],[0,1,4,5],[2,3,4,5],[0,3,4,6],[1,2,5,6],[1,2,4,7],[0,3,5,7],[0,2,6,7],[1,3,6,7],[4,5,6,7],[1,3,5,8],[2,3,6,8],[1,4,6,8],[0,5,6,8],[3,4,7,8],[2,5,7,8]]
FAM D=48 ell=12 count=24 degs=[6,8,7,8,7,7,7,8,6] blocks=[[0,1,2,3],[0,1,4,5],[2,3,4,5],[0,3,4,6],[1,2,5,6],[1,2,4,7],[0,3,5,7],[0,2,6,7],[1,3,6,7],[4,5,6,7],[1,3,5,8],[2,3,6,8],[1,4,6,8],[0,1,7,8],[3,4,7,8],[2,5,7,8]]
FAM D=48 ell=12 count=24 degs=[7,7,7,8,6,8,7,8,6] blocks=[[0,1,2,3],[0,1,4,5],[2,3,4,5],[0,3,4,6],[1,2,5,6],[1,2,4,7],[0,3,5,7],[0,2,6,7],[1,3,6,7],[4,5,6,7],[1,3,5,8],[2,3,6,8],[0,5,6,8],[0,1,7,8],[3,4,7,8],[2,5,7,8]]
FAM D=48 ell=12 count=24 degs=[7,8,6,7,7,8,7,8,6] blocks=[[0,1,2,3],[0,1,4,5],[2,3,4,5],[0,3,4,6],[1,2,5,6],[1,2,4,7],[0,3,5,7],[0,2,6,7],[1,3,6,7],[4,5,6,7],[1,3,5,8],[1,4,6,8],[0,5,6,8],[0,1,7,8],[3,4,7,8],[2,5,7,8]]
FAM D=48 ell=12 count=24 degs=[7,7,7,7,7,7,8,8,6] blocks=[[0,1,2,3],[0,1,4,5],[2,3,4,5],[0,3,4,6],[1,2,5,6],[1,2,4,7],[0,3,5,7],[0,2,6,7],[1,3,6,7],[4,5,6,7],[0,1,6,8],[2,4,6,8],[3,5,6,8],[2,3,7,8],[0,4,7,8],[1,5,7,8]]
FAM D=48 ell=12 count=24 degs=[7,7,7,7,7,7,8,8,6] blocks=[[0,1,2,3],[0,1,4,5],[2,3,4,5],[0,3,4,6],[1,2,5,6],[1,2,4,7],[0,3,5,7],[0,2,6,7],[1,3,6,7],[4,5,6,7],[2,3,6,8],[1,4,6,8],[0,5,6,8],[0,1,7,8],[3,4,7,8],[2,5,7,8]]
FAM D=48 ell=12 count=24 degs=[8,8,7,8,7,6,7,6,7] blocks=[[0,1,2,3],[0,1,4,5],[2,3,4,5],[0,3,4,6],[1,2,5,6],[1,2,4,7],[0,3,5,7],[0,2,6,7],[1,3,6,7],[0,2,4,8],[1,3,5,8],[2,3,6,8],[1,4,6,8],[0,5,6,8],[0,1,7,8],[3,4,7,8]]
FAM D=51 ell=12 count=21 degs=[8,8,8,8,7,7,7,7,8] blocks=[[0,1,2,3],[0,1,4,5],[2,3,4,5],[0,3,4,6],[1,2,5,6],[1,2,4,7],[0,3,5,7],[0,2,6,7],[1,3,6,7],[0,2,4,8],[1,3,5,8],[2,3,6,8],[1,4,6,8],[0,5,6,8],[0,1,7,8],[3,4,7,8],[2,5,7,8]]
FAM D=48 ell=12 count=24 degs=[8,8,8,7,6,7,7,6,7] blocks=[[0,1,2,3],[0,1,4,5],[2,3,4,5],[0,3,4,6],[1,2,5,6],[1,2,4,7],[0,3,5,7],[0,2,6,7],[1,3,6,7],[0,2,4,8],[1,3,5,8],[2,3,6,8],[1,4,6,8],[0,5,6,8],[0,1,7,8],[2,5,7,8]]
FAM D=48 ell=12 count=24 degs=[7,7,8,8,7,7,7,6,7] blocks=[[0,1,2,3],[0,1,4,5],[2,3,4,5],[0,3,4,6],[1,2,5,6],[1,2,4,7],[0,3,5,7],[0,2,6,7],[1,3,6,7],[0,2,4,8],[1,3,5,8],[2,3,6,8],[1,4,6,8],[0,5,6,8],[3,4,7,8],[2,5,7,8]]
FAM D=48 ell=12 count=24 degs=[7,8,8,8,7,6,6,7,7] blocks=[[0,1,2,3],[0,1,4,5],[2,3,4,5],[0,3,4,6],[1,2,5,6],[1,2,4,7],[0,3,5,7],[0,2,6,7],[1,3,6,7],[0,2,4,8],[1,3,5,8],[2,3,6,8],[1,4,6,8],[0,1,7,8],[3,4,7,8],[2,5,7,8]]
FAM D=48 ell=12 count=24 degs=[8,7,8,8,6,7,6,7,7] blocks=[[0,1,2,3],[0,1,4,5],[2,3,4,5],[0,3,4,6],[1,2,5,6],[1,2,4,7],[0,3,5,7],[0,2,6,7],[1,3,6,7],[0,2,4,8],[1,3,5,8],[2,3,6,8],[0,5,6,8],[0,1,7,8],[3,4,7,8],[2,5,7,8]]
FAM D=48 ell=12 count=24 degs=[8,8,7,7,7,7,6,7,7] blocks=[[0,1,2,3],[0,1,4,5],[2,3,4,5],[0,3,4,6],[1,2,5,6],[1,2,4,7],[0,3,5,7],[0,2,6,7],[1,3,6,7],[0,2,4,8],[1,3,5,8],[1,4,6,8],[0,5,6,8],[0,1,7,8],[3,4,7,8],[2,5,7,8]]
FAM D=48 ell=12 count=24 degs=[8,7,8,7,7,6,7,7,7] blocks=[[0,1,2,3],[0,1,4,5],[2,3,4,5],[0,3,4,6],[1,2,5,6],[1,2,4,7],[0,3,5,7],[0,2,6,7],[1,3,6,7],[0,2,4,8],[2,3,6,8],[1,4,6,8],[0,5,6,8],[0,1,7,8],[3,4,7,8],[2,5,7,8]]
FAM D=48 ell=12 count=24 degs=[8,7,8,8,7,6,7,6,7] blocks=[[0,1,2,3],[0,1,4,5],[2,3,4,5],[0,3,4,6],[1,2,5,6],[1,2,4,7],[0,3,5,7],[0,2,6,7],[1,3,6,7],[1,3,4,8],[0,2,5,8],[0,1,6,8],[2,4,6,8],[3,5,6,8],[2,3,7,8],[0,4,7,8]]
FAM D=51 ell=12 count=21 degs=[8,8,8,8,7,7,7,7,8] blocks=[[0,1,2,3],[0,1,4,5],[2,3,4,5],[0,3,4,6],[1,2,5,6],[1,2,4,7],[0,3,5,7],[0,2,6,7],[1,3,6,7],[1,3,4,8],[0,2,5,8],[0,1,6,8],[2,4,6,8],[3,5,6,8],[2,3,7,8],[0,4,7,8],[1,5,7,8]]
FAM D=48 ell=12 count=24 degs=[7,8,8,8,6,7,7,6,7] blocks=[[0,1,2,3],[0,1,4,5],[2,3,4,5],[0,3,4,6],[1,2,5,6],[1,2,4,7],[0,3,5,7],[0,2,6,7],[1,3,6,7],[1,3,4,8],[0,2,5,8],[0,1,6,8],[2,4,6,8],[3,5,6,8],[2,3,7,8],[1,5,7,8]]
FAM D=48 ell=12 count=24 degs=[8,8,7,7,7,7,7,6,7] blocks=[[0,1,2,3],[0,1,4,5],[2,3,4,5],[0,3,4,6],[1,2,5,6],[1,2,4,7],[0,3,5,7],[0,2,6,7],[1,3,6,7],[1,3,4,8],[0,2,5,8],[0,1,6,8],[2,4,6,8],[3,5,6,8],[0,4,7,8],[1,5,7,8]]
FAM D=48 ell=12 count=24 degs=[8,8,8,7,7,6,6,7,7] blocks=[[0,1,2,3],[0,1,4,5],[2,3,4,5],[0,3,4,6],[1,2,5,6],[1,2,4,7],[0,3,5,7],[0,2,6,7],[1,3,6,7],[1,3,4,8],[0,2,5,8],[0,1,6,8],[2,4,6,8],[2,3,7,8],[0,4,7,8],[1,5,7,8]]
FAM D=48 ell=12 count=24 degs=[8,8,7,8,6,7,6,7,7] blocks=[[0,1,2,3],[0,1,4,5],[2,3,4,5],[0,3,4,6],[1,2,5,6],[1,2,4,7],[0,3,5,7],[0,2,6,7],[1,3,6,7],[1,3,4,8],[0,2,5,8],[0,1,6,8],[3,5,6,8],[2,3,7,8],[0,4,7,8],[1,5,7,8]]
FAM D=48 ell=12 count=24 degs=[7,7,8,8,7,7,6,7,7] blocks=[[0,1,2,3],[0,1,4,5],[2,3,4,5],[0,3,4,6],[1,2,5,6],[1,2,4,7],[0,3,5,7],[0,2,6,7],[1,3,6,7],[1,3,4,8],[0,2,5,8],[2,4,6,8],[3,5,6,8],[2,3,7,8],[0,4,7,8],[1,5,7,8]]
FAM D=48 ell=12 count=24 degs=[7,8,7,8,7,6,7,7,7] blocks=[[0,1,2,3],[0,1,4,5],[2,3,4,5],[0,3,4,6],[1,2,5,6],[1,2,4,7],[0,3,5,7],[0,2,6,7],[1,3,6,7],[1,3,4,8],[0,1,6,8],[2,4,6,8],[3,5,6,8],[2,3,7,8],[0,4,7,8],[1,5,7,8]]
FAM D=48 ell=12 count=24 degs=[8,7,8,7,6,7,7,7,7] blocks=[[0,1,2,3],[0,1,4,5],[2,3,4,5],[0,3,4,6],[1,2,5,6],[1,2,4,7],[0,3,5,7],[0,2,6,7],[1,3,6,7],[0,2,5,8],[0,1,6,8],[2,4,6,8],[3,5,6,8],[2,3,7,8],[0,4,7,8],[1,5,7,8]]
FAM D=48 ell=12 count=24 degs=[7,8,7,8,6,7,7,7,7] blocks=[[0,1,2,3],[0,1,4,5],[2,3,4,5],[0,3,4,6],[1,2,5,6],[1,2,4,7],[0,3,5,7],[0,2,6,7],[1,3,6,7],[1,3,5,8],[2,3,6,8],[1,4,6,8],[0,5,6,8],[0,1,7,8],[3,4,7,8],[2,5,7,8]]
FAM D=48 ell=12 count=24 degs=[8,7,7,7,8,7,7,6,7] blocks=[[0,1,2,3],[0,1,4,5],[2,3,4,5],[0,3,4,6],[1,2,5,6],[1,2,4,7],[0,3,5,7],[0,2,6,7],[4,5,6,7],[0,2,4,8],[1,3,5,8],[2,3,6,8],[1,4,6,8],[0,5,6,8],[0,1,7,8],[3,4,7,8]]
FAM D=51 ell=12 count=21 degs=[8,7,8,7,8,8,7,7,8] blocks=[[0,1,2,3],[0,1,4,5],[2,3,4,5],[0,3,4,6],[1,2,5,6],[1,2,4,7],[0,3,5,7],[0,2,6,7],[4,5,6,7],[0,2,4,8],[1,3,5,8],[2,3,6,8],[1,4,6,8],[0,5,6,8],[0,1,7,8],[3,4,7,8],[2,5,7,8]]
FAM D=48 ell=12 count=24 degs=[8,7,8,6,7,8,7,6,7] blocks=[[0,1,2,3],[0,1,4,5],[2,3,4,5],[0,3,4,6],[1,2,5,6],[1,2,4,7],[0,3,5,7],[0,2,6,7],[4,5,6,7],[0,2,4,8],[1,3,5,8],[2,3,6,8],[1,4,6,8],[0,5,6,8],[0,1,7,8],[2,5,7,8]]
FAM D=48 ell=12 count=24 degs=[7,6,8,7,8,8,7,6,7] blocks=[[0,1,2,3],[0,1,4,5],[2,3,4,5],[0,3,4,6],[1,2,5,6],[1,2,4,7],[0,3,5,7],[0,2,6,7],[4,5,6,7],[0,2,4,8],[1,3,5,8],[2,3,6,8],[1,4,6,8],[0,5,6,8],[3,4,7,8],[2,5,7,8]]
FAM D=48 ell=12 count=24 degs=[7,7,8,7,8,7,6,7,7] blocks=[[0,1,2,3],[0,1,4,5],[2,3,4,5],[0,3,4,6],[1,2,5,6],[1,2,4,7],[0,3,5,7],[0,2,6,7],[4,5,6,7],[0,2,4,8],[1,3,5,8],[2,3,6,8],[1,4,6,8],[0,1,7,8],[3,4,7,8],[2,5,7,8]]
FAM D=48 ell=12 count=24 degs=[8,6,8,7,7,8,6,7,7] blocks=[[0,1,2,3],[0,1,4,5],[2,3,4,5],[0,3,4,6],[1,2,5,6],[1,2,4,7],[0,3,5,7],[0,2,6,7],[4,5,6,7],[0,2,4,8],[1,3,5,8],[2,3,6,8],[0,5,6,8],[0,1,7,8],[3,4,7,8],[2,5,7,8]]
FAM D=48 ell=12 count=24 degs=[8,7,7,6,8,8,6,7,7] blocks=[[0,1,2,3],[0,1,4,5],[2,3,4,5],[0,3,4,6],[1,2,5,6],[1,2,4,7],[0,3,5,7],[0,2,6,7],[4,5,6,7],[0,2,4,8],[1,3,5,8],[1,4,6,8],[0,5,6,8],[0,1,7,8],[3,4,7,8],[2,5,7,8]]
FAM D=48 ell=12 count=24 degs=[8,6,8,6,8,7,7,7,7] blocks=[[0,1,2,3],[0,1,4,5],[2,3,4,5],[0,3,4,6],[1,2,5,6],[1,2,4,7],[0,3,5,7],[0,2,6,7],[4,5,6,7],[0,2,4,8],[2,3,6,8],[1,4,6,8],[0,5,6,8],[0,1,7,8],[3,4,7,8],[2,5,7,8]]
FAM D=48 ell=12 count=24 degs=[8,6,8,7,8,7,7,6,7] blocks=[[0,1,2,3],[0,1,4,5],[2,3,4,5],[0,3,4,6],[1,2,5,6],[1,2,4,7],[0,3,5,7],[0,2,6,7],[4,5,6,7],[1,3,4,8],[0,2,5,8],[0,1,6,8],[2,4,6,8],[3,5,6,8],[2,3,7,8],[0,4,7,8]]
FAM D=51 ell=12 count=21 degs=[8,7,8,7,8,8,7,7,8] blocks=[[0,1,2,3],[0,1,4,5],[2,3,4,5],[0,3,4,6],[1,2,5,6],[1,2,4,7],[0,3,5,7],[0,2,6,7],[4,5,6,7],[1,3,4,8],[0,2,5,8],[0,1,6,8],[2,4,6,8],[3,5,6,8],[2,3,7,8],[0,4,7,8],[1,5,7,8]]
FAM D=48 ell=12 count=24 degs=[7,7,8,7,7,8,7,6,7] blocks=[[0,1,2,3],[0,1,4,5],[2,3,4,5],[0,3,4,6],[1,2,5,6],[1,2,4,7],[0,3,5,7],[0,2,6,7],[4,5,6,7],[1,3,4,8],[0,2,5,8],[0,1,6,8],[2,4,6,8],[3,5,6,8],[2,3,7,8],[1,5,7,8]]
FAM D=48 ell=12 count=24 degs=[8,7,7,6,8,8,7,6,7] blocks=[[0,1,2,3],[0,1,4,5],[2,3,4,5],[0,3,4,6],[1,2,5,6],[1,2,4,7],[0,3,5,7],[0,2,6,7],[4,5,6,7],[1,3,4,8],[0,2,5,8],[0,1,6,8],[2,4,6,8],[3,5,6,8],[0,4,7,8],[1,5,7,8]]
FAM D=48 ell=12 count=24 degs=[8,7,8,6,8,7,6,7,7] blocks=[[0,1,2,3],[0,1,4,5],[2,3,4,5],[0,3,4,6],[1,2,5,6],[1,2,4,7],[0,3,5,7],[0,2,6,7],[4,5,6,7],[1,3,4,8],[0,2,5,8],[0,1,6,8],[2,4,6,8],[2,3,7,8],[0,4,7,8],[1,5,7,8]]
FAM D=48 ell=12 count=24 degs=[8,7,7,7,7,8,6,7,7] blocks=[[0,1,2,3],[0,1,4,5],[2,3,4,5],[0,3,4,6],[1,2,5,6],[1,2,4,7],[0,3,5,7],[0,2,6,7],[4,5,6,7],[1,3,4,8],[0,2,5,8],[0,1,6,8],[3,5,6,8],[2,3,7,8],[0,4,7,8],[1,5,7,8]]
FAM D=48 ell=12 count=24 degs=[7,6,8,7,8,8,6,7,7] blocks=[[0,1,2,3],[0,1,4,5],[2,3,4,5],[0,3,4,6],[1,2,5,6],[1,2,4,7],[0,3,5,7],[0,2,6,7],[4,5,6,7],[1,3,4,8],[0,2,5,8],[2,4,6,8],[3,5,6,8],[2,3,7,8],[0,4,7,8],[1,5,7,8]]
FAM D=48 ell=12 count=24 degs=[7,7,7,7,8,7,7,7,7] blocks=[[0,1,2,3],[0,1,4,5],[2,3,4,5],[0,3,4,6],[1,2,5,6],[1,2,4,7],[0,3,5,7],[0,2,6,7],[4,5,6,7],[1,3,4,8],[0,1,6,8],[2,4,6,8],[3,5,6,8],[2,3,7,8],[0,4,7,8],[1,5,7,8]]
FAM D=48 ell=12 count=24 degs=[8,6,8,6,7,8,7,7,7] blocks=[[0,1,2,3],[0,1,4,5],[2,3,4,5],[0,3,4,6],[1,2,5,6],[1,2,4,7],[0,3,5,7],[0,2,6,7],[4,5,6,7],[0,2,5,8],[0,1,6,8],[2,4,6,8],[3,5,6,8],[2,3,7,8],[0,4,7,8],[1,5,7,8]]
FAM D=48 ell=12 count=24 degs=[7,7,7,7,7,8,7,7,7] blocks=[[0,1,2,3],[0,1,4,5],[2,3,4,5],[0,3,4,6],[1,2,5,6],[1,2,4,7],[0,3,5,7],[0,2,6,7],[4,5,6,7],[1,3,5,8],[2,3,6,8],[1,4,6,8],[0,5,6,8],[0,1,7,8],[3,4,7,8],[2,5,7,8]]
FAM D=48 ell=12 count=24 degs=[8,7,8,7,7,7,6,6,8] blocks=[[0,1,2,3],[0,1,4,5],[2,3,4,5],[0,3,4,6],[1,2,5,6],[1,2,4,7],[0,3,5,7],[0,2,6,7],[0,2,4,8],[1,3,5,8],[2,3,6,8],[1,4,6,8],[0,5,6,8],[0,1,7,8],[3,4,7,8],[2,5,7,8]]
FAM D=48 ell=12 count=24 degs=[8,7,8,7,7,7,6,6,8] blocks=[[0,1,2,3],[0,1,4,5],[2,3,4,5],[0,3,4,6],[1,2,5,6],[1,2,4,7],[0,3,5,7],[0,2,6,7],[1,3,4,8],[0,2,5,8],[0,1,6,8],[2,4,6,8],[3,5,6,8],[2,3,7,8],[0,4,7,8],[1,5,7,8]]
FAM D=48 ell=12 count=24 degs=[7,8,6,8,8,7,7,6,7] blocks=[[0,1,2,3],[0,1,4,5],[2,3,4,5],[0,3,4,6],[1,2,5,6],[1,2,4,7],[0,3,5,7],[1,3,6,7],[4,5,6,7],[0,2,4,8],[1,3,5,8],[2,3,6,8],[1,4,6,8],[0,5,6,8],[0,1,7,8],[3,4,7,8]]
FAM D=51 ell=12 count=21 degs=[7,8,7,8,8,8,7,7,8] blocks=[[0,1,2,3],[0,1,4,5],[2,3,4,5],[0,3,4,6],[1,2,5,6],[1,2,4,7],[0,3,5,7],[1,3,6,7],[4,5,6,7],[0,2,4,8],[1,3,5,8],[2,3,6,8],[1,4,6,8],[0,5,6,8],[0,1,7,8],[3,4,7,8],[2,5,7,8]]
FAM D=48 ell=12 count=24 degs=[7,8,7,7,7,8,7,6,7] blocks=[[0,1,2,3],[0,1,4,5],[2,3,4,5],[0,3,4,6],[1,2,5,6],[1,2,4,7],[0,3,5,7],[1,3,6,7],[4,5,6,7],[0,2,4,8],[1,3,5,8],[2,3,6,8],[1,4,6,8],[0,5,6,8],[0,1,7,8],[2,5,7,8]]
FAM D=48 ell=12 count=24 degs=[6,7,7,8,8,8,7,6,7] blocks=[[0,1,2,3],[0,1,4,5],[2,3,4,5],[0,3,4,6],[1,2,5,6],[1,2,4,7],[0,3,5,7],[1,3,6,7],[4,5,6,7],[0,2,4,8],[1,3,5,8],[2,3,6,8],[1,4,6,8],[0,5,6,8],[3,4,7,8],[2,5,7,8]]
FAM D=48 ell=12 count=24 degs=[6,8,7,8,8,7,6,7,7] blocks=[[0,1,2,3],[0,1,4,5],[2,3,4,5],[0,3,4,6],[1,2,5,6],[1,2,4,7],[0,3,5,7],[1,3,6,7],[4,5,6,7],[0,2,4,8],[1,3,5,8],[2,3,6,8],[1,4,6,8],[0,1,7,8],[3,4,7,8],[2,5,7,8]]
FAM D=48 ell=12 count=24 degs=[7,7,7,8,7,8,6,7,7] blocks=[[0,1,2,3],[0,1,4,5],[2,3,4,5],[0,3,4,6],[1,2,5,6],[1,2,4,7],[0,3,5,7],[1,3,6,7],[4,5,6,7],[0,2,4,8],[1,3,5,8],[2,3,6,8],[0,5,6,8],[0,1,7,8],[3,4,7,8],[2,5,7,8]]
FAM D=48 ell=12 count=24 degs=[7,8,6,7,8,8,6,7,7] blocks=[[0,1,2,3],[0,1,4,5],[2,3,4,5],[0,3,4,6],[1,2,5,6],[1,2,4,7],[0,3,5,7],[1,3,6,7],[4,5,6,7],[0,2,4,8],[1,3,5,8],[1,4,6,8],[0,5,6,8],[0,1,7,8],[3,4,7,8],[2,5,7,8]]
FAM D=48 ell=12 count=24 degs=[7,7,7,7,8,7,7,7,7] blocks=[[0,1,2,3],[0,1,4,5],[2,3,4,5],[0,3,4,6],[1,2,5,6],[1,2,4,7],[0,3,5,7],[1,3,6,7],[4,5,6,7],[0,2,4,8],[2,3,6,8],[1,4,6,8],[0,5,6,8],[0,1,7,8],[3,4,7,8],[2,5,7,8]]
FAM D=48 ell=12 count=24 degs=[7,7,7,8,8,7,7,6,7] blocks=[[0,1,2,3],[0,1,4,5],[2,3,4,5],[0,3,4,6],[1,2,5,6],[1,2,4,7],[0,3,5,7],[1,3,6,7],[4,5,6,7],[1,3,4,8],[0,2,5,8],[0,1,6,8],[2,4,6,8],[3,5,6,8],[2,3,7,8],[0,4,7,8]]
FAM D=51 ell=12 count=21 degs=[7,8,7,8,8,8,7,7,8] blocks=[[0,1,2,3],[0,1,4,5],[2,3,4,5],[0,3,4,6],[1,2,5,6],[1,2,4,7],[0,3,5,7],[1,3,6,7],[4,5,6,7],[1,3,4,8],[0,2,5,8],[0,1,6,8],[2,4,6,8],[3,5,6,8],[2,3,7,8],[0,4,7,8],[1,5,7,8]]
FAM D=48 ell=12 count=24 degs=[6,8,7,8,7,8,7,6,7] blocks=[[0,1,2,3],[0,1,4,5],[2,3,4,5],[0,3,4,6],[1,2,5,6],[1,2,4,7],[0,3,5,7],[1,3,6,7],[4,5,6,7],[1,3,4,8],[0,2,5,8],[0,1,6,8],[2,4,6,8],[3,5,6,8],[2,3,7,8],[1,5,7,8]]
FAM D=48 ell=12 count=24 degs=[7,8,6,7,8,8,7,6,7] blocks=[[0,1,2,3],[0,1,4,5],[2,3,4,5],[0,3,4,6],[1,2,5,6],[1,2,4,7],[0,3,5,7],[1,3,6,7],[4,5,6,7],[1,3,4,8],[0,2,5,8],[0,1,6,8],[2,4,6,8],[3,5,6,8],[0,4,7,8],[1,5,7,8]]
FAM D=48 ell=12 count=24 degs=[7,8,7,7,8,7,6,7,7] blocks=[[0,1,2,3],[0,1,4,5],[2,3,4,5],[0,3,4,6],[1,2,5,6],[1,2,4,7],[0,3,5,7],[1,3,6,7],[4,5,6,7],[1,3,4,8],[0,2,5,8],[0,1,6,8],[2,4,6,8],[2,3,7,8],[0,4,7,8],[1,5,7,8]]
FAM D=48 ell=12 count=24 degs=[7,8,6,8,7,8,6,7,7] blocks=[[0,1,2,3],[0,1,4,5],[2,3,4,5],[0,3,4,6],[1,2,5,6],[1,2,4,7],[0,3,5,7],[1,3,6,7],[4,5,6,7],[1,3,4,8],[0,2,5,8],[0,1,6,8],[3,5,6,8],[2,3,7,8],[0,4,7,8],[1,5,7,8]]
FAM D=48 ell=12 count=24 degs=[6,7,7,8,8,8,6,7,7] blocks=[[0,1,2,3],[0,1,4,5],[2,3,4,5],[0,3,4,6],[1,2,5,6],[1,2,4,7],[0,3,5,7],[1,3,6,7],[4,5,6,7],[1,3,4,8],[0,2,5,8],[2,4,6,8],[3,5,6,8],[2,3,7,8],[0,4,7,8],[1,5,7,8]]
FAM D=48 ell=12 count=24 degs=[6,8,6,8,8,7,7,7,7] blocks=[[0,1,2,3],[0,1,4,5],[2,3,4,5],[0,3,4,6],[1,2,5,6],[1,2,4,7],[0,3,5,7],[1,3,6,7],[4,5,6,7],[1,3,4,8],[0,1,6,8],[2,4,6,8],[3,5,6,8],[2,3,7,8],[0,4,7,8],[1,5,7,8]]
FAM D=48 ell=12 count=24 degs=[7,7,7,7,7,8,7,7,7] blocks=[[0,1,2,3],[0,1,4,5],[2,3,4,5],[0,3,4,6],[1,2,5,6],[1,2,4,7],[0,3,5,7],[1,3,6,7],[4,5,6,7],[0,2,5,8],[0,1,6,8],[2,4,6,8],[3,5,6,8],[2,3,7,8],[0,4,7,8],[1,5,7,8]]
FAM D=48 ell=12 count=24 degs=[6,8,6,8,7,8,7,7,7] blocks=[[0,1,2,3],[0,1,4,5],[2,3,4,5],[0,3,4,6],[1,2,5,6],[1,2,4,7],[0,3,5,7],[1,3,6,7],[4,5,6,7],[1,3,5,8],[2,3,6,8],[1,4,6,8],[0,5,6,8],[0,1,7,8],[3,4,7,8],[2,5,7,8]]
FAM D=48 ell=12 count=24 degs=[7,8,7,8,7,7,6,6,8] blocks=[[0,1,2,3],[0,1,4,5],[2,3,4,5],[0,3,4,6],[1,2,5,6],[1,2,4,7],[0,3,5,7],[1,3,6,7],[0,2,4,8],[1,3,5,8],[2,3,6,8],[1,4,6,8],[0,5,6,8],[0,1,7,8],[3,4,7,8],[2,5,7,8]]
FAM D=48 ell=12 count=24 degs=[7,8,7,8,7,7,6,6,8] blocks=[[0,1,2,3],[0,1,4,5],[2,3,4,5],[0,3,4,6],[1,2,5,6],[1,2,4,7],[0,3,5,7],[1,3,6,7],[1,3,4,8],[0,2,5,8],[0,1,6,8],[2,4,6,8],[3,5,6,8],[2,3,7,8],[0,4,7,8],[1,5,7,8]]
FAM D=48 ell=12 count=24 degs=[7,7,7,7,8,8,6,6,8] blocks=[[0,1,2,3],[0,1,4,5],[2,3,4,5],[0,3,4,6],[1,2,5,6],[1,2,4,7],[0,3,5,7],[4,5,6,7],[0,2,4,8],[1,3,5,8],[2,3,6,8],[1,4,6,8],[0,5,6,8],[0,1,7,8],[3,4,7,8],[2,5,7,8]]
FAM D=48 ell=12 count=24 degs=[7,7,7,7,8,8,6,6,8] blocks=[[0,1,2,3],[0,1,4,5],[2,3,4,5],[0,3,4,6],[1,2,5,6],[1,2,4,7],[0,3,5,7],[4,5,6,7],[1,3,4,8],[0,2,5,8],[0,1,6,8],[2,4,6,8],[3,5,6,8],[2,3,7,8],[0,4,7,8],[1,5,7,8]]
FAM D=48 ell=12 count=24 degs=[7,8,7,7,8,6,8,6,7] blocks=[[0,1,2,3],[0,1,4,5],[2,3,4,5],[0,3,4,6],[1,2,5,6],[1,2,4,7],[0,2,6,7],[1,3,6,7],[4,5,6,7],[0,2,4,8],[1,3,5,8],[2,3,6,8],[1,4,6,8],[0,5,6,8],[0,1,7,8],[3,4,7,8]]
FAM D=51 ell=12 count=21 degs=[7,8,8,7,8,7,8,7,8] blocks=[[0,1,2,3],[0,1,4,5],[2,3,4,5],[0,3,4,6],[1,2,5,6],[1,2,4,7],[0,2,6,7],[1,3,6,7],[4,5,6,7],[0,2,4,8],[1,3,5,8],[2,3,6,8],[1,4,6,8],[0,5,6,8],[0,1,7,8],[3,4,7,8],[2,5,7,8]]
FAM D=48 ell=12 count=24 degs=[7,8,8,6,7,7,8,6,7] blocks=[[0,1,2,3],[0,1,4,5],[2,3,4,5],[0,3,4,6],[1,2,5,6],[1,2,4,7],[0,2,6,7],[1,3,6,7],[4,5,6,7],[0,2,4,8],[1,3,5,8],[2,3,6,8],[1,4,6,8],[0,5,6,8],[0,1,7,8],[2,5,7,8]]
FAM D=48 ell=12 count=24 degs=[6,7,8,7,8,7,8,6,7] blocks=[[0,1,2,3],[0,1,4,5],[2,3,4,5],[0,3,4,6],[1,2,5,6],[1,2,4,7],[0,2,6,7],[1,3,6,7],[4,5,6,7],[0,2,4,8],[1,3,5,8],[2,3,6,8],[1,4,6,8],[0,5,6,8],[3,4,7,8],[2,5,7,8]]
FAM D=48 ell=12 count=24 degs=[6,8,8,7,8,6,7,7,7] blocks=[[0,1,2,3],[0,1,4,5],[2,3,4,5],[0,3,4,6],[1,2,5,6],[1,2,4,7],[0,2,6,7],[1,3,6,7],[4,5,6,7],[0,2,4,8],[1,3,5,8],[2,3,6,8],[1,4,6,8],[0,1,7,8],[3,4,7,8],[2,5,7,8]]
FAM D=48 ell=12 count=24 degs=[7,7,8,7,7,7,7,7,7] blocks=[[0,1,2,3],[0,1,4,5],[2,3,4,5],[0,3,4,6],[1,2,5,6],[1,2,4,7],[0,2,6,7],[1,3,6,7],[4,5,6,7],[0,2,4,8],[1,3,5,8],[2,3,6,8],[0,5,6,8],[0,1,7,8],[3,4,7,8],[2,5,7,8]]
FAM D=48 ell=12 count=24 degs=[7,8,7,6,8,7,7,7,7] blocks=[[0,1,2,3],[0,1,4,5],[2,3,4,5],[0,3,4,6],[1,2,5,6],[1,2,4,7],[0,2,6,7],[1,3,6,7],[4,5,6,7],[0,2,4,8],[1,3,5,8],[1,4,6,8],[0,5,6,8],[0,1,7,8],[3,4,7,8],[2,5,7,8]]
FAM D=48 ell=12 count=24 degs=[7,7,8,6,8,6,8,7,7] blocks=[[0,1,2,3],[0,1,4,5],[2,3,4,5],[0,3,4,6],[1,2,5,6],[1,2,4,7],[0,2,6,7],[1,3,6,7],[4,5,6,7],[0,2,4,8],[2,3,6,8],[1,4,6,8],[0,5,6,8],[0,1,7,8],[3,4,7,8],[2,5,7,8]]
FAM D=48 ell=12 count=24 degs=[7,7,8,7,8,6,8,6,7] blocks=[[0,1,2,3],[0,1,4,5],[2,3,4,5],[0,3,4,6],[1,2,5,6],[1,2,4,7],[0,2,6,7],[1,3,6,7],[4,5,6,7],[1,3,4,8],[0,2,5,8],[0,1,6,8],[2,4,6,8],[3,5,6,8],[2,3,7,8],[0,4,7,8]]
FAM D=51 ell=12 count=21 degs=[7,8,8,7,8,7,8,7,8] blocks=[[0,1,2,3],[0,1,4,5],[2,3,4,5],[0,3,4,6],[1,2,5,6],[1,2,4,7],[0,2,6,7],[1,3,6,7],[4,5,6,7],[1,3,4,8],[0,2,5,8],[0,1,6,8],[2,4,6,8],[3,5,6,8],[2,3,7,8],[0,4,7,8],[1,5,7,8]]
FAM D=48 ell=12 count=24 degs=[6,8,8,7,7,7,8,6,7] blocks=[[0,1,2,3],[0,1,4,5],[2,3,4,5],[0,3,4,6],[1,2,5,6],[1,2,4,7],[0,2,6,7],[1,3,6,7],[4,5,6,7],[1,3,4,8],[0,2,5,8],[0,1,6,8],[2,4,6,8],[3,5,6,8],[2,3,7,8],[1,5,7,8]]
FAM D=48 ell=12 count=24 degs=[7,8,7,6,8,7,8,6,7] blocks=[[0,1,2,3],[0,1,4,5],[2,3,4,5],[0,3,4,6],[1,2,5,6],[1,2,4,7],[0,2,6,7],[1,3,6,7],[4,5,6,7],[1,3,4,8],[0,2,5,8],[0,1,6,8],[2,4,6,8],[3,5,6,8],[0,4,7,8],[1,5,7,8]]
FAM D=48 ell=12 count=24 degs=[7,8,8,6,8,6,7,7,7] blocks=[[0,1,2,3],[0,1,4,5],[2,3,4,5],[0,3,4,6],[1,2,5,6],[1,2,4,7],[0,2,6,7],[1,3,6,7],[4,5,6,7],[1,3,4,8],[0,2,5,8],[0,1,6,8],[2,4,6,8],[2,3,7,8],[0,4,7,8],[1,5,7,8]]
FAM D=48 ell=12 count=24 degs=[7,8,7,7,7,7,7,7,7] blocks=[[0,1,2,3],[0,1,4,5],[2,3,4,5],[0,3,4,6],[1,2,5,6],[1,2,4,7],[0,2,6,7],[1,3,6,7],[4,5,6,7],[1,3,4,8],[0,2,5,8],[0,1,6,8],[3,5,6,8],[2,3,7,8],[0,4,7,8],[1,5,7,8]]
FAM D=48 ell=12 count=24 degs=[6,7,8,7,8,7,7,7,7] blocks=[[0,1,2,3],[0,1,4,5],[2,3,4,5],[0,3,4,6],[1,2,5,6],[1,2,4,7],[0,2,6,7],[1,3,6,7],[4,5,6,7],[1,3,4,8],[0,2,5,8],[2,4,6,8],[3,5,6,8],[2,3,7,8],[0,4,7,8],[1,5,7,8]]
FAM D=48 ell=12 count=24 degs=[6,8,7,7,8,6,8,7,7] blocks=[[0,1,2,3],[0,1,4,5],[2,3,4,5],[0,3,4,6],[1,2,5,6],[1,2,4,7],[0,2,6,7],[1,3,6,7],[4,5,6,7],[1,3,4,8],[0,1,6,8],[2,4,6,8],[3,5,6,8],[2,3,7,8],[0,4,7,8],[1,5,7,8]]
FAM D=48 ell=12 count=24 degs=[7,7,8,6,7,7,8,7,7] blocks=[[0,1,2,3],[0,1,4,5],[2,3,4,5],[0,3,4,6],[1,2,5,6],[1,2,4,7],[0,2,6,7],[1,3,6,7],[4,5,6,7],[0,2,5,8],[0,1,6,8],[2,4,6,8],[3,5,6,8],[2,3,7,8],[0,4,7,8],[1,5,7,8]]
FAM D=48 ell=12 count=24 degs=[6,8,7,7,7,7,8,7,7] blocks=[[0,1,2,3],[0,1,4,5],[2,3,4,5],[0,3,4,6],[1,2,5,6],[1,2,4,7],[0,2,6,7],[1,3,6,7],[4,5,6,7],[1,3,5,8],[2,3,6,8],[1,4,6,8],[0,5,6,8],[0,1,7,8],[3,4,7,8],[2,5,7,8]]
FAM D=48 ell=12 count=24 degs=[7,8,8,7,7,6,7,6,8] blocks=[[0,1,2,3],[0,1,4,5],[2,3,4,5],[0,3,4,6],[1,2,5,6],[1,2,4,7],[0,2,6,7],[1,3,6,7],[0,2,4,8],[1,3,5,8],[2,3,6,8],[1,4,6,8],[0,5,6,8],[0,1,7,8],[3,4,7,8],[2,5,7,8]]
FAM D=48 ell=12 count=24 degs=[7,8,8,7,7,6,7,6,8] blocks=[[0,1,2,3],[0,1,4,5],[2,3,4,5],[0,3,4,6],[1,2,5,6],[1,2,4,7],[0,2,6,7],[1,3,6,7],[1,3,4,8],[0,2,5,8],[0,1,6,8],[2,4,6,8],[3,5,6,8],[2,3,7,8],[0,4,7,8],[1,5,7,8]]
FAM D=48 ell=12 count=24 degs=[7,7,8,6,8,7,7,6,8] blocks=[[0,1,2,3],[0,1,4,5],[2,3,4,5],[0,3,4,6],[1,2,5,6],[1,2,4,7],[0,2,6,7],[4,5,6,7],[0,2,4,8],[1,3,5,8],[2,3,6,8],[1,4,6,8],[0,5,6,8],[0,1,7,8],[3,4,7,8],[2,5,7,8]]
FAM D=48 ell=12 count=24 degs=[7,7,8,6,8,7,7,6,8] blocks=[[0,1,2,3],[0,1,4,5],[2,3,4,5],[0,3,4,6],[1,2,5,6],[1,2,4,7],[0,2,6,7],[4,5,6,7],[1,3,4,8],[0,2,5,8],[0,1,6,8],[2,4,6,8],[3,5,6,8],[2,3,7,8],[0,4,7,8],[1,5,7,8]]
FAM D=48 ell=12 count=24 degs=[6,8,7,7,8,7,7,6,8] blocks=[[0,1,2,3],[0,1,4,5],[2,3,4,5],[0,3,4,6],[1,2,5,6],[1,2,4,7],[1,3,6,7],[4,5,6,7],[0,2,4,8],[1,3,5,8],[2,3,6,8],[1,4,6,8],[0,5,6,8],[0,1,7,8],[3,4,7,8],[2,5,7,8]]
FAM D=48 ell=12 count=24 degs=[6,8,7,7,8,7,7,6,8] blocks=[[0,1,2,3],[0,1,4,5],[2,3,4,5],[0,3,4,6],[1,2,5,6],[1,2,4,7],[1,3,6,7],[4,5,6,7],[1,3,4,8],[0,2,5,8],[0,1,6,8],[2,4,6,8],[3,5,6,8],[2,3,7,8],[0,4,7,8],[1,5,7,8]]
FAM D=48 ell=12 count=24 degs=[7,8,8,7,7,7,8,6,6] blocks=[[0,1,2,3],[0,1,4,5],[2,3,4,5],[0,3,4,6],[1,2,5,6],[1,3,4,7],[0,2,5,7],[0,1,6,7],[2,4,6,7],[3,5,6,7],[0,2,4,8],[1,3,5,8],[2,3,6,8],[1,4,6,8],[0,5,6,8],[1,2,7,8]]
FAM D=51 ell=12 count=21 degs=[8,8,8,8,7,7,8,7,7] blocks=[[0,1,2,3],[0,1,4,5],[2,3,4,5],[0,3,4,6],[1,2,5,6],[1,3,4,7],[0,2,5,7],[0,1,6,7],[2,4,6,7],[3,5,6,7],[0,2,4,8],[1,3,5,8],[2,3,6,8],[1,4,6,8],[0,5,6,8],[1,2,7,8],[0,3,7,8]]
FAM D=54 ell=12 count=18 degs=[8,8,8,8,8,8,8,8,8] blocks=[[0,1,2,3],[0,1,4,5],[2,3,4,5],[0,3,4,6],[1,2,5,6],[1,3,4,7],[0,2,5,7],[0,1,6,7],[2,4,6,7],[3,5,6,7],[0,2,4,8],[1,3,5,8],[2,3,6,8],[1,4,6,8],[0,5,6,8],[1,2,7,8],[0,3,7,8],[4,5,7,8]]
FAM D=51 ell=12 count=21 degs=[7,8,8,7,8,8,8,7,7] blocks=[[0,1,2,3],[0,1,4,5],[2,3,4,5],[0,3,4,6],[1,2,5,6],[1,3,4,7],[0,2,5,7],[0,1,6,7],[2,4,6,7],[3,5,6,7],[0,2,4,8],[1,3,5,8],[2,3,6,8],[1,4,6,8],[0,5,6,8],[1,2,7,8],[4,5,7,8]]
FAM D=48 ell=12 count=24 degs=[8,7,7,8,7,7,8,6,6] blocks=[[0,1,2,3],[0,1,4,5],[2,3,4,5],[0,3,4,6],[1,2,5,6],[1,3,4,7],[0,2,5,7],[0,1,6,7],[2,4,6,7],[3,5,6,7],[0,2,4,8],[1,3,5,8],[2,3,6,8],[1,4,6,8],[0,5,6,8],[0,3,7,8]]
FAM D=51 ell=12 count=21 degs=[8,7,7,8,8,8,8,7,7] blocks=[[0,1,2,3],[0,1,4,5],[2,3,4,5],[0,3,4,6],[1,2,5,6],[1,3,4,7],[0,2,5,7],[0,1,6,7],[2,4,6,7],[3,5,6,7],[0,2,4,8],[1,3,5,8],[2,3,6,8],[1,4,6,8],[0,5,6,8],[0,3,7,8],[4,5,7,8]]
FAM D=48 ell=12 count=24 degs=[7,7,7,7,8,8,8,6,6] blocks=[[0,1,2,3],[0,1,4,5],[2,3,4,5],[0,3,4,6],[1,2,5,6],[1,3,4,7],[0,2,5,7],[0,1,6,7],[2,4,6,7],[3,5,6,7],[0,2,4,8],[1,3,5,8],[2,3,6,8],[1,4,6,8],[0,5,6,8],[4,5,7,8]]
FAM D=48 ell=12 count=24 degs=[7,8,8,8,7,6,7,7,6] blocks=[[0,1,2,3],[0,1,4,5],[2,3,4,5],[0,3,4,6],[1,2,5,6],[1,3,4,7],[0,2,5,7],[0,1,6,7],[2,4,6,7],[3,5,6,7],[0,2,4,8],[1,3,5,8],[2,3,6,8],[1,4,6,8],[1,2,7,8],[0,3,7,8]]
FAM D=51 ell=12 count=21 degs=[7,8,8,8,8,7,7,8,7] blocks=[[0,1,2,3],[0,1,4,5],[2,3,4,5],[0,3,4,6],[1,2,5,6],[1,3,4,7],[0,2,5,7],[0,1,6,7],[2,4,6,7],[3,5,6,7],[0,2,4,8],[1,3,5,8],[2,3,6,8],[1,4,6,8],[1,2,7,8],[0,3,7,8],[4,5,7,8]]
FAM D=48 ell=12 count=24 degs=[6,8,8,7,8,7,7,7,6] blocks=[[0,1,2,3],[0,1,4,5],[2,3,4,5],[0,3,4,6],[1,2,5,6],[1,3,4,7],[0,2,5,7],[0,1,6,7],[2,4,6,7],[3,5,6,7],[0,2,4,8],[1,3,5,8],[2,3,6,8],[1,4,6,8],[1,2,7,8],[4,5,7,8]]
FAM D=48 ell=12 count=24 degs=[7,7,7,8,8,7,7,7,6] blocks=[[0,1,2,3],[0,1,4,5],[2,3,4,5],[0,3,4,6],[1,2,5,6],[1,3,4,7],[0,2,5,7],[0,1,6,7],[2,4,6,7],[3,5,6,7],[0,2,4,8],[1,3,5,8],[2,3,6,8],[1,4,6,8],[0,3,7,8],[4,5,7,8]]
FAM D=48 ell=12 count=24 degs=[8,7,8,8,6,7,7,7,6] blocks=[[0,1,2,3],[0,1,4,5],[2,3,4,5],[0,3,4,6],[1,2,5,6],[1,3,4,7],[0,2,5,7],[0,1,6,7],[2,4,6,7],[3,5,6,7],[0,2,4,8],[1,3,5,8],[2,3,6,8],[0,5,6,8],[1,2,7,8],[0,3,7,8]]
FAM D=51 ell=12 count=21 degs=[8,7,8,8,7,8,7,8,7] blocks=[[0,1,2,3],[0,1,4,5],[2,3,4,5],[0,3,4,6],[1,2,5,6],[1,3,4,7],[0,2,5,7],[0,1,6,7],[2,4,6,7],[3,5,6,7],[0,2,4,8],[1,3,5,8],[2,3,6,8],[0,5,6,8],[1,2,7,8],[0,3,7,8],[4,5,7,8]]
FAM D=48 ell=12 count=24 degs=[7,7,8,7,7,8,7,7,6] blocks=[[0,1,2,3],[0,1,4,5],[2,3,4,5],[0,3,4,6],[1,2,5,6],[1,3,4,7],[0,2,5,7],[0,1,6,7],[2,4,6,7],[3,5,6,7],[0,2,4,8],[1,3,5,8],[2,3,6,8],[0,5,6,8],[1,2,7,8],[4,5,7,8]]
FAM D=48 ell=12 count=24 degs=[8,6,7,8,7,8,7,7,6] blocks=[[0,1,2,3],[0,1,4,5],[2,3,4,5],[0,3,4,6],[1,2,5,6],[1,3,4,7],[0,2,5,7],[0,1,6,7],[2,4,6,7],[3,5,6,7],[0,2,4,8],[1,3,5,8],[2,3,6,8],[0,5,6,8],[0,3,7,8],[4,5,7,8]]
FAM D=48 ell=12 count=24 degs=[7,7,8,8,7,7,6,8,6] blocks=[[0,1,2,3],[0,1,4,5],[2,3,4,5],[0,3,4,6],[1,2,5,6],[1,3,4,7],[0,2,5,7],[0,1,6,7],[2,4,6,7],[3,5,6,7],[0,2,4,8],[1,3,5,8],[2,3,6,8],[1,2,7,8],[0,3,7,8],[4,5,7,8]]
FAM D=48 ell=12 count=24 degs=[8,8,7,7,7,7,7,7,6] blocks=[[0,1,2,3],[0,1,4,5],[2,3,4,5],[0,3,4,6],[1,2,5,6],[1,3,4,7],[0,2,5,7],[0,1,6,7],[2,4,6,7],[3,5,6,7],[0,2,4,8],[1,3,5,8],[1,4,6,8],[0,5,6,8],[1,2,7,8],[0,3,7,8]]
FAM D=51 ell=12 count=21 degs=[8,8,7,7,8,8,7,8,7] blocks=[[0,1,2,3],[0,1,4,5],[2,3,4,5],[0,3,4,6],[1,2,5,6],[1,3,4,7],[0,2,5,7],[0,1,6,7],[2,4,6,7],[3,5,6,7],[0,2,4,8],[1,3,5,8],[1,4,6,8],[0,5,6,8],[1,2,7,8],[0,3,7,8],[4,5,7,8]]
FAM D=48 ell=12 count=24 degs=[7,8,7,6,8,8,7,7,6] blocks=[[0,1,2,3],[0,1,4,5],[2,3,4,5],[0,3,4,6],[1,2,5,6],[1,3,4,7],[0,2,5,7],[0,1,6,7],[2,4,6,7],[3,5,6,7],[0,2,4,8],[1,3,5,8],[1,4,6,8],[0,5,6,8],[1,2,7,8],[4,5,7,8]]
FAM D=48 ell=12 count=24 degs=[8,7,6,7,8,8,7,7,6] blocks=[[0,1,2,3],[0,1,4,5],[2,3,4,5],[0,3,4,6],[1,2,5,6],[1,3,4,7],[0,2,5,7],[0,1,6,7],[2,4,6,7],[3,5,6,7],[0,2,4,8],[1,3,5,8],[1,4,6,8],[0,5,6,8],[0,3,7,8],[4,5,7,8]]
FAM D=48 ell=12 count=24 degs=[7,8,7,7,8,7,6,8,6] blocks=[[0,1,2,3],[0,1,4,5],[2,3,4,5],[0,3,4,6],[1,2,5,6],[1,3,4,7],[0,2,5,7],[0,1,6,7],[2,4,6,7],[3,5,6,7],[0,2,4,8],[1,3,5,8],[1,4,6,8],[1,2,7,8],[0,3,7,8],[4,5,7,8]]
FAM D=48 ell=12 count=24 degs=[8,7,7,7,7,8,6,8,6] blocks=[[0,1,2,3],[0,1,4,5],[2,3,4,5],[0,3,4,6],[1,2,5,6],[1,3,4,7],[0,2,5,7],[0,1,6,7],[2,4,6,7],[3,5,6,7],[0,2,4,8],[1,3,5,8],[0,5,6,8],[1,2,7,8],[0,3,7,8],[4,5,7,8]]
FAM D=48 ell=12 count=24 degs=[8,7,8,7,7,6,8,7,6] blocks=[[0,1,2,3],[0,1,4,5],[2,3,4,5],[0,3,4,6],[1,2,5,6],[1,3,4,7],[0,2,5,7],[0,1,6,7],[2,4,6,7],[3,5,6,7],[0,2,4,8],[2,3,6,8],[1,4,6,8],[0,5,6,8],[1,2,7,8],[0,3,7,8]]
FAM D=51 ell=12 count=21 degs=[8,7,8,7,8,7,8,8,7] blocks=[[0,1,2,3],[0,1,4,5],[2,3,4,5],[0,3,4,6],[1,2,5,6],[1,3,4,7],[0,2,5,7],[0,1,6,7],[2,4,6,7],[3,5,6,7],[0,2,4,8],[2,3,6,8],[1,4,6,8],[0,5,6,8],[1,2,7,8],[0,3,7,8],[4,5,7,8]]
FAM D=48 ell=12 count=24 degs=[7,7,8,6,8,7,8,7,6] blocks=[[0,1,2,3],[0,1,4,5],[2,3,4,5],[0,3,4,6],[1,2,5,6],[1,3,4,7],[0,2,5,7],[0,1,6,7],[2,4,6,7],[3,5,6,7],[0,2,4,8],[2,3,6,8],[1,4,6,8],[0,5,6,8],[1,2,7,8],[4,5,7,8]]
FAM D=48 ell=12 count=24 degs=[8,6,7,7,8,7,8,7,6] blocks=[[0,1,2,3],[0,1,4,5],[2,3,4,5],[0,3,4,6],[1,2,5,6],[1,3,4,7],[0,2,5,7],[0,1,6,7],[2,4,6,7],[3,5,6,7],[0,2,4,8],[2,3,6,8],[1,4,6,8],[0,5,6,8],[0,3,7,8],[4,5,7,8]]
FAM D=48 ell=12 count=24 degs=[7,7,8,7,8,6,7,8,6] blocks=[[0,1,2,3],[0,1,4,5],[2,3,4,5],[0,3,4,6],[1,2,5,6],[1,3,4,7],[0,2,5,7],[0,1,6,7],[2,4,6,7],[3,5,6,7],[0,2,4,8],[2,3,6,8],[1,4,6,8],[1,2,7,8],[0,3,7,8],[4,5,7,8]]
FAM D=48 ell=12 count=24 degs=[8,6,8,7,7,7,7,8,6] blocks=[[0,1,2,3],[0,1,4,5],[2,3,4,5],[0,3,4,6],[1,2,5,6],[1,3,4,7],[0,2,5,7],[0,1,6,7],[2,4,6,7],[3,5,6,7],[0,2,4,8],[2,3,6,8],[0,5,6,8],[1,2,7,8],[0,3,7,8],[4,5,7,8]]
FAM D=48 ell=12 count=24 degs=[8,7,7,6,8,7,7,8,6] blocks=[[0,1,2,3],[0,1,4,5],[2,3,4,5],[0,3,4,6],[1,2,5,6],[1,3,4,7],[0,2,5,7],[0,1,6,7],[2,4,6,7],[3,5,6,7],[0,2,4,8],[1,4,6,8],[0,5,6,8],[1,2,7,8],[0,3,7,8],[4,5,7,8]]
FAM D=48 ell=12 count=24 degs=[7,7,8,8,7,7,8,6,6] blocks=[[0,1,2,3],[0,1,4,5],[2,3,4,5],[0,3,4,6],[1,2,5,6],[1,3,4,7],[0,2,5,7],[0,1,6,7],[2,4,6,7],[3,5,6,7],[1,2,4,8],[0,3,5,8],[0,2,6,8],[1,3,6,8],[4,5,6,8],[2,3,7,8]]
FAM D=51 ell=12 count=21 degs=[8,7,8,8,8,7,8,7,7] blocks=[[0,1,2,3],[0,1,4,5],[2,3,4,5],[0,3,4,6],[1,2,5,6],[1,3,4,7],[0,2,5,7],[0,1,6,7],[2,4,6,7],[3,5,6,7],[1,2,4,8],[0,3,5,8],[0,2,6,8],[1,3,6,8],[4,5,6,8],[2,3,7,8],[0,4,7,8]]
FAM D=54 ell=12 count=18 degs=[8,8,8,8,8,8,8,8,8] blocks=[[0,1,2,3],[0,1,4,5],[2,3,4,5],[0,3,4,6],[1,2,5,6],[1,3,4,7],[0,2,5,7],[0,1,6,7],[2,4,6,7],[3,5,6,7],[1,2,4,8],[0,3,5,8],[0,2,6,8],[1,3,6,8],[4,5,6,8],[2,3,7,8],[0,4,7,8],[1,5,7,8]]
FAM D=51 ell=12 count=21 degs=[7,8,8,8,7,8,8,7,7] blocks=[[0,1,2,3],[0,1,4,5],[2,3,4,5],[0,3,4,6],[1,2,5,6],[1,3,4,7],[0,2,5,7],[0,1,6,7],[2,4,6,7],[3,5,6,7],[1,2,4,8],[0,3,5,8],[0,2,6,8],[1,3,6,8],[4,5,6,8],[2,3,7,8],[1,5,7,8]]
FAM D=48 ell=12 count=24 degs=[8,7,7,7,8,7,8,6,6] blocks=[[0,1,2,3],[0,1,4,5],[2,3,4,5],[0,3,4,6],[1,2,5,6],[1,3,4,7],[0,2,5,7],[0,1,6,7],[2,4,6,7],[3,5,6,7],[1,2,4,8],[0,3,5,8],[0,2,6,8],[1,3,6,8],[4,5,6,8],[0,4,7,8]]
FAM D=51 ell=12 count=21 degs=[8,8,7,7,8,8,8,7,7] blocks=[[0,1,2,3],[0,1,4,5],[2,3,4,5],[0,3,4,6],[1,2,5,6],[1,3,4,7],[0,2,5,7],[0,1,6,7],[2,4,6,7],[3,5,6,7],[1,2,4,8],[0,3,5,8],[0,2,6,8],[1,3,6,8],[4,5,6,8],[0,4,7,8],[1,5,7,8]]
FAM D=48 ell=12 count=24 degs=[7,8,7,7,7,8,8,6,6] blocks=[[0,1,2,3],[0,1,4,5],[2,3,4,5],[0,3,4,6],[1,2,5,6],[1,3,4,7],[0,2,5,7],[0,1,6,7],[2,4,6,7],[3,5,6,7],[1,2,4,8],[0,3,5,8],[0,2,6,8],[1,3,6,8],[4,5,6,8],[1,5,7,8]]
FAM D=48 ell=12 count=24 degs=[8,7,8,8,7,6,7,7,6] blocks=[[0,1,2,3],[0,1,4,5],[2,3,4,5],[0,3,4,6],[1,2,5,6],[1,3,4,7],[0,2,5,7],[0,1,6,7],[2,4,6,7],[3,5,6,7],[1,2,4,8],[0,3,5,8],[0,2,6,8],[1,3,6,8],[2,3,7,8],[0,4,7,8]]
FAM D=51 ell=12 count=21 degs=[8,8,8,8,7,7,7,8,7] blocks=[[0,1,2,3],[0,1,4,5],[2,3,4,5],[0,3,4,6],[1,2,5,6],[1,3,4,7],[0,2,5,7],[0,1,6,7],[2,4,6,7],[3,5,6,7],[1,2,4,8],[0,3,5,8],[0,2,6,8],[1,3,6,8],[2,3,7,8],[0,4,7,8],[1,5,7,8]]
FAM D=48 ell=12 count=24 degs=[7,8,8,8,6,7,7,7,6] blocks=[[0,1,2,3],[0,1,4,5],[2,3,4,5],[0,3,4,6],[1,2,5,6],[1,3,4,7],[0,2,5,7],[0,1,6,7],[2,4,6,7],[3,5,6,7],[1,2,4,8],[0,3,5,8],[0,2,6,8],[1,3,6,8],[2,3,7,8],[1,5,7,8]]
FAM D=48 ell=12 count=24 degs=[8,8,7,7,7,7,7,7,6] blocks=[[0,1,2,3],[0,1,4,5],[2,3,4,5],[0,3,4,6],[1,2,5,6],[1,3,4,7],[0,2,5,7],[0,1,6,7],[2,4,6,7],[3,5,6,7],[1,2,4,8],[0,3,5,8],[0,2,6,8],[1,3,6,8],[0,4,7,8],[1,5,7,8]]
FAM D=48 ell=12 count=24 degs=[8,6,8,7,8,7,7,7,6] blocks=[[0,1,2,3],[0,1,4,5],[2,3,4,5],[0,3,4,6],[1,2,5,6],[1,3,4,7],[0,2,5,7],[0,1,6,7],[2,4,6,7],[3,5,6,7],[1,2,4,8],[0,3,5,8],[0,2,6,8],[4,5,6,8],[2,3,7,8],[0,4,7,8]]
FAM D=51 ell=12 count=21 degs=[8,7,8,7,8,8,7,8,7] blocks=[[0,1,2,3],[0,1,4,5],[2,3,4,5],[0,3,4,6],[1,2,5,6],[1,3,4,7],[0,2,5,7],[0,1,6,7],[2,4,6,7],[3,5,6,7],[1,2,4,8],[0,3,5,8],[0,2,6,8],[4,5,6,8],[2,3,7,8],[0,4,7,8],[1,5,7,8]]
FAM D=48 ell=12 count=24 degs=[7,7,8,7,7,8,7,7,6] blocks=[[0,1,2,3],[0,1,4,5],[2,3,4,5],[0,3,4,6],[1,2,5,6],[1,3,4,7],[0,2,5,7],[0,1,6,7],[2,4,6,7],[3,5,6,7],[1,2,4,8],[0,3,5,8],[0,2,6,8],[4,5,6,8],[2,3,7,8],[1,5,7,8]]
FAM D=48 ell=12 count=24 degs=[8,7,7,6,8,8,7,7,6] blocks=[[0,1,2,3],[0,1,4,5],[2,3,4,5],[0,3,4,6],[1,2,5,6],[1,3,4,7],[0,2,5,7],[0,1,6,7],[2,4,6,7],[3,5,6,7],[1,2,4,8],[0,3,5,8],[0,2,6,8],[4,5,6,8],[0,4,7,8],[1,5,7,8]]
FAM D=48 ell=12 count=24 degs=[8,7,8,7,7,7,6,8,6] blocks=[[0,1,2,3],[0,1,4,5],[2,3,4,5],[0,3,4,6],[1,2,5,6],[1,3,4,7],[0,2,5,7],[0,1,6,7],[2,4,6,7],[3,5,6,7],[1,2,4,8],[0,3,5,8],[0,2,6,8],[2,3,7,8],[0,4,7,8],[1,5,7,8]]
FAM D=48 ell=12 count=24 degs=[7,7,7,8,8,7,7,7,6] blocks=[[0,1,2,3],[0,1,4,5],[2,3,4,5],[0,3,4,6],[1,2,5,6],[1,3,4,7],[0,2,5,7],[0,1,6,7],[2,4,6,7],[3,5,6,7],[1,2,4,8],[0,3,5,8],[1,3,6,8],[4,5,6,8],[2,3,7,8],[0,4,7,8]]
FAM D=51 ell=12 count=21 degs=[7,8,7,8,8,8,7,8,7] blocks=[[0,1,2,3],[0,1,4,5],[2,3,4,5],[0,3,4,6],[1,2,5,6],[1,3,4,7],[0,2,5,7],[0,1,6,7],[2,4,6,7],[3,5,6,7],[1,2,4,8],[0,3,5,8],[1,3,6,8],[4,5,6,8],[2,3,7,8],[0,4,7,8],[1,5,7,8]]
FAM D=48 ell=12 count=24 degs=[6,8,7,8,7,8,7,7,6] blocks=[[0,1,2,3],[0,1,4,5],[2,3,4,5],[0,3,4,6],[1,2,5,6],[1,3,4,7],[0,2,5,7],[0,1,6,7],[2,4,6,7],[3,5,6,7],[1,2,4,8],[0,3,5,8],[1,3,6,8],[4,5,6,8],[2,3,7,8],[1,5,7,8]]
FAM D=48 ell=12 count=24 degs=[7,8,6,7,8,8,7,7,6] blocks=[[0,1,2,3],[0,1,4,5],[2,3,4,5],[0,3,4,6],[1,2,5,6],[1,3,4,7],[0,2,5,7],[0,1,6,7],[2,4,6,7],[3,5,6,7],[1,2,4,8],[0,3,5,8],[1,3,6,8],[4,5,6,8],[0,4,7,8],[1,5,7,8]]
FAM D=48 ell=12 count=24 degs=[7,8,7,8,7,7,6,8,6] blocks=[[0,1,2,3],[0,1,4,5],[2,3,4,5],[0,3,4,6],[1,2,5,6],[1,3,4,7],[0,2,5,7],[0,1,6,7],[2,4,6,7],[3,5,6,7],[1,2,4,8],[0,3,5,8],[1,3,6,8],[2,3,7,8],[0,4,7,8],[1,5,7,8]]
FAM D=48 ell=12 count=24 degs=[7,7,7,7,8,8,6,8,6] blocks=[[0,1,2,3],[0,1,4,5],[2,3,4,5],[0,3,4,6],[1,2,5,6],[1,3,4,7],[0,2,5,7],[0,1,6,7],[2,4,6,7],[3,5,6,7],[1,2,4,8],[0,3,5,8],[4,5,6,8],[2,3,7,8],[0,4,7,8],[1,5,7,8]]
FAM D=48 ell=12 count=24 degs=[7,7,8,7,8,6,8,7,6] blocks=[[0,1,2,3],[0,1,4,5],[2,3,4,5],[0,3,4,6],[1,2,5,6],[1,3,4,7],[0,2,5,7],[0,1,6,7],[2,4,6,7],[3,5,6,7],[1,2,4,8],[0,2,6,8],[1,3,6,8],[4,5,6,8],[2,3,7,8],[0,4,7,8]]
FAM D=51 ell=12 count=21 degs=[7,8,8,7,8,7,8,8,7] blocks=[[0,1,2,3],[0,1,4,5],[2,3,4,5],[0,3,4,6],[1,2,5,6],[1,3,4,7],[0,2,5,7],[0,1,6,7],[2,4,6,7],[3,5,6,7],[1,2,4,8],[0,2,6,8],[1,3,6,8],[4,5,6,8],[2,3,7,8],[0,4,7,8],[1,5,7,8]]
FAM D=48 ell=12 count=24 degs=[6,8,8,7,7,7,8,7,6] blocks=[[0,1,2,3],[0,1,4,5],[2,3,4,5],[0,3,4,6],[1,2,5,6],[1,3,4,7],[0,2,5,7],[0,1,6,7],[2,4,6,7],[3,5,6,7],[1,2,4,8],[0,2,6,8],[1,3,6,8],[4,5,6,8],[2,3,7,8],[1,5,7,8]]
FAM D=48 ell=12 count=24 degs=[7,8,7,6,8,7,8,7,6] blocks=[[0,1,2,3],[0,1,4,5],[2,3,4,5],[0,3,4,6],[1,2,5,6],[1,3,4,7],[0,2,5,7],[0,1,6,7],[2,4,6,7],[3,5,6,7],[1,2,4,8],[0,2,6,8],[1,3,6,8],[4,5,6,8],[0,4,7,8],[1,5,7,8]]
FAM D=48 ell=12 count=24 degs=[7,8,8,7,7,6,7,8,6] blocks=[[0,1,2,3],[0,1,4,5],[2,3,4,5],[0,3,4,6],[1,2,5,6],[1,3,4,7],[0,2,5,7],[0,1,6,7],[2,4,6,7],[3,5,6,7],[1,2,4,8],[0,2,6,8],[1,3,6,8],[2,3,7,8],[0,4,7,8],[1,5,7,8]]
FAM D=48 ell=12 count=24 degs=[7,7,8,6,8,7,7,8,6] blocks=[[0,1,2,3],[0,1,4,5],[2,3,4,5],[0,3,4,6],[1,2,5,6],[1,3,4,7],[0,2,5,7],[0,1,6,7],[2,4,6,7],[3,5,6,7],[1,2,4,8],[0,2,6,8],[4,5,6,8],[2,3,7,8],[0,4,7,8],[1,5,7,8]]
FAM D=48 ell=12 count=24 degs=[6,8,7,7,8,7,7,8,6] blocks=[[0,1,2,3],[0,1,4,5],[2,3,4,5],[0,3,4,6],[1,2,5,6],[1,3,4,7],[0,2,5,7],[0,1,6,7],[2,4,6,7],[3,5,6,7],[1,2,4,8],[1,3,6,8],[4,5,6,8],[2,3,7,8],[0,4,7,8],[1,5,7,8]]
FAM D=48 ell=12 count=24 degs=[8,6,7,8,7,7,8,7,6] blocks=[[0,1,2,3],[0,1,4,5],[2,3,4,5],[0,3,4,6],[1,2,5,6],[1,3,4,7],[0,2,5,7],[0,1,6,7],[2,4,6,7],[3,5,6,7],[0,3,5,8],[0,2,6,8],[1,3,6,8],[4,5,6,8],[2,3,7,8],[0,4,7,8]]
FAM D=51 ell=12 count=21 degs=[8,7,7,8,7,8,8,8,7] blocks=[[0,1,2,3],[0,1,4,5],[2,3,4,5],[0,3,4,6],[1,2,5,6],[1,3,4,7],[0,2,5,7],[0,1,6,7],[2,4,6,7],[3,5,6,7],[0,3,5,8],[0,2,6,8],[1,3,6,8],[4,5,6,8],[2,3,7,8],[0,4,7,8],[1,5,7,8]]
FAM D=48 ell=12 count=24 degs=[7,7,7,8,6,8,8,7,6] blocks=[[0,1,2,3],[0,1,4,5],[2,3,4,5],[0,3,4,6],[1,2,5,6],[1,3,4,7],[0,2,5,7],[0,1,6,7],[2,4,6,7],[3,5,6,7],[0,3,5,8],[0,2,6,8],[1,3,6,8],[4,5,6,8],[2,3,7,8],[1,5,7,8]]
FAM D=48 ell=12 count=24 degs=[8,7,6,7,7,8,8,7,6] blocks=[[0,1,2,3],[0,1,4,5],[2,3,4,5],[0,3,4,6],[1,2,5,6],[1,3,4,7],[0,2,5,7],[0,1,6,7],[2,4,6,7],[3,5,6,7],[0,3,5,8],[0,2,6,8],[1,3,6,8],[4,5,6,8],[0,4,7,8],[1,5,7,8]]
FAM D=48 ell=12 count=24 degs=[8,7,7,8,6,7,7,8,6] blocks=[[0,1,2,3],[0,1,4,5],[2,3,4,5],[0,3,4,6],[1,2,5,6],[1,3,4,7],[0,2,5,7],[0,1,6,7],[2,4,6,7],[3,5,6,7],[0,3,5,8],[0,2,6,8],[1,3,6,8],[2,3,7,8],[0,4,7,8],[1,5,7,8]]
FAM D=48 ell=12 count=24 degs=[8,6,7,7,7,8,7,8,6] blocks=[[0,1,2,3],[0,1,4,5],[2,3,4,5],[0,3,4,6],[1,2,5,6],[1,3,4,7],[0,2,5,7],[0,1,6,7],[2,4,6,7],[3,5,6,7],[0,3,5,8],[0,2,6,8],[4,5,6,8],[2,3,7,8],[0,4,7,8],[1,5,7,8]]
FAM D=48 ell=12 count=24 degs=[7,7,6,8,7,8,7,8,6] blocks=[[0,1,2,3],[0,1,4,5],[2,3,4,5],[0,3,4,6],[1,2,5,6],[1,3,4,7],[0,2,5,7],[0,1,6,7],[2,4,6,7],[3,5,6,7],[0,3,5,8],[1,3,6,8],[4,5,6,8],[2,3,7,8],[0,4,7,8],[1,5,7,8]]
FAM D=48 ell=12 count=24 degs=[7,8,7,8,6,7,8,7,6] blocks=[[0,1,2,3],[0,1,4,5],[2,3,4,5],[0,3,4,6],[1,2,5,6],[1,3,4,7],[0,2,5,7],[0,1,6,7],[2,4,6,7],[3,5,6,7],[1,3,5,8],[2,3,6,8],[1,4,6,8],[0,5,6,8],[1,2,7,8],[0,3,7,8]]
FAM D=51 ell=12 count=21 degs=[7,8,7,8,7,8,8,8,7] blocks=[[0,1,2,3],[0,1,4,5],[2,3,4,5],[0,3,4,6],[1,2,5,6],[1,3,4,7],[0,2,5,7],[0,1,6,7],[2,4,6,7],[3,5,6,7],[1,3,5,8],[2,3,6,8],[1,4,6,8],[0,5,6,8],[1,2,7,8],[0,3,7,8],[4,5,7,8]]
FAM D=48 ell=12 count=24 degs=[6,8,7,7,7,8,8,7,6] blocks=[[0,1,2,3],[0,1,4,5],[2,3,4,5],[0,3,4,6],[1,2,5,6],[1,3,4,7],[0,2,5,7],[0,1,6,7],[2,4,6,7],[3,5,6,7],[1,3,5,8],[2,3,6,8],[1,4,6,8],[0,5,6,8],[1,2,7,8],[4,5,7,8]]
FAM D=48 ell=12 count=24 degs=[7,7,6,8,7,8,8,7,6] blocks=[[0,1,2,3],[0,1,4,5],[2,3,4,5],[0,3,4,6],[1,2,5,6],[1,3,4,7],[0,2,5,7],[0,1,6,7],[2,4,6,7],[3,5,6,7],[1,3,5,8],[2,3,6,8],[1,4,6,8],[0,5,6,8],[0,3,7,8],[4,5,7,8]]
FAM D=48 ell=12 count=24 degs=[6,8,7,8,7,7,7,8,6] blocks=[[0,1,2,3],[0,1,4,5],[2,3,4,5],[0,3,4,6],[1,2,5,6],[1,3,4,7],[0,2,5,7],[0,1,6,7],[2,4,6,7],[3,5,6,7],[1,3,5,8],[2,3,6,8],[1,4,6,8],[1,2,7,8],[0,3,7,8],[4,5,7,8]]
FAM D=48 ell=12 count=24 degs=[7,7,7,8,6,8,7,8,6] blocks=[[0,1,2,3],[0,1,4,5],[2,3,4,5],[0,3,4,6],[1,2,5,6],[1,3,4,7],[0,2,5,7],[0,1,6,7],[2,4,6,7],[3,5,6,7],[1,3,5,8],[2,3,6,8],[0,5,6,8],[1,2,7,8],[0,3,7,8],[4,5,7,8]]
FAM D=48 ell=12 count=24 degs=[7,8,6,7,7,8,7,8,6] blocks=[[0,1,2,3],[0,1,4,5],[2,3,4,5],[0,3,4,6],[1,2,5,6],[1,3,4,7],[0,2,5,7],[0,1,6,7],[2,4,6,7],[3,5,6,7],[1,3,5,8],[1,4,6,8],[0,5,6,8],[1,2,7,8],[0,3,7,8],[4,5,7,8]]
FAM D=48 ell=12 count=24 degs=[7,7,7,7,7,7,8,8,6] blocks=[[0,1,2,3],[0,1,4,5],[2,3,4,5],[0,3,4,6],[1,2,5,6],[1,3,4,7],[0,2,5,7],[0,1,6,7],[2,4,6,7],[3,5,6,7],[0,2,6,8],[1,3,6,8],[4,5,6,8],[2,3,7,8],[0,4,7,8],[1,5,7,8]]
FAM D=48 ell=12 count=24 degs=[7,7,7,7,7,7,8,8,6] blocks=[[0,1,2,3],[0,1,4,5],[2,3,4,5],[0,3,4,6],[1,2,5,6],[1,3,4,7],[0,2,5,7],[0,1,6,7],[2,4,6,7],[3,5,6,7],[2,3,6,8],[1,4,6,8],[0,5,6,8],[1,2,7,8],[0,3,7,8],[4,5,7,8]]
FAM D=48 ell=12 count=24 degs=[8,8,8,7,7,6,7,6,7] blocks=[[0,1,2,3],[0,1,4,5],[2,3,4,5],[0,3,4,6],[1,2,5,6],[1,3,4,7],[0,2,5,7],[0,1,6,7],[2,4,6,7],[0,2,4,8],[1,3,5,8],[2,3,6,8],[1,4,6,8],[0,5,6,8],[1,2,7,8],[0,3,7,8]]
FAM D=51 ell=12 count=21 degs=[8,8,8,7,8,7,7,7,8] blocks=[[0,1,2,3],[0,1,4,5],[2,3,4,5],[0,3,4,6],[1,2,5,6],[1,3,4,7],[0,2,5,7],[0,1,6,7],[2,4,6,7],[0,2,4,8],[1,3,5,8],[2,3,6,8],[1,4,6,8],[0,5,6,8],[1,2,7,8],[0,3,7,8],[4,5,7,8]]
FAM D=48 ell=12 count=24 degs=[7,8,8,6,8,7,7,6,7] blocks=[[0,1,2,3],[0,1,4,5],[2,3,4,5],[0,3,4,6],[1,2,5,6],[1,3,4,7],[0,2,5,7],[0,1,6,7],[2,4,6,7],[0,2,4,8],[1,3,5,8],[2,3,6,8],[1,4,6,8],[0,5,6,8],[1,2,7,8],[4,5,7,8]]
FAM D=48 ell=12 count=24 degs=[8,7,7,7,8,7,7,6,7] blocks=[[0,1,2,3],[0,1,4,5],[2,3,4,5],[0,3,4,6],[1,2,5,6],[1,3,4,7],[0,2,5,7],[0,1,6,7],[2,4,6,7],[0,2,4,8],[1,3,5,8],[2,3,6,8],[1,4,6,8],[0,5,6,8],[0,3,7,8],[4,5,7,8]]
FAM D=48 ell=12 count=24 degs=[7,8,8,7,8,6,6,7,7] blocks=[[0,1,2,3],[0,1,4,5],[2,3,4,5],[0,3,4,6],[1,2,5,6],[1,3,4,7],[0,2,5,7],[0,1,6,7],[2,4,6,7],[0,2,4,8],[1,3,5,8],[2,3,6,8],[1,4,6,8],[1,2,7,8],[0,3,7,8],[4,5,7,8]]
FAM D=48 ell=12 count=24 degs=[8,7,8,7,7,7,6,7,7] blocks=[[0,1,2,3],[0,1,4,5],[2,3,4,5],[0,3,4,6],[1,2,5,6],[1,3,4,7],[0,2,5,7],[0,1,6,7],[2,4,6,7],[0,2,4,8],[1,3,5,8],[2,3,6,8],[0,5,6,8],[1,2,7,8],[0,3,7,8],[4,5,7,8]]
FAM D=48 ell=12 count=24 degs=[8,8,7,6,8,7,6,7,7] blocks=[[0,1,2,3],[0,1,4,5],[2,3,4,5],[0,3,4,6],[1,2,5,6],[1,3,4,7],[0,2,5,7],[0,1,6,7],[2,4,6,7],[0,2,4,8],[1,3,5,8],[1,4,6,8],[0,5,6,8],[1,2,7,8],[0,3,7,8],[4,5,7,8]]
FAM D=48 ell=12 count=24 degs=[8,7,8,6,8,6,7,7,7] blocks=[[0,1,2,3],[0,1,4,5],[2,3,4,5],[0,3,4,6],[1,2,5,6],[1,3,4,7],[0,2,5,7],[0,1,6,7],[2,4,6,7],[0,2,4,8],[2,3,6,8],[1,4,6,8],[0,5,6,8],[1,2,7,8],[0,3,7,8],[4,5,7,8]]
FAM D=48 ell=12 count=24 degs=[8,7,8,7,8,6,7,6,7] blocks=[[0,1,2,3],[0,1,4,5],[2,3,4,5],[0,3,4,6],[1,2,5,6],[1,3,4,7],[0,2,5,7],[0,1,6,7],[2,4,6,7],[1,2,4,8],[0,3,5,8],[0,2,6,8],[1,3,6,8],[4,5,6,8],[2,3,7,8],[0,4,7,8]]
FAM D=51 ell=12 count=21 degs=[8,8,8,7,8,7,7,7,8] blocks=[[0,1,2,3],[0,1,4,5],[2,3,4,5],[0,3,4,6],[1,2,5,6],[1,3,4,7],[0,2,5,7],[0,1,6,7],[2,4,6,7],[1,2,4,8],[0,3,5,8],[0,2,6,8],[1,3,6,8],[4,5,6,8],[2,3,7,8],[0,4,7,8],[1,5,7,8]]
FAM D=48 ell=12 count=24 degs=[7,8,8,7,7,7,7,6,7] blocks=[[0,1,2,3],[0,1,4,5],[2,3,4,5],[0,3,4,6],[1,2,5,6],[1,3,4,7],[0,2,5,7],[0,1,6,7],[2,4,6,7],[1,2,4,8],[0,3,5,8],[0,2,6,8],[1,3,6,8],[4,5,6,8],[2,3,7,8],[1,5,7,8]]
FAM D=48 ell=12 count=24 degs=[8,8,7,6,8,7,7,6,7] blocks=[[0,1,2,3],[0,1,4,5],[2,3,4,5],[0,3,4,6],[1,2,5,6],[1,3,4,7],[0,2,5,7],[0,1,6,7],[2,4,6,7],[1,2,4,8],[0,3,5,8],[0,2,6,8],[1,3,6,8],[4,5,6,8],[0,4,7,8],[1,5,7,8]]
FAM D=48 ell=12 count=24 degs=[8,8,8,7,7,6,6,7,7] blocks=[[0,1,2,3],[0,1,4,5],[2,3,4,5],[0,3,4,6],[1,2,5,6],[1,3,4,7],[0,2,5,7],[0,1,6,7],[2,4,6,7],[1,2,4,8],[0,3,5,8],[0,2,6,8],[1,3,6,8],[2,3,7,8],[0,4,7,8],[1,5,7,8]]
FAM D=48 ell=12 count=24 degs=[8,7,8,6,8,7,6,7,7] blocks=[[0,1,2,3],[0,1,4,5],[2,3,4,5],[0,3,4,6],[1,2,5,6],[1,3,4,7],[0,2,5,7],[0,1,6,7],[2,4,6,7],[1,2,4,8],[0,3,5,8],[0,2,6,8],[4,5,6,8],[2,3,7,8],[0,4,7,8],[1,5,7,8]]
FAM D=48 ell=12 count=24 degs=[7,8,7,7,8,7,6,7,7] blocks=[[0,1,2,3],[0,1,4,5],[2,3,4,5],[0,3,4,6],[1,2,5,6],[1,3,4,7],[0,2,5,7],[0,1,6,7],[2,4,6,7],[1,2,4,8],[0,3,5,8],[1,3,6,8],[4,5,6,8],[2,3,7,8],[0,4,7,8],[1,5,7,8]]
FAM D=48 ell=12 count=24 degs=[7,8,8,6,8,6,7,7,7] blocks=[[0,1,2,3],[0,1,4,5],[2,3,4,5],[0,3,4,6],[1,2,5,6],[1,3,4,7],[0,2,5,7],[0,1,6,7],[2,4,6,7],[1,2,4,8],[0,2,6,8],[1,3,6,8],[4,5,6,8],[2,3,7,8],[0,4,7,8],[1,5,7,8]]
FAM D=48 ell=12 count=24 degs=[8,7,7,7,7,7,7,7,7] blocks=[[0,1,2,3],[0,1,4,5],[2,3,4,5],[0,3,4,6],[1,2,5,6],[1,3,4,7],[0,2,5,7],[0,1,6,7],[2,4,6,7],[0,3,5,8],[0,2,6,8],[1,3,6,8],[4,5,6,8],[2,3,7,8],[0,4,7,8],[1,5,7,8]]
FAM D=48 ell=12 count=24 degs=[7,8,7,7,7,7,7,7,7] blocks=[[0,1,2,3],[0,1,4,5],[2,3,4,5],[0,3,4,6],[1,2,5,6],[1,3,4,7],[0,2,5,7],[0,1,6,7],[2,4,6,7],[1,3,5,8],[2,3,6,8],[1,4,6,8],[0,5,6,8],[1,2,7,8],[0,3,7,8],[4,5,7,8]]
FAM D=48 ell=12 count=24 degs=[8,8,7,8,6,7,7,6,7] blocks=[[0,1,2,3],[0,1,4,5],[2,3,4,5],[0,3,4,6],[1,2,5,6],[1,3,4,7],[0,2,5,7],[0,1,6,7],[3,5,6,7],[0,2,4,8],[1,3,5,8],[2,3,6,8],[1,4,6,8],[0,5,6,8],[1,2,7,8],[0,3,7,8]]
FAM D=51 ell=12 count=21 degs=[8,8,7,8,7,8,7,7,8] blocks=[[0,1,2,3],[0,1,4,5],[2,3,4,5],[0,3,4,6],[1,2,5,6],[1,3,4,7],[0,2,5,7],[0,1,6,7],[3,5,6,7],[0,2,4,8],[1,3,5,8],[2,3,6,8],[1,4,6,8],[0,5,6,8],[1,2,7,8],[0,3,7,8],[4,5,7,8]]
FAM D=48 ell=12 count=24 degs=[7,8,7,7,7,8,7,6,7] blocks=[[0,1,2,3],[0,1,4,5],[2,3,4,5],[0,3,4,6],[1,2,5,6],[1,3,4,7],[0,2,5,7],[0,1,6,7],[3,5,6,7],[0,2,4,8],[1,3,5,8],[2,3,6,8],[1,4,6,8],[0,5,6,8],[1,2,7,8],[4,5,7,8]]
FAM D=48 ell=12 count=24 degs=[8,7,6,8,7,8,7,6,7] blocks=[[0,1,2,3],[0,1,4,5],[2,3,4,5],[0,3,4,6],[1,2,5,6],[1,3,4,7],[0,2,5,7],[0,1,6,7],[3,5,6,7],[0,2,4,8],[1,3,5,8],[2,3,6,8],[1,4,6,8],[0,5,6,8],[0,3,7,8],[4,5,7,8]]
FAM D=48 ell=12 count=24 degs=[7,8,7,8,7,7,6,7,7] blocks=[[0,1,2,3],[0,1,4,5],[2,3,4,5],[0,3,4,6],[1,2,5,6],[1,3,4,7],[0,2,5,7],[0,1,6,7],[3,5,6,7],[0,2,4,8],[1,3,5,8],[2,3,6,8],[1,4,6,8],[1,2,7,8],[0,3,7,8],[4,5,7,8]]
FAM D=48 ell=12 count=24 degs=[8,7,7,8,6,8,6,7,7] blocks=[[0,1,2,3],[0,1,4,5],[2,3,4,5],[0,3,4,6],[1,2,5,6],[1,3,4,7],[0,2,5,7],[0,1,6,7],[3,5,6,7],[0,2,4,8],[1,3,5,8],[2,3,6,8],[0,5,6,8],[1,2,7,8],[0,3,7,8],[4,5,7,8]]
FAM D=48 ell=12 count=24 degs=[8,8,6,7,7,8,6,7,7] blocks=[[0,1,2,3],[0,1,4,5],[2,3,4,5],[0,3,4,6],[1,2,5,6],[1,3,4,7],[0,2,5,7],[0,1,6,7],[3,5,6,7],[0,2,4,8],[1,3,5,8],[1,4,6,8],[0,5,6,8],[1,2,7,8],[0,3,7,8],[4,5,7,8]]
FAM D=48 ell=12 count=24 degs=[8,7,7,7,7,7,7,7,7] blocks=[[0,1,2,3],[0,1,4,5],[2,3,4,5],[0,3,4,6],[1,2,5,6],[1,3,4,7],[0,2,5,7],[0,1,6,7],[3,5,6,7],[0,2,4,8],[2,3,6,8],[1,4,6,8],[0,5,6,8],[1,2,7,8],[0,3,7,8],[4,5,7,8]]
FAM D=48 ell=12 count=24 degs=[8,7,7,8,7,7,7,6,7] blocks=[[0,1,2,3],[0,1,4,5],[2,3,4,5],[0,3,4,6],[1,2,5,6],[1,3,4,7],[0,2,5,7],[0,1,6,7],[3,5,6,7],[1,2,4,8],[0,3,5,8],[0,2,6,8],[1,3,6,8],[4,5,6,8],[2,3,7,8],[0,4,7,8]]
FAM D=51 ell=12 count=21 degs=[8,8,7,8,7,8,7,7,8] blocks=[[0,1,2,3],[0,1,4,5],[2,3,4,5],[0,3,4,6],[1,2,5,6],[1,3,4,7],[0,2,5,7],[0,1,6,7],[3,5,6,7],[1,2,4,8],[0,3,5,8],[0,2,6,8],[1,3,6,8],[4,5,6,8],[2,3,7,8],[0,4,7,8],[1,5,7,8]]
FAM D=48 ell=12 count=24 degs=[7,8,7,8,6,8,7,6,7] blocks=[[0,1,2,3],[0,1,4,5],[2,3,4,5],[0,3,4,6],[1,2,5,6],[1,3,4,7],[0,2,5,7],[0,1,6,7],[3,5,6,7],[1,2,4,8],[0,3,5,8],[0,2,6,8],[1,3,6,8],[4,5,6,8],[2,3,7,8],[1,5,7,8]]
FAM D=48 ell=12 count=24 degs=[8,8,6,7,7,8,7,6,7] blocks=[[0,1,2,3],[0,1,4,5],[2,3,4,5],[0,3,4,6],[1,2,5,6],[1,3,4,7],[0,2,5,7],[0,1,6,7],[3,5,6,7],[1,2,4,8],[0,3,5,8],[0,2,6,8],[1,3,6,8],[4,5,6,8],[0,4,7,8],[1,5,7,8]]
FAM D=48 ell=12 count=24 degs=[8,8,7,8,6,7,6,7,7] blocks=[[0,1,2,3],[0,1,4,5],[2,3,4,5],[0,3,4,6],[1,2,5,6],[1,3,4,7],[0,2,5,7],[0,1,6,7],[3,5,6,7],[1,2,4,8],[0,3,5,8],[0,2,6,8],[1,3,6,8],[2,3,7,8],[0,4,7,8],[1,5,7,8]]
FAM D=48 ell=12 count=24 degs=[8,7,7,7,7,8,6,7,7] blocks=[[0,1,2,3],[0,1,4,5],[2,3,4,5],[0,3,4,6],[1,2,5,6],[1,3,4,7],[0,2,5,7],[0,1,6,7],[3,5,6,7],[1,2,4,8],[0,3,5,8],[0,2,6,8],[4,5,6,8],[2,3,7,8],[0,4,7,8],[1,5,7,8]]
FAM D=48 ell=12 count=24 degs=[7,8,6,8,7,8,6,7,7] blocks=[[0,1,2,3],[0,1,4,5],[2,3,4,5],[0,3,4,6],[1,2,5,6],[1,3,4,7],[0,2,5,7],[0,1,6,7],[3,5,6,7],[1,2,4,8],[0,3,5,8],[1,3,6,8],[4,5,6,8],[2,3,7,8],[0,4,7,8],[1,5,7,8]]
FAM D=48 ell=12 count=24 degs=[7,8,7,7,7,7,7,7,7] blocks=[[0,1,2,3],[0,1,4,5],[2,3,4,5],[0,3,4,6],[1,2,5,6],[1,3,4,7],[0,2,5,7],[0,1,6,7],[3,5,6,7],[1,2,4,8],[0,2,6,8],[1,3,6,8],[4,5,6,8],[2,3,7,8],[0,4,7,8],[1,5,7,8]]
FAM D=48 ell=12 count=24 degs=[8,7,6,8,6,8,7,7,7] blocks=[[0,1,2,3],[0,1,4,5],[2,3,4,5],[0,3,4,6],[1,2,5,6],[1,3,4,7],[0,2,5,7],[0,1,6,7],[3,5,6,7],[0,3,5,8],[0,2,6,8],[1,3,6,8],[4,5,6,8],[2,3,7,8],[0,4,7,8],[1,5,7,8]]
FAM D=48 ell=12 count=24 degs=[7,8,6,8,6,8,7,7,7] blocks=[[0,1,2,3],[0,1,4,5],[2,3,4,5],[0,3,4,6],[1,2,5,6],[1,3,4,7],[0,2,5,7],[0,1,6,7],[3,5,6,7],[1,3,5,8],[2,3,6,8],[1,4,6,8],[0,5,6,8],[1,2,7,8],[0,3,7,8],[4,5,7,8]]
FAM D=48 ell=12 count=24 degs=[8,8,7,7,7,7,6,6,8] blocks=[[0,1,2,3],[0,1,4,5],[2,3,4,5],[0,3,4,6],[1,2,5,6],[1,3,4,7],[0,2,5,7],[0,1,6,7],[0,2,4,8],[1,3,5,8],[2,3,6,8],[1,4,6,8],[0,5,6,8],[1,2,7,8],[0,3,7,8],[4,5,7,8]]
FAM D=48 ell=12 count=24 degs=[8,8,7,7,7,7,6,6,8] blocks=[[0,1,2,3],[0,1,4,5],[2,3,4,5],[0,3,4,6],[1,2,5,6],[1,3,4,7],[0,2,5,7],[0,1,6,7],[1,2,4,8],[0,3,5,8],[0,2,6,8],[1,3,6,8],[4,5,6,8],[2,3,7,8],[0,4,7,8],[1,5,7,8]]
FAM D=48 ell=12 count=24 degs=[7,7,8,8,7,7,7,6,7] blocks=[[0,1,2,3],[0,1,4,5],[2,3,4,5],[0,3,4,6],[1,2,5,6],[1,3,4,7],[0,2,5,7],[2,4,6,7],[3,5,6,7],[0,2,4,8],[1,3,5,8],[2,3,6,8],[1,4,6,8],[0,5,6,8],[1,2,7,8],[0,3,7,8]]
FAM D=51 ell=12 count=21 degs=[7,7,8,8,8,8,7,7,8] blocks=[[0,1,2,3],[0,1,4,5],[2,3,4,5],[0,3,4,6],[1,2,5,6],[1,3,4,7],[0,2,5,7],[2,4,6,7],[3,5,6,7],[0,2,4,8],[1,3,5,8],[2,3,6,8],[1,4,6,8],[0,5,6,8],[1,2,7,8],[0,3,7,8],[4,5,7,8]]
FAM D=48 ell=12 count=24 degs=[6,7,8,7,8,8,7,6,7] blocks=[[0,1,2,3],[0,1,4,5],[2,3,4,5],[0,3,4,6],[1,2,5,6],[1,3,4,7],[0,2,5,7],[2,4,6,7],[3,5,6,7],[0,2,4,8],[1,3,5,8],[2,3,6,8],[1,4,6,8],[0,5,6,8],[1,2,7,8],[4,5,7,8]]
FAM D=48 ell=12 count=24 degs=[7,6,7,8,8,8,7,6,7] blocks=[[0,1,2,3],[0,1,4,5],[2,3,4,5],[0,3,4,6],[1,2,5,6],[1,3,4,7],[0,2,5,7],[2,4,6,7],[3,5,6,7],[0,2,4,8],[1,3,5,8],[2,3,6,8],[1,4,6,8],[0,5,6,8],[0,3,7,8],[4,5,7,8]]
FAM D=48 ell=12 count=24 degs=[6,7,8,8,8,7,6,7,7] blocks=[[0,1,2,3],[0,1,4,5],[2,3,4,5],[0,3,4,6],[1,2,5,6],[1,3,4,7],[0,2,5,7],[2,4,6,7],[3,5,6,7],[0,2,4,8],[1,3,5,8],[2,3,6,8],[1,4,6,8],[1,2,7,8],[0,3,7,8],[4,5,7,8]]
FAM D=48 ell=12 count=24 degs=[7,6,8,8,7,8,6,7,7] blocks=[[0,1,2,3],[0,1,4,5],[2,3,4,5],[0,3,4,6],[1,2,5,6],[1,3,4,7],[0,2,5,7],[2,4,6,7],[3,5,6,7],[0,2,4,8],[1,3,5,8],[2,3,6,8],[0,5,6,8],[1,2,7,8],[0,3,7,8],[4,5,7,8]]
FAM D=48 ell=12 count=24 degs=[7,7,7,7,8,8,6,7,7] blocks=[[0,1,2,3],[0,1,4,5],[2,3,4,5],[0,3,4,6],[1,2,5,6],[1,3,4,7],[0,2,5,7],[2,4,6,7],[3,5,6,7],[0,2,4,8],[1,3,5,8],[1,4,6,8],[0,5,6,8],[1,2,7,8],[0,3,7,8],[4,5,7,8]]
FAM D=48 ell=12 count=24 degs=[7,6,8,7,8,7,7,7,7] blocks=[[0,1,2,3],[0,1,4,5],[2,3,4,5],[0,3,4,6],[1,2,5,6],[1,3,4,7],[0,2,5,7],[2,4,6,7],[3,5,6,7],[0,2,4,8],[2,3,6,8],[1,4,6,8],[0,5,6,8],[1,2,7,8],[0,3,7,8],[4,5,7,8]]
FAM D=48 ell=12 count=24 degs=[7,6,8,8,8,7,7,6,7] blocks=[[0,1,2,3],[0,1,4,5],[2,3,4,5],[0,3,4,6],[1,2,5,6],[1,3,4,7],[0,2,5,7],[2,4,6,7],[3,5,6,7],[1,2,4,8],[0,3,5,8],[0,2,6,8],[1,3,6,8],[4,5,6,8],[2,3,7,8],[0,4,7,8]]
FAM D=51 ell=12 count=21 degs=[7,7,8,8,8,8,7,7,8] blocks=[[0,1,2,3],[0,1,4,5],[2,3,4,5],[0,3,4,6],[1,2,5,6],[1,3,4,7],[0,2,5,7],[2,4,6,7],[3,5,6,7],[1,2,4,8],[0,3,5,8],[0,2,6,8],[1,3,6,8],[4,5,6,8],[2,3,7,8],[0,4,7,8],[1,5,7,8]]
FAM D=48 ell=12 count=24 degs=[6,7,8,8,7,8,7,6,7] blocks=[[0,1,2,3],[0,1,4,5],[2,3,4,5],[0,3,4,6],[1,2,5,6],[1,3,4,7],[0,2,5,7],[2,4,6,7],[3,5,6,7],[1,2,4,8],[0,3,5,8],[0,2,6,8],[1,3,6,8],[4,5,6,8],[2,3,7,8],[1,5,7,8]]
FAM D=48 ell=12 count=24 degs=[7,7,7,7,8,8,7,6,7] blocks=[[0,1,2,3],[0,1,4,5],[2,3,4,5],[0,3,4,6],[1,2,5,6],[1,3,4,7],[0,2,5,7],[2,4,6,7],[3,5,6,7],[1,2,4,8],[0,3,5,8],[0,2,6,8],[1,3,6,8],[4,5,6,8],[0,4,7,8],[1,5,7,8]]
FAM D=48 ell=12 count=24 degs=[7,7,8,8,7,7,6,7,7] blocks=[[0,1,2,3],[0,1,4,5],[2,3,4,5],[0,3,4,6],[1,2,5,6],[1,3,4,7],[0,2,5,7],[2,4,6,7],[3,5,6,7],[1,2,4,8],[0,3,5,8],[0,2,6,8],[1,3,6,8],[2,3,7,8],[0,4,7,8],[1,5,7,8]]
FAM D=48 ell=12 count=24 degs=[7,6,8,7,8,8,6,7,7] blocks=[[0,1,2,3],[0,1,4,5],[2,3,4,5],[0,3,4,6],[1,2,5,6],[1,3,4,7],[0,2,5,7],[2,4,6,7],[3,5,6,7],[1,2,4,8],[0,3,5,8],[0,2,6,8],[4,5,6,8],[2,3,7,8],[0,4,7,8],[1,5,7,8]]
FAM D=48 ell=12 count=24 degs=[6,7,7,8,8,8,6,7,7] blocks=[[0,1,2,3],[0,1,4,5],[2,3,4,5],[0,3,4,6],[1,2,5,6],[1,3,4,7],[0,2,5,7],[2,4,6,7],[3,5,6,7],[1,2,4,8],[0,3,5,8],[1,3,6,8],[4,5,6,8],[2,3,7,8],[0,4,7,8],[1,5,7,8]]
FAM D=48 ell=12 count=24 degs=[6,7,8,7,8,7,7,7,7] blocks=[[0,1,2,3],[0,1,4,5],[2,3,4,5],[0,3,4,6],[1,2,5,6],[1,3,4,7],[0,2,5,7],[2,4,6,7],[3,5,6,7],[1,2,4,8],[0,2,6,8],[1,3,6,8],[4,5,6,8],[2,3,7,8],[0,4,7,8],[1,5,7,8]]
FAM D=48 ell=12 count=24 degs=[7,6,7,8,7,8,7,7,7] blocks=[[0,1,2,3],[0,1,4,5],[2,3,4,5],[0,3,4,6],[1,2,5,6],[1,3,4,7],[0,2,5,7],[2,4,6,7],[3,5,6,7],[0,3,5,8],[0,2,6,8],[1,3,6,8],[4,5,6,8],[2,3,7,8],[0,4,7,8],[1,5,7,8]]
FAM D=48 ell=12 count=24 degs=[6,7,7,8,7,8,7,7,7] blocks=[[0,1,2,3],[0,1,4,5],[2,3,4,5],[0,3,4,6],[1,2,5,6],[1,3,4,7],[0,2,5,7],[2,4,6,7],[3,5,6,7],[1,3,5,8],[2,3,6,8],[1,4,6,8],[0,5,6,8],[1,2,7,8],[0,3,7,8],[4,5,7,8]]
FAM D=48 ell=12 count=24 degs=[7,7,8,7,8,7,6,6,8] blocks=[[0,1,2,3],[0,1,4,5],[2,3,4,5],[0,3,4,6],[1,2,5,6],[1,3,4,7],[0,2,5,7],[2,4,6,7],[0,2,4,8],[1,3,5,8],[2,3,6,8],[1,4,6,8],[0,5,6,8],[1,2,7,8],[0,3,7,8],[4,5,7,8]]
FAM D=48 ell=12 count=24 degs=[7,7,8,7,8,7,6,6,8] blocks=[[0,1,2,3],[0,1,4,5],[2,3,4,5],[0,3,4,6],[1,2,5,6],[1,3,4,7],[0,2,5,7],[2,4,6,7],[1,2,4,8],[0,3,5,8],[0,2,6,8],[1,3,6,8],[4,5,6,8],[2,3,7,8],[0,4,7,8],[1,5,7,8]]
FAM D=48 ell=12 count=24 degs=[7,7,7,8,7,8,6,6,8] blocks=[[0,1,2,3],[0,1,4,5],[2,3,4,5],[0,3,4,6],[1,2,5,6],[1,3,4,7],[0,2,5,7],[3,5,6,7],[0,2,4,8],[1,3,5,8],[2,3,6,8],[1,4,6,8],[0,5,6,8],[1,2,7,8],[0,3,7,8],[4,5,7,8]]
FAM D=48 ell=12 count=24 degs=[7,7,7,8,7,8,6,6,8] blocks=[[0,1,2,3],[0,1,4,5],[2,3,4,5],[0,3,4,6],[1,2,5,6],[1,3,4,7],[0,2,5,7],[3,5,6,7],[1,2,4,8],[0,3,5,8],[0,2,6,8],[1,3,6,8],[4,5,6,8],[2,3,7,8],[0,4,7,8],[1,5,7,8]]
FAM D=48 ell=12 count=24 degs=[7,8,7,8,7,6,8,6,7] blocks=[[0,1,2,3],[0,1,4,5],[2,3,4,5],[0,3,4,6],[1,2,5,6],[1,3,4,7],[0,1,6,7],[2,4,6,7],[3,5,6,7],[0,2,4,8],[1,3,5,8],[2,3,6,8],[1,4,6,8],[0,5,6,8],[1,2,7,8],[0,3,7,8]]
FAM D=51 ell=12 count=21 degs=[7,8,7,8,8,7,8,7,8] blocks=[[0,1,2,3],[0,1,4,5],[2,3,4,5],[0,3,4,6],[1,2,5,6],[1,3,4,7],[0,1,6,7],[2,4,6,7],[3,5,6,7],[0,2,4,8],[1,3,5,8],[2,3,6,8],[1,4,6,8],[0,5,6,8],[1,2,7,8],[0,3,7,8],[4,5,7,8]]
FAM D=48 ell=12 count=24 degs=[6,8,7,7,8,7,8,6,7] blocks=[[0,1,2,3],[0,1,4,5],[2,3,4,5],[0,3,4,6],[1,2,5,6],[1,3,4,7],[0,1,6,7],[2,4,6,7],[3,5,6,7],[0,2,4,8],[1,3,5,8],[2,3,6,8],[1,4,6,8],[0,5,6,8],[1,2,7,8],[4,5,7,8]]
FAM D=48 ell=12 count=24 degs=[7,7,6,8,8,7,8,6,7] blocks=[[0,1,2,3],[0,1,4,5],[2,3,4,5],[0,3,4,6],[1,2,5,6],[1,3,4,7],[0,1,6,7],[2,4,6,7],[3,5,6,7],[0,2,4,8],[1,3,5,8],[2,3,6,8],[1,4,6,8],[0,5,6,8],[0,3,7,8],[4,5,7,8]]
FAM D=48 ell=12 count=24 degs=[6,8,7,8,8,6,7,7,7] blocks=[[0,1,2,3],[0,1,4,5],[2,3,4,5],[0,3,4,6],[1,2,5,6],[1,3,4,7],[0,1,6,7],[2,4,6,7],[3,5,6,7],[0,2,4,8],[1,3,5,8],[2,3,6,8],[1,4,6,8],[1,2,7,8],[0,3,7,8],[4,5,7,8]]
FAM D=48 ell=12 count=24 degs=[7,7,7,8,7,7,7,7,7] blocks=[[0,1,2,3],[0,1,4,5],[2,3,4,5],[0,3,4,6],[1,2,5,6],[1,3,4,7],[0,1,6,7],[2,4,6,7],[3,5,6,7],[0,2,4,8],[1,3,5,8],[2,3,6,8],[0,5,6,8],[1,2,7,8],[0,3,7,8],[4,5,7,8]]
FAM D=48 ell=12 count=24 degs=[7,8,6,7,8,7,7,7,7] blocks=[[0,1,2,3],[0,1,4,5],[2,3,4,5],[0,3,4,6],[1,2,5,6],[1,3,4,7],[0,1,6,7],[2,4,6,7],[3,5,6,7],[0,2,4,8],[1,3,5,8],[1,4,6,8],[0,5,6,8],[1,2,7,8],[0,3,7,8],[4,5,7,8]]
FAM D=48 ell=12 count=24 degs=[7,7,7,7,8,6,8,7,7] blocks=[[0,1,2,3],[0,1,4,5],[2,3,4,5],[0,3,4,6],[1,2,5,6],[1,3,4,7],[0,1,6,7],[2,4,6,7],[3,5,6,7],[0,2,4,8],[2,3,6,8],[1,4,6,8],[0,5,6,8],[1,2,7,8],[0,3,7,8],[4,5,7,8]]
FAM D=48 ell=12 count=24 degs=[7,7,7,8,8,6,8,6,7] blocks=[[0,1,2,3],[0,1,4,5],[2,3,4,5],[0,3,4,6],[1,2,5,6],[1,3,4,7],[0,1,6,7],[2,4,6,7],[3,5,6,7],[1,2,4,8],[0,3,5,8],[0,2,6,8],[1,3,6,8],[4,5,6,8],[2,3,7,8],[0,4,7,8]]
FAM D=51 ell=12 count=21 degs=[7,8,7,8,8,7,8,7,8] blocks=[[0,1,2,3],[0,1,4,5],[2,3,4,5],[0,3,4,6],[1,2,5,6],[1,3,4,7],[0,1,6,7],[2,4,6,7],[3,5,6,7],[1,2,4,8],[0,3,5,8],[0,2,6,8],[1,3,6,8],[4,5,6,8],[2,3,7,8],[0,4,7,8],[1,5,7,8]]
FAM D=48 ell=12 count=24 degs=[6,8,7,8,7,7,8,6,7] blocks=[[0,1,2,3],[0,1,4,5],[2,3,4,5],[0,3,4,6],[1,2,5,6],[1,3,4,7],[0,1,6,7],[2,4,6,7],[3,5,6,7],[1,2,4,8],[0,3,5,8],[0,2,6,8],[1,3,6,8],[4,5,6,8],[2,3,7,8],[1,5,7,8]]
FAM D=48 ell=12 count=24 degs=[7,8,6,7,8,7,8,6,7] blocks=[[0,1,2,3],[0,1,4,5],[2,3,4,5],[0,3,4,6],[1,2,5,6],[1,3,4,7],[0,1,6,7],[2,4,6,7],[3,5,6,7],[1,2,4,8],[0,3,5,8],[0,2,6,8],[1,3,6,8],[4,5,6,8],[0,4,7,8],[1,5,7,8]]
FAM D=48 ell=12 count=24 degs=[7,8,7,8,7,6,7,7,7] blocks=[[0,1,2,3],[0,1,4,5],[2,3,4,5],[0,3,4,6],[1,2,5,6],[1,3,4,7],[0,1,6,7],[2,4,6,7],[3,5,6,7],[1,2,4,8],[0,3,5,8],[0,2,6,8],[1,3,6,8],[2,3,7,8],[0,4,7,8],[1,5,7,8]]
FAM D=48 ell=12 count=24 degs=[7,7,7,7,8,7,7,7,7] blocks=[[0,1,2,3],[0,1,4,5],[2,3,4,5],[0,3,4,6],[1,2,5,6],[1,3,4,7],[0,1,6,7],[2,4,6,7],[3,5,6,7],[1,2,4,8],[0,3,5,8],[0,2,6,8],[4,5,6,8],[2,3,7,8],[0,4,7,8],[1,5,7,8]]
FAM D=48 ell=12 count=24 degs=[6,8,6,8,8,7,7,7,7] blocks=[[0,1,2,3],[0,1,4,5],[2,3,4,5],[0,3,4,6],[1,2,5,6],[1,3,4,7],[0,1,6,7],[2,4,6,7],[3,5,6,7],[1,2,4,8],[0,3,5,8],[1,3,6,8],[4,5,6,8],[2,3,7,8],[0,4,7,8],[1,5,7,8]]
FAM D=48 ell=12 count=24 degs=[6,8,7,7,8,6,8,7,7] blocks=[[0,1,2,3],[0,1,4,5],[2,3,4,5],[0,3,4,6],[1,2,5,6],[1,3,4,7],[0,1,6,7],[2,4,6,7],[3,5,6,7],[1,2,4,8],[0,2,6,8],[1,3,6,8],[4,5,6,8],[2,3,7,8],[0,4,7,8],[1,5,7,8]]
FAM D=48 ell=12 count=24 degs=[7,7,6,8,7,7,8,7,7] blocks=[[0,1,2,3],[0,1,4,5],[2,3,4,5],[0,3,4,6],[1,2,5,6],[1,3,4,7],[0,1,6,7],[2,4,6,7],[3,5,6,7],[0,3,5,8],[0,2,6,8],[1,3,6,8],[4,5,6,8],[2,3,7,8],[0,4,7,8],[1,5,7,8]]
FAM D=48 ell=12 count=24 degs=[6,8,6,8,7,7,8,7,7] blocks=[[0,1,2,3],[0,1,4,5],[2,3,4,5],[0,3,4,6],[1,2,5,6],[1,3,4,7],[0,1,6,7],[2,4,6,7],[3,5,6,7],[1,3,5,8],[2,3,6,8],[1,4,6,8],[0,5,6,8],[1,2,7,8],[0,3,7,8],[4,5,7,8]]
FAM D=48 ell=12 count=24 degs=[7,8,7,7,8,6,7,6,8] blocks=[[0,1,2,3],[0,1,4,5],[2,3,4,5],[0,3,4,6],[1,2,5,6],[1,3,4,7],[0,1,6,7],[2,4,6,7],[0,2,4,8],[1,3,5,8],[2,3,6,8],[1,4,6,8],[0,5,6,8],[1,2,7,8],[0,3,7,8],[4,5,7,8]]
FAM D=48 ell=12 count=24 degs=[7,8,7,7,8,6,7,6,8] blocks=[[0,1,2,3],[0,1,4,5],[2,3,4,5],[0,3,4,6],[1,2,5,6],[1,3,4,7],[0,1,6,7],[2,4,6,7],[1,2,4,8],[0,3,5,8],[0,2,6,8],[1,3,6,8],[4,5,6,8],[2,3,7,8],[0,4,7,8],[1,5,7,8]]
FAM D=48 ell=12 count=24 degs=[7,8,6,8,7,7,7,6,8] blocks=[[0,1,2,3],[0,1,4,5],[2,3,4,5],[0,3,4,6],[1,2,5,6],[1,3,4,7],[0,1,6,7],[3,5,6,7],[0,2,4,8],[1,3,5,8],[2,3,6,8],[1,4,6,8],[0,5,6,8],[1,2,7,8],[0,3,7,8],[4,5,7,8]]
FAM D=48 ell=12 count=24 degs=[7,8,6,8,7,7,7,6,8] blocks=[[0,1,2,3],[0,1,4,5],[2,3,4,5],[0,3,4,6],[1,2,5,6],[1,3,4,7],[0,1,6,7],[3,5,6,7],[1,2,4,8],[0,3,5,8],[0,2,6,8],[1,3,6,8],[4,5,6,8],[2,3,7,8],[0,4,7,8],[1,5,7,8]]
FAM D=48 ell=12 count=24 degs=[6,7,7,8,8,7,7,6,8] blocks=[[0,1,2,3],[0,1,4,5],[2,3,4,5],[0,3,4,6],[1,2,5,6],[1,3,4,7],[2,4,6,7],[3,5,6,7],[0,2,4,8],[1,3,5,8],[2,3,6,8],[1,4,6,8],[0,5,6,8],[1,2,7,8],[0,3,7,8],[4,5,7,8]]
FAM D=48 ell=12 count=24 degs=[6,7,7,8,8,7,7,6,8] blocks=[[0,1,2,3],[0,1,4,5],[2,3,4,5],[0,3,4,6],[1,2,5,6],[1,3,4,7],[2,4,6,7],[3,5,6,7],[1,2,4,8],[0,3,5,8],[0,2,6,8],[1,3,6,8],[4,5,6,8],[2,3,7,8],[0,4,7,8],[1,5,7,8]]
FAM D=48 ell=12 count=24 degs=[8,7,8,7,6,7,8,6,7] blocks=[[0,1,2,3],[0,1,4,5],[2,3,4,5],[0,3,4,6],[1,2,5,6],[0,2,5,7],[0,1,6,7],[2,4,6,7],[3,5,6,7],[0,2,4,8],[1,3,5,8],[2,3,6,8],[1,4,6,8],[0,5,6,8],[1,2,7,8],[0,3,7,8]]
FAM D=51 ell=12 count=21 degs=[8,7,8,7,7,8,8,7,8] blocks=[[0,1,2,3],[0,1,4,5],[2,3,4,5],[0,3,4,6],[1,2,5,6],[0,2,5,7],[0,1,6,7],[2,4,6,7],[3,5,6,7],[0,2,4,8],[1,3,5,8],[2,3,6,8],[1,4,6,8],[0,5,6,8],[1,2,7,8],[0,3,7,8],[4,5,7,8]]
FAM D=48 ell=12 count=24 degs=[7,7,8,6,7,8,8,6,7] blocks=[[0,1,2,3],[0,1,4,5],[2,3,4,5],[0,3,4,6],[1,2,5,6],[0,2,5,7],[0,1,6,7],[2,4,6,7],[3,5,6,7],[0,2,4,8],[1,3,5,8],[2,3,6,8],[1,4,6,8],[0,5,6,8],[1,2,7,8],[4,5,7,8]]
FAM D=48 ell=12 count=24 degs=[8,6,7,7,7,8,8,6,7] blocks=[[0,1,2,3],[0,1,4,5],[2,3,4,5],[0,3,4,6],[1,2,5,6],[0,2,5,7],[0,1,6,7],[2,4,6,7],[3,5,6,7],[0,2,4,8],[1,3,5,8],[2,3,6,8],[1,4,6,8],[0,5,6,8],[0,3,7,8],[4,5,7,8]]
FAM D=48 ell=12 count=24 degs=[7,7,8,7,7,7,7,7,7] blocks=[[0,1,2,3],[0,1,4,5],[2,3,4,5],[0,3,4,6],[1,2,5,6],[0,2,5,7],[0,1,6,7],[2,4,6,7],[3,5,6,7],[0,2,4,8],[1,3,5,8],[2,3,6,8],[1,4,6,8],[1,2,7,8],[0,3,7,8],[4,5,7,8]]
FAM D=48 ell=12 count=24 degs=[8,6,8,7,6,8,7,7,7] blocks=[[0,1,2,3],[0,1,4,5],[2,3,4,5],[0,3,4,6],[1,2,5,6],[0,2,5,7],[0,1,6,7],[2,4,6,7],[3,5,6,7],[0,2,4,8],[1,3,5,8],[2,3,6,8],[0,5,6,8],[1,2,7,8],[0,3,7,8],[4,5,7,8]]
FAM D=48 ell=12 count=24 degs=[8,7,7,6,7,8,7,7,7] blocks=[[0,1,2,3],[0,1,4,5],[2,3,4,5],[0,3,4,6],[1,2,5,6],[0,2,5,7],[0,1,6,7],[2,4,6,7],[3,5,6,7],[0,2,4,8],[1,3,5,8],[1,4,6,8],[0,5,6,8],[1,2,7,8],[0,3,7,8],[4,5,7,8]]
FAM D=48 ell=12 count=24 degs=[8,6,8,6,7,7,8,7,7] blocks=[[0,1,2,3],[0,1,4,5],[2,3,4,5],[0,3,4,6],[1,2,5,6],[0,2,5,7],[0,1,6,7],[2,4,6,7],[3,5,6,7],[0,2,4,8],[2,3,6,8],[1,4,6,8],[0,5,6,8],[1,2,7,8],[0,3,7,8],[4,5,7,8]]
FAM D=48 ell=12 count=24 degs=[8,6,8,7,7,7,8,6,7] blocks=[[0,1,2,3],[0,1,4,5],[2,3,4,5],[0,3,4,6],[1,2,5,6],[0,2,5,7],[0,1,6,7],[2,4,6,7],[3,5,6,7],[1,2,4,8],[0,3,5,8],[0,2,6,8],[1,3,6,8],[4,5,6,8],[2,3,7,8],[0,4,7,8]]
FAM D=51 ell=12 count=21 degs=[8,7,8,7,7,8,8,7,8] blocks=[[0,1,2,3],[0,1,4,5],[2,3,4,5],[0,3,4,6],[1,2,5,6],[0,2,5,7],[0,1,6,7],[2,4,6,7],[3,5,6,7],[1,2,4,8],[0,3,5,8],[0,2,6,8],[1,3,6,8],[4,5,6,8],[2,3,7,8],[0,4,7,8],[1,5,7,8]]
FAM D=48 ell=12 count=24 degs=[7,7,8,7,6,8,8,6,7] blocks=[[0,1,2,3],[0,1,4,5],[2,3,4,5],[0,3,4,6],[1,2,5,6],[0,2,5,7],[0,1,6,7],[2,4,6,7],[3,5,6,7],[1,2,4,8],[0,3,5,8],[0,2,6,8],[1,3,6,8],[4,5,6,8],[2,3,7,8],[1,5,7,8]]
FAM D=48 ell=12 count=24 degs=[8,7,7,6,7,8,8,6,7] blocks=[[0,1,2,3],[0,1,4,5],[2,3,4,5],[0,3,4,6],[1,2,5,6],[0,2,5,7],[0,1,6,7],[2,4,6,7],[3,5,6,7],[1,2,4,8],[0,3,5,8],[0,2,6,8],[1,3,6,8],[4,5,6,8],[0,4,7,8],[1,5,7,8]]
FAM D=48 ell=12 count=24 degs=[8,7,8,7,6,7,7,7,7] blocks=[[0,1,2,3],[0,1,4,5],[2,3,4,5],[0,3,4,6],[1,2,5,6],[0,2,5,7],[0,1,6,7],[2,4,6,7],[3,5,6,7],[1,2,4,8],[0,3,5,8],[0,2,6,8],[1,3,6,8],[2,3,7,8],[0,4,7,8],[1,5,7,8]]
FAM D=48 ell=12 count=24 degs=[8,6,8,6,7,8,7,7,7] blocks=[[0,1,2,3],[0,1,4,5],[2,3,4,5],[0,3,4,6],[1,2,5,6],[0,2,5,7],[0,1,6,7],[2,4,6,7],[3,5,6,7],[1,2,4,8],[0,3,5,8],[0,2,6,8],[4,5,6,8],[2,3,7,8],[0,4,7,8],[1,5,7,8]]
FAM D=48 ell=12 count=24 degs=[7,7,7,7,7,8,7,7,7] blocks=[[0,1,2,3],[0,1,4,5],[2,3,4,5],[0,3,4,6],[1,2,5,6],[0,2,5,7],[0,1,6,7],[2,4,6,7],[3,5,6,7],[1,2,4,8],[0,3,5,8],[1,3,6,8],[4,5,6,8],[2,3,7,8],[0,4,7,8],[1,5,7,8]]
FAM D=48 ell=12 count=24 degs=[7,7,8,6,7,7,8,7,7] blocks=[[0,1,2,3],[0,1,4,5],[2,3,4,5],[0,3,4,6],[1,2,5,6],[0,2,5,7],[0,1,6,7],[2,4,6,7],[3,5,6,7],[1,2,4,8],[0,2,6,8],[1,3,6,8],[4,5,6,8],[2,3,7,8],[0,4,7,8],[1,5,7,8]]
FAM D=48 ell=12 count=24 degs=[8,6,7,7,6,8,8,7,7] blocks=[[0,1,2,3],[0,1,4,5],[2,3,4,5],[0,3,4,6],[1,2,5,6],[0,2,5,7],[0,1,6,7],[2,4,6,7],[3,5,6,7],[0,3,5,8],[0,2,6,8],[1,3,6,8],[4,5,6,8],[2,3,7,8],[0,4,7,8],[1,5,7,8]]
FAM D=48 ell=12 count=24 degs=[7,7,7,7,6,8,8,7,7] blocks=[[0,1,2,3],[0,1,4,5],[2,3,4,5],[0,3,4,6],[1,2,5,6],[0,2,5,7],[0,1,6,7],[2,4,6,7],[3,5,6,7],[1,3,5,8],[2,3,6,8],[1,4,6,8],[0,5,6,8],[1,2,7,8],[0,3,7,8],[4,5,7,8]]
FAM D=48 ell=12 count=24 degs=[8,7,8,6,7,7,7,6,8] blocks=[[0,1,2,3],[0,1,4,5],[2,3,4,5],[0,3,4,6],[1,2,5,6],[0,2,5,7],[0,1,6,7],[2,4,6,7],[0,2,4,8],[1,3,5,8],[2,3,6,8],[1,4,6,8],[0,5,6,8],[1,2,7,8],[0,3,7,8],[4,5,7,8]]
FAM D=48 ell=12 count=24 degs=[8,7,8,6,7,7,7,6,8] blocks=[[0,1,2,3],[0,1,4,5],[2,3,4,5],[0,3,4,6],[1,2,5,6],[0,2,5,7],[0,1,6,7],[2,4,6,7],[1,2,4,8],[0,3,5,8],[0,2,6,8],[1,3,6,8],[4,5,6,8],[2,3,7,8],[0,4,7,8],[1,5,7,8]]
FAM D=48 ell=12 count=24 degs=[8,7,7,7,6,8,7,6,8] blocks=[[0,1,2,3],[0,1,4,5],[2,3,4,5],[0,3,4,6],[1,2,5,6],[0,2,5,7],[0,1,6,7],[3,5,6,7],[0,2,4,8],[1,3,5,8],[2,3,6,8],[1,4,6,8],[0,5,6,8],[1,2,7,8],[0,3,7,8],[4,5,7,8]]
FAM D=48 ell=12 count=24 degs=[8,7,7,7,6,8,7,6,8] blocks=[[0,1,2,3],[0,1,4,5],[2,3,4,5],[0,3,4,6],[1,2,5,6],[0,2,5,7],[0,1,6,7],[3,5,6,7],[1,2,4,8],[0,3,5,8],[0,2,6,8],[1,3,6,8],[4,5,6,8],[2,3,7,8],[0,4,7,8],[1,5,7,8]]
FAM D=48 ell=12 count=24 degs=[7,6,8,7,7,8,7,6,8] blocks=[[0,1,2,3],[0,1,4,5],[2,3,4,5],[0,3,4,6],[1,2,5,6],[0,2,5,7],[2,4,6,7],[3,5,6,7],[0,2,4,8],[1,3,5,8],[2,3,6,8],[1,4,6,8],[0,5,6,8],[1,2,7,8],[0,3,7,8],[4,5,7,8]]
FAM D=48 ell=12 count=24 degs=[7,6,8,7,7,8,7,6,8] blocks=[[0,1,2,3],[0,1,4,5],[2,3,4,5],[0,3,4,6],[1,2,5,6],[0,2,5,7],[2,4,6,7],[3,5,6,7],[1,2,4,8],[0,3,5,8],[0,2,6,8],[1,3,6,8],[4,5,6,8],[2,3,7,8],[0,4,7,8],[1,5,7,8]]
FAM D=48 ell=12 count=24 degs=[8,7,6,8,7,7,8,6,7] blocks=[[0,1,2,3],[0,1,4,5],[2,3,4,5],[0,3,4,6],[1,2,5,6],[0,3,5,7],[0,2,6,7],[1,3,6,7],[4,5,6,7],[0,2,4,8],[1,3,5,8],[2,3,6,8],[1,4,6,8],[0,5,6,8],[0,1,7,8],[3,4,7,8]]
FAM D=51 ell=12 count=21 degs=[8,7,7,8,7,8,8,7,8] blocks=[[0,1,2,3],[0,1,4,5],[2,3,4,5],[0,3,4,6],[1,2,5,6],[0,3,5,7],[0,2,6,7],[1,3,6,7],[4,5,6,7],[0,2,4,8],[1,3,5,8],[2,3,6,8],[1,4,6,8],[0,5,6,8],[0,1,7,8],[3,4,7,8],[2,5,7,8]]
FAM D=48 ell=12 count=24 degs=[8,7,7,7,6,8,8,6,7] blocks=[[0,1,2,3],[0,1,4,5],[2,3,4,5],[0,3,4,6],[1,2,5,6],[0,3,5,7],[0,2,6,7],[1,3,6,7],[4,5,6,7],[0,2,4,8],[1,3,5,8],[2,3,6,8],[1,4,6,8],[0,5,6,8],[0,1,7,8],[2,5,7,8]]
FAM D=48 ell=12 count=24 degs=[7,6,7,8,7,8,8,6,7] blocks=[[0,1,2,3],[0,1,4,5],[2,3,4,5],[0,3,4,6],[1,2,5,6],[0,3,5,7],[0,2,6,7],[1,3,6,7],[4,5,6,7],[0,2,4,8],[1,3,5,8],[2,3,6,8],[1,4,6,8],[0,5,6,8],[3,4,7,8],[2,5,7,8]]
FAM D=48 ell=12 count=24 degs=[7,7,7,8,7,7,7,7,7] blocks=[[0,1,2,3],[0,1,4,5],[2,3,4,5],[0,3,4,6],[1,2,5,6],[0,3,5,7],[0,2,6,7],[1,3,6,7],[4,5,6,7],[0,2,4,8],[1,3,5,8],[2,3,6,8],[1,4,6,8],[0,1,7,8],[3,4,7,8],[2,5,7,8]]
FAM D=48 ell=12 count=24 degs=[8,6,7,8,6,8,7,7,7] blocks=[[0,1,2,3],[0,1,4,5],[2,3,4,5],[0,3,4,6],[1,2,5,6],[0,3,5,7],[0,2,6,7],[1,3,6,7],[4,5,6,7],[0,2,4,8],[1,3,5,8],[2,3,6,8],[0,5,6,8],[0,1,7,8],[3,4,7,8],[2,5,7,8]]
FAM D=48 ell=12 count=24 degs=[8,7,6,7,7,8,7,7,7] blocks=[[0,1,2,3],[0,1,4,5],[2,3,4,5],[0,3,4,6],[1,2,5,6],[0,3,5,7],[0,2,6,7],[1,3,6,7],[4,5,6,7],[0,2,4,8],[1,3,5,8],[1,4,6,8],[0,5,6,8],[0,1,7,8],[3,4,7,8],[2,5,7,8]]
FAM D=48 ell=12 count=24 degs=[8,6,7,7,7,7,8,7,7] blocks=[[0,1,2,3],[0,1,4,5],[2,3,4,5],[0,3,4,6],[1,2,5,6],[0,3,5,7],[0,2,6,7],[1,3,6,7],[4,5,6,7],[0,2,4,8],[2,3,6,8],[1,4,6,8],[0,5,6,8],[0,1,7,8],[3,4,7,8],[2,5,7,8]]
FAM D=48 ell=12 count=24 degs=[8,6,7,8,7,7,8,6,7] blocks=[[0,1,2,3],[0,1,4,5],[2,3,4,5],[0,3,4,6],[1,2,5,6],[0,3,5,7],[0,2,6,7],[1,3,6,7],[4,5,6,7],[1,3,4,8],[0,2,5,8],[0,1,6,8],[2,4,6,8],[3,5,6,8],[2,3,7,8],[0,4,7,8]]
FAM D=51 ell=12 count=21 degs=[8,7,7,8,7,8,8,7,8] blocks=[[0,1,2,3],[0,1,4,5],[2,3,4,5],[0,3,4,6],[1,2,5,6],[0,3,5,7],[0,2,6,7],[1,3,6,7],[4,5,6,7],[1,3,4,8],[0,2,5,8],[0,1,6,8],[2,4,6,8],[3,5,6,8],[2,3,7,8],[0,4,7,8],[1,5,7,8]]
FAM D=48 ell=12 count=24 degs=[7,7,7,8,6,8,8,6,7] blocks=[[0,1,2,3],[0,1,4,5],[2,3,4,5],[0,3,4,6],[1,2,5,6],[0,3,5,7],[0,2,6,7],[1,3,6,7],[4,5,6,7],[1,3,4,8],[0,2,5,8],[0,1,6,8],[2,4,6,8],[3,5,6,8],[2,3,7,8],[1,5,7,8]]
FAM D=48 ell=12 count=24 degs=[8,7,6,7,7,8,8,6,7] blocks=[[0,1,2,3],[0,1,4,5],[2,3,4,5],[0,3,4,6],[1,2,5,6],[0,3,5,7],[0,2,6,7],[1,3,6,7],[4,5,6,7],[1,3,4,8],[0,2,5,8],[0,1,6,8],[2,4,6,8],[3,5,6,8],[0,4,7,8],[1,5,7,8]]
FAM D=48 ell=12 count=24 degs=[8,7,7,7,7,7,7,7,7] blocks=[[0,1,2,3],[0,1,4,5],[2,3,4,5],[0,3,4,6],[1,2,5,6],[0,3,5,7],[0,2,6,7],[1,3,6,7],[4,5,6,7],[1,3,4,8],[0,2,5,8],[0,1,6,8],[2,4,6,8],[2,3,7,8],[0,4,7,8],[1,5,7,8]]
FAM D=48 ell=12 count=24 degs=[8,7,6,8,6,8,7,7,7] blocks=[[0,1,2,3],[0,1,4,5],[2,3,4,5],[0,3,4,6],[1,2,5,6],[0,3,5,7],[0,2,6,7],[1,3,6,7],[4,5,6,7],[1,3,4,8],[0,2,5,8],[0,1,6,8],[3,5,6,8],[2,3,7,8],[0,4,7,8],[1,5,7,8]]
FAM D=48 ell=12 count=24 degs=[7,6,7,8,7,8,7,7,7] blocks=[[0,1,2,3],[0,1,4,5],[2,3,4,5],[0,3,4,6],[1,2,5,6],[0,3,5,7],[0,2,6,7],[1,3,6,7],[4,5,6,7],[1,3,4,8],[0,2,5,8],[2,4,6,8],[3,5,6,8],[2,3,7,8],[0,4,7,8],[1,5,7,8]]
FAM D=48 ell=12 count=24 degs=[7,7,6,8,7,7,8,7,7] blocks=[[0,1,2,3],[0,1,4,5],[2,3,4,5],[0,3,4,6],[1,2,5,6],[0,3,5,7],[0,2,6,7],[1,3,6,7],[4,5,6,7],[1,3,4,8],[0,1,6,8],[2,4,6,8],[3,5,6,8],[2,3,7,8],[0,4,7,8],[1,5,7,8]]
FAM D=48 ell=12 count=24 degs=[8,6,7,7,6,8,8,7,7] blocks=[[0,1,2,3],[0,1,4,5],[2,3,4,5],[0,3,4,6],[1,2,5,6],[0,3,5,7],[0,2,6,7],[1,3,6,7],[4,5,6,7],[0,2,5,8],[0,1,6,8],[2,4,6,8],[3,5,6,8],[2,3,7,8],[0,4,7,8],[1,5,7,8]]
FAM D=48 ell=12 count=24 degs=[7,7,6,8,6,8,8,7,7] blocks=[[0,1,2,3],[0,1,4,5],[2,3,4,5],[0,3,4,6],[1,2,5,6],[0,3,5,7],[0,2,6,7],[1,3,6,7],[4,5,6,7],[1,3,5,8],[2,3,6,8],[1,4,6,8],[0,5,6,8],[0,1,7,8],[3,4,7,8],[2,5,7,8]]
FAM D=48 ell=12 count=24 degs=[8,7,7,8,6,7,7,6,8] blocks=[[0,1,2,3],[0,1,4,5],[2,3,4,5],[0,3,4,6],[1,2,5,6],[0,3,5,7],[0,2,6,7],[1,3,6,7],[0,2,4,8],[1,3,5,8],[2,3,6,8],[1,4,6,8],[0,5,6,8],[0,1,7,8],[3,4,7,8],[2,5,7,8]]
FAM D=48 ell=12 count=24 degs=[8,7,7,8,6,7,7,6,8] blocks=[[0,1,2,3],[0,1,4,5],[2,3,4,5],[0,3,4,6],[1,2,5,6],[0,3,5,7],[0,2,6,7],[1,3,6,7],[1,3,4,8],[0,2,5,8],[0,1,6,8],[2,4,6,8],[3,5,6,8],[2,3,7,8],[0,4,7,8],[1,5,7,8]]
FAM D=48 ell=12 count=24 degs=[8,6,7,7,7,8,7,6,8] blocks=[[0,1,2,3],[0,1,4,5],[2,3,4,5],[0,3,4,6],[1,2,5,6],[0,3,5,7],[0,2,6,7],[4,5,6,7],[0,2,4,8],[1,3,5,8],[2,3,6,8],[1,4,6,8],[0,5,6,8],[0,1,7,8],[3,4,7,8],[2,5,7,8]]
FAM D=48 ell=12 count=24 degs=[8,6,7,7,7,8,7,6,8] blocks=[[0,1,2,3],[0,1,4,5],[2,3,4,5],[0,3,4,6],[1,2,5,6],[0,3,5,7],[0,2,6,7],[4,5,6,7],[1,3,4,8],[0,2,5,8],[0,1,6,8],[2,4,6,8],[3,5,6,8],[2,3,7,8],[0,4,7,8],[1,5,7,8]]
FAM D=48 ell=12 count=24 degs=[7,7,6,8,7,8,7,6,8] blocks=[[0,1,2,3],[0,1,4,5],[2,3,4,5],[0,3,4,6],[1,2,5,6],[0,3,5,7],[1,3,6,7],[4,5,6,7],[0,2,4,8],[1,3,5,8],[2,3,6,8],[1,4,6,8],[0,5,6,8],[0,1,7,8],[3,4,7,8],[2,5,7,8]]
FAM D=48 ell=12 count=24 degs=[7,7,6,8,7,8,7,6,8] blocks=[[0,1,2,3],[0,1,4,5],[2,3,4,5],[0,3,4,6],[1,2,5,6],[0,3,5,7],[1,3,6,7],[4,5,6,7],[1,3,4,8],[0,2,5,8],[0,1,6,8],[2,4,6,8],[3,5,6,8],[2,3,7,8],[0,4,7,8],[1,5,7,8]]
FAM D=48 ell=12 count=24 degs=[7,8,6,8,7,7,8,6,7] blocks=[[0,1,2,3],[0,1,4,5],[2,3,4,5],[0,3,4,6],[1,2,5,6],[1,3,5,7],[2,3,6,7],[1,4,6,7],[0,5,6,7],[1,2,4,8],[0,3,5,8],[0,2,6,8],[1,3,6,8],[4,5,6,8],[0,1,7,8],[3,4,7,8]]
FAM D=51 ell=12 count=21 degs=[7,8,7,8,7,8,8,7,8] blocks=[[0,1,2,3],[0,1,4,5],[2,3,4,5],[0,3,4,6],[1,2,5,6],[1,3,5,7],[2,3,6,7],[1,4,6,7],[0,5,6,7],[1,2,4,8],[0,3,5,8],[0,2,6,8],[1,3,6,8],[4,5,6,8],[0,1,7,8],[3,4,7,8],[2,5,7,8]]
FAM D=48 ell=12 count=24 degs=[7,8,7,7,6,8,8,6,7] blocks=[[0,1,2,3],[0,1,4,5],[2,3,4,5],[0,3,4,6],[1,2,5,6],[1,3,5,7],[2,3,6,7],[1,4,6,7],[0,5,6,7],[1,2,4,8],[0,3,5,8],[0,2,6,8],[1,3,6,8],[4,5,6,8],[0,1,7,8],[2,5,7,8]]
FAM D=48 ell=12 count=24 degs=[6,7,7,8,7,8,8,6,7] blocks=[[0,1,2,3],[0,1,4,5],[2,3,4,5],[0,3,4,6],[1,2,5,6],[1,3,5,7],[2,3,6,7],[1,4,6,7],[0,5,6,7],[1,2,4,8],[0,3,5,8],[0,2,6,8],[1,3,6,8],[4,5,6,8],[3,4,7,8],[2,5,7,8]]
FAM D=48 ell=12 count=24 degs=[7,8,7,8,6,7,7,7,7] blocks=[[0,1,2,3],[0,1,4,5],[2,3,4,5],[0,3,4,6],[1,2,5,6],[1,3,5,7],[2,3,6,7],[1,4,6,7],[0,5,6,7],[1,2,4,8],[0,3,5,8],[0,2,6,8],[1,3,6,8],[0,1,7,8],[3,4,7,8],[2,5,7,8]]
FAM D=48 ell=12 count=24 degs=[7,7,7,7,7,8,7,7,7] blocks=[[0,1,2,3],[0,1,4,5],[2,3,4,5],[0,3,4,6],[1,2,5,6],[1,3,5,7],[2,3,6,7],[1,4,6,7],[0,5,6,7],[1,2,4,8],[0,3,5,8],[0,2,6,8],[4,5,6,8],[0,1,7,8],[3,4,7,8],[2,5,7,8]]
FAM D=48 ell=12 count=24 degs=[6,8,6,8,7,8,7,7,7] blocks=[[0,1,2,3],[0,1,4,5],[2,3,4,5],[0,3,4,6],[1,2,5,6],[1,3,5,7],[2,3,6,7],[1,4,6,7],[0,5,6,7],[1,2,4,8],[0,3,5,8],[1,3,6,8],[4,5,6,8],[0,1,7,8],[3,4,7,8],[2,5,7,8]]
FAM D=48 ell=12 count=24 degs=[6,8,7,7,7,7,8,7,7] blocks=[[0,1,2,3],[0,1,4,5],[2,3,4,5],[0,3,4,6],[1,2,5,6],[1,3,5,7],[2,3,6,7],[1,4,6,7],[0,5,6,7],[1,2,4,8],[0,2,6,8],[1,3,6,8],[4,5,6,8],[0,1,7,8],[3,4,7,8],[2,5,7,8]]
FAM D=48 ell=12 count=24 degs=[7,8,7,8,6,7,8,6,7] blocks=[[0,1,2,3],[0,1,4,5],[2,3,4,5],[0,3,4,6],[1,2,5,6],[1,3,5,7],[2,3,6,7],[1,4,6,7],[0,5,6,7],[1,3,4,8],[0,2,5,8],[0,1,6,8],[2,4,6,8],[3,5,6,8],[1,2,7,8],[0,3,7,8]]
FAM D=51 ell=12 count=21 degs=[7,8,7,8,7,8,8,7,8] blocks=[[0,1,2,3],[0,1,4,5],[2,3,4,5],[0,3,4,6],[1,2,5,6],[1,3,5,7],[2,3,6,7],[1,4,6,7],[0,5,6,7],[1,3,4,8],[0,2,5,8],[0,1,6,8],[2,4,6,8],[3,5,6,8],[1,2,7,8],[0,3,7,8],[4,5,7,8]]
FAM D=48 ell=12 count=24 degs=[6,8,7,7,7,8,8,6,7] blocks=[[0,1,2,3],[0,1,4,5],[2,3,4,5],[0,3,4,6],[1,2,5,6],[1,3,5,7],[2,3,6,7],[1,4,6,7],[0,5,6,7],[1,3,4,8],[0,2,5,8],[0,1,6,8],[2,4,6,8],[3,5,6,8],[1,2,7,8],[4,5,7,8]]
FAM D=48 ell=12 count=24 degs=[7,7,6,8,7,8,8,6,7] blocks=[[0,1,2,3],[0,1,4,5],[2,3,4,5],[0,3,4,6],[1,2,5,6],[1,3,5,7],[2,3,6,7],[1,4,6,7],[0,5,6,7],[1,3,4,8],[0,2,5,8],[0,1,6,8],[2,4,6,8],[3,5,6,8],[0,3,7,8],[4,5,7,8]]
FAM D=48 ell=12 count=24 degs=[7,8,7,7,7,7,7,7,7] blocks=[[0,1,2,3],[0,1,4,5],[2,3,4,5],[0,3,4,6],[1,2,5,6],[1,3,5,7],[2,3,6,7],[1,4,6,7],[0,5,6,7],[1,3,4,8],[0,2,5,8],[0,1,6,8],[2,4,6,8],[1,2,7,8],[0,3,7,8],[4,5,7,8]]
FAM D=48 ell=12 count=24 degs=[7,8,6,8,6,8,7,7,7] blocks=[[0,1,2,3],[0,1,4,5],[2,3,4,5],[0,3,4,6],[1,2,5,6],[1,3,5,7],[2,3,6,7],[1,4,6,7],[0,5,6,7],[1,3,4,8],[0,2,5,8],[0,1,6,8],[3,5,6,8],[1,2,7,8],[0,3,7,8],[4,5,7,8]]
FAM D=48 ell=12 count=24 degs=[6,7,7,8,7,8,7,7,7] blocks=[[0,1,2,3],[0,1,4,5],[2,3,4,5],[0,3,4,6],[1,2,5,6],[1,3,5,7],[2,3,6,7],[1,4,6,7],[0,5,6,7],[1,3,4,8],[0,2,5,8],[2,4,6,8],[3,5,6,8],[1,2,7,8],[0,3,7,8],[4,5,7,8]]
FAM D=48 ell=12 count=24 degs=[6,8,6,8,7,7,8,7,7] blocks=[[0,1,2,3],[0,1,4,5],[2,3,4,5],[0,3,4,6],[1,2,5,6],[1,3,5,7],[2,3,6,7],[1,4,6,7],[0,5,6,7],[1,3,4,8],[0,1,6,8],[2,4,6,8],[3,5,6,8],[1,2,7,8],[0,3,7,8],[4,5,7,8]]
FAM D=48 ell=12 count=24 degs=[7,7,7,7,6,8,8,7,7] blocks=[[0,1,2,3],[0,1,4,5],[2,3,4,5],[0,3,4,6],[1,2,5,6],[1,3,5,7],[2,3,6,7],[1,4,6,7],[0,5,6,7],[0,2,5,8],[0,1,6,8],[2,4,6,8],[3,5,6,8],[1,2,7,8],[0,3,7,8],[4,5,7,8]]
FAM D=48 ell=12 count=24 degs=[7,7,6,8,6,8,8,7,7] blocks=[[0,1,2,3],[0,1,4,5],[2,3,4,5],[0,3,4,6],[1,2,5,6],[1,3,5,7],[2,3,6,7],[1,4,6,7],[0,5,6,7],[0,3,5,8],[0,2,6,8],[1,3,6,8],[4,5,6,8],[0,1,7,8],[3,4,7,8],[2,5,7,8]]
FAM D=48 ell=12 count=24 degs=[6,8,7,8,7,7,7,6,8] blocks=[[0,1,2,3],[0,1,4,5],[2,3,4,5],[0,3,4,6],[1,2,5,6],[1,3,5,7],[2,3,6,7],[1,4,6,7],[1,2,4,8],[0,3,5,8],[0,2,6,8],[1,3,6,8],[4,5,6,8],[0,1,7,8],[3,4,7,8],[2,5,7,8]]
FAM D=48 ell=12 count=24 degs=[6,8,7,8,7,7,7,6,8] blocks=[[0,1,2,3],[0,1,4,5],[2,3,4,5],[0,3,4,6],[1,2,5,6],[1,3,5,7],[2,3,6,7],[1,4,6,7],[1,3,4,8],[0,2,5,8],[0,1,6,8],[2,4,6,8],[3,5,6,8],[1,2,7,8],[0,3,7,8],[4,5,7,8]]
FAM D=48 ell=12 count=24 degs=[7,7,7,8,6,8,7,6,8] blocks=[[0,1,2,3],[0,1,4,5],[2,3,4,5],[0,3,4,6],[1,2,5,6],[1,3,5,7],[2,3,6,7],[0,5,6,7],[1,2,4,8],[0,3,5,8],[0,2,6,8],[1,3,6,8],[4,5,6,8],[0,1,7,8],[3,4,7,8],[2,5,7,8]]
FAM D=48 ell=12 count=24 degs=[7,7,7,8,6,8,7,6,8] blocks=[[0,1,2,3],[0,1,4,5],[2,3,4,5],[0,3,4,6],[1,2,5,6],[1,3,5,7],[2,3,6,7],[0,5,6,7],[1,3,4,8],[0,2,5,8],[0,1,6,8],[2,4,6,8],[3,5,6,8],[1,2,7,8],[0,3,7,8],[4,5,7,8]]
FAM D=48 ell=12 count=24 degs=[7,8,6,7,7,8,7,6,8] blocks=[[0,1,2,3],[0,1,4,5],[2,3,4,5],[0,3,4,6],[1,2,5,6],[1,3,5,7],[1,4,6,7],[0,5,6,7],[1,2,4,8],[0,3,5,8],[0,2,6,8],[1,3,6,8],[4,5,6,8],[0,1,7,8],[3,4,7,8],[2,5,7,8]]
FAM D=48 ell=12 count=24 degs=[7,8,6,7,7,8,7,6,8] blocks=[[0,1,2,3],[0,1,4,5],[2,3,4,5],[0,3,4,6],[1,2,5,6],[1,3,5,7],[1,4,6,7],[0,5,6,7],[1,3,4,8],[0,2,5,8],[0,1,6,8],[2,4,6,8],[3,5,6,8],[1,2,7,8],[0,3,7,8],[4,5,7,8]]
FAM D=48 ell=12 count=24 degs=[7,7,7,7,7,7,8,6,8] blocks=[[0,1,2,3],[0,1,4,5],[2,3,4,5],[0,3,4,6],[1,2,5,6],[0,1,6,7],[2,4,6,7],[3,5,6,7],[0,2,4,8],[1,3,5,8],[2,3,6,8],[1,4,6,8],[0,5,6,8],[1,2,7,8],[0,3,7,8],[4,5,7,8]]
FAM D=48 ell=12 count=24 degs=[7,7,7,7,7,7,8,6,8] blocks=[[0,1,2,3],[0,1,4,5],[2,3,4,5],[0,3,4,6],[1,2,5,6],[0,1,6,7],[2,4,6,7],[3,5,6,7],[1,2,4,8],[0,3,5,8],[0,2,6,8],[1,3,6,8],[4,5,6,8],[2,3,7,8],[0,4,7,8],[1,5,7,8]]
FAM D=48 ell=12 count=24 degs=[7,7,7,7,7,7,8,6,8] blocks=[[0,1,2,3],[0,1,4,5],[2,3,4,5],[0,3,4,6],[1,2,5,6],[0,2,6,7],[1,3,6,7],[4,5,6,7],[0,2,4,8],[1,3,5,8],[2,3,6,8],[1,4,6,8],[0,5,6,8],[0,1,7,8],[3,4,7,8],[2,5,7,8]]
FAM D=48 ell=12 count=24 degs=[7,7,7,7,7,7,8,6,8] blocks=[[0,1,2,3],[0,1,4,5],[2,3,4,5],[0,3,4,6],[1,2,5,6],[0,2,6,7],[1,3,6,7],[4,5,6,7],[1,3,4,8],[0,2,5,8],[0,1,6,8],[2,4,6,8],[3,5,6,8],[2,3,7,8],[0,4,7,8],[1,5,7,8]]
FAM D=48 ell=12 count=24 degs=[7,7,7,7,7,7,8,6,8] blocks=[[0,1,2,3],[0,1,4,5],[2,3,4,5],[0,3,4,6],[1,2,5,6],[2,3,6,7],[1,4,6,7],[0,5,6,7],[1,2,4,8],[0,3,5,8],[0,2,6,8],[1,3,6,8],[4,5,6,8],[0,1,7,8],[3,4,7,8],[2,5,7,8]]
FAM D=48 ell=12 count=24 degs=[7,7,7,7,7,7,8,6,8] blocks=[[0,1,2,3],[0,1,4,5],[2,3,4,5],[0,3,4,6],[1,2,5,6],[2,3,6,7],[1,4,6,7],[0,5,6,7],[1,3,4,8],[0,2,5,8],[0,1,6,8],[2,4,6,8],[3,5,6,8],[1,2,7,8],[0,3,7,8],[4,5,7,8]]
FAM D=48 ell=12 count=24 degs=[8,7,6,8,8,6,7,7,7] blocks=[[0,1,2,3],[0,1,4,5],[2,3,4,5],[0,3,4,6],[0,2,4,7],[1,3,5,7],[2,3,6,7],[1,4,6,7],[0,5,6,7],[1,2,4,8],[0,3,5,8],[0,2,6,8],[1,3,6,8],[4,5,6,8],[0,1,7,8],[3,4,7,8]]
FAM D=51 ell=12 count=21 degs=[8,7,7,8,8,7,7,8,8] blocks=[[0,1,2,3],[0,1,4,5],[2,3,4,5],[0,3,4,6],[0,2,4,7],[1,3,5,7],[2,3,6,7],[1,4,6,7],[0,5,6,7],[1,2,4,8],[0,3,5,8],[0,2,6,8],[1,3,6,8],[4,5,6,8],[0,1,7,8],[3,4,7,8],[2,5,7,8]]
FAM D=48 ell=12 count=24 degs=[8,7,7,7,7,7,7,7,7] blocks=[[0,1,2,3],[0,1,4,5],[2,3,4,5],[0,3,4,6],[0,2,4,7],[1,3,5,7],[2,3,6,7],[1,4,6,7],[0,5,6,7],[1,2,4,8],[0,3,5,8],[0,2,6,8],[1,3,6,8],[4,5,6,8],[0,1,7,8],[2,5,7,8]]
FAM D=48 ell=12 count=24 degs=[7,6,7,8,8,7,7,7,7] blocks=[[0,1,2,3],[0,1,4,5],[2,3,4,5],[0,3,4,6],[0,2,4,7],[1,3,5,7],[2,3,6,7],[1,4,6,7],[0,5,6,7],[1,2,4,8],[0,3,5,8],[0,2,6,8],[1,3,6,8],[4,5,6,8],[3,4,7,8],[2,5,7,8]]
FAM D=48 ell=12 count=24 degs=[8,7,7,8,7,6,6,8,7] blocks=[[0,1,2,3],[0,1,4,5],[2,3,4,5],[0,3,4,6],[0,2,4,7],[1,3,5,7],[2,3,6,7],[1,4,6,7],[0,5,6,7],[1,2,4,8],[0,3,5,8],[0,2,6,8],[1,3,6,8],[0,1,7,8],[3,4,7,8],[2,5,7,8]]
FAM D=48 ell=12 count=24 degs=[8,6,7,7,8,7,6,8,7] blocks=[[0,1,2,3],[0,1,4,5],[2,3,4,5],[0,3,4,6],[0,2,4,7],[1,3,5,7],[2,3,6,7],[1,4,6,7],[0,5,6,7],[1,2,4,8],[0,3,5,8],[0,2,6,8],[4,5,6,8],[0,1,7,8],[3,4,7,8],[2,5,7,8]]
FAM D=48 ell=12 count=24 degs=[7,7,6,8,8,7,6,8,7] blocks=[[0,1,2,3],[0,1,4,5],[2,3,4,5],[0,3,4,6],[0,2,4,7],[1,3,5,7],[2,3,6,7],[1,4,6,7],[0,5,6,7],[1,2,4,8],[0,3,5,8],[1,3,6,8],[4,5,6,8],[0,1,7,8],[3,4,7,8],[2,5,7,8]]
FAM D=48 ell=12 count=24 degs=[7,7,7,7,8,6,7,8,7] blocks=[[0,1,2,3],[0,1,4,5],[2,3,4,5],[0,3,4,6],[0,2,4,7],[1,3,5,7],[2,3,6,7],[1,4,6,7],[0,5,6,7],[1,2,4,8],[0,2,6,8],[1,3,6,8],[4,5,6,8],[0,1,7,8],[3,4,7,8],[2,5,7,8]]
FAM D=48 ell=12 count=24 degs=[8,7,7,8,7,6,7,7,7] blocks=[[0,1,2,3],[0,1,4,5],[2,3,4,5],[0,3,4,6],[0,2,4,7],[1,3,5,7],[2,3,6,7],[1,4,6,7],[0,5,6,7],[1,3,4,8],[0,2,5,8],[0,1,6,8],[2,4,6,8],[3,5,6,8],[1,2,7,8],[0,3,7,8]]
FAM D=51 ell=12 count=21 degs=[8,7,7,8,8,7,7,8,8] blocks=[[0,1,2,3],[0,1,4,5],[2,3,4,5],[0,3,4,6],[0,2,4,7],[1,3,5,7],[2,3,6,7],[1,4,6,7],[0,5,6,7],[1,3,4,8],[0,2,5,8],[0,1,6,8],[2,4,6,8],[3,5,6,8],[1,2,7,8],[0,3,7,8],[4,5,7,8]]
FAM D=48 ell=12 count=24 degs=[7,7,7,7,8,7,7,7,7] blocks=[[0,1,2,3],[0,1,4,5],[2,3,4,5],[0,3,4,6],[0,2,4,7],[1,3,5,7],[2,3,6,7],[1,4,6,7],[0,5,6,7],[1,3,4,8],[0,2,5,8],[0,1,6,8],[2,4,6,8],[3,5,6,8],[1,2,7,8],[4,5,7,8]]
FAM D=48 ell=12 count=24 degs=[8,6,6,8,8,7,7,7,7] blocks=[[0,1,2,3],[0,1,4,5],[2,3,4,5],[0,3,4,6],[0,2,4,7],[1,3,5,7],[2,3,6,7],[1,4,6,7],[0,5,6,7],[1,3,4,8],[0,2,5,8],[0,1,6,8],[2,4,6,8],[3,5,6,8],[0,3,7,8],[4,5,7,8]]
FAM D=48 ell=12 count=24 degs=[8,7,7,7,8,6,6,8,7] blocks=[[0,1,2,3],[0,1,4,5],[2,3,4,5],[0,3,4,6],[0,2,4,7],[1,3,5,7],[2,3,6,7],[1,4,6,7],[0,5,6,7],[1,3,4,8],[0,2,5,8],[0,1,6,8],[2,4,6,8],[1,2,7,8],[0,3,7,8],[4,5,7,8]]
FAM D=48 ell=12 count=24 degs=[8,7,6,8,7,7,6,8,7] blocks=[[0,1,2,3],[0,1,4,5],[2,3,4,5],[0,3,4,6],[0,2,4,7],[1,3,5,7],[2,3,6,7],[1,4,6,7],[0,5,6,7],[1,3,4,8],[0,2,5,8],[0,1,6,8],[3,5,6,8],[1,2,7,8],[0,3,7,8],[4,5,7,8]]
FAM D=48 ell=12 count=24 degs=[7,6,7,8,8,7,6,8,7] blocks=[[0,1,2,3],[0,1,4,5],[2,3,4,5],[0,3,4,6],[0,2,4,7],[1,3,5,7],[2,3,6,7],[1,4,6,7],[0,5,6,7],[1,3,4,8],[0,2,5,8],[2,4,6,8],[3,5,6,8],[1,2,7,8],[0,3,7,8],[4,5,7,8]]
FAM D=48 ell=12 count=24 degs=[7,7,6,8,8,6,7,8,7] blocks=[[0,1,2,3],[0,1,4,5],[2,3,4,5],[0,3,4,6],[0,2,4,7],[1,3,5,7],[2,3,6,7],[1,4,6,7],[0,5,6,7],[1,3,4,8],[0,1,6,8],[2,4,6,8],[3,5,6,8],[1,2,7,8],[0,3,7,8],[4,5,7,8]]
FAM D=48 ell=12 count=24 degs=[8,6,7,7,7,7,7,8,7] blocks=[[0,1,2,3],[0,1,4,5],[2,3,4,5],[0,3,4,6],[0,2,4,7],[1,3,5,7],[2,3,6,7],[1,4,6,7],[0,5,6,7],[0,2,5,8],[0,1,6,8],[2,4,6,8],[3,5,6,8],[1,2,7,8],[0,3,7,8],[4,5,7,8]]
FAM D=48 ell=12 count=24 degs=[8,6,6,8,7,7,7,8,7] blocks=[[0,1,2,3],[0,1,4,5],[2,3,4,5],[0,3,4,6],[0,2,4,7],[1,3,5,7],[2,3,6,7],[1,4,6,7],[0,5,6,7],[0,3,5,8],[0,2,6,8],[1,3,6,8],[4,5,6,8],[0,1,7,8],[3,4,7,8],[2,5,7,8]]
FAM D=48 ell=12 count=24 degs=[7,7,7,8,8,6,6,7,8] blocks=[[0,1,2,3],[0,1,4,5],[2,3,4,5],[0,3,4,6],[0,2,4,7],[1,3,5,7],[2,3,6,7],[1,4,6,7],[1,2,4,8],[0,3,5,8],[0,2,6,8],[1,3,6,8],[4,5,6,8],[0,1,7,8],[3,4,7,8],[2,5,7,8]]
FAM D=48 ell=12 count=24 degs=[7,7,7,8,8,6,6,7,8] blocks=[[0,1,2,3],[0,1,4,5],[2,3,4,5],[0,3,4,6],[0,2,4,7],[1,3,5,7],[2,3,6,7],[1,4,6,7],[1,3,4,8],[0,2,5,8],[0,1,6,8],[2,4,6,8],[3,5,6,8],[1,2,7,8],[0,3,7,8],[4,5,7,8]]
FAM D=48 ell=12 count=24 degs=[8,6,7,8,7,7,6,7,8] blocks=[[0,1,2,3],[0,1,4,5],[2,3,4,5],[0,3,4,6],[0,2,4,7],[1,3,5,7],[2,3,6,7],[0,5,6,7],[1,2,4,8],[0,3,5,8],[0,2,6,8],[1,3,6,8],[4,5,6,8],[0,1,7,8],[3,4,7,8],[2,5,7,8]]
FAM D=48 ell=12 count=24 degs=[8,6,7,8,7,7,6,7,8] blocks=[[0,1,2,3],[0,1,4,5],[2,3,4,5],[0,3,4,6],[0,2,4,7],[1,3,5,7],[2,3,6,7],[0,5,6,7],[1,3,4,8],[0,2,5,8],[0,1,6,8],[2,4,6,8],[3,5,6,8],[1,2,7,8],[0,3,7,8],[4,5,7,8]]
FAM D=48 ell=12 count=24 degs=[8,7,6,7,8,7,6,7,8] blocks=[[0,1,2,3],[0,1,4,5],[2,3,4,5],[0,3,4,6],[0,2,4,7],[1,3,5,7],[1,4,6,7],[0,5,6,7],[1,2,4,8],[0,3,5,8],[0,2,6,8],[1,3,6,8],[4,5,6,8],[0,1,7,8],[3,4,7,8],[2,5,7,8]]
FAM D=48 ell=12 count=24 degs=[8,7,6,7,8,7,6,7,8] blocks=[[0,1,2,3],[0,1,4,5],[2,3,4,5],[0,3,4,6],[0,2,4,7],[1,3,5,7],[1,4,6,7],[0,5,6,7],[1,3,4,8],[0,2,5,8],[0,1,6,8],[2,4,6,8],[3,5,6,8],[1,2,7,8],[0,3,7,8],[4,5,7,8]]
FAM D=48 ell=12 count=24 degs=[8,6,7,7,8,6,7,7,8] blocks=[[0,1,2,3],[0,1,4,5],[2,3,4,5],[0,3,4,6],[0,2,4,7],[2,3,6,7],[1,4,6,7],[0,5,6,7],[1,2,4,8],[0,3,5,8],[0,2,6,8],[1,3,6,8],[4,5,6,8],[0,1,7,8],[3,4,7,8],[2,5,7,8]]
FAM D=48 ell=12 count=24 degs=[8,6,7,7,8,6,7,7,8] blocks=[[0,1,2,3],[0,1,4,5],[2,3,4,5],[0,3,4,6],[0,2,4,7],[2,3,6,7],[1,4,6,7],[0,5,6,7],[1,3,4,8],[0,2,5,8],[0,1,6,8],[2,4,6,8],[3,5,6,8],[1,2,7,8],[0,3,7,8],[4,5,7,8]]
FAM D=48 ell=12 count=24 degs=[8,7,6,8,8,6,7,7,7] blocks=[[0,1,2,3],[0,1,4,5],[2,3,4,5],[0,3,4,6],[1,2,4,7],[0,3,5,7],[0,2,6,7],[1,3,6,7],[4,5,6,7],[0,2,4,8],[1,3,5,8],[2,3,6,8],[1,4,6,8],[0,5,6,8],[0,1,7,8],[3,4,7,8]]
FAM D=51 ell=12 count=21 degs=[8,7,7,8,8,7,7,8,8] blocks=[[0,1,2,3],[0,1,4,5],[2,3,4,5],[0,3,4,6],[1,2,4,7],[0,3,5,7],[0,2,6,7],[1,3,6,7],[4,5,6,7],[0,2,4,8],[1,3,5,8],[2,3,6,8],[1,4,6,8],[0,5,6,8],[0,1,7,8],[3,4,7,8],[2,5,7,8]]
FAM D=48 ell=12 count=24 degs=[8,7,7,7,7,7,7,7,7] blocks=[[0,1,2,3],[0,1,4,5],[2,3,4,5],[0,3,4,6],[1,2,4,7],[0,3,5,7],[0,2,6,7],[1,3,6,7],[4,5,6,7],[0,2,4,8],[1,3,5,8],[2,3,6,8],[1,4,6,8],[0,5,6,8],[0,1,7,8],[2,5,7,8]]
FAM D=48 ell=12 count=24 degs=[7,6,7,8,8,7,7,7,7] blocks=[[0,1,2,3],[0,1,4,5],[2,3,4,5],[0,3,4,6],[1,2,4,7],[0,3,5,7],[0,2,6,7],[1,3,6,7],[4,5,6,7],[0,2,4,8],[1,3,5,8],[2,3,6,8],[1,4,6,8],[0,5,6,8],[3,4,7,8],[2,5,7,8]]
FAM D=48 ell=12 count=24 degs=[7,7,7,8,8,6,6,8,7] blocks=[[0,1,2,3],[0,1,4,5],[2,3,4,5],[0,3,4,6],[1,2,4,7],[0,3,5,7],[0,2,6,7],[1,3,6,7],[4,5,6,7],[0,2,4,8],[1,3,5,8],[2,3,6,8],[1,4,6,8],[0,1,7,8],[3,4,7,8],[2,5,7,8]]
FAM D=48 ell=12 count=24 degs=[8,6,7,8,7,7,6,8,7] blocks=[[0,1,2,3],[0,1,4,5],[2,3,4,5],[0,3,4,6],[1,2,4,7],[0,3,5,7],[0,2,6,7],[1,3,6,7],[4,5,6,7],[0,2,4,8],[1,3,5,8],[2,3,6,8],[0,5,6,8],[0,1,7,8],[3,4,7,8],[2,5,7,8]]
FAM D=48 ell=12 count=24 degs=[8,7,6,7,8,7,6,8,7] blocks=[[0,1,2,3],[0,1,4,5],[2,3,4,5],[0,3,4,6],[1,2,4,7],[0,3,5,7],[0,2,6,7],[1,3,6,7],[4,5,6,7],[0,2,4,8],[1,3,5,8],[1,4,6,8],[0,5,6,8],[0,1,7,8],[3,4,7,8],[2,5,7,8]]
FAM D=48 ell=12 count=24 degs=[8,6,7,7,8,6,7,8,7] blocks=[[0,1,2,3],[0,1,4,5],[2,3,4,5],[0,3,4,6],[1,2,4,7],[0,3,5,7],[0,2,6,7],[1,3,6,7],[4,5,6,7],[0,2,4,8],[2,3,6,8],[1,4,6,8],[0,5,6,8],[0,1,7,8],[3,4,7,8],[2,5,7,8]]
FAM D=48 ell=12 count=24 degs=[8,6,7,8,8,6,7,7,7] blocks=[[0,1,2,3],[0,1,4,5],[2,3,4,5],[0,3,4,6],[1,2,4,7],[0,3,5,7],[0,2,6,7],[1,3,6,7],[4,5,6,7],[1,3,4,8],[0,2,5,8],[0,1,6,8],[2,4,6,8],[3,5,6,8],[2,3,7,8],[0,4,7,8]]
FAM D=51 ell=12 count=21 degs=[8,7,7,8,8,7,7,8,8] blocks=[[0,1,2,3],[0,1,4,5],[2,3,4,5],[0,3,4,6],[1,2,4,7],[0,3,5,7],[0,2,6,7],[1,3,6,7],[4,5,6,7],[1,3,4,8],[0,2,5,8],[0,1,6,8],[2,4,6,8],[3,5,6,8],[2,3,7,8],[0,4,7,8],[1,5,7,8]]
FAM D=48 ell=12 count=24 degs=[7,7,7,8,7,7,7,7,7] blocks=[[0,1,2,3],[0,1,4,5],[2,3,4,5],[0,3,4,6],[1,2,4,7],[0,3,5,7],[0,2,6,7],[1,3,6,7],[4,5,6,7],[1,3,4,8],[0,2,5,8],[0,1,6,8],[2,4,6,8],[3,5,6,8],[2,3,7,8],[1,5,7,8]]
FAM D=48 ell=12 count=24 degs=[8,7,6,7,8,7,7,7,7] blocks=[[0,1,2,3],[0,1,4,5],[2,3,4,5],[0,3,4,6],[1,2,4,7],[0,3,5,7],[0,2,6,7],[1,3,6,7],[4,5,6,7],[1,3,4,8],[0,2,5,8],[0,1,6,8],[2,4,6,8],[3,5,6,8],[0,4,7,8],[1,5,7,8]]
FAM D=48 ell=12 count=24 degs=[8,7,7,7,8,6,6,8,7] blocks=[[0,1,2,3],[0,1,4,5],[2,3,4,5],[0,3,4,6],[1,2,4,7],[0,3,5,7],[0,2,6,7],[1,3,6,7],[4,5,6,7],[1,3,4,8],[0,2,5,8],[0,1,6,8],[2,4,6,8],[2,3,7,8],[0,4,7,8],[1,5,7,8]]
FAM D=48 ell=12 count=24 degs=[8,7,6,8,7,7,6,8,7] blocks=[[0,1,2,3],[0,1,4,5],[2,3,4,5],[0,3,4,6],[1,2,4,7],[0,3,5,7],[0,2,6,7],[1,3,6,7],[4,5,6,7],[1,3,4,8],[0,2,5,8],[0,1,6,8],[3,5,6,8],[2,3,7,8],[0,4,7,8],[1,5,7,8]]
FAM D=48 ell=12 count=24 degs=[7,6,7,8,8,7,6,8,7] blocks=[[0,1,2,3],[0,1,4,5],[2,3,4,5],[0,3,4,6],[1,2,4,7],[0,3,5,7],[0,2,6,7],[1,3,6,7],[4,5,6,7],[1,3,4,8],[0,2,5,8],[2,4,6,8],[3,5,6,8],[2,3,7,8],[0,4,7,8],[1,5,7,8]]
FAM D=48 ell=12 count=24 degs=[7,7,6,8,8,6,7,8,7] blocks=[[0,1,2,3],[0,1,4,5],[2,3,4,5],[0,3,4,6],[1,2,4,7],[0,3,5,7],[0,2,6,7],[1,3,6,7],[4,5,6,7],[1,3,4,8],[0,1,6,8],[2,4,6,8],[3,5,6,8],[2,3,7,8],[0,4,7,8],[1,5,7,8]]
FAM D=48 ell=12 count=24 degs=[8,6,7,7,7,7,7,8,7] blocks=[[0,1,2,3],[0,1,4,5],[2,3,4,5],[0,3,4,6],[1,2,4,7],[0,3,5,7],[0,2,6,7],[1,3,6,7],[4,5,6,7],[0,2,5,8],[0,1,6,8],[2,4,6,8],[3,5,6,8],[2,3,7,8],[0,4,7,8],[1,5,7,8]]
FAM D=48 ell=12 count=24 degs=[7,7,6,8,7,7,7,8,7] blocks=[[0,1,2,3],[0,1,4,5],[2,3,4,5],[0,3,4,6],[1,2,4,7],[0,3,5,7],[0,2,6,7],[1,3,6,7],[4,5,6,7],[1,3,5,8],[2,3,6,8],[1,4,6,8],[0,5,6,8],[0,1,7,8],[3,4,7,8],[2,5,7,8]]
FAM D=48 ell=12 count=24 degs=[8,7,7,8,7,6,6,7,8] blocks=[[0,1,2,3],[0,1,4,5],[2,3,4,5],[0,3,4,6],[1,2,4,7],[0,3,5,7],[0,2,6,7],[1,3,6,7],[0,2,4,8],[1,3,5,8],[2,3,6,8],[1,4,6,8],[0,5,6,8],[0,1,7,8],[3,4,7,8],[2,5,7,8]]
FAM D=48 ell=12 count=24 degs=[8,7,7,8,7,6,6,7,8] blocks=[[0,1,2,3],[0,1,4,5],[2,3,4,5],[0,3,4,6],[1,2,4,7],[0,3,5,7],[0,2,6,7],[1,3,6,7],[1,3,4,8],[0,2,5,8],[0,1,6,8],[2,4,6,8],[3,5,6,8],[2,3,7,8],[0,4,7,8],[1,5,7,8]]
FAM D=48 ell=12 count=24 degs=[8,6,7,7,8,7,6,7,8] blocks=[[0,1,2,3],[0,1,4,5],[2,3,4,5],[0,3,4,6],[1,2,4,7],[0,3,5,7],[0,2,6,7],[4,5,6,7],[0,2,4,8],[1,3,5,8],[2,3,6,8],[1,4,6,8],[0,5,6,8],[0,1,7,8],[3,4,7,8],[2,5,7,8]]
FAM D=48 ell=12 count=24 degs=[8,6,7,7,8,7,6,7,8] blocks=[[0,1,2,3],[0,1,4,5],[2,3,4,5],[0,3,4,6],[1,2,4,7],[0,3,5,7],[0,2,6,7],[4,5,6,7],[1,3,4,8],[0,2,5,8],[0,1,6,8],[2,4,6,8],[3,5,6,8],[2,3,7,8],[0,4,7,8],[1,5,7,8]]
FAM D=48 ell=12 count=24 degs=[7,7,6,8,8,7,6,7,8] blocks=[[0,1,2,3],[0,1,4,5],[2,3,4,5],[0,3,4,6],[1,2,4,7],[0,3,5,7],[1,3,6,7],[4,5,6,7],[0,2,4,8],[1,3,5,8],[2,3,6,8],[1,4,6,8],[0,5,6,8],[0,1,7,8],[3,4,7,8],[2,5,7,8]]
FAM D=48 ell=12 count=24 degs=[7,7,6,8,8,7,6,7,8] blocks=[[0,1,2,3],[0,1,4,5],[2,3,4,5],[0,3,4,6],[1,2,4,7],[0,3,5,7],[1,3,6,7],[4,5,6,7],[1,3,4,8],[0,2,5,8],[0,1,6,8],[2,4,6,8],[3,5,6,8],[2,3,7,8],[0,4,7,8],[1,5,7,8]]
FAM D=48 ell=12 count=24 degs=[7,7,7,7,8,6,7,7,8] blocks=[[0,1,2,3],[0,1,4,5],[2,3,4,5],[0,3,4,6],[1,2,4,7],[0,2,6,7],[1,3,6,7],[4,5,6,7],[0,2,4,8],[1,3,5,8],[2,3,6,8],[1,4,6,8],[0,5,6,8],[0,1,7,8],[3,4,7,8],[2,5,7,8]]
FAM D=48 ell=12 count=24 degs=[7,7,7,7,8,6,7,7,8] blocks=[[0,1,2,3],[0,1,4,5],[2,3,4,5],[0,3,4,6],[1,2,4,7],[0,2,6,7],[1,3,6,7],[4,5,6,7],[1,3,4,8],[0,2,5,8],[0,1,6,8],[2,4,6,8],[3,5,6,8],[2,3,7,8],[0,4,7,8],[1,5,7,8]]
FAM D=48 ell=12 count=24 degs=[8,7,7,8,7,6,7,7,7] blocks=[[0,1,2,3],[0,1,4,5],[2,3,4,5],[0,3,4,6],[1,3,4,7],[0,2,5,7],[0,1,6,7],[2,4,6,7],[3,5,6,7],[0,2,4,8],[1,3,5,8],[2,3,6,8],[1,4,6,8],[0,5,6,8],[1,2,7,8],[0,3,7,8]]
FAM D=51 ell=12 count=21 degs=[8,7,7,8,8,7,7,8,8] blocks=[[0,1,2,3],[0,1,4,5],[2,3,4,5],[0,3,4,6],[1,3,4,7],[0,2,5,7],[0,1,6,7],[2,4,6,7],[3,5,6,7],[0,2,4,8],[1,3,5,8],[2,3,6,8],[1,4,6,8],[0,5,6,8],[1,2,7,8],[0,3,7,8],[4,5,7,8]]
FAM D=48 ell=12 count=24 degs=[7,7,7,7,8,7,7,7,7] blocks=[[0,1,2,3],[0,1,4,5],[2,3,4,5],[0,3,4,6],[1,3,4,7],[0,2,5,7],[0,1,6,7],[2,4,6,7],[3,5,6,7],[0,2,4,8],[1,3,5,8],[2,3,6,8],[1,4,6,8],[0,5,6,8],[1,2,7,8],[4,5,7,8]]
FAM D=48 ell=12 count=24 degs=[8,6,6,8,8,7,7,7,7] blocks=[[0,1,2,3],[0,1,4,5],[2,3,4,5],[0,3,4,6],[1,3,4,7],[0,2,5,7],[0,1,6,7],[2,4,6,7],[3,5,6,7],[0,2,4,8],[1,3,5,8],[2,3,6,8],[1,4,6,8],[0,5,6,8],[0,3,7,8],[4,5,7,8]]
FAM D=48 ell=12 count=24 degs=[7,7,7,8,8,6,6,8,7] blocks=[[0,1,2,3],[0,1,4,5],[2,3,4,5],[0,3,4,6],[1,3,4,7],[0,2,5,7],[0,1,6,7],[2,4,6,7],[3,5,6,7],[0,2,4,8],[1,3,5,8],[2,3,6,8],[1,4,6,8],[1,2,7,8],[0,3,7,8],[4,5,7,8]]
FAM D=48 ell=12 count=24 degs=[8,6,7,8,7,7,6,8,7] blocks=[[0,1,2,3],[0,1,4,5],[2,3,4,5],[0,3,4,6],[1,3,4,7],[0,2,5,7],[0,1,6,7],[2,4,6,7],[3,5,6,7],[0,2,4,8],[1,3,5,8],[2,3,6,8],[0,5,6,8],[1,2,7,8],[0,3,7,8],[4,5,7,8]]
FAM D=48 ell=12 count=24 degs=[8,7,6,7,8,7,6,8,7] blocks=[[0,1,2,3],[0,1,4,5],[2,3,4,5],[0,3,4,6],[1,3,4,7],[0,2,5,7],[0,1,6,7],[2,4,6,7],[3,5,6,7],[0,2,4,8],[1,3,5,8],[1,4,6,8],[0,5,6,8],[1,2,7,8],[0,3,7,8],[4,5,7,8]]
FAM D=48 ell=12 count=24 degs=[8,6,7,7,8,6,7,8,7] blocks=[[0,1,2,3],[0,1,4,5],[2,3,4,5],[0,3,4,6],[1,3,4,7],[0,2,5,7],[0,1,6,7],[2,4,6,7],[3,5,6,7],[0,2,4,8],[2,3,6,8],[1,4,6,8],[0,5,6,8],[1,2,7,8],[0,3,7,8],[4,5,7,8]]
FAM D=48 ell=12 count=24 degs=[8,6,7,8,8,6,7,7,7] blocks=[[0,1,2,3],[0,1,4,5],[2,3,4,5],[0,3,4,6],[1,3,4,7],[0,2,5,7],[0,1,6,7],[2,4,6,7],[3,5,6,7],[1,2,4,8],[0,3,5,8],[0,2,6,8],[1,3,6,8],[4,5,6,8],[2,3,7,8],[0,4,7,8]]
FAM D=51 ell=12 count=21 degs=[8,7,7,8,8,7,7,8,8] blocks=[[0,1,2,3],[0,1,4,5],[2,3,4,5],[0,3,4,6],[1,3,4,7],[0,2,5,7],[0,1,6,7],[2,4,6,7],[3,5,6,7],[1,2,4,8],[0,3,5,8],[0,2,6,8],[1,3,6,8],[4,5,6,8],[2,3,7,8],[0,4,7,8],[1,5,7,8]]
FAM D=48 ell=12 count=24 degs=[7,7,7,8,7,7,7,7,7] blocks=[[0,1,2,3],[0,1,4,5],[2,3,4,5],[0,3,4,6],[1,3,4,7],[0,2,5,7],[0,1,6,7],[2,4,6,7],[3,5,6,7],[1,2,4,8],[0,3,5,8],[0,2,6,8],[1,3,6,8],[4,5,6,8],[2,3,7,8],[1,5,7,8]]
FAM D=48 ell=12 count=24 degs=[8,7,6,7,8,7,7,7,7] blocks=[[0,1,2,3],[0,1,4,5],[2,3,4,5],[0,3,4,6],[1,3,4,7],[0,2,5,7],[0,1,6,7],[2,4,6,7],[3,5,6,7],[1,2,4,8],[0,3,5,8],[0,2,6,8],[1,3,6,8],[4,5,6,8],[0,4,7,8],[1,5,7,8]]
FAM D=48 ell=12 count=24 degs=[8,7,7,8,7,6,6,8,7] blocks=[[0,1,2,3],[0,1,4,5],[2,3,4,5],[0,3,4,6],[1,3,4,7],[0,2,5,7],[0,1,6,7],[2,4,6,7],[3,5,6,7],[1,2,4,8],[0,3,5,8],[0,2,6,8],[1,3,6,8],[2,3,7,8],[0,4,7,8],[1,5,7,8]]
FAM D=48 ell=12 count=24 degs=[8,6,7,7,8,7,6,8,7] blocks=[[0,1,2,3],[0,1,4,5],[2,3,4,5],[0,3,4,6],[1,3,4,7],[0,2,5,7],[0,1,6,7],[2,4,6,7],[3,5,6,7],[1,2,4,8],[0,3,5,8],[0,2,6,8],[4,5,6,8],[2,3,7,8],[0,4,7,8],[1,5,7,8]]
FAM D=48 ell=12 count=24 degs=[7,7,6,8,8,7,6,8,7] blocks=[[0,1,2,3],[0,1,4,5],[2,3,4,5],[0,3,4,6],[1,3,4,7],[0,2,5,7],[0,1,6,7],[2,4,6,7],[3,5,6,7],[1,2,4,8],[0,3,5,8],[1,3,6,8],[4,5,6,8],[2,3,7,8],[0,4,7,8],[1,5,7,8]]
FAM D=48 ell=12 count=24 degs=[7,7,7,7,8,6,7,8,7] blocks=[[0,1,2,3],[0,1,4,5],[2,3,4,5],[0,3,4,6],[1,3,4,7],[0,2,5,7],[0,1,6,7],[2,4,6,7],[3,5,6,7],[1,2,4,8],[0,2,6,8],[1,3,6,8],[4,5,6,8],[2,3,7,8],[0,4,7,8],[1,5,7,8]]
FAM D=48 ell=12 count=24 degs=[8,6,6,8,7,7,7,8,7] blocks=[[0,1,2,3],[0,1,4,5],[2,3,4,5],[0,3,4,6],[1,3,4,7],[0,2,5,7],[0,1,6,7],[2,4,6,7],[3,5,6,7],[0,3,5,8],[0,2,6,8],[1,3,6,8],[4,5,6,8],[2,3,7,8],[0,4,7,8],[1,5,7,8]]
FAM D=48 ell=12 count=24 degs=[7,7,6,8,7,7,7,8,7] blocks=[[0,1,2,3],[0,1,4,5],[2,3,4,5],[0,3,4,6],[1,3,4,7],[0,2,5,7],[0,1,6,7],[2,4,6,7],[3,5,6,7],[1,3,5,8],[2,3,6,8],[1,4,6,8],[0,5,6,8],[1,2,7,8],[0,3,7,8],[4,5,7,8]]
FAM D=48 ell=12 count=24 degs=[8,7,7,7,8,6,6,7,8] blocks=[[0,1,2,3],[0,1,4,5],[2,3,4,5],[0,3,4,6],[1,3,4,7],[0,2,5,7],[0,1,6,7],[2,4,6,7],[0,2,4,8],[1,3,5,8],[2,3,6,8],[1,4,6,8],[0,5,6,8],[1,2,7,8],[0,3,7,8],[4,5,7,8]]
FAM D=48 ell=12 count=24 degs=[8,7,7,7,8,6,6,7,8] blocks=[[0,1,2,3],[0,1,4,5],[2,3,4,5],[0,3,4,6],[1,3,4,7],[0,2,5,7],[0,1,6,7],[2,4,6,7],[1,2,4,8],[0,3,5,8],[0,2,6,8],[1,3,6,8],[4,5,6,8],[2,3,7,8],[0,4,7,8],[1,5,7,8]]
FAM D=48 ell=12 count=24 degs=[8,7,6,8,7,7,6,7,8] blocks=[[0,1,2,3],[0,1,4,5],[2,3,4,5],[0,3,4,6],[1,3,4,7],[0,2,5,7],[0,1,6,7],[3,5,6,7],[0,2,4,8],[1,3,5,8],[2,3,6,8],[1,4,6,8],[0,5,6,8],[1,2,7,8],[0,3,7,8],[4,5,7,8]]
FAM D=48 ell=12 count=24 degs=[8,7,6,8,7,7,6,7,8] blocks=[[0,1,2,3],[0,1,4,5],[2,3,4,5],[0,3,4,6],[1,3,4,7],[0,2,5,7],[0,1,6,7],[3,5,6,7],[1,2,4,8],[0,3,5,8],[0,2,6,8],[1,3,6,8],[4,5,6,8],[2,3,7,8],[0,4,7,8],[1,5,7,8]]
FAM D=48 ell=12 count=24 degs=[7,6,7,8,8,7,6,7,8] blocks=[[0,1,2,3],[0,1,4,5],[2,3,4,5],[0,3,4,6],[1,3,4,7],[0,2,5,7],[2,4,6,7],[3,5,6,7],[0,2,4,8],[1,3,5,8],[2,3,6,8],[1,4,6,8],[0,5,6,8],[1,2,7,8],[0,3,7,8],[4,5,7,8]]
FAM D=48 ell=12 count=24 degs=[7,6,7,8,8,7,6,7,8] blocks=[[0,1,2,3],[0,1,4,5],[2,3,4,5],[0,3,4,6],[1,3,4,7],[0,2,5,7],[2,4,6,7],[3,5,6,7],[1,2,4,8],[0,3,5,8],[0,2,6,8],[1,3,6,8],[4,5,6,8],[2,3,7,8],[0,4,7,8],[1,5,7,8]]
FAM D=48 ell=12 count=24 degs=[7,7,6,8,8,6,7,7,8] blocks=[[0,1,2,3],[0,1,4,5],[2,3,4,5],[0,3,4,6],[1,3,4,7],[0,1,6,7],[2,4,6,7],[3,5,6,7],[0,2,4,8],[1,3,5,8],[2,3,6,8],[1,4,6,8],[0,5,6,8],[1,2,7,8],[0,3,7,8],[4,5,7,8]]
FAM D=48 ell=12 count=24 degs=[7,7,6,8,8,6,7,7,8] blocks=[[0,1,2,3],[0,1,4,5],[2,3,4,5],[0,3,4,6],[1,3,4,7],[0,1,6,7],[2,4,6,7],[3,5,6,7],[1,2,4,8],[0,3,5,8],[0,2,6,8],[1,3,6,8],[4,5,6,8],[2,3,7,8],[0,4,7,8],[1,5,7,8]]
FAM D=48 ell=12 count=24 degs=[8,6,7,7,7,7,7,7,8] blocks=[[0,1,2,3],[0,1,4,5],[2,3,4,5],[0,3,4,6],[0,2,5,7],[0,1,6,7],[2,4,6,7],[3,5,6,7],[0,2,4,8],[1,3,5,8],[2,3,6,8],[1,4,6,8],[0,5,6,8],[1,2,7,8],[0,3,7,8],[4,5,7,8]]
FAM D=48 ell=12 count=24 degs=[8,6,7,7,7,7,7,7,8] blocks=[[0,1,2,3],[0,1,4,5],[2,3,4,5],[0,3,4,6],[0,2,5,7],[0,1,6,7],[2,4,6,7],[3,5,6,7],[1,2,4,8],[0,3,5,8],[0,2,6,8],[1,3,6,8],[4,5,6,8],[2,3,7,8],[0,4,7,8],[1,5,7,8]]
FAM D=48 ell=12 count=24 degs=[8,6,6,8,7,7,7,7,8] blocks=[[0,1,2,3],[0,1,4,5],[2,3,4,5],[0,3,4,6],[0,3,5,7],[0,2,6,7],[1,3,6,7],[4,5,6,7],[0,2,4,8],[1,3,5,8],[2,3,6,8],[1,4,6,8],[0,5,6,8],[0,1,7,8],[3,4,7,8],[2,5,7,8]]
FAM D=48 ell=12 count=24 degs=[8,6,6,8,7,7,7,7,8] blocks=[[0,1,2,3],[0,1,4,5],[2,3,4,5],[0,3,4,6],[0,3,5,7],[0,2,6,7],[1,3,6,7],[4,5,6,7],[1,3,4,8],[0,2,5,8],[0,1,6,8],[2,4,6,8],[3,5,6,8],[2,3,7,8],[0,4,7,8],[1,5,7,8]]
FAM D=48 ell=12 count=24 degs=[7,7,6,8,7,7,7,7,8] blocks=[[0,1,2,3],[0,1,4,5],[2,3,4,5],[0,3,4,6],[1,3,5,7],[2,3,6,7],[1,4,6,7],[0,5,6,7],[1,2,4,8],[0,3,5,8],[0,2,6,8],[1,3,6,8],[4,5,6,8],[0,1,7,8],[3,4,7,8],[2,5,7,8]]
FAM D=48 ell=12 count=24 degs=[7,7,6,8,7,7,7,7,8] blocks=[[0,1,2,3],[0,1,4,5],[2,3,4,5],[0,3,4,6],[1,3,5,7],[2,3,6,7],[1,4,6,7],[0,5,6,7],[1,3,4,8],[0,2,5,8],[0,1,6,8],[2,4,6,8],[3,5,6,8],[1,2,7,8],[0,3,7,8],[4,5,7,8]]
FAM D=48 ell=12 count=24 degs=[8,8,7,7,7,7,8,6,6] blocks=[[0,1,2,3],[0,1,4,5],[2,3,4,5],[1,3,4,6],[0,2,5,6],[0,2,4,7],[1,3,5,7],[1,2,6,7],[0,3,6,7],[4,5,6,7],[1,2,4,8],[0,3,5,8],[2,3,6,8],[0,4,6,8],[1,5,6,8],[0,1,7,8]]
FAM D=51 ell=12 count=21 degs=[8,8,7,8,8,7,8,7,7] blocks=[[0,1,2,3],[0,1,4,5],[2,3,4,5],[1,3,4,6],[0,2,5,6],[0,2,4,7],[1,3,5,7],[1,2,6,7],[0,3,6,7],[4,5,6,7],[1,2,4,8],[0,3,5,8],[2,3,6,8],[0,4,6,8],[1,5,6,8],[0,1,7,8],[3,4,7,8]]
FAM D=54 ell=12 count=18 degs=[8,8,8,8,8,8,8,8,8] blocks=[[0,1,2,3],[0,1,4,5],[2,3,4,5],[1,3,4,6],[0,2,5,6],[0,2,4,7],[1,3,5,7],[1,2,6,7],[0,3,6,7],[4,5,6,7],[1,2,4,8],[0,3,5,8],[2,3,6,8],[0,4,6,8],[1,5,6,8],[0,1,7,8],[3,4,7,8],[2,5,7,8]]
FAM D=51 ell=12 count=21 degs=[8,8,8,7,7,8,8,7,7] blocks=[[0,1,2,3],[0,1,4,5],[2,3,4,5],[1,3,4,6],[0,2,5,6],[0,2,4,7],[1,3,5,7],[1,2,6,7],[0,3,6,7],[4,5,6,7],[1,2,4,8],[0,3,5,8],[2,3,6,8],[0,4,6,8],[1,5,6,8],[0,1,7,8],[2,5,7,8]]
FAM D=48 ell=12 count=24 degs=[7,7,7,8,8,7,8,6,6] blocks=[[0,1,2,3],[0,1,4,5],[2,3,4,5],[1,3,4,6],[0,2,5,6],[0,2,4,7],[1,3,5,7],[1,2,6,7],[0,3,6,7],[4,5,6,7],[1,2,4,8],[0,3,5,8],[2,3,6,8],[0,4,6,8],[1,5,6,8],[3,4,7,8]]
FAM D=51 ell=12 count=21 degs=[7,7,8,8,8,8,8,7,7] blocks=[[0,1,2,3],[0,1,4,5],[2,3,4,5],[1,3,4,6],[0,2,5,6],[0,2,4,7],[1,3,5,7],[1,2,6,7],[0,3,6,7],[4,5,6,7],[1,2,4,8],[0,3,5,8],[2,3,6,8],[0,4,6,8],[1,5,6,8],[3,4,7,8],[2,5,7,8]]
FAM D=48 ell=12 count=24 degs=[7,7,8,7,7,8,8,6,6] blocks=[[0,1,2,3],[0,1,4,5],[2,3,4,5],[1,3,4,6],[0,2,5,6],[0,2,4,7],[1,3,5,7],[1,2,6,7],[0,3,6,7],[4,5,6,7],[1,2,4,8],[0,3,5,8],[2,3,6,8],[0,4,6,8],[1,5,6,8],[2,5,7,8]]
FAM D=48 ell=12 count=24 degs=[8,7,7,8,8,6,7,7,6] blocks=[[0,1,2,3],[0,1,4,5],[2,3,4,5],[1,3,4,6],[0,2,5,6],[0,2,4,7],[1,3,5,7],[1,2,6,7],[0,3,6,7],[4,5,6,7],[1,2,4,8],[0,3,5,8],[2,3,6,8],[0,4,6,8],[0,1,7,8],[3,4,7,8]]
FAM D=51 ell=12 count=21 degs=[8,7,8,8,8,7,7,8,7] blocks=[[0,1,2,3],[0,1,4,5],[2,3,4,5],[1,3,4,6],[0,2,5,6],[0,2,4,7],[1,3,5,7],[1,2,6,7],[0,3,6,7],[4,5,6,7],[1,2,4,8],[0,3,5,8],[2,3,6,8],[0,4,6,8],[0,1,7,8],[3,4,7,8],[2,5,7,8]]
FAM D=48 ell=12 count=24 degs=[8,7,8,7,7,7,7,7,6] blocks=[[0,1,2,3],[0,1,4,5],[2,3,4,5],[1,3,4,6],[0,2,5,6],[0,2,4,7],[1,3,5,7],[1,2,6,7],[0,3,6,7],[4,5,6,7],[1,2,4,8],[0,3,5,8],[2,3,6,8],[0,4,6,8],[0,1,7,8],[2,5,7,8]]
FAM D=48 ell=12 count=24 degs=[7,6,8,8,8,7,7,7,6] blocks=[[0,1,2,3],[0,1,4,5],[2,3,4,5],[1,3,4,6],[0,2,5,6],[0,2,4,7],[1,3,5,7],[1,2,6,7],[0,3,6,7],[4,5,6,7],[1,2,4,8],[0,3,5,8],[2,3,6,8],[0,4,6,8],[3,4,7,8],[2,5,7,8]]
FAM D=48 ell=12 count=24 degs=[7,8,7,8,7,7,7,7,6] blocks=[[0,1,2,3],[0,1,4,5],[2,3,4,5],[1,3,4,6],[0,2,5,6],[0,2,4,7],[1,3,5,7],[1,2,6,7],[0,3,6,7],[4,5,6,7],[1,2,4,8],[0,3,5,8],[2,3,6,8],[1,5,6,8],[0,1,7,8],[3,4,7,8]]
FAM D=51 ell=12 count=21 degs=[7,8,8,8,7,8,7,8,7] blocks=[[0,1,2,3],[0,1,4,5],[2,3,4,5],[1,3,4,6],[0,2,5,6],[0,2,4,7],[1,3,5,7],[1,2,6,7],[0,3,6,7],[4,5,6,7],[1,2,4,8],[0,3,5,8],[2,3,6,8],[1,5,6,8],[0,1,7,8],[3,4,7,8],[2,5,7,8]]
FAM D=48 ell=12 count=24 degs=[7,8,8,7,6,8,7,7,6] blocks=[[0,1,2,3],[0,1,4,5],[2,3,4,5],[1,3,4,6],[0,2,5,6],[0,2,4,7],[1,3,5,7],[1,2,6,7],[0,3,6,7],[4,5,6,7],[1,2,4,8],[0,3,5,8],[2,3,6,8],[1,5,6,8],[0,1,7,8],[2,5,7,8]]
FAM D=48 ell=12 count=24 degs=[6,7,8,8,7,8,7,7,6] blocks=[[0,1,2,3],[0,1,4,5],[2,3,4,5],[1,3,4,6],[0,2,5,6],[0,2,4,7],[1,3,5,7],[1,2,6,7],[0,3,6,7],[4,5,6,7],[1,2,4,8],[0,3,5,8],[2,3,6,8],[1,5,6,8],[3,4,7,8],[2,5,7,8]]
FAM D=48 ell=12 count=24 degs=[7,7,8,8,7,7,6,8,6] blocks=[[0,1,2,3],[0,1,4,5],[2,3,4,5],[1,3,4,6],[0,2,5,6],[0,2,4,7],[1,3,5,7],[1,2,6,7],[0,3,6,7],[4,5,6,7],[1,2,4,8],[0,3,5,8],[2,3,6,8],[0,1,7,8],[3,4,7,8],[2,5,7,8]]
FAM D=48 ell=12 count=24 degs=[8,8,6,7,8,7,7,7,6] blocks=[[0,1,2,3],[0,1,4,5],[2,3,4,5],[1,3,4,6],[0,2,5,6],[0,2,4,7],[1,3,5,7],[1,2,6,7],[0,3,6,7],[4,5,6,7],[1,2,4,8],[0,3,5,8],[0,4,6,8],[1,5,6,8],[0,1,7,8],[3,4,7,8]]
FAM D=51 ell=12 count=21 degs=[8,8,7,7,8,8,7,8,7] blocks=[[0,1,2,3],[0,1,4,5],[2,3,4,5],[1,3,4,6],[0,2,5,6],[0,2,4,7],[1,3,5,7],[1,2,6,7],[0,3,6,7],[4,5,6,7],[1,2,4,8],[0,3,5,8],[0,4,6,8],[1,5,6,8],[0,1,7,8],[3,4,7,8],[2,5,7,8]]
FAM D=48 ell=12 count=24 degs=[8,8,7,6,7,8,7,7,6] blocks=[[0,1,2,3],[0,1,4,5],[2,3,4,5],[1,3,4,6],[0,2,5,6],[0,2,4,7],[1,3,5,7],[1,2,6,7],[0,3,6,7],[4,5,6,7],[1,2,4,8],[0,3,5,8],[0,4,6,8],[1,5,6,8],[0,1,7,8],[2,5,7,8]]
FAM D=48 ell=12 count=24 degs=[7,7,7,7,8,8,7,7,6] blocks=[[0,1,2,3],[0,1,4,5],[2,3,4,5],[1,3,4,6],[0,2,5,6],[0,2,4,7],[1,3,5,7],[1,2,6,7],[0,3,6,7],[4,5,6,7],[1,2,4,8],[0,3,5,8],[0,4,6,8],[1,5,6,8],[3,4,7,8],[2,5,7,8]]
FAM D=48 ell=12 count=24 degs=[8,7,7,7,8,7,6,8,6] blocks=[[0,1,2,3],[0,1,4,5],[2,3,4,5],[1,3,4,6],[0,2,5,6],[0,2,4,7],[1,3,5,7],[1,2,6,7],[0,3,6,7],[4,5,6,7],[1,2,4,8],[0,3,5,8],[0,4,6,8],[0,1,7,8],[3,4,7,8],[2,5,7,8]]
FAM D=48 ell=12 count=24 degs=[7,8,7,7,7,8,6,8,6] blocks=[[0,1,2,3],[0,1,4,5],[2,3,4,5],[1,3,4,6],[0,2,5,6],[0,2,4,7],[1,3,5,7],[1,2,6,7],[0,3,6,7],[4,5,6,7],[1,2,4,8],[0,3,5,8],[1,5,6,8],[0,1,7,8],[3,4,7,8],[2,5,7,8]]
FAM D=48 ell=12 count=24 degs=[7,8,7,7,8,6,8,7,6] blocks=[[0,1,2,3],[0,1,4,5],[2,3,4,5],[1,3,4,6],[0,2,5,6],[0,2,4,7],[1,3,5,7],[1,2,6,7],[0,3,6,7],[4,5,6,7],[1,2,4,8],[2,3,6,8],[0,4,6,8],[1,5,6,8],[0,1,7,8],[3,4,7,8]]
FAM D=51 ell=12 count=21 degs=[7,8,8,7,8,7,8,8,7] blocks=[[0,1,2,3],[0,1,4,5],[2,3,4,5],[1,3,4,6],[0,2,5,6],[0,2,4,7],[1,3,5,7],[1,2,6,7],[0,3,6,7],[4,5,6,7],[1,2,4,8],[2,3,6,8],[0,4,6,8],[1,5,6,8],[0,1,7,8],[3,4,7,8],[2,5,7,8]]
FAM D=48 ell=12 count=24 degs=[7,8,8,6,7,7,8,7,6] blocks=[[0,1,2,3],[0,1,4,5],[2,3,4,5],[1,3,4,6],[0,2,5,6],[0,2,4,7],[1,3,5,7],[1,2,6,7],[0,3,6,7],[4,5,6,7],[1,2,4,8],[2,3,6,8],[0,4,6,8],[1,5,6,8],[0,1,7,8],[2,5,7,8]]
FAM D=48 ell=12 count=24 degs=[6,7,8,7,8,7,8,7,6] blocks=[[0,1,2,3],[0,1,4,5],[2,3,4,5],[1,3,4,6],[0,2,5,6],[0,2,4,7],[1,3,5,7],[1,2,6,7],[0,3,6,7],[4,5,6,7],[1,2,4,8],[2,3,6,8],[0,4,6,8],[1,5,6,8],[3,4,7,8],[2,5,7,8]]
FAM D=48 ell=12 count=24 degs=[7,7,8,7,8,6,7,8,6] blocks=[[0,1,2,3],[0,1,4,5],[2,3,4,5],[1,3,4,6],[0,2,5,6],[0,2,4,7],[1,3,5,7],[1,2,6,7],[0,3,6,7],[4,5,6,7],[1,2,4,8],[2,3,6,8],[0,4,6,8],[0,1,7,8],[3,4,7,8],[2,5,7,8]]
FAM D=48 ell=12 count=24 degs=[6,8,8,7,7,7,7,8,6] blocks=[[0,1,2,3],[0,1,4,5],[2,3,4,5],[1,3,4,6],[0,2,5,6],[0,2,4,7],[1,3,5,7],[1,2,6,7],[0,3,6,7],[4,5,6,7],[1,2,4,8],[2,3,6,8],[1,5,6,8],[0,1,7,8],[3,4,7,8],[2,5,7,8]]
FAM D=48 ell=12 count=24 degs=[7,8,7,6,8,7,7,8,6] blocks=[[0,1,2,3],[0,1,4,5],[2,3,4,5],[1,3,4,6],[0,2,5,6],[0,2,4,7],[1,3,5,7],[1,2,6,7],[0,3,6,7],[4,5,6,7],[1,2,4,8],[0,4,6,8],[1,5,6,8],[0,1,7,8],[3,4,7,8],[2,5,7,8]]
FAM D=48 ell=12 count=24 degs=[7,7,8,8,7,7,8,6,6] blocks=[[0,1,2,3],[0,1,4,5],[2,3,4,5],[1,3,4,6],[0,2,5,6],[0,2,4,7],[1,3,5,7],[1,2,6,7],[0,3,6,7],[4,5,6,7],[0,3,4,8],[1,2,5,8],[0,1,6,8],[2,4,6,8],[3,5,6,8],[2,3,7,8]]
FAM D=51 ell=12 count=21 degs=[7,8,8,8,8,7,8,7,7] blocks=[[0,1,2,3],[0,1,4,5],[2,3,4,5],[1,3,4,6],[0,2,5,6],[0,2,4,7],[1,3,5,7],[1,2,6,7],[0,3,6,7],[4,5,6,7],[0,3,4,8],[1,2,5,8],[0,1,6,8],[2,4,6,8],[3,5,6,8],[2,3,7,8],[1,4,7,8]]
FAM D=54 ell=12 count=18 degs=[8,8,8,8,8,8,8,8,8] blocks=[[0,1,2,3],[0,1,4,5],[2,3,4,5],[1,3,4,6],[0,2,5,6],[0,2,4,7],[1,3,5,7],[1,2,6,7],[0,3,6,7],[4,5,6,7],[0,3,4,8],[1,2,5,8],[0,1,6,8],[2,4,6,8],[3,5,6,8],[2,3,7,8],[1,4,7,8],[0,5,7,8]]
FAM D=51 ell=12 count=21 degs=[8,7,8,8,7,8,8,7,7] blocks=[[0,1,2,3],[0,1,4,5],[2,3,4,5],[1,3,4,6],[0,2,5,6],[0,2,4,7],[1,3,5,7],[1,2,6,7],[0,3,6,7],[4,5,6,7],[0,3,4,8],[1,2,5,8],[0,1,6,8],[2,4,6,8],[3,5,6,8],[2,3,7,8],[0,5,7,8]]
FAM D=48 ell=12 count=24 degs=[7,8,7,7,8,7,8,6,6] blocks=[[0,1,2,3],[0,1,4,5],[2,3,4,5],[1,3,4,6],[0,2,5,6],[0,2,4,7],[1,3,5,7],[1,2,6,7],[0,3,6,7],[4,5,6,7],[0,3,4,8],[1,2,5,8],[0,1,6,8],[2,4,6,8],[3,5,6,8],[1,4,7,8]]
FAM D=51 ell=12 count=21 degs=[8,8,7,7,8,8,8,7,7] blocks=[[0,1,2,3],[0,1,4,5],[2,3,4,5],[1,3,4,6],[0,2,5,6],[0,2,4,7],[1,3,5,7],[1,2,6,7],[0,3,6,7],[4,5,6,7],[0,3,4,8],[1,2,5,8],[0,1,6,8],[2,4,6,8],[3,5,6,8],[1,4,7,8],[0,5,7,8]]
FAM D=48 ell=12 count=24 degs=[8,7,7,7,7,8,8,6,6] blocks=[[0,1,2,3],[0,1,4,5],[2,3,4,5],[1,3,4,6],[0,2,5,6],[0,2,4,7],[1,3,5,7],[1,2,6,7],[0,3,6,7],[4,5,6,7],[0,3,4,8],[1,2,5,8],[0,1,6,8],[2,4,6,8],[3,5,6,8],[0,5,7,8]]
FAM D=48 ell=12 count=24 degs=[7,8,8,7,8,6,7,7,6] blocks=[[0,1,2,3],[0,1,4,5],[2,3,4,5],[1,3,4,6],[0,2,5,6],[0,2,4,7],[1,3,5,7],[1,2,6,7],[0,3,6,7],[4,5,6,7],[0,3,4,8],[1,2,5,8],[0,1,6,8],[2,4,6,8],[2,3,7,8],[1,4,7,8]]
FAM D=51 ell=12 count=21 degs=[8,8,8,7,8,7,7,8,7] blocks=[[0,1,2,3],[0,1,4,5],[2,3,4,5],[1,3,4,6],[0,2,5,6],[0,2,4,7],[1,3,5,7],[1,2,6,7],[0,3,6,7],[4,5,6,7],[0,3,4,8],[1,2,5,8],[0,1,6,8],[2,4,6,8],[2,3,7,8],[1,4,7,8],[0,5,7,8]]
FAM D=48 ell=12 count=24 degs=[8,7,8,7,7,7,7,7,6] blocks=[[0,1,2,3],[0,1,4,5],[2,3,4,5],[1,3,4,6],[0,2,5,6],[0,2,4,7],[1,3,5,7],[1,2,6,7],[0,3,6,7],[4,5,6,7],[0,3,4,8],[1,2,5,8],[0,1,6,8],[2,4,6,8],[2,3,7,8],[0,5,7,8]]
FAM D=48 ell=12 count=24 degs=[8,8,7,6,8,7,7,7,6] blocks=[[0,1,2,3],[0,1,4,5],[2,3,4,5],[1,3,4,6],[0,2,5,6],[0,2,4,7],[1,3,5,7],[1,2,6,7],[0,3,6,7],[4,5,6,7],[0,3,4,8],[1,2,5,8],[0,1,6,8],[2,4,6,8],[1,4,7,8],[0,5,7,8]]
FAM D=48 ell=12 count=24 degs=[7,8,7,8,7,7,7,7,6] blocks=[[0,1,2,3],[0,1,4,5],[2,3,4,5],[1,3,4,6],[0,2,5,6],[0,2,4,7],[1,3,5,7],[1,2,6,7],[0,3,6,7],[4,5,6,7],[0,3,4,8],[1,2,5,8],[0,1,6,8],[3,5,6,8],[2,3,7,8],[1,4,7,8]]
FAM D=51 ell=12 count=21 degs=[8,8,7,8,7,8,7,8,7] blocks=[[0,1,2,3],[0,1,4,5],[2,3,4,5],[1,3,4,6],[0,2,5,6],[0,2,4,7],[1,3,5,7],[1,2,6,7],[0,3,6,7],[4,5,6,7],[0,3,4,8],[1,2,5,8],[0,1,6,8],[3,5,6,8],[2,3,7,8],[1,4,7,8],[0,5,7,8]]
FAM D=48 ell=12 count=24 degs=[8,7,7,8,6,8,7,7,6] blocks=[[0,1,2,3],[0,1,4,5],[2,3,4,5],[1,3,4,6],[0,2,5,6],[0,2,4,7],[1,3,5,7],[1,2,6,7],[0,3,6,7],[4,5,6,7],[0,3,4,8],[1,2,5,8],[0,1,6,8],[3,5,6,8],[2,3,7,8],[0,5,7,8]]
FAM D=48 ell=12 count=24 degs=[8,8,6,7,7,8,7,7,6] blocks=[[0,1,2,3],[0,1,4,5],[2,3,4,5],[1,3,4,6],[0,2,5,6],[0,2,4,7],[1,3,5,7],[1,2,6,7],[0,3,6,7],[4,5,6,7],[0,3,4,8],[1,2,5,8],[0,1,6,8],[3,5,6,8],[1,4,7,8],[0,5,7,8]]
FAM D=48 ell=12 count=24 degs=[8,8,7,7,7,7,6,8,6] blocks=[[0,1,2,3],[0,1,4,5],[2,3,4,5],[1,3,4,6],[0,2,5,6],[0,2,4,7],[1,3,5,7],[1,2,6,7],[0,3,6,7],[4,5,6,7],[0,3,4,8],[1,2,5,8],[0,1,6,8],[2,3,7,8],[1,4,7,8],[0,5,7,8]]
FAM D=48 ell=12 count=24 degs=[6,7,8,8,8,7,7,7,6] blocks=[[0,1,2,3],[0,1,4,5],[2,3,4,5],[1,3,4,6],[0,2,5,6],[0,2,4,7],[1,3,5,7],[1,2,6,7],[0,3,6,7],[4,5,6,7],[0,3,4,8],[1,2,5,8],[2,4,6,8],[3,5,6,8],[2,3,7,8],[1,4,7,8]]
FAM D=51 ell=12 count=21 degs=[7,7,8,8,8,8,7,8,7] blocks=[[0,1,2,3],[0,1,4,5],[2,3,4,5],[1,3,4,6],[0,2,5,6],[0,2,4,7],[1,3,5,7],[1,2,6,7],[0,3,6,7],[4,5,6,7],[0,3,4,8],[1,2,5,8],[2,4,6,8],[3,5,6,8],[2,3,7,8],[1,4,7,8],[0,5,7,8]]
FAM D=48 ell=12 count=24 degs=[7,6,8,8,7,8,7,7,6] blocks=[[0,1,2,3],[0,1,4,5],[2,3,4,5],[1,3,4,6],[0,2,5,6],[0,2,4,7],[1,3,5,7],[1,2,6,7],[0,3,6,7],[4,5,6,7],[0,3,4,8],[1,2,5,8],[2,4,6,8],[3,5,6,8],[2,3,7,8],[0,5,7,8]]
FAM D=48 ell=12 count=24 degs=[7,7,7,7,8,8,7,7,6] blocks=[[0,1,2,3],[0,1,4,5],[2,3,4,5],[1,3,4,6],[0,2,5,6],[0,2,4,7],[1,3,5,7],[1,2,6,7],[0,3,6,7],[4,5,6,7],[0,3,4,8],[1,2,5,8],[2,4,6,8],[3,5,6,8],[1,4,7,8],[0,5,7,8]]
FAM D=48 ell=12 count=24 degs=[7,7,8,7,8,7,6,8,6] blocks=[[0,1,2,3],[0,1,4,5],[2,3,4,5],[1,3,4,6],[0,2,5,6],[0,2,4,7],[1,3,5,7],[1,2,6,7],[0,3,6,7],[4,5,6,7],[0,3,4,8],[1,2,5,8],[2,4,6,8],[2,3,7,8],[1,4,7,8],[0,5,7,8]]
FAM D=48 ell=12 count=24 degs=[7,7,7,8,7,8,6,8,6] blocks=[[0,1,2,3],[0,1,4,5],[2,3,4,5],[1,3,4,6],[0,2,5,6],[0,2,4,7],[1,3,5,7],[1,2,6,7],[0,3,6,7],[4,5,6,7],[0,3,4,8],[1,2,5,8],[3,5,6,8],[2,3,7,8],[1,4,7,8],[0,5,7,8]]
FAM D=48 ell=12 count=24 degs=[7,7,7,8,8,6,8,7,6] blocks=[[0,1,2,3],[0,1,4,5],[2,3,4,5],[1,3,4,6],[0,2,5,6],[0,2,4,7],[1,3,5,7],[1,2,6,7],[0,3,6,7],[4,5,6,7],[0,3,4,8],[0,1,6,8],[2,4,6,8],[3,5,6,8],[2,3,7,8],[1,4,7,8]]
FAM D=51 ell=12 count=21 degs=[8,7,7,8,8,7,8,8,7] blocks=[[0,1,2,3],[0,1,4,5],[2,3,4,5],[1,3,4,6],[0,2,5,6],[0,2,4,7],[1,3,5,7],[1,2,6,7],[0,3,6,7],[4,5,6,7],[0,3,4,8],[0,1,6,8],[2,4,6,8],[3,5,6,8],[2,3,7,8],[1,4,7,8],[0,5,7,8]]
FAM D=48 ell=12 count=24 degs=[8,6,7,8,7,7,8,7,6] blocks=[[0,1,2,3],[0,1,4,5],[2,3,4,5],[1,3,4,6],[0,2,5,6],[0,2,4,7],[1,3,5,7],[1,2,6,7],[0,3,6,7],[4,5,6,7],[0,3,4,8],[0,1,6,8],[2,4,6,8],[3,5,6,8],[2,3,7,8],[0,5,7,8]]
FAM D=48 ell=12 count=24 degs=[8,7,6,7,8,7,8,7,6] blocks=[[0,1,2,3],[0,1,4,5],[2,3,4,5],[1,3,4,6],[0,2,5,6],[0,2,4,7],[1,3,5,7],[1,2,6,7],[0,3,6,7],[4,5,6,7],[0,3,4,8],[0,1,6,8],[2,4,6,8],[3,5,6,8],[1,4,7,8],[0,5,7,8]]
FAM D=48 ell=12 count=24 degs=[8,7,7,7,8,6,7,8,6] blocks=[[0,1,2,3],[0,1,4,5],[2,3,4,5],[1,3,4,6],[0,2,5,6],[0,2,4,7],[1,3,5,7],[1,2,6,7],[0,3,6,7],[4,5,6,7],[0,3,4,8],[0,1,6,8],[2,4,6,8],[2,3,7,8],[1,4,7,8],[0,5,7,8]]
FAM D=48 ell=12 count=24 degs=[8,7,6,8,7,7,7,8,6] blocks=[[0,1,2,3],[0,1,4,5],[2,3,4,5],[1,3,4,6],[0,2,5,6],[0,2,4,7],[1,3,5,7],[1,2,6,7],[0,3,6,7],[4,5,6,7],[0,3,4,8],[0,1,6,8],[3,5,6,8],[2,3,7,8],[1,4,7,8],[0,5,7,8]]
FAM D=48 ell=12 count=24 degs=[7,6,7,8,8,7,7,8,6] blocks=[[0,1,2,3],[0,1,4,5],[2,3,4,5],[1,3,4,6],[0,2,5,6],[0,2,4,7],[1,3,5,7],[1,2,6,7],[0,3,6,7],[4,5,6,7],[0,3,4,8],[2,4,6,8],[3,5,6,8],[2,3,7,8],[1,4,7,8],[0,5,7,8]]
FAM D=48 ell=12 count=24 degs=[6,8,8,7,7,7,8,7,6] blocks=[[0,1,2,3],[0,1,4,5],[2,3,4,5],[1,3,4,6],[0,2,5,6],[0,2,4,7],[1,3,5,7],[1,2,6,7],[0,3,6,7],[4,5,6,7],[1,2,5,8],[0,1,6,8],[2,4,6,8],[3,5,6,8],[2,3,7,8],[1,4,7,8]]
FAM D=51 ell=12 count=21 degs=[7,8,8,7,7,8,8,8,7] blocks=[[0,1,2,3],[0,1,4,5],[2,3,4,5],[1,3,4,6],[0,2,5,6],[0,2,4,7],[1,3,5,7],[1,2,6,7],[0,3,6,7],[4,5,6,7],[1,2,5,8],[0,1,6,8],[2,4,6,8],[3,5,6,8],[2,3,7,8],[1,4,7,8],[0,5,7,8]]
FAM D=48 ell=12 count=24 degs=[7,7,8,7,6,8,8,7,6] blocks=[[0,1,2,3],[0,1,4,5],[2,3,4,5],[1,3,4,6],[0,2,5,6],[0,2,4,7],[1,3,5,7],[1,2,6,7],[0,3,6,7],[4,5,6,7],[1,2,5,8],[0,1,6,8],[2,4,6,8],[3,5,6,8],[2,3,7,8],[0,5,7,8]]
FAM D=48 ell=12 count=24 degs=[7,8,7,6,7,8,8,7,6] blocks=[[0,1,2,3],[0,1,4,5],[2,3,4,5],[1,3,4,6],[0,2,5,6],[0,2,4,7],[1,3,5,7],[1,2,6,7],[0,3,6,7],[4,5,6,7],[1,2,5,8],[0,1,6,8],[2,4,6,8],[3,5,6,8],[1,4,7,8],[0,5,7,8]]
FAM D=48 ell=12 count=24 degs=[7,8,8,6,7,7,7,8,6] blocks=[[0,1,2,3],[0,1,4,5],[2,3,4,5],[1,3,4,6],[0,2,5,6],[0,2,4,7],[1,3,5,7],[1,2,6,7],[0,3,6,7],[4,5,6,7],[1,2,5,8],[0,1,6,8],[2,4,6,8],[2,3,7,8],[1,4,7,8],[0,5,7,8]]
FAM D=48 ell=12 count=24 degs=[7,8,7,7,6,8,7,8,6] blocks=[[0,1,2,3],[0,1,4,5],[2,3,4,5],[1,3,4,6],[0,2,5,6],[0,2,4,7],[1,3,5,7],[1,2,6,7],[0,3,6,7],[4,5,6,7],[1,2,5,8],[0,1,6,8],[3,5,6,8],[2,3,7,8],[1,4,7,8],[0,5,7,8]]
FAM D=48 ell=12 count=24 degs=[6,7,8,7,7,8,7,8,6] blocks=[[0,1,2,3],[0,1,4,5],[2,3,4,5],[1,3,4,6],[0,2,5,6],[0,2,4,7],[1,3,5,7],[1,2,6,7],[0,3,6,7],[4,5,6,7],[1,2,5,8],[2,4,6,8],[3,5,6,8],[2,3,7,8],[1,4,7,8],[0,5,7,8]]
FAM D=48 ell=12 count=24 degs=[8,7,6,8,7,7,8,7,6] blocks=[[0,1,2,3],[0,1,4,5],[2,3,4,5],[1,3,4,6],[0,2,5,6],[0,2,4,7],[1,3,5,7],[1,2,6,7],[0,3,6,7],[4,5,6,7],[0,3,5,8],[2,3,6,8],[0,4,6,8],[1,5,6,8],[0,1,7,8],[3,4,7,8]]
FAM D=51 ell=12 count=21 degs=[8,7,7,8,7,8,8,8,7] blocks=[[0,1,2,3],[0,1,4,5],[2,3,4,5],[1,3,4,6],[0,2,5,6],[0,2,4,7],[1,3,5,7],[1,2,6,7],[0,3,6,7],[4,5,6,7],[0,3,5,8],[2,3,6,8],[0,4,6,8],[1,5,6,8],[0,1,7,8],[3,4,7,8],[2,5,7,8]]
FAM D=48 ell=12 count=24 degs=[8,7,7,7,6,8,8,7,6] blocks=[[0,1,2,3],[0,1,4,5],[2,3,4,5],[1,3,4,6],[0,2,5,6],[0,2,4,7],[1,3,5,7],[1,2,6,7],[0,3,6,7],[4,5,6,7],[0,3,5,8],[2,3,6,8],[0,4,6,8],[1,5,6,8],[0,1,7,8],[2,5,7,8]]
FAM D=48 ell=12 count=24 degs=[7,6,7,8,7,8,8,7,6] blocks=[[0,1,2,3],[0,1,4,5],[2,3,4,5],[1,3,4,6],[0,2,5,6],[0,2,4,7],[1,3,5,7],[1,2,6,7],[0,3,6,7],[4,5,6,7],[0,3,5,8],[2,3,6,8],[0,4,6,8],[1,5,6,8],[3,4,7,8],[2,5,7,8]]
FAM D=48 ell=12 count=24 degs=[8,6,7,8,7,7,7,8,6] blocks=[[0,1,2,3],[0,1,4,5],[2,3,4,5],[1,3,4,6],[0,2,5,6],[0,2,4,7],[1,3,5,7],[1,2,6,7],[0,3,6,7],[4,5,6,7],[0,3,5,8],[2,3,6,8],[0,4,6,8],[0,1,7,8],[3,4,7,8],[2,5,7,8]]
FAM D=48 ell=12 count=24 degs=[7,7,7,8,6,8,7,8,6] blocks=[[0,1,2,3],[0,1,4,5],[2,3,4,5],[1,3,4,6],[0,2,5,6],[0,2,4,7],[1,3,5,7],[1,2,6,7],[0,3,6,7],[4,5,6,7],[0,3,5,8],[2,3,6,8],[1,5,6,8],[0,1,7,8],[3,4,7,8],[2,5,7,8]]
FAM D=48 ell=12 count=24 degs=[8,7,6,7,7,8,7,8,6] blocks=[[0,1,2,3],[0,1,4,5],[2,3,4,5],[1,3,4,6],[0,2,5,6],[0,2,4,7],[1,3,5,7],[1,2,6,7],[0,3,6,7],[4,5,6,7],[0,3,5,8],[0,4,6,8],[1,5,6,8],[0,1,7,8],[3,4,7,8],[2,5,7,8]]
FAM D=48 ell=12 count=24 degs=[7,7,7,7,7,7,8,8,6] blocks=[[0,1,2,3],[0,1,4,5],[2,3,4,5],[1,3,4,6],[0,2,5,6],[0,2,4,7],[1,3,5,7],[1,2,6,7],[0,3,6,7],[4,5,6,7],[0,1,6,8],[2,4,6,8],[3,5,6,8],[2,3,7,8],[1,4,7,8],[0,5,7,8]]
FAM D=48 ell=12 count=24 degs=[7,7,7,7,7,7,8,8,6] blocks=[[0,1,2,3],[0,1,4,5],[2,3,4,5],[1,3,4,6],[0,2,5,6],[0,2,4,7],[1,3,5,7],[1,2,6,7],[0,3,6,7],[4,5,6,7],[2,3,6,8],[0,4,6,8],[1,5,6,8],[0,1,7,8],[3,4,7,8],[2,5,7,8]]
FAM D=48 ell=12 count=24 degs=[8,8,7,8,7,6,7,6,7] blocks=[[0,1,2,3],[0,1,4,5],[2,3,4,5],[1,3,4,6],[0,2,5,6],[0,2,4,7],[1,3,5,7],[1,2,6,7],[0,3,6,7],[1,2,4,8],[0,3,5,8],[2,3,6,8],[0,4,6,8],[1,5,6,8],[0,1,7,8],[3,4,7,8]]
FAM D=51 ell=12 count=21 degs=[8,8,8,8,7,7,7,7,8] blocks=[[0,1,2,3],[0,1,4,5],[2,3,4,5],[1,3,4,6],[0,2,5,6],[0,2,4,7],[1,3,5,7],[1,2,6,7],[0,3,6,7],[1,2,4,8],[0,3,5,8],[2,3,6,8],[0,4,6,8],[1,5,6,8],[0,1,7,8],[3,4,7,8],[2,5,7,8]]
FAM D=48 ell=12 count=24 degs=[8,8,8,7,6,7,7,6,7] blocks=[[0,1,2,3],[0,1,4,5],[2,3,4,5],[1,3,4,6],[0,2,5,6],[0,2,4,7],[1,3,5,7],[1,2,6,7],[0,3,6,7],[1,2,4,8],[0,3,5,8],[2,3,6,8],[0,4,6,8],[1,5,6,8],[0,1,7,8],[2,5,7,8]]
FAM D=48 ell=12 count=24 degs=[7,7,8,8,7,7,7,6,7] blocks=[[0,1,2,3],[0,1,4,5],[2,3,4,5],[1,3,4,6],[0,2,5,6],[0,2,4,7],[1,3,5,7],[1,2,6,7],[0,3,6,7],[1,2,4,8],[0,3,5,8],[2,3,6,8],[0,4,6,8],[1,5,6,8],[3,4,7,8],[2,5,7,8]]
FAM D=48 ell=12 count=24 degs=[8,7,8,8,7,6,6,7,7] blocks=[[0,1,2,3],[0,1,4,5],[2,3,4,5],[1,3,4,6],[0,2,5,6],[0,2,4,7],[1,3,5,7],[1,2,6,7],[0,3,6,7],[1,2,4,8],[0,3,5,8],[2,3,6,8],[0,4,6,8],[0,1,7,8],[3,4,7,8],[2,5,7,8]]
FAM D=48 ell=12 count=24 degs=[7,8,8,8,6,7,6,7,7] blocks=[[0,1,2,3],[0,1,4,5],[2,3,4,5],[1,3,4,6],[0,2,5,6],[0,2,4,7],[1,3,5,7],[1,2,6,7],[0,3,6,7],[1,2,4,8],[0,3,5,8],[2,3,6,8],[1,5,6,8],[0,1,7,8],[3,4,7,8],[2,5,7,8]]
FAM D=48 ell=12 count=24 degs=[8,8,7,7,7,7,6,7,7] blocks=[[0,1,2,3],[0,1,4,5],[2,3,4,5],[1,3,4,6],[0,2,5,6],[0,2,4,7],[1,3,5,7],[1,2,6,7],[0,3,6,7],[1,2,4,8],[0,3,5,8],[0,4,6,8],[1,5,6,8],[0,1,7,8],[3,4,7,8],[2,5,7,8]]
FAM D=48 ell=12 count=24 degs=[7,8,8,7,7,6,7,7,7] blocks=[[0,1,2,3],[0,1,4,5],[2,3,4,5],[1,3,4,6],[0,2,5,6],[0,2,4,7],[1,3,5,7],[1,2,6,7],[0,3,6,7],[1,2,4,8],[2,3,6,8],[0,4,6,8],[1,5,6,8],[0,1,7,8],[3,4,7,8],[2,5,7,8]]
FAM D=48 ell=12 count=24 degs=[7,8,8,8,7,6,7,6,7] blocks=[[0,1,2,3],[0,1,4,5],[2,3,4,5],[1,3,4,6],[0,2,5,6],[0,2,4,7],[1,3,5,7],[1,2,6,7],[0,3,6,7],[0,3,4,8],[1,2,5,8],[0,1,6,8],[2,4,6,8],[3,5,6,8],[2,3,7,8],[1,4,7,8]]
FAM D=51 ell=12 count=21 degs=[8,8,8,8,7,7,7,7,8] blocks=[[0,1,2,3],[0,1,4,5],[2,3,4,5],[1,3,4,6],[0,2,5,6],[0,2,4,7],[1,3,5,7],[1,2,6,7],[0,3,6,7],[0,3,4,8],[1,2,5,8],[0,1,6,8],[2,4,6,8],[3,5,6,8],[2,3,7,8],[1,4,7,8],[0,5,7,8]]
FAM D=48 ell=12 count=24 degs=[8,7,8,8,6,7,7,6,7] blocks=[[0,1,2,3],[0,1,4,5],[2,3,4,5],[1,3,4,6],[0,2,5,6],[0,2,4,7],[1,3,5,7],[1,2,6,7],[0,3,6,7],[0,3,4,8],[1,2,5,8],[0,1,6,8],[2,4,6,8],[3,5,6,8],[2,3,7,8],[0,5,7,8]]
FAM D=48 ell=12 count=24 degs=[8,8,7,7,7,7,7,6,7] blocks=[[0,1,2,3],[0,1,4,5],[2,3,4,5],[1,3,4,6],[0,2,5,6],[0,2,4,7],[1,3,5,7],[1,2,6,7],[0,3,6,7],[0,3,4,8],[1,2,5,8],[0,1,6,8],[2,4,6,8],[3,5,6,8],[1,4,7,8],[0,5,7,8]]
FAM D=48 ell=12 count=24 degs=[8,8,8,7,7,6,6,7,7] blocks=[[0,1,2,3],[0,1,4,5],[2,3,4,5],[1,3,4,6],[0,2,5,6],[0,2,4,7],[1,3,5,7],[1,2,6,7],[0,3,6,7],[0,3,4,8],[1,2,5,8],[0,1,6,8],[2,4,6,8],[2,3,7,8],[1,4,7,8],[0,5,7,8]]
FAM D=48 ell=12 count=24 degs=[8,8,7,8,6,7,6,7,7] blocks=[[0,1,2,3],[0,1,4,5],[2,3,4,5],[1,3,4,6],[0,2,5,6],[0,2,4,7],[1,3,5,7],[1,2,6,7],[0,3,6,7],[0,3,4,8],[1,2,5,8],[0,1,6,8],[3,5,6,8],[2,3,7,8],[1,4,7,8],[0,5,7,8]]
FAM D=48 ell=12 count=24 degs=[7,7,8,8,7,7,6,7,7] blocks=[[0,1,2,3],[0,1,4,5],[2,3,4,5],[1,3,4,6],[0,2,5,6],[0,2,4,7],[1,3,5,7],[1,2,6,7],[0,3,6,7],[0,3,4,8],[1,2,5,8],[2,4,6,8],[3,5,6,8],[2,3,7,8],[1,4,7,8],[0,5,7,8]]
FAM D=48 ell=12 count=24 degs=[8,7,7,8,7,6,7,7,7] blocks=[[0,1,2,3],[0,1,4,5],[2,3,4,5],[1,3,4,6],[0,2,5,6],[0,2,4,7],[1,3,5,7],[1,2,6,7],[0,3,6,7],[0,3,4,8],[0,1,6,8],[2,4,6,8],[3,5,6,8],[2,3,7,8],[1,4,7,8],[0,5,7,8]]
FAM D=48 ell=12 count=24 degs=[7,8,8,7,6,7,7,7,7] blocks=[[0,1,2,3],[0,1,4,5],[2,3,4,5],[1,3,4,6],[0,2,5,6],[0,2,4,7],[1,3,5,7],[1,2,6,7],[0,3,6,7],[1,2,5,8],[0,1,6,8],[2,4,6,8],[3,5,6,8],[2,3,7,8],[1,4,7,8],[0,5,7,8]]
FAM D=48 ell=12 count=24 degs=[8,7,7,8,6,7,7,7,7] blocks=[[0,1,2,3],[0,1,4,5],[2,3,4,5],[1,3,4,6],[0,2,5,6],[0,2,4,7],[1,3,5,7],[1,2,6,7],[0,3,6,7],[0,3,5,8],[2,3,6,8],[0,4,6,8],[1,5,6,8],[0,1,7,8],[3,4,7,8],[2,5,7,8]]
FAM D=48 ell=12 count=24 degs=[7,8,7,7,8,7,7,6,7] blocks=[[0,1,2,3],[0,1,4,5],[2,3,4,5],[1,3,4,6],[0,2,5,6],[0,2,4,7],[1,3,5,7],[1,2,6,7],[4,5,6,7],[1,2,4,8],[0,3,5,8],[2,3,6,8],[0,4,6,8],[1,5,6,8],[0,1,7,8],[3,4,7,8]]
FAM D=51 ell=12 count=21 degs=[7,8,8,7,8,8,7,7,8] blocks=[[0,1,2,3],[0,1,4,5],[2,3,4,5],[1,3,4,6],[0,2,5,6],[0,2,4,7],[1,3,5,7],[1,2,6,7],[4,5,6,7],[1,2,4,8],[0,3,5,8],[2,3,6,8],[0,4,6,8],[1,5,6,8],[0,1,7,8],[3,4,7,8],[2,5,7,8]]
FAM D=48 ell=12 count=24 degs=[7,8,8,6,7,8,7,6,7] blocks=[[0,1,2,3],[0,1,4,5],[2,3,4,5],[1,3,4,6],[0,2,5,6],[0,2,4,7],[1,3,5,7],[1,2,6,7],[4,5,6,7],[1,2,4,8],[0,3,5,8],[2,3,6,8],[0,4,6,8],[1,5,6,8],[0,1,7,8],[2,5,7,8]]
FAM D=48 ell=12 count=24 degs=[6,7,8,7,8,8,7,6,7] blocks=[[0,1,2,3],[0,1,4,5],[2,3,4,5],[1,3,4,6],[0,2,5,6],[0,2,4,7],[1,3,5,7],[1,2,6,7],[4,5,6,7],[1,2,4,8],[0,3,5,8],[2,3,6,8],[0,4,6,8],[1,5,6,8],[3,4,7,8],[2,5,7,8]]
FAM D=48 ell=12 count=24 degs=[7,7,8,7,8,7,6,7,7] blocks=[[0,1,2,3],[0,1,4,5],[2,3,4,5],[1,3,4,6],[0,2,5,6],[0,2,4,7],[1,3,5,7],[1,2,6,7],[4,5,6,7],[1,2,4,8],[0,3,5,8],[2,3,6,8],[0,4,6,8],[0,1,7,8],[3,4,7,8],[2,5,7,8]]
FAM D=48 ell=12 count=24 degs=[6,8,8,7,7,8,6,7,7] blocks=[[0,1,2,3],[0,1,4,5],[2,3,4,5],[1,3,4,6],[0,2,5,6],[0,2,4,7],[1,3,5,7],[1,2,6,7],[4,5,6,7],[1,2,4,8],[0,3,5,8],[2,3,6,8],[1,5,6,8],[0,1,7,8],[3,4,7,8],[2,5,7,8]]
FAM D=48 ell=12 count=24 degs=[7,8,7,6,8,8,6,7,7] blocks=[[0,1,2,3],[0,1,4,5],[2,3,4,5],[1,3,4,6],[0,2,5,6],[0,2,4,7],[1,3,5,7],[1,2,6,7],[4,5,6,7],[1,2,4,8],[0,3,5,8],[0,4,6,8],[1,5,6,8],[0,1,7,8],[3,4,7,8],[2,5,7,8]]
FAM D=48 ell=12 count=24 degs=[6,8,8,6,8,7,7,7,7] blocks=[[0,1,2,3],[0,1,4,5],[2,3,4,5],[1,3,4,6],[0,2,5,6],[0,2,4,7],[1,3,5,7],[1,2,6,7],[4,5,6,7],[1,2,4,8],[2,3,6,8],[0,4,6,8],[1,5,6,8],[0,1,7,8],[3,4,7,8],[2,5,7,8]]
FAM D=48 ell=12 count=24 degs=[6,8,8,7,8,7,7,6,7] blocks=[[0,1,2,3],[0,1,4,5],[2,3,4,5],[1,3,4,6],[0,2,5,6],[0,2,4,7],[1,3,5,7],[1,2,6,7],[4,5,6,7],[0,3,4,8],[1,2,5,8],[0,1,6,8],[2,4,6,8],[3,5,6,8],[2,3,7,8],[1,4,7,8]]
FAM D=51 ell=12 count=21 degs=[7,8,8,7,8,8,7,7,8] blocks=[[0,1,2,3],[0,1,4,5],[2,3,4,5],[1,3,4,6],[0,2,5,6],[0,2,4,7],[1,3,5,7],[1,2,6,7],[4,5,6,7],[0,3,4,8],[1,2,5,8],[0,1,6,8],[2,4,6,8],[3,5,6,8],[2,3,7,8],[1,4,7,8],[0,5,7,8]]
FAM D=48 ell=12 count=24 degs=[7,7,8,7,7,8,7,6,7] blocks=[[0,1,2,3],[0,1,4,5],[2,3,4,5],[1,3,4,6],[0,2,5,6],[0,2,4,7],[1,3,5,7],[1,2,6,7],[4,5,6,7],[0,3,4,8],[1,2,5,8],[0,1,6,8],[2,4,6,8],[3,5,6,8],[2,3,7,8],[0,5,7,8]]
FAM D=48 ell=12 count=24 degs=[7,8,7,6,8,8,7,6,7] blocks=[[0,1,2,3],[0,1,4,5],[2,3,4,5],[1,3,4,6],[0,2,5,6],[0,2,4,7],[1,3,5,7],[1,2,6,7],[4,5,6,7],[0,3,4,8],[1,2,5,8],[0,1,6,8],[2,4,6,8],[3,5,6,8],[1,4,7,8],[0,5,7,8]]
FAM D=48 ell=12 count=24 degs=[7,8,8,6,8,7,6,7,7] blocks=[[0,1,2,3],[0,1,4,5],[2,3,4,5],[1,3,4,6],[0,2,5,6],[0,2,4,7],[1,3,5,7],[1,2,6,7],[4,5,6,7],[0,3,4,8],[1,2,5,8],[0,1,6,8],[2,4,6,8],[2,3,7,8],[1,4,7,8],[0,5,7,8]]
FAM D=48 ell=12 count=24 degs=[7,8,7,7,7,8,6,7,7] blocks=[[0,1,2,3],[0,1,4,5],[2,3,4,5],[1,3,4,6],[0,2,5,6],[0,2,4,7],[1,3,5,7],[1,2,6,7],[4,5,6,7],[0,3,4,8],[1,2,5,8],[0,1,6,8],[3,5,6,8],[2,3,7,8],[1,4,7,8],[0,5,7,8]]
FAM D=48 ell=12 count=24 degs=[6,7,8,7,8,8,6,7,7] blocks=[[0,1,2,3],[0,1,4,5],[2,3,4,5],[1,3,4,6],[0,2,5,6],[0,2,4,7],[1,3,5,7],[1,2,6,7],[4,5,6,7],[0,3,4,8],[1,2,5,8],[2,4,6,8],[3,5,6,8],[2,3,7,8],[1,4,7,8],[0,5,7,8]]
FAM D=48 ell=12 count=24 degs=[7,7,7,7,8,7,7,7,7] blocks=[[0,1,2,3],[0,1,4,5],[2,3,4,5],[1,3,4,6],[0,2,5,6],[0,2,4,7],[1,3,5,7],[1,2,6,7],[4,5,6,7],[0,3,4,8],[0,1,6,8],[2,4,6,8],[3,5,6,8],[2,3,7,8],[1,4,7,8],[0,5,7,8]]
FAM D=48 ell=12 count=24 degs=[6,8,8,6,7,8,7,7,7] blocks=[[0,1,2,3],[0,1,4,5],[2,3,4,5],[1,3,4,6],[0,2,5,6],[0,2,4,7],[1,3,5,7],[1,2,6,7],[4,5,6,7],[1,2,5,8],[0,1,6,8],[2,4,6,8],[3,5,6,8],[2,3,7,8],[1,4,7,8],[0,5,7,8]]
FAM D=48 ell=12 count=24 degs=[7,7,7,7,7,8,7,7,7] blocks=[[0,1,2,3],[0,1,4,5],[2,3,4,5],[1,3,4,6],[0,2,5,6],[0,2,4,7],[1,3,5,7],[1,2,6,7],[4,5,6,7],[0,3,5,8],[2,3,6,8],[0,4,6,8],[1,5,6,8],[0,1,7,8],[3,4,7,8],[2,5,7,8]]
FAM D=48 ell=12 count=24 degs=[7,8,8,7,7,7,6,6,8] blocks=[[0,1,2,3],[0,1,4,5],[2,3,4,5],[1,3,4,6],[0,2,5,6],[0,2,4,7],[1,3,5,7],[1,2,6,7],[1,2,4,8],[0,3,5,8],[2,3,6,8],[0,4,6,8],[1,5,6,8],[0,1,7,8],[3,4,7,8],[2,5,7,8]]
FAM D=48 ell=12 count=24 degs=[7,8,8,7,7,7,6,6,8] blocks=[[0,1,2,3],[0,1,4,5],[2,3,4,5],[1,3,4,6],[0,2,5,6],[0,2,4,7],[1,3,5,7],[1,2,6,7],[0,3,4,8],[1,2,5,8],[0,1,6,8],[2,4,6,8],[3,5,6,8],[2,3,7,8],[1,4,7,8],[0,5,7,8]]
FAM D=48 ell=12 count=24 degs=[8,7,6,8,8,7,7,6,7] blocks=[[0,1,2,3],[0,1,4,5],[2,3,4,5],[1,3,4,6],[0,2,5,6],[0,2,4,7],[1,3,5,7],[0,3,6,7],[4,5,6,7],[1,2,4,8],[0,3,5,8],[2,3,6,8],[0,4,6,8],[1,5,6,8],[0,1,7,8],[3,4,7,8]]
FAM D=51 ell=12 count=21 degs=[8,7,7,8,8,8,7,7,8] blocks=[[0,1,2,3],[0,1,4,5],[2,3,4,5],[1,3,4,6],[0,2,5,6],[0,2,4,7],[1,3,5,7],[0,3,6,7],[4,5,6,7],[1,2,4,8],[0,3,5,8],[2,3,6,8],[0,4,6,8],[1,5,6,8],[0,1,7,8],[3,4,7,8],[2,5,7,8]]
FAM D=48 ell=12 count=24 degs=[8,7,7,7,7,8,7,6,7] blocks=[[0,1,2,3],[0,1,4,5],[2,3,4,5],[1,3,4,6],[0,2,5,6],[0,2,4,7],[1,3,5,7],[0,3,6,7],[4,5,6,7],[1,2,4,8],[0,3,5,8],[2,3,6,8],[0,4,6,8],[1,5,6,8],[0,1,7,8],[2,5,7,8]]
FAM D=48 ell=12 count=24 degs=[7,6,7,8,8,8,7,6,7] blocks=[[0,1,2,3],[0,1,4,5],[2,3,4,5],[1,3,4,6],[0,2,5,6],[0,2,4,7],[1,3,5,7],[0,3,6,7],[4,5,6,7],[1,2,4,8],[0,3,5,8],[2,3,6,8],[0,4,6,8],[1,5,6,8],[3,4,7,8],[2,5,7,8]]
FAM D=48 ell=12 count=24 degs=[8,6,7,8,8,7,6,7,7] blocks=[[0,1,2,3],[0,1,4,5],[2,3,4,5],[1,3,4,6],[0,2,5,6],[0,2,4,7],[1,3,5,7],[0,3,6,7],[4,5,6,7],[1,2,4,8],[0,3,5,8],[2,3,6,8],[0,4,6,8],[0,1,7,8],[3,4,7,8],[2,5,7,8]]
FAM D=48 ell=12 count=24 degs=[7,7,7,8,7,8,6,7,7] blocks=[[0,1,2,3],[0,1,4,5],[2,3,4,5],[1,3,4,6],[0,2,5,6],[0,2,4,7],[1,3,5,7],[0,3,6,7],[4,5,6,7],[1,2,4,8],[0,3,5,8],[2,3,6,8],[1,5,6,8],[0,1,7,8],[3,4,7,8],[2,5,7,8]]
FAM D=48 ell=12 count=24 degs=[8,7,6,7,8,8,6,7,7] blocks=[[0,1,2,3],[0,1,4,5],[2,3,4,5],[1,3,4,6],[0,2,5,6],[0,2,4,7],[1,3,5,7],[0,3,6,7],[4,5,6,7],[1,2,4,8],[0,3,5,8],[0,4,6,8],[1,5,6,8],[0,1,7,8],[3,4,7,8],[2,5,7,8]]
FAM D=48 ell=12 count=24 degs=[7,7,7,7,8,7,7,7,7] blocks=[[0,1,2,3],[0,1,4,5],[2,3,4,5],[1,3,4,6],[0,2,5,6],[0,2,4,7],[1,3,5,7],[0,3,6,7],[4,5,6,7],[1,2,4,8],[2,3,6,8],[0,4,6,8],[1,5,6,8],[0,1,7,8],[3,4,7,8],[2,5,7,8]]
FAM D=48 ell=12 count=24 degs=[7,7,7,8,8,7,7,6,7] blocks=[[0,1,2,3],[0,1,4,5],[2,3,4,5],[1,3,4,6],[0,2,5,6],[0,2,4,7],[1,3,5,7],[0,3,6,7],[4,5,6,7],[0,3,4,8],[1,2,5,8],[0,1,6,8],[2,4,6,8],[3,5,6,8],[2,3,7,8],[1,4,7,8]]
FAM D=51 ell=12 count=21 degs=[8,7,7,8,8,8,7,7,8] blocks=[[0,1,2,3],[0,1,4,5],[2,3,4,5],[1,3,4,6],[0,2,5,6],[0,2,4,7],[1,3,5,7],[0,3,6,7],[4,5,6,7],[0,3,4,8],[1,2,5,8],[0,1,6,8],[2,4,6,8],[3,5,6,8],[2,3,7,8],[1,4,7,8],[0,5,7,8]]
FAM D=48 ell=12 count=24 degs=[8,6,7,8,7,8,7,6,7] blocks=[[0,1,2,3],[0,1,4,5],[2,3,4,5],[1,3,4,6],[0,2,5,6],[0,2,4,7],[1,3,5,7],[0,3,6,7],[4,5,6,7],[0,3,4,8],[1,2,5,8],[0,1,6,8],[2,4,6,8],[3,5,6,8],[2,3,7,8],[0,5,7,8]]
FAM D=48 ell=12 count=24 degs=[8,7,6,7,8,8,7,6,7] blocks=[[0,1,2,3],[0,1,4,5],[2,3,4,5],[1,3,4,6],[0,2,5,6],[0,2,4,7],[1,3,5,7],[0,3,6,7],[4,5,6,7],[0,3,4,8],[1,2,5,8],[0,1,6,8],[2,4,6,8],[3,5,6,8],[1,4,7,8],[0,5,7,8]]
FAM D=48 ell=12 count=24 degs=[8,7,7,7,8,7,6,7,7] blocks=[[0,1,2,3],[0,1,4,5],[2,3,4,5],[1,3,4,6],[0,2,5,6],[0,2,4,7],[1,3,5,7],[0,3,6,7],[4,5,6,7],[0,3,4,8],[1,2,5,8],[0,1,6,8],[2,4,6,8],[2,3,7,8],[1,4,7,8],[0,5,7,8]]
FAM D=48 ell=12 count=24 degs=[8,7,6,8,7,8,6,7,7] blocks=[[0,1,2,3],[0,1,4,5],[2,3,4,5],[1,3,4,6],[0,2,5,6],[0,2,4,7],[1,3,5,7],[0,3,6,7],[4,5,6,7],[0,3,4,8],[1,2,5,8],[0,1,6,8],[3,5,6,8],[2,3,7,8],[1,4,7,8],[0,5,7,8]]
FAM D=48 ell=12 count=24 degs=[7,6,7,8,8,8,6,7,7] blocks=[[0,1,2,3],[0,1,4,5],[2,3,4,5],[1,3,4,6],[0,2,5,6],[0,2,4,7],[1,3,5,7],[0,3,6,7],[4,5,6,7],[0,3,4,8],[1,2,5,8],[2,4,6,8],[3,5,6,8],[2,3,7,8],[1,4,7,8],[0,5,7,8]]
FAM D=48 ell=12 count=24 degs=[8,6,6,8,8,7,7,7,7] blocks=[[0,1,2,3],[0,1,4,5],[2,3,4,5],[1,3,4,6],[0,2,5,6],[0,2,4,7],[1,3,5,7],[0,3,6,7],[4,5,6,7],[0,3,4,8],[0,1,6,8],[2,4,6,8],[3,5,6,8],[2,3,7,8],[1,4,7,8],[0,5,7,8]]
FAM D=48 ell=12 count=24 degs=[7,7,7,7,7,8,7,7,7] blocks=[[0,1,2,3],[0,1,4,5],[2,3,4,5],[1,3,4,6],[0,2,5,6],[0,2,4,7],[1,3,5,7],[0,3,6,7],[4,5,6,7],[1,2,5,8],[0,1,6,8],[2,4,6,8],[3,5,6,8],[2,3,7,8],[1,4,7,8],[0,5,7,8]]
FAM D=48 ell=12 count=24 degs=[8,6,6,8,7,8,7,7,7] blocks=[[0,1,2,3],[0,1,4,5],[2,3,4,5],[1,3,4,6],[0,2,5,6],[0,2,4,7],[1,3,5,7],[0,3,6,7],[4,5,6,7],[0,3,5,8],[2,3,6,8],[0,4,6,8],[1,5,6,8],[0,1,7,8],[3,4,7,8],[2,5,7,8]]
FAM D=48 ell=12 count=24 degs=[8,7,7,8,7,7,6,6,8] blocks=[[0,1,2,3],[0,1,4,5],[2,3,4,5],[1,3,4,6],[0,2,5,6],[0,2,4,7],[1,3,5,7],[0,3,6,7],[1,2,4,8],[0,3,5,8],[2,3,6,8],[0,4,6,8],[1,5,6,8],[0,1,7,8],[3,4,7,8],[2,5,7,8]]
FAM D=48 ell=12 count=24 degs=[8,7,7,8,7,7,6,6,8] blocks=[[0,1,2,3],[0,1,4,5],[2,3,4,5],[1,3,4,6],[0,2,5,6],[0,2,4,7],[1,3,5,7],[0,3,6,7],[0,3,4,8],[1,2,5,8],[0,1,6,8],[2,4,6,8],[3,5,6,8],[2,3,7,8],[1,4,7,8],[0,5,7,8]]
FAM D=48 ell=12 count=24 degs=[7,7,7,7,8,8,6,6,8] blocks=[[0,1,2,3],[0,1,4,5],[2,3,4,5],[1,3,4,6],[0,2,5,6],[0,2,4,7],[1,3,5,7],[4,5,6,7],[1,2,4,8],[0,3,5,8],[2,3,6,8],[0,4,6,8],[1,5,6,8],[0,1,7,8],[3,4,7,8],[2,5,7,8]]
FAM D=48 ell=12 count=24 degs=[7,7,7,7,8,8,6,6,8] blocks=[[0,1,2,3],[0,1,4,5],[2,3,4,5],[1,3,4,6],[0,2,5,6],[0,2,4,7],[1,3,5,7],[4,5,6,7],[0,3,4,8],[1,2,5,8],[0,1,6,8],[2,4,6,8],[3,5,6,8],[2,3,7,8],[1,4,7,8],[0,5,7,8]]
FAM D=48 ell=12 count=24 degs=[8,7,7,7,8,6,8,6,7] blocks=[[0,1,2,3],[0,1,4,5],[2,3,4,5],[1,3,4,6],[0,2,5,6],[0,2,4,7],[1,2,6,7],[0,3,6,7],[4,5,6,7],[1,2,4,8],[0,3,5,8],[2,3,6,8],[0,4,6,8],[1,5,6,8],[0,1,7,8],[3,4,7,8]]
FAM D=51 ell=12 count=21 degs=[8,7,8,7,8,7,8,7,8] blocks=[[0,1,2,3],[0,1,4,5],[2,3,4,5],[1,3,4,6],[0,2,5,6],[0,2,4,7],[1,2,6,7],[0,3,6,7],[4,5,6,7],[1,2,4,8],[0,3,5,8],[2,3,6,8],[0,4,6,8],[1,5,6,8],[0,1,7,8],[3,4,7,8],[2,5,7,8]]
FAM D=48 ell=12 count=24 degs=[8,7,8,6,7,7,8,6,7] blocks=[[0,1,2,3],[0,1,4,5],[2,3,4,5],[1,3,4,6],[0,2,5,6],[0,2,4,7],[1,2,6,7],[0,3,6,7],[4,5,6,7],[1,2,4,8],[0,3,5,8],[2,3,6,8],[0,4,6,8],[1,5,6,8],[0,1,7,8],[2,5,7,8]]
FAM D=48 ell=12 count=24 degs=[7,6,8,7,8,7,8,6,7] blocks=[[0,1,2,3],[0,1,4,5],[2,3,4,5],[1,3,4,6],[0,2,5,6],[0,2,4,7],[1,2,6,7],[0,3,6,7],[4,5,6,7],[1,2,4,8],[0,3,5,8],[2,3,6,8],[0,4,6,8],[1,5,6,8],[3,4,7,8],[2,5,7,8]]
FAM D=48 ell=12 count=24 degs=[8,6,8,7,8,6,7,7,7] blocks=[[0,1,2,3],[0,1,4,5],[2,3,4,5],[1,3,4,6],[0,2,5,6],[0,2,4,7],[1,2,6,7],[0,3,6,7],[4,5,6,7],[1,2,4,8],[0,3,5,8],[2,3,6,8],[0,4,6,8],[0,1,7,8],[3,4,7,8],[2,5,7,8]]
FAM D=48 ell=12 count=24 degs=[7,7,8,7,7,7,7,7,7] blocks=[[0,1,2,3],[0,1,4,5],[2,3,4,5],[1,3,4,6],[0,2,5,6],[0,2,4,7],[1,2,6,7],[0,3,6,7],[4,5,6,7],[1,2,4,8],[0,3,5,8],[2,3,6,8],[1,5,6,8],[0,1,7,8],[3,4,7,8],[2,5,7,8]]
FAM D=48 ell=12 count=24 degs=[8,7,7,6,8,7,7,7,7] blocks=[[0,1,2,3],[0,1,4,5],[2,3,4,5],[1,3,4,6],[0,2,5,6],[0,2,4,7],[1,2,6,7],[0,3,6,7],[4,5,6,7],[1,2,4,8],[0,3,5,8],[0,4,6,8],[1,5,6,8],[0,1,7,8],[3,4,7,8],[2,5,7,8]]
FAM D=48 ell=12 count=24 degs=[7,7,8,6,8,6,8,7,7] blocks=[[0,1,2,3],[0,1,4,5],[2,3,4,5],[1,3,4,6],[0,2,5,6],[0,2,4,7],[1,2,6,7],[0,3,6,7],[4,5,6,7],[1,2,4,8],[2,3,6,8],[0,4,6,8],[1,5,6,8],[0,1,7,8],[3,4,7,8],[2,5,7,8]]
FAM D=48 ell=12 count=24 degs=[7,7,8,7,8,6,8,6,7] blocks=[[0,1,2,3],[0,1,4,5],[2,3,4,5],[1,3,4,6],[0,2,5,6],[0,2,4,7],[1,2,6,7],[0,3,6,7],[4,5,6,7],[0,3,4,8],[1,2,5,8],[0,1,6,8],[2,4,6,8],[3,5,6,8],[2,3,7,8],[1,4,7,8]]
FAM D=51 ell=12 count=21 degs=[8,7,8,7,8,7,8,7,8] blocks=[[0,1,2,3],[0,1,4,5],[2,3,4,5],[1,3,4,6],[0,2,5,6],[0,2,4,7],[1,2,6,7],[0,3,6,7],[4,5,6,7],[0,3,4,8],[1,2,5,8],[0,1,6,8],[2,4,6,8],[3,5,6,8],[2,3,7,8],[1,4,7,8],[0,5,7,8]]
FAM D=48 ell=12 count=24 degs=[8,6,8,7,7,7,8,6,7] blocks=[[0,1,2,3],[0,1,4,5],[2,3,4,5],[1,3,4,6],[0,2,5,6],[0,2,4,7],[1,2,6,7],[0,3,6,7],[4,5,6,7],[0,3,4,8],[1,2,5,8],[0,1,6,8],[2,4,6,8],[3,5,6,8],[2,3,7,8],[0,5,7,8]]
FAM D=48 ell=12 count=24 degs=[8,7,7,6,8,7,8,6,7] blocks=[[0,1,2,3],[0,1,4,5],[2,3,4,5],[1,3,4,6],[0,2,5,6],[0,2,4,7],[1,2,6,7],[0,3,6,7],[4,5,6,7],[0,3,4,8],[1,2,5,8],[0,1,6,8],[2,4,6,8],[3,5,6,8],[1,4,7,8],[0,5,7,8]]
FAM D=48 ell=12 count=24 degs=[8,7,8,6,8,6,7,7,7] blocks=[[0,1,2,3],[0,1,4,5],[2,3,4,5],[1,3,4,6],[0,2,5,6],[0,2,4,7],[1,2,6,7],[0,3,6,7],[4,5,6,7],[0,3,4,8],[1,2,5,8],[0,1,6,8],[2,4,6,8],[2,3,7,8],[1,4,7,8],[0,5,7,8]]
FAM D=48 ell=12 count=24 degs=[8,7,7,7,7,7,7,7,7] blocks=[[0,1,2,3],[0,1,4,5],[2,3,4,5],[1,3,4,6],[0,2,5,6],[0,2,4,7],[1,2,6,7],[0,3,6,7],[4,5,6,7],[0,3,4,8],[1,2,5,8],[0,1,6,8],[3,5,6,8],[2,3,7,8],[1,4,7,8],[0,5,7,8]]
FAM D=48 ell=12 count=24 degs=[7,6,8,7,8,7,7,7,7] blocks=[[0,1,2,3],[0,1,4,5],[2,3,4,5],[1,3,4,6],[0,2,5,6],[0,2,4,7],[1,2,6,7],[0,3,6,7],[4,5,6,7],[0,3,4,8],[1,2,5,8],[2,4,6,8],[3,5,6,8],[2,3,7,8],[1,4,7,8],[0,5,7,8]]
FAM D=48 ell=12 count=24 degs=[8,6,7,7,8,6,8,7,7] blocks=[[0,1,2,3],[0,1,4,5],[2,3,4,5],[1,3,4,6],[0,2,5,6],[0,2,4,7],[1,2,6,7],[0,3,6,7],[4,5,6,7],[0,3,4,8],[0,1,6,8],[2,4,6,8],[3,5,6,8],[2,3,7,8],[1,4,7,8],[0,5,7,8]]
FAM D=48 ell=12 count=24 degs=[7,7,8,6,7,7,8,7,7] blocks=[[0,1,2,3],[0,1,4,5],[2,3,4,5],[1,3,4,6],[0,2,5,6],[0,2,4,7],[1,2,6,7],[0,3,6,7],[4,5,6,7],[1,2,5,8],[0,1,6,8],[2,4,6,8],[3,5,6,8],[2,3,7,8],[1,4,7,8],[0,5,7,8]]
FAM D=48 ell=12 count=24 degs=[8,6,7,7,7,7,8,7,7] blocks=[[0,1,2,3],[0,1,4,5],[2,3,4,5],[1,3,4,6],[0,2,5,6],[0,2,4,7],[1,2,6,7],[0,3,6,7],[4,5,6,7],[0,3,5,8],[2,3,6,8],[0,4,6,8],[1,5,6,8],[0,1,7,8],[3,4,7,8],[2,5,7,8]]
FAM D=48 ell=12 count=24 degs=[8,7,8,7,7,6,7,6,8] blocks=[[0,1,2,3],[0,1,4,5],[2,3,4,5],[1,3,4,6],[0,2,5,6],[0,2,4,7],[1,2,6,7],[0,3,6,7],[1,2,4,8],[0,3,5,8],[2,3,6,8],[0,4,6,8],[1,5,6,8],[0,1,7,8],[3,4,7,8],[2,5,7,8]]
FAM D=48 ell=12 count=24 degs=[8,7,8,7,7,6,7,6,8] blocks=[[0,1,2,3],[0,1,4,5],[2,3,4,5],[1,3,4,6],[0,2,5,6],[0,2,4,7],[1,2,6,7],[0,3,6,7],[0,3,4,8],[1,2,5,8],[0,1,6,8],[2,4,6,8],[3,5,6,8],[2,3,7,8],[1,4,7,8],[0,5,7,8]]
FAM D=48 ell=12 count=24 degs=[7,7,8,6,8,7,7,6,8] blocks=[[0,1,2,3],[0,1,4,5],[2,3,4,5],[1,3,4,6],[0,2,5,6],[0,2,4,7],[1,2,6,7],[4,5,6,7],[1,2,4,8],[0,3,5,8],[2,3,6,8],[0,4,6,8],[1,5,6,8],[0,1,7,8],[3,4,7,8],[2,5,7,8]]
FAM D=48 ell=12 count=24 degs=[7,7,8,6,8,7,7,6,8] blocks=[[0,1,2,3],[0,1,4,5],[2,3,4,5],[1,3,4,6],[0,2,5,6],[0,2,4,7],[1,2,6,7],[4,5,6,7],[0,3,4,8],[1,2,5,8],[0,1,6,8],[2,4,6,8],[3,5,6,8],[2,3,7,8],[1,4,7,8],[0,5,7,8]]
FAM D=48 ell=12 count=24 degs=[8,6,7,7,8,7,7,6,8] blocks=[[0,1,2,3],[0,1,4,5],[2,3,4,5],[1,3,4,6],[0,2,5,6],[0,2,4,7],[0,3,6,7],[4,5,6,7],[1,2,4,8],[0,3,5,8],[2,3,6,8],[0,4,6,8],[1,5,6,8],[0,1,7,8],[3,4,7,8],[2,5,7,8]]
FAM D=48 ell=12 count=24 degs=[8,6,7,7,8,7,7,6,8] blocks=[[0,1,2,3],[0,1,4,5],[2,3,4,5],[1,3,4,6],[0,2,5,6],[0,2,4,7],[0,3,6,7],[4,5,6,7],[0,3,4,8],[1,2,5,8],[0,1,6,8],[2,4,6,8],[3,5,6,8],[2,3,7,8],[1,4,7,8],[0,5,7,8]]
FAM D=48 ell=12 count=24 degs=[8,8,7,7,7,7,8,6,6] blocks=[[0,1,2,3],[0,1,4,5],[2,3,4,5],[1,3,4,6],[0,2,5,6],[1,2,4,7],[0,3,5,7],[2,3,6,7],[0,4,6,7],[1,5,6,7],[0,2,4,8],[1,3,5,8],[1,2,6,8],[0,3,6,8],[4,5,6,8],[0,1,7,8]]
FAM D=51 ell=12 count=21 degs=[8,8,7,8,8,7,8,7,7] blocks=[[0,1,2,3],[0,1,4,5],[2,3,4,5],[1,3,4,6],[0,2,5,6],[1,2,4,7],[0,3,5,7],[2,3,6,7],[0,4,6,7],[1,5,6,7],[0,2,4,8],[1,3,5,8],[1,2,6,8],[0,3,6,8],[4,5,6,8],[0,1,7,8],[3,4,7,8]]
FAM D=54 ell=12 count=18 degs=[8,8,8,8,8,8,8,8,8] blocks=[[0,1,2,3],[0,1,4,5],[2,3,4,5],[1,3,4,6],[0,2,5,6],[1,2,4,7],[0,3,5,7],[2,3,6,7],[0,4,6,7],[1,5,6,7],[0,2,4,8],[1,3,5,8],[1,2,6,8],[0,3,6,8],[4,5,6,8],[0,1,7,8],[3,4,7,8],[2,5,7,8]]
FAM D=51 ell=12 count=21 degs=[8,8,8,7,7,8,8,7,7] blocks=[[0,1,2,3],[0,1,4,5],[2,3,4,5],[1,3,4,6],[0,2,5,6],[1,2,4,7],[0,3,5,7],[2,3,6,7],[0,4,6,7],[1,5,6,7],[0,2,4,8],[1,3,5,8],[1,2,6,8],[0,3,6,8],[4,5,6,8],[0,1,7,8],[2,5,7,8]]
FAM D=48 ell=12 count=24 degs=[7,7,7,8,8,7,8,6,6] blocks=[[0,1,2,3],[0,1,4,5],[2,3,4,5],[1,3,4,6],[0,2,5,6],[1,2,4,7],[0,3,5,7],[2,3,6,7],[0,4,6,7],[1,5,6,7],[0,2,4,8],[1,3,5,8],[1,2,6,8],[0,3,6,8],[4,5,6,8],[3,4,7,8]]
FAM D=51 ell=12 count=21 degs=[7,7,8,8,8,8,8,7,7] blocks=[[0,1,2,3],[0,1,4,5],[2,3,4,5],[1,3,4,6],[0,2,5,6],[1,2,4,7],[0,3,5,7],[2,3,6,7],[0,4,6,7],[1,5,6,7],[0,2,4,8],[1,3,5,8],[1,2,6,8],[0,3,6,8],[4,5,6,8],[3,4,7,8],[2,5,7,8]]
FAM D=48 ell=12 count=24 degs=[7,7,8,7,7,8,8,6,6] blocks=[[0,1,2,3],[0,1,4,5],[2,3,4,5],[1,3,4,6],[0,2,5,6],[1,2,4,7],[0,3,5,7],[2,3,6,7],[0,4,6,7],[1,5,6,7],[0,2,4,8],[1,3,5,8],[1,2,6,8],[0,3,6,8],[4,5,6,8],[2,5,7,8]]
FAM D=48 ell=12 count=24 degs=[8,8,7,8,7,6,7,7,6] blocks=[[0,1,2,3],[0,1,4,5],[2,3,4,5],[1,3,4,6],[0,2,5,6],[1,2,4,7],[0,3,5,7],[2,3,6,7],[0,4,6,7],[1,5,6,7],[0,2,4,8],[1,3,5,8],[1,2,6,8],[0,3,6,8],[0,1,7,8],[3,4,7,8]]
FAM D=51 ell=12 count=21 degs=[8,8,8,8,7,7,7,8,7] blocks=[[0,1,2,3],[0,1,4,5],[2,3,4,5],[1,3,4,6],[0,2,5,6],[1,2,4,7],[0,3,5,7],[2,3,6,7],[0,4,6,7],[1,5,6,7],[0,2,4,8],[1,3,5,8],[1,2,6,8],[0,3,6,8],[0,1,7,8],[3,4,7,8],[2,5,7,8]]
FAM D=48 ell=12 count=24 degs=[8,8,8,7,6,7,7,7,6] blocks=[[0,1,2,3],[0,1,4,5],[2,3,4,5],[1,3,4,6],[0,2,5,6],[1,2,4,7],[0,3,5,7],[2,3,6,7],[0,4,6,7],[1,5,6,7],[0,2,4,8],[1,3,5,8],[1,2,6,8],[0,3,6,8],[0,1,7,8],[2,5,7,8]]
FAM D=48 ell=12 count=24 degs=[7,7,8,8,7,7,7,7,6] blocks=[[0,1,2,3],[0,1,4,5],[2,3,4,5],[1,3,4,6],[0,2,5,6],[1,2,4,7],[0,3,5,7],[2,3,6,7],[0,4,6,7],[1,5,6,7],[0,2,4,8],[1,3,5,8],[1,2,6,8],[0,3,6,8],[3,4,7,8],[2,5,7,8]]
FAM D=48 ell=12 count=24 degs=[7,8,7,7,8,7,7,7,6] blocks=[[0,1,2,3],[0,1,4,5],[2,3,4,5],[1,3,4,6],[0,2,5,6],[1,2,4,7],[0,3,5,7],[2,3,6,7],[0,4,6,7],[1,5,6,7],[0,2,4,8],[1,3,5,8],[1,2,6,8],[4,5,6,8],[0,1,7,8],[3,4,7,8]]
FAM D=51 ell=12 count=21 degs=[7,8,8,7,8,8,7,8,7] blocks=[[0,1,2,3],[0,1,4,5],[2,3,4,5],[1,3,4,6],[0,2,5,6],[1,2,4,7],[0,3,5,7],[2,3,6,7],[0,4,6,7],[1,5,6,7],[0,2,4,8],[1,3,5,8],[1,2,6,8],[4,5,6,8],[0,1,7,8],[3,4,7,8],[2,5,7,8]]
FAM D=48 ell=12 count=24 degs=[7,8,8,6,7,8,7,7,6] blocks=[[0,1,2,3],[0,1,4,5],[2,3,4,5],[1,3,4,6],[0,2,5,6],[1,2,4,7],[0,3,5,7],[2,3,6,7],[0,4,6,7],[1,5,6,7],[0,2,4,8],[1,3,5,8],[1,2,6,8],[4,5,6,8],[0,1,7,8],[2,5,7,8]]
FAM D=48 ell=12 count=24 degs=[6,7,8,7,8,8,7,7,6] blocks=[[0,1,2,3],[0,1,4,5],[2,3,4,5],[1,3,4,6],[0,2,5,6],[1,2,4,7],[0,3,5,7],[2,3,6,7],[0,4,6,7],[1,5,6,7],[0,2,4,8],[1,3,5,8],[1,2,6,8],[4,5,6,8],[3,4,7,8],[2,5,7,8]]
FAM D=48 ell=12 count=24 degs=[7,8,8,7,7,7,6,8,6] blocks=[[0,1,2,3],[0,1,4,5],[2,3,4,5],[1,3,4,6],[0,2,5,6],[1,2,4,7],[0,3,5,7],[2,3,6,7],[0,4,6,7],[1,5,6,7],[0,2,4,8],[1,3,5,8],[1,2,6,8],[0,1,7,8],[3,4,7,8],[2,5,7,8]]
FAM D=48 ell=12 count=24 degs=[8,7,6,8,8,7,7,7,6] blocks=[[0,1,2,3],[0,1,4,5],[2,3,4,5],[1,3,4,6],[0,2,5,6],[1,2,4,7],[0,3,5,7],[2,3,6,7],[0,4,6,7],[1,5,6,7],[0,2,4,8],[1,3,5,8],[0,3,6,8],[4,5,6,8],[0,1,7,8],[3,4,7,8]]
FAM D=51 ell=12 count=21 degs=[8,7,7,8,8,8,7,8,7] blocks=[[0,1,2,3],[0,1,4,5],[2,3,4,5],[1,3,4,6],[0,2,5,6],[1,2,4,7],[0,3,5,7],[2,3,6,7],[0,4,6,7],[1,5,6,7],[0,2,4,8],[1,3,5,8],[0,3,6,8],[4,5,6,8],[0,1,7,8],[3,4,7,8],[2,5,7,8]]
FAM D=48 ell=12 count=24 degs=[8,7,7,7,7,8,7,7,6] blocks=[[0,1,2,3],[0,1,4,5],[2,3,4,5],[1,3,4,6],[0,2,5,6],[1,2,4,7],[0,3,5,7],[2,3,6,7],[0,4,6,7],[1,5,6,7],[0,2,4,8],[1,3,5,8],[0,3,6,8],[4,5,6,8],[0,1,7,8],[2,5,7,8]]
FAM D=48 ell=12 count=24 degs=[7,6,7,8,8,8,7,7,6] blocks=[[0,1,2,3],[0,1,4,5],[2,3,4,5],[1,3,4,6],[0,2,5,6],[1,2,4,7],[0,3,5,7],[2,3,6,7],[0,4,6,7],[1,5,6,7],[0,2,4,8],[1,3,5,8],[0,3,6,8],[4,5,6,8],[3,4,7,8],[2,5,7,8]]
FAM D=48 ell=12 count=24 degs=[8,7,7,8,7,7,6,8,6] blocks=[[0,1,2,3],[0,1,4,5],[2,3,4,5],[1,3,4,6],[0,2,5,6],[1,2,4,7],[0,3,5,7],[2,3,6,7],[0,4,6,7],[1,5,6,7],[0,2,4,8],[1,3,5,8],[0,3,6,8],[0,1,7,8],[3,4,7,8],[2,5,7,8]]
FAM D=48 ell=12 count=24 degs=[7,7,7,7,8,8,6,8,6] blocks=[[0,1,2,3],[0,1,4,5],[2,3,4,5],[1,3,4,6],[0,2,5,6],[1,2,4,7],[0,3,5,7],[2,3,6,7],[0,4,6,7],[1,5,6,7],[0,2,4,8],[1,3,5,8],[4,5,6,8],[0,1,7,8],[3,4,7,8],[2,5,7,8]]
FAM D=48 ell=12 count=24 degs=[8,7,7,7,8,6,8,7,6] blocks=[[0,1,2,3],[0,1,4,5],[2,3,4,5],[1,3,4,6],[0,2,5,6],[1,2,4,7],[0,3,5,7],[2,3,6,7],[0,4,6,7],[1,5,6,7],[0,2,4,8],[1,2,6,8],[0,3,6,8],[4,5,6,8],[0,1,7,8],[3,4,7,8]]
FAM D=51 ell=12 count=21 degs=[8,7,8,7,8,7,8,8,7] blocks=[[0,1,2,3],[0,1,4,5],[2,3,4,5],[1,3,4,6],[0,2,5,6],[1,2,4,7],[0,3,5,7],[2,3,6,7],[0,4,6,7],[1,5,6,7],[0,2,4,8],[1,2,6,8],[0,3,6,8],[4,5,6,8],[0,1,7,8],[3,4,7,8],[2,5,7,8]]
FAM D=48 ell=12 count=24 degs=[8,7,8,6,7,7,8,7,6] blocks=[[0,1,2,3],[0,1,4,5],[2,3,4,5],[1,3,4,6],[0,2,5,6],[1,2,4,7],[0,3,5,7],[2,3,6,7],[0,4,6,7],[1,5,6,7],[0,2,4,8],[1,2,6,8],[0,3,6,8],[4,5,6,8],[0,1,7,8],[2,5,7,8]]
FAM D=48 ell=12 count=24 degs=[7,6,8,7,8,7,8,7,6] blocks=[[0,1,2,3],[0,1,4,5],[2,3,4,5],[1,3,4,6],[0,2,5,6],[1,2,4,7],[0,3,5,7],[2,3,6,7],[0,4,6,7],[1,5,6,7],[0,2,4,8],[1,2,6,8],[0,3,6,8],[4,5,6,8],[3,4,7,8],[2,5,7,8]]
FAM D=48 ell=12 count=24 degs=[8,7,8,7,7,6,7,8,6] blocks=[[0,1,2,3],[0,1,4,5],[2,3,4,5],[1,3,4,6],[0,2,5,6],[1,2,4,7],[0,3,5,7],[2,3,6,7],[0,4,6,7],[1,5,6,7],[0,2,4,8],[1,2,6,8],[0,3,6,8],[0,1,7,8],[3,4,7,8],[2,5,7,8]]
FAM D=48 ell=12 count=24 degs=[7,7,8,6,8,7,7,8,6] blocks=[[0,1,2,3],[0,1,4,5],[2,3,4,5],[1,3,4,6],[0,2,5,6],[1,2,4,7],[0,3,5,7],[2,3,6,7],[0,4,6,7],[1,5,6,7],[0,2,4,8],[1,2,6,8],[4,5,6,8],[0,1,7,8],[3,4,7,8],[2,5,7,8]]
FAM D=48 ell=12 count=24 degs=[8,6,7,7,8,7,7,8,6] blocks=[[0,1,2,3],[0,1,4,5],[2,3,4,5],[1,3,4,6],[0,2,5,6],[1,2,4,7],[0,3,5,7],[2,3,6,7],[0,4,6,7],[1,5,6,7],[0,2,4,8],[0,3,6,8],[4,5,6,8],[0,1,7,8],[3,4,7,8],[2,5,7,8]]
FAM D=48 ell=12 count=24 degs=[8,7,8,7,7,7,8,6,6] blocks=[[0,1,2,3],[0,1,4,5],[2,3,4,5],[1,3,4,6],[0,2,5,6],[1,2,4,7],[0,3,5,7],[2,3,6,7],[0,4,6,7],[1,5,6,7],[0,3,4,8],[1,2,5,8],[0,1,6,8],[2,4,6,8],[3,5,6,8],[0,2,7,8]]
FAM D=51 ell=12 count=21 degs=[8,8,8,8,7,7,8,7,7] blocks=[[0,1,2,3],[0,1,4,5],[2,3,4,5],[1,3,4,6],[0,2,5,6],[1,2,4,7],[0,3,5,7],[2,3,6,7],[0,4,6,7],[1,5,6,7],[0,3,4,8],[1,2,5,8],[0,1,6,8],[2,4,6,8],[3,5,6,8],[0,2,7,8],[1,3,7,8]]
FAM D=54 ell=12 count=18 degs=[8,8,8,8,8,8,8,8,8] blocks=[[0,1,2,3],[0,1,4,5],[2,3,4,5],[1,3,4,6],[0,2,5,6],[1,2,4,7],[0,3,5,7],[2,3,6,7],[0,4,6,7],[1,5,6,7],[0,3,4,8],[1,2,5,8],[0,1,6,8],[2,4,6,8],[3,5,6,8],[0,2,7,8],[1,3,7,8],[4,5,7,8]]
FAM D=51 ell=12 count=21 degs=[8,7,8,7,8,8,8,7,7] blocks=[[0,1,2,3],[0,1,4,5],[2,3,4,5],[1,3,4,6],[0,2,5,6],[1,2,4,7],[0,3,5,7],[2,3,6,7],[0,4,6,7],[1,5,6,7],[0,3,4,8],[1,2,5,8],[0,1,6,8],[2,4,6,8],[3,5,6,8],[0,2,7,8],[4,5,7,8]]
FAM D=48 ell=12 count=24 degs=[7,8,7,8,7,7,8,6,6] blocks=[[0,1,2,3],[0,1,4,5],[2,3,4,5],[1,3,4,6],[0,2,5,6],[1,2,4,7],[0,3,5,7],[2,3,6,7],[0,4,6,7],[1,5,6,7],[0,3,4,8],[1,2,5,8],[0,1,6,8],[2,4,6,8],[3,5,6,8],[1,3,7,8]]
FAM D=51 ell=12 count=21 degs=[7,8,7,8,8,8,8,7,7] blocks=[[0,1,2,3],[0,1,4,5],[2,3,4,5],[1,3,4,6],[0,2,5,6],[1,2,4,7],[0,3,5,7],[2,3,6,7],[0,4,6,7],[1,5,6,7],[0,3,4,8],[1,2,5,8],[0,1,6,8],[2,4,6,8],[3,5,6,8],[1,3,7,8],[4,5,7,8]]
FAM D=48 ell=12 count=24 degs=[7,7,7,7,8,8,8,6,6] blocks=[[0,1,2,3],[0,1,4,5],[2,3,4,5],[1,3,4,6],[0,2,5,6],[1,2,4,7],[0,3,5,7],[2,3,6,7],[0,4,6,7],[1,5,6,7],[0,3,4,8],[1,2,5,8],[0,1,6,8],[2,4,6,8],[3,5,6,8],[4,5,7,8]]
FAM D=48 ell=12 count=24 degs=[8,8,8,7,7,6,7,7,6] blocks=[[0,1,2,3],[0,1,4,5],[2,3,4,5],[1,3,4,6],[0,2,5,6],[1,2,4,7],[0,3,5,7],[2,3,6,7],[0,4,6,7],[1,5,6,7],[0,3,4,8],[1,2,5,8],[0,1,6,8],[2,4,6,8],[0,2,7,8],[1,3,7,8]]
FAM D=51 ell=12 count=21 degs=[8,8,8,7,8,7,7,8,7] blocks=[[0,1,2,3],[0,1,4,5],[2,3,4,5],[1,3,4,6],[0,2,5,6],[1,2,4,7],[0,3,5,7],[2,3,6,7],[0,4,6,7],[1,5,6,7],[0,3,4,8],[1,2,5,8],[0,1,6,8],[2,4,6,8],[0,2,7,8],[1,3,7,8],[4,5,7,8]]
FAM D=48 ell=12 count=24 degs=[8,7,8,6,8,7,7,7,6] blocks=[[0,1,2,3],[0,1,4,5],[2,3,4,5],[1,3,4,6],[0,2,5,6],[1,2,4,7],[0,3,5,7],[2,3,6,7],[0,4,6,7],[1,5,6,7],[0,3,4,8],[1,2,5,8],[0,1,6,8],[2,4,6,8],[0,2,7,8],[4,5,7,8]]
FAM D=48 ell=12 count=24 degs=[7,8,7,7,8,7,7,7,6] blocks=[[0,1,2,3],[0,1,4,5],[2,3,4,5],[1,3,4,6],[0,2,5,6],[1,2,4,7],[0,3,5,7],[2,3,6,7],[0,4,6,7],[1,5,6,7],[0,3,4,8],[1,2,5,8],[0,1,6,8],[2,4,6,8],[1,3,7,8],[4,5,7,8]]
FAM D=48 ell=12 count=24 degs=[8,8,7,8,6,7,7,7,6] blocks=[[0,1,2,3],[0,1,4,5],[2,3,4,5],[1,3,4,6],[0,2,5,6],[1,2,4,7],[0,3,5,7],[2,3,6,7],[0,4,6,7],[1,5,6,7],[0,3,4,8],[1,2,5,8],[0,1,6,8],[3,5,6,8],[0,2,7,8],[1,3,7,8]]
FAM D=51 ell=12 count=21 degs=[8,8,7,8,7,8,7,8,7] blocks=[[0,1,2,3],[0,1,4,5],[2,3,4,5],[1,3,4,6],[0,2,5,6],[1,2,4,7],[0,3,5,7],[2,3,6,7],[0,4,6,7],[1,5,6,7],[0,3,4,8],[1,2,5,8],[0,1,6,8],[3,5,6,8],[0,2,7,8],[1,3,7,8],[4,5,7,8]]
FAM D=48 ell=12 count=24 degs=[8,7,7,7,7,8,7,7,6] blocks=[[0,1,2,3],[0,1,4,5],[2,3,4,5],[1,3,4,6],[0,2,5,6],[1,2,4,7],[0,3,5,7],[2,3,6,7],[0,4,6,7],[1,5,6,7],[0,3,4,8],[1,2,5,8],[0,1,6,8],[3,5,6,8],[0,2,7,8],[4,5,7,8]]
FAM D=48 ell=12 count=24 degs=[7,8,6,8,7,8,7,7,6] blocks=[[0,1,2,3],[0,1,4,5],[2,3,4,5],[1,3,4,6],[0,2,5,6],[1,2,4,7],[0,3,5,7],[2,3,6,7],[0,4,6,7],[1,5,6,7],[0,3,4,8],[1,2,5,8],[0,1,6,8],[3,5,6,8],[1,3,7,8],[4,5,7,8]]
FAM D=48 ell=12 count=24 degs=[8,8,7,7,7,7,6,8,6] blocks=[[0,1,2,3],[0,1,4,5],[2,3,4,5],[1,3,4,6],[0,2,5,6],[1,2,4,7],[0,3,5,7],[2,3,6,7],[0,4,6,7],[1,5,6,7],[0,3,4,8],[1,2,5,8],[0,1,6,8],[0,2,7,8],[1,3,7,8],[4,5,7,8]]
FAM D=48 ell=12 count=24 degs=[7,7,8,8,7,7,7,7,6] blocks=[[0,1,2,3],[0,1,4,5],[2,3,4,5],[1,3,4,6],[0,2,5,6],[1,2,4,7],[0,3,5,7],[2,3,6,7],[0,4,6,7],[1,5,6,7],[0,3,4,8],[1,2,5,8],[2,4,6,8],[3,5,6,8],[0,2,7,8],[1,3,7,8]]
FAM D=51 ell=12 count=21 degs=[7,7,8,8,8,8,7,8,7] blocks=[[0,1,2,3],[0,1,4,5],[2,3,4,5],[1,3,4,6],[0,2,5,6],[1,2,4,7],[0,3,5,7],[2,3,6,7],[0,4,6,7],[1,5,6,7],[0,3,4,8],[1,2,5,8],[2,4,6,8],[3,5,6,8],[0,2,7,8],[1,3,7,8],[4,5,7,8]]
FAM D=48 ell=12 count=24 degs=[7,6,8,7,8,8,7,7,6] blocks=[[0,1,2,3],[0,1,4,5],[2,3,4,5],[1,3,4,6],[0,2,5,6],[1,2,4,7],[0,3,5,7],[2,3,6,7],[0,4,6,7],[1,5,6,7],[0,3,4,8],[1,2,5,8],[2,4,6,8],[3,5,6,8],[0,2,7,8],[4,5,7,8]]
FAM D=48 ell=12 count=24 degs=[6,7,7,8,8,8,7,7,6] blocks=[[0,1,2,3],[0,1,4,5],[2,3,4,5],[1,3,4,6],[0,2,5,6],[1,2,4,7],[0,3,5,7],[2,3,6,7],[0,4,6,7],[1,5,6,7],[0,3,4,8],[1,2,5,8],[2,4,6,8],[3,5,6,8],[1,3,7,8],[4,5,7,8]]
FAM D=48 ell=12 count=24 degs=[7,7,8,7,8,7,6,8,6] blocks=[[0,1,2,3],[0,1,4,5],[2,3,4,5],[1,3,4,6],[0,2,5,6],[1,2,4,7],[0,3,5,7],[2,3,6,7],[0,4,6,7],[1,5,6,7],[0,3,4,8],[1,2,5,8],[2,4,6,8],[0,2,7,8],[1,3,7,8],[4,5,7,8]]
FAM D=48 ell=12 count=24 degs=[7,7,7,8,7,8,6,8,6] blocks=[[0,1,2,3],[0,1,4,5],[2,3,4,5],[1,3,4,6],[0,2,5,6],[1,2,4,7],[0,3,5,7],[2,3,6,7],[0,4,6,7],[1,5,6,7],[0,3,4,8],[1,2,5,8],[3,5,6,8],[0,2,7,8],[1,3,7,8],[4,5,7,8]]
FAM D=48 ell=12 count=24 degs=[8,7,7,8,7,6,8,7,6] blocks=[[0,1,2,3],[0,1,4,5],[2,3,4,5],[1,3,4,6],[0,2,5,6],[1,2,4,7],[0,3,5,7],[2,3,6,7],[0,4,6,7],[1,5,6,7],[0,3,4,8],[0,1,6,8],[2,4,6,8],[3,5,6,8],[0,2,7,8],[1,3,7,8]]
FAM D=51 ell=12 count=21 degs=[8,7,7,8,8,7,8,8,7] blocks=[[0,1,2,3],[0,1,4,5],[2,3,4,5],[1,3,4,6],[0,2,5,6],[1,2,4,7],[0,3,5,7],[2,3,6,7],[0,4,6,7],[1,5,6,7],[0,3,4,8],[0,1,6,8],[2,4,6,8],[3,5,6,8],[0,2,7,8],[1,3,7,8],[4,5,7,8]]
FAM D=48 ell=12 count=24 degs=[8,6,7,7,8,7,8,7,6] blocks=[[0,1,2,3],[0,1,4,5],[2,3,4,5],[1,3,4,6],[0,2,5,6],[1,2,4,7],[0,3,5,7],[2,3,6,7],[0,4,6,7],[1,5,6,7],[0,3,4,8],[0,1,6,8],[2,4,6,8],[3,5,6,8],[0,2,7,8],[4,5,7,8]]
FAM D=48 ell=12 count=24 degs=[7,7,6,8,8,7,8,7,6] blocks=[[0,1,2,3],[0,1,4,5],[2,3,4,5],[1,3,4,6],[0,2,5,6],[1,2,4,7],[0,3,5,7],[2,3,6,7],[0,4,6,7],[1,5,6,7],[0,3,4,8],[0,1,6,8],[2,4,6,8],[3,5,6,8],[1,3,7,8],[4,5,7,8]]
FAM D=48 ell=12 count=24 degs=[8,7,7,7,8,6,7,8,6] blocks=[[0,1,2,3],[0,1,4,5],[2,3,4,5],[1,3,4,6],[0,2,5,6],[1,2,4,7],[0,3,5,7],[2,3,6,7],[0,4,6,7],[1,5,6,7],[0,3,4,8],[0,1,6,8],[2,4,6,8],[0,2,7,8],[1,3,7,8],[4,5,7,8]]
FAM D=48 ell=12 count=24 degs=[8,7,6,8,7,7,7,8,6] blocks=[[0,1,2,3],[0,1,4,5],[2,3,4,5],[1,3,4,6],[0,2,5,6],[1,2,4,7],[0,3,5,7],[2,3,6,7],[0,4,6,7],[1,5,6,7],[0,3,4,8],[0,1,6,8],[3,5,6,8],[0,2,7,8],[1,3,7,8],[4,5,7,8]]
FAM D=48 ell=12 count=24 degs=[7,6,7,8,8,7,7,8,6] blocks=[[0,1,2,3],[0,1,4,5],[2,3,4,5],[1,3,4,6],[0,2,5,6],[1,2,4,7],[0,3,5,7],[2,3,6,7],[0,4,6,7],[1,5,6,7],[0,3,4,8],[2,4,6,8],[3,5,6,8],[0,2,7,8],[1,3,7,8],[4,5,7,8]]
FAM D=48 ell=12 count=24 degs=[7,8,8,7,6,7,8,7,6] blocks=[[0,1,2,3],[0,1,4,5],[2,3,4,5],[1,3,4,6],[0,2,5,6],[1,2,4,7],[0,3,5,7],[2,3,6,7],[0,4,6,7],[1,5,6,7],[1,2,5,8],[0,1,6,8],[2,4,6,8],[3,5,6,8],[0,2,7,8],[1,3,7,8]]
FAM D=51 ell=12 count=21 degs=[7,8,8,7,7,8,8,8,7] blocks=[[0,1,2,3],[0,1,4,5],[2,3,4,5],[1,3,4,6],[0,2,5,6],[1,2,4,7],[0,3,5,7],[2,3,6,7],[0,4,6,7],[1,5,6,7],[1,2,5,8],[0,1,6,8],[2,4,6,8],[3,5,6,8],[0,2,7,8],[1,3,7,8],[4,5,7,8]]
FAM D=48 ell=12 count=24 degs=[7,7,8,6,7,8,8,7,6] blocks=[[0,1,2,3],[0,1,4,5],[2,3,4,5],[1,3,4,6],[0,2,5,6],[1,2,4,7],[0,3,5,7],[2,3,6,7],[0,4,6,7],[1,5,6,7],[1,2,5,8],[0,1,6,8],[2,4,6,8],[3,5,6,8],[0,2,7,8],[4,5,7,8]]
FAM D=48 ell=12 count=24 degs=[6,8,7,7,7,8,8,7,6] blocks=[[0,1,2,3],[0,1,4,5],[2,3,4,5],[1,3,4,6],[0,2,5,6],[1,2,4,7],[0,3,5,7],[2,3,6,7],[0,4,6,7],[1,5,6,7],[1,2,5,8],[0,1,6,8],[2,4,6,8],[3,5,6,8],[1,3,7,8],[4,5,7,8]]
FAM D=48 ell=12 count=24 degs=[7,8,8,6,7,7,7,8,6] blocks=[[0,1,2,3],[0,1,4,5],[2,3,4,5],[1,3,4,6],[0,2,5,6],[1,2,4,7],[0,3,5,7],[2,3,6,7],[0,4,6,7],[1,5,6,7],[1,2,5,8],[0,1,6,8],[2,4,6,8],[0,2,7,8],[1,3,7,8],[4,5,7,8]]
FAM D=48 ell=12 count=24 degs=[7,8,7,7,6,8,7,8,6] blocks=[[0,1,2,3],[0,1,4,5],[2,3,4,5],[1,3,4,6],[0,2,5,6],[1,2,4,7],[0,3,5,7],[2,3,6,7],[0,4,6,7],[1,5,6,7],[1,2,5,8],[0,1,6,8],[3,5,6,8],[0,2,7,8],[1,3,7,8],[4,5,7,8]]
FAM D=48 ell=12 count=24 degs=[6,7,8,7,7,8,7,8,6] blocks=[[0,1,2,3],[0,1,4,5],[2,3,4,5],[1,3,4,6],[0,2,5,6],[1,2,4,7],[0,3,5,7],[2,3,6,7],[0,4,6,7],[1,5,6,7],[1,2,5,8],[2,4,6,8],[3,5,6,8],[0,2,7,8],[1,3,7,8],[4,5,7,8]]
FAM D=48 ell=12 count=24 degs=[7,8,6,8,7,7,8,7,6] blocks=[[0,1,2,3],[0,1,4,5],[2,3,4,5],[1,3,4,6],[0,2,5,6],[1,2,4,7],[0,3,5,7],[2,3,6,7],[0,4,6,7],[1,5,6,7],[1,3,5,8],[1,2,6,8],[0,3,6,8],[4,5,6,8],[0,1,7,8],[3,4,7,8]]
FAM D=51 ell=12 count=21 degs=[7,8,7,8,7,8,8,8,7] blocks=[[0,1,2,3],[0,1,4,5],[2,3,4,5],[1,3,4,6],[0,2,5,6],[1,2,4,7],[0,3,5,7],[2,3,6,7],[0,4,6,7],[1,5,6,7],[1,3,5,8],[1,2,6,8],[0,3,6,8],[4,5,6,8],[0,1,7,8],[3,4,7,8],[2,5,7,8]]
FAM D=48 ell=12 count=24 degs=[7,8,7,7,6,8,8,7,6] blocks=[[0,1,2,3],[0,1,4,5],[2,3,4,5],[1,3,4,6],[0,2,5,6],[1,2,4,7],[0,3,5,7],[2,3,6,7],[0,4,6,7],[1,5,6,7],[1,3,5,8],[1,2,6,8],[0,3,6,8],[4,5,6,8],[0,1,7,8],[2,5,7,8]]
FAM D=48 ell=12 count=24 degs=[6,7,7,8,7,8,8,7,6] blocks=[[0,1,2,3],[0,1,4,5],[2,3,4,5],[1,3,4,6],[0,2,5,6],[1,2,4,7],[0,3,5,7],[2,3,6,7],[0,4,6,7],[1,5,6,7],[1,3,5,8],[1,2,6,8],[0,3,6,8],[4,5,6,8],[3,4,7,8],[2,5,7,8]]
FAM D=48 ell=12 count=24 degs=[7,8,7,8,6,7,7,8,6] blocks=[[0,1,2,3],[0,1,4,5],[2,3,4,5],[1,3,4,6],[0,2,5,6],[1,2,4,7],[0,3,5,7],[2,3,6,7],[0,4,6,7],[1,5,6,7],[1,3,5,8],[1,2,6,8],[0,3,6,8],[0,1,7,8],[3,4,7,8],[2,5,7,8]]
FAM D=48 ell=12 count=24 degs=[6,8,7,7,7,8,7,8,6] blocks=[[0,1,2,3],[0,1,4,5],[2,3,4,5],[1,3,4,6],[0,2,5,6],[1,2,4,7],[0,3,5,7],[2,3,6,7],[0,4,6,7],[1,5,6,7],[1,3,5,8],[1,2,6,8],[4,5,6,8],[0,1,7,8],[3,4,7,8],[2,5,7,8]]
FAM D=48 ell=12 count=24 degs=[7,7,6,8,7,8,7,8,6] blocks=[[0,1,2,3],[0,1,4,5],[2,3,4,5],[1,3,4,6],[0,2,5,6],[1,2,4,7],[0,3,5,7],[2,3,6,7],[0,4,6,7],[1,5,6,7],[1,3,5,8],[0,3,6,8],[4,5,6,8],[0,1,7,8],[3,4,7,8],[2,5,7,8]]
FAM D=48 ell=12 count=24 degs=[7,7,7,7,7,7,8,8,6] blocks=[[0,1,2,3],[0,1,4,5],[2,3,4,5],[1,3,4,6],[0,2,5,6],[1,2,4,7],[0,3,5,7],[2,3,6,7],[0,4,6,7],[1,5,6,7],[0,1,6,8],[2,4,6,8],[3,5,6,8],[0,2,7,8],[1,3,7,8],[4,5,7,8]]
FAM D=48 ell=12 count=24 degs=[7,7,7,7,7,7,8,8,6] blocks=[[0,1,2,3],[0,1,4,5],[2,3,4,5],[1,3,4,6],[0,2,5,6],[1,2,4,7],[0,3,5,7],[2,3,6,7],[0,4,6,7],[1,5,6,7],[1,2,6,8],[0,3,6,8],[4,5,6,8],[0,1,7,8],[3,4,7,8],[2,5,7,8]]
FAM D=48 ell=12 count=24 degs=[8,7,7,8,8,6,7,6,7] blocks=[[0,1,2,3],[0,1,4,5],[2,3,4,5],[1,3,4,6],[0,2,5,6],[1,2,4,7],[0,3,5,7],[2,3,6,7],[0,4,6,7],[0,2,4,8],[1,3,5,8],[1,2,6,8],[0,3,6,8],[4,5,6,8],[0,1,7,8],[3,4,7,8]]
FAM D=51 ell=12 count=21 degs=[8,7,8,8,8,7,7,7,8] blocks=[[0,1,2,3],[0,1,4,5],[2,3,4,5],[1,3,4,6],[0,2,5,6],[1,2,4,7],[0,3,5,7],[2,3,6,7],[0,4,6,7],[0,2,4,8],[1,3,5,8],[1,2,6,8],[0,3,6,8],[4,5,6,8],[0,1,7,8],[3,4,7,8],[2,5,7,8]]
FAM D=48 ell=12 count=24 degs=[8,7,8,7,7,7,7,6,7] blocks=[[0,1,2,3],[0,1,4,5],[2,3,4,5],[1,3,4,6],[0,2,5,6],[1,2,4,7],[0,3,5,7],[2,3,6,7],[0,4,6,7],[0,2,4,8],[1,3,5,8],[1,2,6,8],[0,3,6,8],[4,5,6,8],[0,1,7,8],[2,5,7,8]]
FAM D=48 ell=12 count=24 degs=[7,6,8,8,8,7,7,6,7] blocks=[[0,1,2,3],[0,1,4,5],[2,3,4,5],[1,3,4,6],[0,2,5,6],[1,2,4,7],[0,3,5,7],[2,3,6,7],[0,4,6,7],[0,2,4,8],[1,3,5,8],[1,2,6,8],[0,3,6,8],[4,5,6,8],[3,4,7,8],[2,5,7,8]]
FAM D=48 ell=12 count=24 degs=[8,7,8,8,7,6,6,7,7] blocks=[[0,1,2,3],[0,1,4,5],[2,3,4,5],[1,3,4,6],[0,2,5,6],[1,2,4,7],[0,3,5,7],[2,3,6,7],[0,4,6,7],[0,2,4,8],[1,3,5,8],[1,2,6,8],[0,3,6,8],[0,1,7,8],[3,4,7,8],[2,5,7,8]]
FAM D=48 ell=12 count=24 degs=[7,7,8,7,8,7,6,7,7] blocks=[[0,1,2,3],[0,1,4,5],[2,3,4,5],[1,3,4,6],[0,2,5,6],[1,2,4,7],[0,3,5,7],[2,3,6,7],[0,4,6,7],[0,2,4,8],[1,3,5,8],[1,2,6,8],[4,5,6,8],[0,1,7,8],[3,4,7,8],[2,5,7,8]]
FAM D=48 ell=12 count=24 degs=[8,6,7,8,8,7,6,7,7] blocks=[[0,1,2,3],[0,1,4,5],[2,3,4,5],[1,3,4,6],[0,2,5,6],[1,2,4,7],[0,3,5,7],[2,3,6,7],[0,4,6,7],[0,2,4,8],[1,3,5,8],[0,3,6,8],[4,5,6,8],[0,1,7,8],[3,4,7,8],[2,5,7,8]]
FAM D=48 ell=12 count=24 degs=[8,6,8,7,8,6,7,7,7] blocks=[[0,1,2,3],[0,1,4,5],[2,3,4,5],[1,3,4,6],[0,2,5,6],[1,2,4,7],[0,3,5,7],[2,3,6,7],[0,4,6,7],[0,2,4,8],[1,2,6,8],[0,3,6,8],[4,5,6,8],[0,1,7,8],[3,4,7,8],[2,5,7,8]]
FAM D=48 ell=12 count=24 degs=[8,7,8,8,7,6,7,6,7] blocks=[[0,1,2,3],[0,1,4,5],[2,3,4,5],[1,3,4,6],[0,2,5,6],[1,2,4,7],[0,3,5,7],[2,3,6,7],[0,4,6,7],[0,3,4,8],[1,2,5,8],[0,1,6,8],[2,4,6,8],[3,5,6,8],[0,2,7,8],[1,3,7,8]]
FAM D=51 ell=12 count=21 degs=[8,7,8,8,8,7,7,7,8] blocks=[[0,1,2,3],[0,1,4,5],[2,3,4,5],[1,3,4,6],[0,2,5,6],[1,2,4,7],[0,3,5,7],[2,3,6,7],[0,4,6,7],[0,3,4,8],[1,2,5,8],[0,1,6,8],[2,4,6,8],[3,5,6,8],[0,2,7,8],[1,3,7,8],[4,5,7,8]]
FAM D=48 ell=12 count=24 degs=[8,6,8,7,8,7,7,6,7] blocks=[[0,1,2,3],[0,1,4,5],[2,3,4,5],[1,3,4,6],[0,2,5,6],[1,2,4,7],[0,3,5,7],[2,3,6,7],[0,4,6,7],[0,3,4,8],[1,2,5,8],[0,1,6,8],[2,4,6,8],[3,5,6,8],[0,2,7,8],[4,5,7,8]]
FAM D=48 ell=12 count=24 degs=[7,7,7,8,8,7,7,6,7] blocks=[[0,1,2,3],[0,1,4,5],[2,3,4,5],[1,3,4,6],[0,2,5,6],[1,2,4,7],[0,3,5,7],[2,3,6,7],[0,4,6,7],[0,3,4,8],[1,2,5,8],[0,1,6,8],[2,4,6,8],[3,5,6,8],[1,3,7,8],[4,5,7,8]]
FAM D=48 ell=12 count=24 degs=[8,7,8,7,8,6,6,7,7] blocks=[[0,1,2,3],[0,1,4,5],[2,3,4,5],[1,3,4,6],[0,2,5,6],[1,2,4,7],[0,3,5,7],[2,3,6,7],[0,4,6,7],[0,3,4,8],[1,2,5,8],[0,1,6,8],[2,4,6,8],[0,2,7,8],[1,3,7,8],[4,5,7,8]]
FAM D=48 ell=12 count=24 degs=[8,7,7,8,7,7,6,7,7] blocks=[[0,1,2,3],[0,1,4,5],[2,3,4,5],[1,3,4,6],[0,2,5,6],[1,2,4,7],[0,3,5,7],[2,3,6,7],[0,4,6,7],[0,3,4,8],[1,2,5,8],[0,1,6,8],[3,5,6,8],[0,2,7,8],[1,3,7,8],[4,5,7,8]]
FAM D=48 ell=12 count=24 degs=[7,6,8,8,8,7,6,7,7] blocks=[[0,1,2,3],[0,1,4,5],[2,3,4,5],[1,3,4,6],[0,2,5,6],[1,2,4,7],[0,3,5,7],[2,3,6,7],[0,4,6,7],[0,3,4,8],[1,2,5,8],[2,4,6,8],[3,5,6,8],[0,2,7,8],[1,3,7,8],[4,5,7,8]]
FAM D=48 ell=12 count=24 degs=[8,6,7,8,8,6,7,7,7] blocks=[[0,1,2,3],[0,1,4,5],[2,3,4,5],[1,3,4,6],[0,2,5,6],[1,2,4,7],[0,3,5,7],[2,3,6,7],[0,4,6,7],[0,3,4,8],[0,1,6,8],[2,4,6,8],[3,5,6,8],[0,2,7,8],[1,3,7,8],[4,5,7,8]]
FAM D=48 ell=12 count=24 degs=[7,7,8,7,7,7,7,7,7] blocks=[[0,1,2,3],[0,1,4,5],[2,3,4,5],[1,3,4,6],[0,2,5,6],[1,2,4,7],[0,3,5,7],[2,3,6,7],[0,4,6,7],[1,2,5,8],[0,1,6,8],[2,4,6,8],[3,5,6,8],[0,2,7,8],[1,3,7,8],[4,5,7,8]]
FAM D=48 ell=12 count=24 degs=[7,7,7,8,7,7,7,7,7] blocks=[[0,1,2,3],[0,1,4,5],[2,3,4,5],[1,3,4,6],[0,2,5,6],[1,2,4,7],[0,3,5,7],[2,3,6,7],[0,4,6,7],[1,3,5,8],[1,2,6,8],[0,3,6,8],[4,5,6,8],[0,1,7,8],[3,4,7,8],[2,5,7,8]]
FAM D=48 ell=12 count=24 degs=[7,8,7,8,7,7,7,6,7] blocks=[[0,1,2,3],[0,1,4,5],[2,3,4,5],[1,3,4,6],[0,2,5,6],[1,2,4,7],[0,3,5,7],[2,3,6,7],[1,5,6,7],[0,2,4,8],[1,3,5,8],[1,2,6,8],[0,3,6,8],[4,5,6,8],[0,1,7,8],[3,4,7,8]]
FAM D=51 ell=12 count=21 degs=[7,8,8,8,7,8,7,7,8] blocks=[[0,1,2,3],[0,1,4,5],[2,3,4,5],[1,3,4,6],[0,2,5,6],[1,2,4,7],[0,3,5,7],[2,3,6,7],[1,5,6,7],[0,2,4,8],[1,3,5,8],[1,2,6,8],[0,3,6,8],[4,5,6,8],[0,1,7,8],[3,4,7,8],[2,5,7,8]]
FAM D=48 ell=12 count=24 degs=[7,8,8,7,6,8,7,6,7] blocks=[[0,1,2,3],[0,1,4,5],[2,3,4,5],[1,3,4,6],[0,2,5,6],[1,2,4,7],[0,3,5,7],[2,3,6,7],[1,5,6,7],[0,2,4,8],[1,3,5,8],[1,2,6,8],[0,3,6,8],[4,5,6,8],[0,1,7,8],[2,5,7,8]]
FAM D=48 ell=12 count=24 degs=[6,7,8,8,7,8,7,6,7] blocks=[[0,1,2,3],[0,1,4,5],[2,3,4,5],[1,3,4,6],[0,2,5,6],[1,2,4,7],[0,3,5,7],[2,3,6,7],[1,5,6,7],[0,2,4,8],[1,3,5,8],[1,2,6,8],[0,3,6,8],[4,5,6,8],[3,4,7,8],[2,5,7,8]]
FAM D=48 ell=12 count=24 degs=[7,8,8,8,6,7,6,7,7] blocks=[[0,1,2,3],[0,1,4,5],[2,3,4,5],[1,3,4,6],[0,2,5,6],[1,2,4,7],[0,3,5,7],[2,3,6,7],[1,5,6,7],[0,2,4,8],[1,3,5,8],[1,2,6,8],[0,3,6,8],[0,1,7,8],[3,4,7,8],[2,5,7,8]]
FAM D=48 ell=12 count=24 degs=[6,8,8,7,7,8,6,7,7] blocks=[[0,1,2,3],[0,1,4,5],[2,3,4,5],[1,3,4,6],[0,2,5,6],[1,2,4,7],[0,3,5,7],[2,3,6,7],[1,5,6,7],[0,2,4,8],[1,3,5,8],[1,2,6,8],[4,5,6,8],[0,1,7,8],[3,4,7,8],[2,5,7,8]]
FAM D=48 ell=12 count=24 degs=[7,7,7,8,7,8,6,7,7] blocks=[[0,1,2,3],[0,1,4,5],[2,3,4,5],[1,3,4,6],[0,2,5,6],[1,2,4,7],[0,3,5,7],[2,3,6,7],[1,5,6,7],[0,2,4,8],[1,3,5,8],[0,3,6,8],[4,5,6,8],[0,1,7,8],[3,4,7,8],[2,5,7,8]]
FAM D=48 ell=12 count=24 degs=[7,7,8,7,7,7,7,7,7] blocks=[[0,1,2,3],[0,1,4,5],[2,3,4,5],[1,3,4,6],[0,2,5,6],[1,2,4,7],[0,3,5,7],[2,3,6,7],[1,5,6,7],[0,2,4,8],[1,2,6,8],[0,3,6,8],[4,5,6,8],[0,1,7,8],[3,4,7,8],[2,5,7,8]]
FAM D=48 ell=12 count=24 degs=[7,8,8,8,6,7,7,6,7] blocks=[[0,1,2,3],[0,1,4,5],[2,3,4,5],[1,3,4,6],[0,2,5,6],[1,2,4,7],[0,3,5,7],[2,3,6,7],[1,5,6,7],[0,3,4,8],[1,2,5,8],[0,1,6,8],[2,4,6,8],[3,5,6,8],[0,2,7,8],[1,3,7,8]]
FAM D=51 ell=12 count=21 degs=[7,8,8,8,7,8,7,7,8] blocks=[[0,1,2,3],[0,1,4,5],[2,3,4,5],[1,3,4,6],[0,2,5,6],[1,2,4,7],[0,3,5,7],[2,3,6,7],[1,5,6,7],[0,3,4,8],[1,2,5,8],[0,1,6,8],[2,4,6,8],[3,5,6,8],[0,2,7,8],[1,3,7,8],[4,5,7,8]]
FAM D=48 ell=12 count=24 degs=[7,7,8,7,7,8,7,6,7] blocks=[[0,1,2,3],[0,1,4,5],[2,3,4,5],[1,3,4,6],[0,2,5,6],[1,2,4,7],[0,3,5,7],[2,3,6,7],[1,5,6,7],[0,3,4,8],[1,2,5,8],[0,1,6,8],[2,4,6,8],[3,5,6,8],[0,2,7,8],[4,5,7,8]]
FAM D=48 ell=12 count=24 degs=[6,8,7,8,7,8,7,6,7] blocks=[[0,1,2,3],[0,1,4,5],[2,3,4,5],[1,3,4,6],[0,2,5,6],[1,2,4,7],[0,3,5,7],[2,3,6,7],[1,5,6,7],[0,3,4,8],[1,2,5,8],[0,1,6,8],[2,4,6,8],[3,5,6,8],[1,3,7,8],[4,5,7,8]]
FAM D=48 ell=12 count=24 degs=[7,8,8,7,7,7,6,7,7] blocks=[[0,1,2,3],[0,1,4,5],[2,3,4,5],[1,3,4,6],[0,2,5,6],[1,2,4,7],[0,3,5,7],[2,3,6,7],[1,5,6,7],[0,3,4,8],[1,2,5,8],[0,1,6,8],[2,4,6,8],[0,2,7,8],[1,3,7,8],[4,5,7,8]]
FAM D=48 ell=12 count=24 degs=[7,8,7,8,6,8,6,7,7] blocks=[[0,1,2,3],[0,1,4,5],[2,3,4,5],[1,3,4,6],[0,2,5,6],[1,2,4,7],[0,3,5,7],[2,3,6,7],[1,5,6,7],[0,3,4,8],[1,2,5,8],[0,1,6,8],[3,5,6,8],[0,2,7,8],[1,3,7,8],[4,5,7,8]]
FAM D=48 ell=12 count=24 degs=[6,7,8,8,7,8,6,7,7] blocks=[[0,1,2,3],[0,1,4,5],[2,3,4,5],[1,3,4,6],[0,2,5,6],[1,2,4,7],[0,3,5,7],[2,3,6,7],[1,5,6,7],[0,3,4,8],[1,2,5,8],[2,4,6,8],[3,5,6,8],[0,2,7,8],[1,3,7,8],[4,5,7,8]]
FAM D=48 ell=12 count=24 degs=[7,7,7,8,7,7,7,7,7] blocks=[[0,1,2,3],[0,1,4,5],[2,3,4,5],[1,3,4,6],[0,2,5,6],[1,2,4,7],[0,3,5,7],[2,3,6,7],[1,5,6,7],[0,3,4,8],[0,1,6,8],[2,4,6,8],[3,5,6,8],[0,2,7,8],[1,3,7,8],[4,5,7,8]]
FAM D=48 ell=12 count=24 degs=[6,8,8,7,6,8,7,7,7] blocks=[[0,1,2,3],[0,1,4,5],[2,3,4,5],[1,3,4,6],[0,2,5,6],[1,2,4,7],[0,3,5,7],[2,3,6,7],[1,5,6,7],[1,2,5,8],[0,1,6,8],[2,4,6,8],[3,5,6,8],[0,2,7,8],[1,3,7,8],[4,5,7,8]]
FAM D=48 ell=12 count=24 degs=[6,8,7,8,6,8,7,7,7] blocks=[[0,1,2,3],[0,1,4,5],[2,3,4,5],[1,3,4,6],[0,2,5,6],[1,2,4,7],[0,3,5,7],[2,3,6,7],[1,5,6,7],[1,3,5,8],[1,2,6,8],[0,3,6,8],[4,5,6,8],[0,1,7,8],[3,4,7,8],[2,5,7,8]]
FAM D=48 ell=12 count=24 degs=[7,7,8,8,7,7,6,6,8] blocks=[[0,1,2,3],[0,1,4,5],[2,3,4,5],[1,3,4,6],[0,2,5,6],[1,2,4,7],[0,3,5,7],[2,3,6,7],[0,2,4,8],[1,3,5,8],[1,2,6,8],[0,3,6,8],[4,5,6,8],[0,1,7,8],[3,4,7,8],[2,5,7,8]]
FAM D=48 ell=12 count=24 degs=[7,7,8,8,7,7,6,6,8] blocks=[[0,1,2,3],[0,1,4,5],[2,3,4,5],[1,3,4,6],[0,2,5,6],[1,2,4,7],[0,3,5,7],[2,3,6,7],[0,3,4,8],[1,2,5,8],[0,1,6,8],[2,4,6,8],[3,5,6,8],[0,2,7,8],[1,3,7,8],[4,5,7,8]]
FAM D=48 ell=12 count=24 degs=[8,8,6,7,8,7,7,6,7] blocks=[[0,1,2,3],[0,1,4,5],[2,3,4,5],[1,3,4,6],[0,2,5,6],[1,2,4,7],[0,3,5,7],[0,4,6,7],[1,5,6,7],[0,2,4,8],[1,3,5,8],[1,2,6,8],[0,3,6,8],[4,5,6,8],[0,1,7,8],[3,4,7,8]]
FAM D=51 ell=12 count=21 degs=[8,8,7,7,8,8,7,7,8] blocks=[[0,1,2,3],[0,1,4,5],[2,3,4,5],[1,3,4,6],[0,2,5,6],[1,2,4,7],[0,3,5,7],[0,4,6,7],[1,5,6,7],[0,2,4,8],[1,3,5,8],[1,2,6,8],[0,3,6,8],[4,5,6,8],[0,1,7,8],[3,4,7,8],[2,5,7,8]]
FAM D=48 ell=12 count=24 degs=[8,8,7,6,7,8,7,6,7] blocks=[[0,1,2,3],[0,1,4,5],[2,3,4,5],[1,3,4,6],[0,2,5,6],[1,2,4,7],[0,3,5,7],[0,4,6,7],[1,5,6,7],[0,2,4,8],[1,3,5,8],[1,2,6,8],[0,3,6,8],[4,5,6,8],[0,1,7,8],[2,5,7,8]]
FAM D=48 ell=12 count=24 degs=[7,7,7,7,8,8,7,6,7] blocks=[[0,1,2,3],[0,1,4,5],[2,3,4,5],[1,3,4,6],[0,2,5,6],[1,2,4,7],[0,3,5,7],[0,4,6,7],[1,5,6,7],[0,2,4,8],[1,3,5,8],[1,2,6,8],[0,3,6,8],[4,5,6,8],[3,4,7,8],[2,5,7,8]]
FAM D=48 ell=12 count=24 degs=[8,8,7,7,7,7,6,7,7] blocks=[[0,1,2,3],[0,1,4,5],[2,3,4,5],[1,3,4,6],[0,2,5,6],[1,2,4,7],[0,3,5,7],[0,4,6,7],[1,5,6,7],[0,2,4,8],[1,3,5,8],[1,2,6,8],[0,3,6,8],[0,1,7,8],[3,4,7,8],[2,5,7,8]]
FAM D=48 ell=12 count=24 degs=[7,8,7,6,8,8,6,7,7] blocks=[[0,1,2,3],[0,1,4,5],[2,3,4,5],[1,3,4,6],[0,2,5,6],[1,2,4,7],[0,3,5,7],[0,4,6,7],[1,5,6,7],[0,2,4,8],[1,3,5,8],[1,2,6,8],[4,5,6,8],[0,1,7,8],[3,4,7,8],[2,5,7,8]]
FAM D=48 ell=12 count=24 degs=[8,7,6,7,8,8,6,7,7] blocks=[[0,1,2,3],[0,1,4,5],[2,3,4,5],[1,3,4,6],[0,2,5,6],[1,2,4,7],[0,3,5,7],[0,4,6,7],[1,5,6,7],[0,2,4,8],[1,3,5,8],[0,3,6,8],[4,5,6,8],[0,1,7,8],[3,4,7,8],[2,5,7,8]]
FAM D=48 ell=12 count=24 degs=[8,7,7,6,8,7,7,7,7] blocks=[[0,1,2,3],[0,1,4,5],[2,3,4,5],[1,3,4,6],[0,2,5,6],[1,2,4,7],[0,3,5,7],[0,4,6,7],[1,5,6,7],[0,2,4,8],[1,2,6,8],[0,3,6,8],[4,5,6,8],[0,1,7,8],[3,4,7,8],[2,5,7,8]]
FAM D=48 ell=12 count=24 degs=[8,8,7,7,7,7,7,6,7] blocks=[[0,1,2,3],[0,1,4,5],[2,3,4,5],[1,3,4,6],[0,2,5,6],[1,2,4,7],[0,3,5,7],[0,4,6,7],[1,5,6,7],[0,3,4,8],[1,2,5,8],[0,1,6,8],[2,4,6,8],[3,5,6,8],[0,2,7,8],[1,3,7,8]]
FAM D=51 ell=12 count=21 degs=[8,8,7,7,8,8,7,7,8] blocks=[[0,1,2,3],[0,1,4,5],[2,3,4,5],[1,3,4,6],[0,2,5,6],[1,2,4,7],[0,3,5,7],[0,4,6,7],[1,5,6,7],[0,3,4,8],[1,2,5,8],[0,1,6,8],[2,4,6,8],[3,5,6,8],[0,2,7,8],[1,3,7,8],[4,5,7,8]]
FAM D=48 ell=12 count=24 degs=[8,7,7,6,8,8,7,6,7] blocks=[[0,1,2,3],[0,1,4,5],[2,3,4,5],[1,3,4,6],[0,2,5,6],[1,2,4,7],[0,3,5,7],[0,4,6,7],[1,5,6,7],[0,3,4,8],[1,2,5,8],[0,1,6,8],[2,4,6,8],[3,5,6,8],[0,2,7,8],[4,5,7,8]]
FAM D=48 ell=12 count=24 degs=[7,8,6,7,8,8,7,6,7] blocks=[[0,1,2,3],[0,1,4,5],[2,3,4,5],[1,3,4,6],[0,2,5,6],[1,2,4,7],[0,3,5,7],[0,4,6,7],[1,5,6,7],[0,3,4,8],[1,2,5,8],[0,1,6,8],[2,4,6,8],[3,5,6,8],[1,3,7,8],[4,5,7,8]]
FAM D=48 ell=12 count=24 degs=[8,8,7,6,8,7,6,7,7] blocks=[[0,1,2,3],[0,1,4,5],[2,3,4,5],[1,3,4,6],[0,2,5,6],[1,2,4,7],[0,3,5,7],[0,4,6,7],[1,5,6,7],[0,3,4,8],[1,2,5,8],[0,1,6,8],[2,4,6,8],[0,2,7,8],[1,3,7,8],[4,5,7,8]]
FAM D=48 ell=12 count=24 degs=[8,8,6,7,7,8,6,7,7] blocks=[[0,1,2,3],[0,1,4,5],[2,3,4,5],[1,3,4,6],[0,2,5,6],[1,2,4,7],[0,3,5,7],[0,4,6,7],[1,5,6,7],[0,3,4,8],[1,2,5,8],[0,1,6,8],[3,5,6,8],[0,2,7,8],[1,3,7,8],[4,5,7,8]]
FAM D=48 ell=12 count=24 degs=[7,7,7,7,8,8,6,7,7] blocks=[[0,1,2,3],[0,1,4,5],[2,3,4,5],[1,3,4,6],[0,2,5,6],[1,2,4,7],[0,3,5,7],[0,4,6,7],[1,5,6,7],[0,3,4,8],[1,2,5,8],[2,4,6,8],[3,5,6,8],[0,2,7,8],[1,3,7,8],[4,5,7,8]]
FAM D=48 ell=12 count=24 degs=[8,7,6,7,8,7,7,7,7] blocks=[[0,1,2,3],[0,1,4,5],[2,3,4,5],[1,3,4,6],[0,2,5,6],[1,2,4,7],[0,3,5,7],[0,4,6,7],[1,5,6,7],[0,3,4,8],[0,1,6,8],[2,4,6,8],[3,5,6,8],[0,2,7,8],[1,3,7,8],[4,5,7,8]]
FAM D=48 ell=12 count=24 degs=[7,8,7,6,7,8,7,7,7] blocks=[[0,1,2,3],[0,1,4,5],[2,3,4,5],[1,3,4,6],[0,2,5,6],[1,2,4,7],[0,3,5,7],[0,4,6,7],[1,5,6,7],[1,2,5,8],[0,1,6,8],[2,4,6,8],[3,5,6,8],[0,2,7,8],[1,3,7,8],[4,5,7,8]]
FAM D=48 ell=12 count=24 degs=[7,8,6,7,7,8,7,7,7] blocks=[[0,1,2,3],[0,1,4,5],[2,3,4,5],[1,3,4,6],[0,2,5,6],[1,2,4,7],[0,3,5,7],[0,4,6,7],[1,5,6,7],[1,3,5,8],[1,2,6,8],[0,3,6,8],[4,5,6,8],[0,1,7,8],[3,4,7,8],[2,5,7,8]]
FAM D=48 ell=12 count=24 degs=[8,7,7,7,8,7,6,6,8] blocks=[[0,1,2,3],[0,1,4,5],[2,3,4,5],[1,3,4,6],[0,2,5,6],[1,2,4,7],[0,3,5,7],[0,4,6,7],[0,2,4,8],[1,3,5,8],[1,2,6,8],[0,3,6,8],[4,5,6,8],[0,1,7,8],[3,4,7,8],[2,5,7,8]]
FAM D=48 ell=12 count=24 degs=[8,7,7,7,8,7,6,6,8] blocks=[[0,1,2,3],[0,1,4,5],[2,3,4,5],[1,3,4,6],[0,2,5,6],[1,2,4,7],[0,3,5,7],[0,4,6,7],[0,3,4,8],[1,2,5,8],[0,1,6,8],[2,4,6,8],[3,5,6,8],[0,2,7,8],[1,3,7,8],[4,5,7,8]]
FAM D=48 ell=12 count=24 degs=[7,8,7,7,7,8,6,6,8] blocks=[[0,1,2,3],[0,1,4,5],[2,3,4,5],[1,3,4,6],[0,2,5,6],[1,2,4,7],[0,3,5,7],[1,5,6,7],[0,2,4,8],[1,3,5,8],[1,2,6,8],[0,3,6,8],[4,5,6,8],[0,1,7,8],[3,4,7,8],[2,5,7,8]]
FAM D=48 ell=12 count=24 degs=[7,8,7,7,7,8,6,6,8] blocks=[[0,1,2,3],[0,1,4,5],[2,3,4,5],[1,3,4,6],[0,2,5,6],[1,2,4,7],[0,3,5,7],[1,5,6,7],[0,3,4,8],[1,2,5,8],[0,1,6,8],[2,4,6,8],[3,5,6,8],[0,2,7,8],[1,3,7,8],[4,5,7,8]]
FAM D=48 ell=12 count=24 degs=[7,8,7,7,8,6,8,6,7] blocks=[[0,1,2,3],[0,1,4,5],[2,3,4,5],[1,3,4,6],[0,2,5,6],[1,2,4,7],[2,3,6,7],[0,4,6,7],[1,5,6,7],[0,2,4,8],[1,3,5,8],[1,2,6,8],[0,3,6,8],[4,5,6,8],[0,1,7,8],[3,4,7,8]]
FAM D=51 ell=12 count=21 degs=[7,8,8,7,8,7,8,7,8] blocks=[[0,1,2,3],[0,1,4,5],[2,3,4,5],[1,3,4,6],[0,2,5,6],[1,2,4,7],[2,3,6,7],[0,4,6,7],[1,5,6,7],[0,2,4,8],[1,3,5,8],[1,2,6,8],[0,3,6,8],[4,5,6,8],[0,1,7,8],[3,4,7,8],[2,5,7,8]]
FAM D=48 ell=12 count=24 degs=[7,8,8,6,7,7,8,6,7] blocks=[[0,1,2,3],[0,1,4,5],[2,3,4,5],[1,3,4,6],[0,2,5,6],[1,2,4,7],[2,3,6,7],[0,4,6,7],[1,5,6,7],[0,2,4,8],[1,3,5,8],[1,2,6,8],[0,3,6,8],[4,5,6,8],[0,1,7,8],[2,5,7,8]]
FAM D=48 ell=12 count=24 degs=[6,7,8,7,8,7,8,6,7] blocks=[[0,1,2,3],[0,1,4,5],[2,3,4,5],[1,3,4,6],[0,2,5,6],[1,2,4,7],[2,3,6,7],[0,4,6,7],[1,5,6,7],[0,2,4,8],[1,3,5,8],[1,2,6,8],[0,3,6,8],[4,5,6,8],[3,4,7,8],[2,5,7,8]]
FAM D=48 ell=12 count=24 degs=[7,8,8,7,7,6,7,7,7] blocks=[[0,1,2,3],[0,1,4,5],[2,3,4,5],[1,3,4,6],[0,2,5,6],[1,2,4,7],[2,3,6,7],[0,4,6,7],[1,5,6,7],[0,2,4,8],[1,3,5,8],[1,2,6,8],[0,3,6,8],[0,1,7,8],[3,4,7,8],[2,5,7,8]]
FAM D=48 ell=12 count=24 degs=[6,8,8,6,8,7,7,7,7] blocks=[[0,1,2,3],[0,1,4,5],[2,3,4,5],[1,3,4,6],[0,2,5,6],[1,2,4,7],[2,3,6,7],[0,4,6,7],[1,5,6,7],[0,2,4,8],[1,3,5,8],[1,2,6,8],[4,5,6,8],[0,1,7,8],[3,4,7,8],[2,5,7,8]]
FAM D=48 ell=12 count=24 degs=[7,7,7,7,8,7,7,7,7] blocks=[[0,1,2,3],[0,1,4,5],[2,3,4,5],[1,3,4,6],[0,2,5,6],[1,2,4,7],[2,3,6,7],[0,4,6,7],[1,5,6,7],[0,2,4,8],[1,3,5,8],[0,3,6,8],[4,5,6,8],[0,1,7,8],[3,4,7,8],[2,5,7,8]]
FAM D=48 ell=12 count=24 degs=[7,7,8,6,8,6,8,7,7] blocks=[[0,1,2,3],[0,1,4,5],[2,3,4,5],[1,3,4,6],[0,2,5,6],[1,2,4,7],[2,3,6,7],[0,4,6,7],[1,5,6,7],[0,2,4,8],[1,2,6,8],[0,3,6,8],[4,5,6,8],[0,1,7,8],[3,4,7,8],[2,5,7,8]]
FAM D=48 ell=12 count=24 degs=[7,8,8,7,7,6,8,6,7] blocks=[[0,1,2,3],[0,1,4,5],[2,3,4,5],[1,3,4,6],[0,2,5,6],[1,2,4,7],[2,3,6,7],[0,4,6,7],[1,5,6,7],[0,3,4,8],[1,2,5,8],[0,1,6,8],[2,4,6,8],[3,5,6,8],[0,2,7,8],[1,3,7,8]]
FAM D=51 ell=12 count=21 degs=[7,8,8,7,8,7,8,7,8] blocks=[[0,1,2,3],[0,1,4,5],[2,3,4,5],[1,3,4,6],[0,2,5,6],[1,2,4,7],[2,3,6,7],[0,4,6,7],[1,5,6,7],[0,3,4,8],[1,2,5,8],[0,1,6,8],[2,4,6,8],[3,5,6,8],[0,2,7,8],[1,3,7,8],[4,5,7,8]]
FAM D=48 ell=12 count=24 degs=[7,7,8,6,8,7,8,6,7] blocks=[[0,1,2,3],[0,1,4,5],[2,3,4,5],[1,3,4,6],[0,2,5,6],[1,2,4,7],[2,3,6,7],[0,4,6,7],[1,5,6,7],[0,3,4,8],[1,2,5,8],[0,1,6,8],[2,4,6,8],[3,5,6,8],[0,2,7,8],[4,5,7,8]]
FAM D=48 ell=12 count=24 degs=[6,8,7,7,8,7,8,6,7] blocks=[[0,1,2,3],[0,1,4,5],[2,3,4,5],[1,3,4,6],[0,2,5,6],[1,2,4,7],[2,3,6,7],[0,4,6,7],[1,5,6,7],[0,3,4,8],[1,2,5,8],[0,1,6,8],[2,4,6,8],[3,5,6,8],[1,3,7,8],[4,5,7,8]]
FAM D=48 ell=12 count=24 degs=[7,8,8,6,8,6,7,7,7] blocks=[[0,1,2,3],[0,1,4,5],[2,3,4,5],[1,3,4,6],[0,2,5,6],[1,2,4,7],[2,3,6,7],[0,4,6,7],[1,5,6,7],[0,3,4,8],[1,2,5,8],[0,1,6,8],[2,4,6,8],[0,2,7,8],[1,3,7,8],[4,5,7,8]]
FAM D=48 ell=12 count=24 degs=[7,8,7,7,7,7,7,7,7] blocks=[[0,1,2,3],[0,1,4,5],[2,3,4,5],[1,3,4,6],[0,2,5,6],[1,2,4,7],[2,3,6,7],[0,4,6,7],[1,5,6,7],[0,3,4,8],[1,2,5,8],[0,1,6,8],[3,5,6,8],[0,2,7,8],[1,3,7,8],[4,5,7,8]]
FAM D=48 ell=12 count=24 degs=[6,7,8,7,8,7,7,7,7] blocks=[[0,1,2,3],[0,1,4,5],[2,3,4,5],[1,3,4,6],[0,2,5,6],[1,2,4,7],[2,3,6,7],[0,4,6,7],[1,5,6,7],[0,3,4,8],[1,2,5,8],[2,4,6,8],[3,5,6,8],[0,2,7,8],[1,3,7,8],[4,5,7,8]]
FAM D=48 ell=12 count=24 degs=[7,7,7,7,8,6,8,7,7] blocks=[[0,1,2,3],[0,1,4,5],[2,3,4,5],[1,3,4,6],[0,2,5,6],[1,2,4,7],[2,3,6,7],[0,4,6,7],[1,5,6,7],[0,3,4,8],[0,1,6,8],[2,4,6,8],[3,5,6,8],[0,2,7,8],[1,3,7,8],[4,5,7,8]]
FAM D=48 ell=12 count=24 degs=[6,8,8,6,7,7,8,7,7] blocks=[[0,1,2,3],[0,1,4,5],[2,3,4,5],[1,3,4,6],[0,2,5,6],[1,2,4,7],[2,3,6,7],[0,4,6,7],[1,5,6,7],[1,2,5,8],[0,1,6,8],[2,4,6,8],[3,5,6,8],[0,2,7,8],[1,3,7,8],[4,5,7,8]]
FAM D=48 ell=12 count=24 degs=[6,8,7,7,7,7,8,7,7] blocks=[[0,1,2,3],[0,1,4,5],[2,3,4,5],[1,3,4,6],[0,2,5,6],[1,2,4,7],[2,3,6,7],[0,4,6,7],[1,5,6,7],[1,3,5,8],[1,2,6,8],[0,3,6,8],[4,5,6,8],[0,1,7,8],[3,4,7,8],[2,5,7,8]]
FAM D=48 ell=12 count=24 degs=[7,7,8,7,8,6,7,6,8] blocks=[[0,1,2,3],[0,1,4,5],[2,3,4,5],[1,3,4,6],[0,2,5,6],[1,2,4,7],[2,3,6,7],[0,4,6,7],[0,2,4,8],[1,3,5,8],[1,2,6,8],[0,3,6,8],[4,5,6,8],[0,1,7,8],[3,4,7,8],[2,5,7,8]]
FAM D=48 ell=12 count=24 degs=[7,7,8,7,8,6,7,6,8] blocks=[[0,1,2,3],[0,1,4,5],[2,3,4,5],[1,3,4,6],[0,2,5,6],[1,2,4,7],[2,3,6,7],[0,4,6,7],[0,3,4,8],[1,2,5,8],[0,1,6,8],[2,4,6,8],[3,5,6,8],[0,2,7,8],[1,3,7,8],[4,5,7,8]]
FAM D=48 ell=12 count=24 degs=[6,8,8,7,7,7,7,6,8] blocks=[[0,1,2,3],[0,1,4,5],[2,3,4,5],[1,3,4,6],[0,2,5,6],[1,2,4,7],[2,3,6,7],[1,5,6,7],[0,2,4,8],[1,3,5,8],[1,2,6,8],[0,3,6,8],[4,5,6,8],[0,1,7,8],[3,4,7,8],[2,5,7,8]]
FAM D=48 ell=12 count=24 degs=[6,8,8,7,7,7,7,6,8] blocks=[[0,1,2,3],[0,1,4,5],[2,3,4,5],[1,3,4,6],[0,2,5,6],[1,2,4,7],[2,3,6,7],[1,5,6,7],[0,3,4,8],[1,2,5,8],[0,1,6,8],[2,4,6,8],[3,5,6,8],[0,2,7,8],[1,3,7,8],[4,5,7,8]]
FAM D=48 ell=12 count=24 degs=[7,8,7,6,8,7,7,6,8] blocks=[[0,1,2,3],[0,1,4,5],[2,3,4,5],[1,3,4,6],[0,2,5,6],[1,2,4,7],[0,4,6,7],[1,5,6,7],[0,2,4,8],[1,3,5,8],[1,2,6,8],[0,3,6,8],[4,5,6,8],[0,1,7,8],[3,4,7,8],[2,5,7,8]]
FAM D=48 ell=12 count=24 degs=[7,8,7,6,8,7,7,6,8] blocks=[[0,1,2,3],[0,1,4,5],[2,3,4,5],[1,3,4,6],[0,2,5,6],[1,2,4,7],[0,4,6,7],[1,5,6,7],[0,3,4,8],[1,2,5,8],[0,1,6,8],[2,4,6,8],[3,5,6,8],[0,2,7,8],[1,3,7,8],[4,5,7,8]]
FAM D=48 ell=12 count=24 degs=[7,7,8,8,7,7,8,6,6] blocks=[[0,1,2,3],[0,1,4,5],[2,3,4,5],[1,3,4,6],[0,2,5,6],[0,3,4,7],[1,2,5,7],[0,1,6,7],[2,4,6,7],[3,5,6,7],[0,2,4,8],[1,3,5,8],[1,2,6,8],[0,3,6,8],[4,5,6,8],[2,3,7,8]]
FAM D=51 ell=12 count=21 degs=[7,8,8,8,8,7,8,7,7] blocks=[[0,1,2,3],[0,1,4,5],[2,3,4,5],[1,3,4,6],[0,2,5,6],[0,3,4,7],[1,2,5,7],[0,1,6,7],[2,4,6,7],[3,5,6,7],[0,2,4,8],[1,3,5,8],[1,2,6,8],[0,3,6,8],[4,5,6,8],[2,3,7,8],[1,4,7,8]]
FAM D=54 ell=12 count=18 degs=[8,8,8,8,8,8,8,8,8] blocks=[[0,1,2,3],[0,1,4,5],[2,3,4,5],[1,3,4,6],[0,2,5,6],[0,3,4,7],[1,2,5,7],[0,1,6,7],[2,4,6,7],[3,5,6,7],[0,2,4,8],[1,3,5,8],[1,2,6,8],[0,3,6,8],[4,5,6,8],[2,3,7,8],[1,4,7,8],[0,5,7,8]]
FAM D=51 ell=12 count=21 degs=[8,7,8,8,7,8,8,7,7] blocks=[[0,1,2,3],[0,1,4,5],[2,3,4,5],[1,3,4,6],[0,2,5,6],[0,3,4,7],[1,2,5,7],[0,1,6,7],[2,4,6,7],[3,5,6,7],[0,2,4,8],[1,3,5,8],[1,2,6,8],[0,3,6,8],[4,5,6,8],[2,3,7,8],[0,5,7,8]]
FAM D=48 ell=12 count=24 degs=[7,8,7,7,8,7,8,6,6] blocks=[[0,1,2,3],[0,1,4,5],[2,3,4,5],[1,3,4,6],[0,2,5,6],[0,3,4,7],[1,2,5,7],[0,1,6,7],[2,4,6,7],[3,5,6,7],[0,2,4,8],[1,3,5,8],[1,2,6,8],[0,3,6,8],[4,5,6,8],[1,4,7,8]]
FAM D=51 ell=12 count=21 degs=[8,8,7,7,8,8,8,7,7] blocks=[[0,1,2,3],[0,1,4,5],[2,3,4,5],[1,3,4,6],[0,2,5,6],[0,3,4,7],[1,2,5,7],[0,1,6,7],[2,4,6,7],[3,5,6,7],[0,2,4,8],[1,3,5,8],[1,2,6,8],[0,3,6,8],[4,5,6,8],[1,4,7,8],[0,5,7,8]]
FAM D=48 ell=12 count=24 degs=[8,7,7,7,7,8,8,6,6] blocks=[[0,1,2,3],[0,1,4,5],[2,3,4,5],[1,3,4,6],[0,2,5,6],[0,3,4,7],[1,2,5,7],[0,1,6,7],[2,4,6,7],[3,5,6,7],[0,2,4,8],[1,3,5,8],[1,2,6,8],[0,3,6,8],[4,5,6,8],[0,5,7,8]]
FAM D=48 ell=12 count=24 degs=[7,8,8,8,7,6,7,7,6] blocks=[[0,1,2,3],[0,1,4,5],[2,3,4,5],[1,3,4,6],[0,2,5,6],[0,3,4,7],[1,2,5,7],[0,1,6,7],[2,4,6,7],[3,5,6,7],[0,2,4,8],[1,3,5,8],[1,2,6,8],[0,3,6,8],[2,3,7,8],[1,4,7,8]]
FAM D=51 ell=12 count=21 degs=[8,8,8,8,7,7,7,8,7] blocks=[[0,1,2,3],[0,1,4,5],[2,3,4,5],[1,3,4,6],[0,2,5,6],[0,3,4,7],[1,2,5,7],[0,1,6,7],[2,4,6,7],[3,5,6,7],[0,2,4,8],[1,3,5,8],[1,2,6,8],[0,3,6,8],[2,3,7,8],[1,4,7,8],[0,5,7,8]]
FAM D=48 ell=12 count=24 degs=[8,7,8,8,6,7,7,7,6] blocks=[[0,1,2,3],[0,1,4,5],[2,3,4,5],[1,3,4,6],[0,2,5,6],[0,3,4,7],[1,2,5,7],[0,1,6,7],[2,4,6,7],[3,5,6,7],[0,2,4,8],[1,3,5,8],[1,2,6,8],[0,3,6,8],[2,3,7,8],[0,5,7,8]]
FAM D=48 ell=12 count=24 degs=[8,8,7,7,7,7,7,7,6] blocks=[[0,1,2,3],[0,1,4,5],[2,3,4,5],[1,3,4,6],[0,2,5,6],[0,3,4,7],[1,2,5,7],[0,1,6,7],[2,4,6,7],[3,5,6,7],[0,2,4,8],[1,3,5,8],[1,2,6,8],[0,3,6,8],[1,4,7,8],[0,5,7,8]]
FAM D=48 ell=12 count=24 degs=[6,8,8,7,8,7,7,7,6] blocks=[[0,1,2,3],[0,1,4,5],[2,3,4,5],[1,3,4,6],[0,2,5,6],[0,3,4,7],[1,2,5,7],[0,1,6,7],[2,4,6,7],[3,5,6,7],[0,2,4,8],[1,3,5,8],[1,2,6,8],[4,5,6,8],[2,3,7,8],[1,4,7,8]]
FAM D=51 ell=12 count=21 degs=[7,8,8,7,8,8,7,8,7] blocks=[[0,1,2,3],[0,1,4,5],[2,3,4,5],[1,3,4,6],[0,2,5,6],[0,3,4,7],[1,2,5,7],[0,1,6,7],[2,4,6,7],[3,5,6,7],[0,2,4,8],[1,3,5,8],[1,2,6,8],[4,5,6,8],[2,3,7,8],[1,4,7,8],[0,5,7,8]]
FAM D=48 ell=12 count=24 degs=[7,7,8,7,7,8,7,7,6] blocks=[[0,1,2,3],[0,1,4,5],[2,3,4,5],[1,3,4,6],[0,2,5,6],[0,3,4,7],[1,2,5,7],[0,1,6,7],[2,4,6,7],[3,5,6,7],[0,2,4,8],[1,3,5,8],[1,2,6,8],[4,5,6,8],[2,3,7,8],[0,5,7,8]]
FAM D=48 ell=12 count=24 degs=[7,8,7,6,8,8,7,7,6] blocks=[[0,1,2,3],[0,1,4,5],[2,3,4,5],[1,3,4,6],[0,2,5,6],[0,3,4,7],[1,2,5,7],[0,1,6,7],[2,4,6,7],[3,5,6,7],[0,2,4,8],[1,3,5,8],[1,2,6,8],[4,5,6,8],[1,4,7,8],[0,5,7,8]]
FAM D=48 ell=12 count=24 degs=[7,8,8,7,7,7,6,8,6] blocks=[[0,1,2,3],[0,1,4,5],[2,3,4,5],[1,3,4,6],[0,2,5,6],[0,3,4,7],[1,2,5,7],[0,1,6,7],[2,4,6,7],[3,5,6,7],[0,2,4,8],[1,3,5,8],[1,2,6,8],[2,3,7,8],[1,4,7,8],[0,5,7,8]]
FAM D=48 ell=12 count=24 degs=[7,7,7,8,8,7,7,7,6] blocks=[[0,1,2,3],[0,1,4,5],[2,3,4,5],[1,3,4,6],[0,2,5,6],[0,3,4,7],[1,2,5,7],[0,1,6,7],[2,4,6,7],[3,5,6,7],[0,2,4,8],[1,3,5,8],[0,3,6,8],[4,5,6,8],[2,3,7,8],[1,4,7,8]]
FAM D=51 ell=12 count=21 degs=[8,7,7,8,8,8,7,8,7] blocks=[[0,1,2,3],[0,1,4,5],[2,3,4,5],[1,3,4,6],[0,2,5,6],[0,3,4,7],[1,2,5,7],[0,1,6,7],[2,4,6,7],[3,5,6,7],[0,2,4,8],[1,3,5,8],[0,3,6,8],[4,5,6,8],[2,3,7,8],[1,4,7,8],[0,5,7,8]]
FAM D=48 ell=12 count=24 degs=[8,6,7,8,7,8,7,7,6] blocks=[[0,1,2,3],[0,1,4,5],[2,3,4,5],[1,3,4,6],[0,2,5,6],[0,3,4,7],[1,2,5,7],[0,1,6,7],[2,4,6,7],[3,5,6,7],[0,2,4,8],[1,3,5,8],[0,3,6,8],[4,5,6,8],[2,3,7,8],[0,5,7,8]]
FAM D=48 ell=12 count=24 degs=[8,7,6,7,8,8,7,7,6] blocks=[[0,1,2,3],[0,1,4,5],[2,3,4,5],[1,3,4,6],[0,2,5,6],[0,3,4,7],[1,2,5,7],[0,1,6,7],[2,4,6,7],[3,5,6,7],[0,2,4,8],[1,3,5,8],[0,3,6,8],[4,5,6,8],[1,4,7,8],[0,5,7,8]]
FAM D=48 ell=12 count=24 degs=[8,7,7,8,7,7,6,8,6] blocks=[[0,1,2,3],[0,1,4,5],[2,3,4,5],[1,3,4,6],[0,2,5,6],[0,3,4,7],[1,2,5,7],[0,1,6,7],[2,4,6,7],[3,5,6,7],[0,2,4,8],[1,3,5,8],[0,3,6,8],[2,3,7,8],[1,4,7,8],[0,5,7,8]]
FAM D=48 ell=12 count=24 degs=[7,7,7,7,8,8,6,8,6] blocks=[[0,1,2,3],[0,1,4,5],[2,3,4,5],[1,3,4,6],[0,2,5,6],[0,3,4,7],[1,2,5,7],[0,1,6,7],[2,4,6,7],[3,5,6,7],[0,2,4,8],[1,3,5,8],[4,5,6,8],[2,3,7,8],[1,4,7,8],[0,5,7,8]]
FAM D=48 ell=12 count=24 degs=[7,7,8,7,8,6,8,7,6] blocks=[[0,1,2,3],[0,1,4,5],[2,3,4,5],[1,3,4,6],[0,2,5,6],[0,3,4,7],[1,2,5,7],[0,1,6,7],[2,4,6,7],[3,5,6,7],[0,2,4,8],[1,2,6,8],[0,3,6,8],[4,5,6,8],[2,3,7,8],[1,4,7,8]]
FAM D=51 ell=12 count=21 degs=[8,7,8,7,8,7,8,8,7] blocks=[[0,1,2,3],[0,1,4,5],[2,3,4,5],[1,3,4,6],[0,2,5,6],[0,3,4,7],[1,2,5,7],[0,1,6,7],[2,4,6,7],[3,5,6,7],[0,2,4,8],[1,2,6,8],[0,3,6,8],[4,5,6,8],[2,3,7,8],[1,4,7,8],[0,5,7,8]]
FAM D=48 ell=12 count=24 degs=[8,6,8,7,7,7,8,7,6] blocks=[[0,1,2,3],[0,1,4,5],[2,3,4,5],[1,3,4,6],[0,2,5,6],[0,3,4,7],[1,2,5,7],[0,1,6,7],[2,4,6,7],[3,5,6,7],[0,2,4,8],[1,2,6,8],[0,3,6,8],[4,5,6,8],[2,3,7,8],[0,5,7,8]]
FAM D=48 ell=12 count=24 degs=[8,7,7,6,8,7,8,7,6] blocks=[[0,1,2,3],[0,1,4,5],[2,3,4,5],[1,3,4,6],[0,2,5,6],[0,3,4,7],[1,2,5,7],[0,1,6,7],[2,4,6,7],[3,5,6,7],[0,2,4,8],[1,2,6,8],[0,3,6,8],[4,5,6,8],[1,4,7,8],[0,5,7,8]]
FAM D=48 ell=12 count=24 degs=[8,7,8,7,7,6,7,8,6] blocks=[[0,1,2,3],[0,1,4,5],[2,3,4,5],[1,3,4,6],[0,2,5,6],[0,3,4,7],[1,2,5,7],[0,1,6,7],[2,4,6,7],[3,5,6,7],[0,2,4,8],[1,2,6,8],[0,3,6,8],[2,3,7,8],[1,4,7,8],[0,5,7,8]]
FAM D=48 ell=12 count=24 degs=[7,7,8,6,8,7,7,8,6] blocks=[[0,1,2,3],[0,1,4,5],[2,3,4,5],[1,3,4,6],[0,2,5,6],[0,3,4,7],[1,2,5,7],[0,1,6,7],[2,4,6,7],[3,5,6,7],[0,2,4,8],[1,2,6,8],[4,5,6,8],[2,3,7,8],[1,4,7,8],[0,5,7,8]]
FAM D=48 ell=12 count=24 degs=[8,6,7,7,8,7,7,8,6] blocks=[[0,1,2,3],[0,1,4,5],[2,3,4,5],[1,3,4,6],[0,2,5,6],[0,3,4,7],[1,2,5,7],[0,1,6,7],[2,4,6,7],[3,5,6,7],[0,2,4,8],[0,3,6,8],[4,5,6,8],[2,3,7,8],[1,4,7,8],[0,5,7,8]]
FAM D=48 ell=12 count=24 degs=[8,7,8,7,7,7,8,6,6] blocks=[[0,1,2,3],[0,1,4,5],[2,3,4,5],[1,3,4,6],[0,2,5,6],[0,3,4,7],[1,2,5,7],[0,1,6,7],[2,4,6,7],[3,5,6,7],[1,2,4,8],[0,3,5,8],[2,3,6,8],[0,4,6,8],[1,5,6,8],[0,2,7,8]]
FAM D=51 ell=12 count=21 degs=[8,8,8,8,7,7,8,7,7] blocks=[[0,1,2,3],[0,1,4,5],[2,3,4,5],[1,3,4,6],[0,2,5,6],[0,3,4,7],[1,2,5,7],[0,1,6,7],[2,4,6,7],[3,5,6,7],[1,2,4,8],[0,3,5,8],[2,3,6,8],[0,4,6,8],[1,5,6,8],[0,2,7,8],[1,3,7,8]]
FAM D=54 ell=12 count=18 degs=[8,8,8,8,8,8,8,8,8] blocks=[[0,1,2,3],[0,1,4,5],[2,3,4,5],[1,3,4,6],[0,2,5,6],[0,3,4,7],[1,2,5,7],[0,1,6,7],[2,4,6,7],[3,5,6,7],[1,2,4,8],[0,3,5,8],[2,3,6,8],[0,4,6,8],[1,5,6,8],[0,2,7,8],[1,3,7,8],[4,5,7,8]]
FAM D=51 ell=12 count=21 degs=[8,7,8,7,8,8,8,7,7] blocks=[[0,1,2,3],[0,1,4,5],[2,3,4,5],[1,3,4,6],[0,2,5,6],[0,3,4,7],[1,2,5,7],[0,1,6,7],[2,4,6,7],[3,5,6,7],[1,2,4,8],[0,3,5,8],[2,3,6,8],[0,4,6,8],[1,5,6,8],[0,2,7,8],[4,5,7,8]]
FAM D=48 ell=12 count=24 degs=[7,8,7,8,7,7,8,6,6] blocks=[[0,1,2,3],[0,1,4,5],[2,3,4,5],[1,3,4,6],[0,2,5,6],[0,3,4,7],[1,2,5,7],[0,1,6,7],[2,4,6,7],[3,5,6,7],[1,2,4,8],[0,3,5,8],[2,3,6,8],[0,4,6,8],[1,5,6,8],[1,3,7,8]]
FAM D=51 ell=12 count=21 degs=[7,8,7,8,8,8,8,7,7] blocks=[[0,1,2,3],[0,1,4,5],[2,3,4,5],[1,3,4,6],[0,2,5,6],[0,3,4,7],[1,2,5,7],[0,1,6,7],[2,4,6,7],[3,5,6,7],[1,2,4,8],[0,3,5,8],[2,3,6,8],[0,4,6,8],[1,5,6,8],[1,3,7,8],[4,5,7,8]]
FAM D=48 ell=12 count=24 degs=[7,7,7,7,8,8,8,6,6] blocks=[[0,1,2,3],[0,1,4,5],[2,3,4,5],[1,3,4,6],[0,2,5,6],[0,3,4,7],[1,2,5,7],[0,1,6,7],[2,4,6,7],[3,5,6,7],[1,2,4,8],[0,3,5,8],[2,3,6,8],[0,4,6,8],[1,5,6,8],[4,5,7,8]]
FAM D=48 ell=12 count=24 degs=[8,7,8,8,7,6,7,7,6] blocks=[[0,1,2,3],[0,1,4,5],[2,3,4,5],[1,3,4,6],[0,2,5,6],[0,3,4,7],[1,2,5,7],[0,1,6,7],[2,4,6,7],[3,5,6,7],[1,2,4,8],[0,3,5,8],[2,3,6,8],[0,4,6,8],[0,2,7,8],[1,3,7,8]]
FAM D=51 ell=12 count=21 degs=[8,7,8,8,8,7,7,8,7] blocks=[[0,1,2,3],[0,1,4,5],[2,3,4,5],[1,3,4,6],[0,2,5,6],[0,3,4,7],[1,2,5,7],[0,1,6,7],[2,4,6,7],[3,5,6,7],[1,2,4,8],[0,3,5,8],[2,3,6,8],[0,4,6,8],[0,2,7,8],[1,3,7,8],[4,5,7,8]]
FAM D=48 ell=12 count=24 degs=[8,6,8,7,8,7,7,7,6] blocks=[[0,1,2,3],[0,1,4,5],[2,3,4,5],[1,3,4,6],[0,2,5,6],[0,3,4,7],[1,2,5,7],[0,1,6,7],[2,4,6,7],[3,5,6,7],[1,2,4,8],[0,3,5,8],[2,3,6,8],[0,4,6,8],[0,2,7,8],[4,5,7,8]]
FAM D=48 ell=12 count=24 degs=[7,7,7,8,8,7,7,7,6] blocks=[[0,1,2,3],[0,1,4,5],[2,3,4,5],[1,3,4,6],[0,2,5,6],[0,3,4,7],[1,2,5,7],[0,1,6,7],[2,4,6,7],[3,5,6,7],[1,2,4,8],[0,3,5,8],[2,3,6,8],[0,4,6,8],[1,3,7,8],[4,5,7,8]]
FAM D=48 ell=12 count=24 degs=[7,8,8,8,6,7,7,7,6] blocks=[[0,1,2,3],[0,1,4,5],[2,3,4,5],[1,3,4,6],[0,2,5,6],[0,3,4,7],[1,2,5,7],[0,1,6,7],[2,4,6,7],[3,5,6,7],[1,2,4,8],[0,3,5,8],[2,3,6,8],[1,5,6,8],[0,2,7,8],[1,3,7,8]]
FAM D=51 ell=12 count=21 degs=[7,8,8,8,7,8,7,8,7] blocks=[[0,1,2,3],[0,1,4,5],[2,3,4,5],[1,3,4,6],[0,2,5,6],[0,3,4,7],[1,2,5,7],[0,1,6,7],[2,4,6,7],[3,5,6,7],[1,2,4,8],[0,3,5,8],[2,3,6,8],[1,5,6,8],[0,2,7,8],[1,3,7,8],[4,5,7,8]]
FAM D=48 ell=12 count=24 degs=[7,7,8,7,7,8,7,7,6] blocks=[[0,1,2,3],[0,1,4,5],[2,3,4,5],[1,3,4,6],[0,2,5,6],[0,3,4,7],[1,2,5,7],[0,1,6,7],[2,4,6,7],[3,5,6,7],[1,2,4,8],[0,3,5,8],[2,3,6,8],[1,5,6,8],[0,2,7,8],[4,5,7,8]]
FAM D=48 ell=12 count=24 degs=[6,8,7,8,7,8,7,7,6] blocks=[[0,1,2,3],[0,1,4,5],[2,3,4,5],[1,3,4,6],[0,2,5,6],[0,3,4,7],[1,2,5,7],[0,1,6,7],[2,4,6,7],[3,5,6,7],[1,2,4,8],[0,3,5,8],[2,3,6,8],[1,5,6,8],[1,3,7,8],[4,5,7,8]]
FAM D=48 ell=12 count=24 degs=[7,7,8,8,7,7,6,8,6] blocks=[[0,1,2,3],[0,1,4,5],[2,3,4,5],[1,3,4,6],[0,2,5,6],[0,3,4,7],[1,2,5,7],[0,1,6,7],[2,4,6,7],[3,5,6,7],[1,2,4,8],[0,3,5,8],[2,3,6,8],[0,2,7,8],[1,3,7,8],[4,5,7,8]]
FAM D=48 ell=12 count=24 degs=[8,8,7,7,7,7,7,7,6] blocks=[[0,1,2,3],[0,1,4,5],[2,3,4,5],[1,3,4,6],[0,2,5,6],[0,3,4,7],[1,2,5,7],[0,1,6,7],[2,4,6,7],[3,5,6,7],[1,2,4,8],[0,3,5,8],[0,4,6,8],[1,5,6,8],[0,2,7,8],[1,3,7,8]]
FAM D=51 ell=12 count=21 degs=[8,8,7,7,8,8,7,8,7] blocks=[[0,1,2,3],[0,1,4,5],[2,3,4,5],[1,3,4,6],[0,2,5,6],[0,3,4,7],[1,2,5,7],[0,1,6,7],[2,4,6,7],[3,5,6,7],[1,2,4,8],[0,3,5,8],[0,4,6,8],[1,5,6,8],[0,2,7,8],[1,3,7,8],[4,5,7,8]]
FAM D=48 ell=12 count=24 degs=[8,7,7,6,8,8,7,7,6] blocks=[[0,1,2,3],[0,1,4,5],[2,3,4,5],[1,3,4,6],[0,2,5,6],[0,3,4,7],[1,2,5,7],[0,1,6,7],[2,4,6,7],[3,5,6,7],[1,2,4,8],[0,3,5,8],[0,4,6,8],[1,5,6,8],[0,2,7,8],[4,5,7,8]]
FAM D=48 ell=12 count=24 degs=[7,8,6,7,8,8,7,7,6] blocks=[[0,1,2,3],[0,1,4,5],[2,3,4,5],[1,3,4,6],[0,2,5,6],[0,3,4,7],[1,2,5,7],[0,1,6,7],[2,4,6,7],[3,5,6,7],[1,2,4,8],[0,3,5,8],[0,4,6,8],[1,5,6,8],[1,3,7,8],[4,5,7,8]]
FAM D=48 ell=12 count=24 degs=[8,7,7,7,8,7,6,8,6] blocks=[[0,1,2,3],[0,1,4,5],[2,3,4,5],[1,3,4,6],[0,2,5,6],[0,3,4,7],[1,2,5,7],[0,1,6,7],[2,4,6,7],[3,5,6,7],[1,2,4,8],[0,3,5,8],[0,4,6,8],[0,2,7,8],[1,3,7,8],[4,5,7,8]]
FAM D=48 ell=12 count=24 degs=[7,8,7,7,7,8,6,8,6] blocks=[[0,1,2,3],[0,1,4,5],[2,3,4,5],[1,3,4,6],[0,2,5,6],[0,3,4,7],[1,2,5,7],[0,1,6,7],[2,4,6,7],[3,5,6,7],[1,2,4,8],[0,3,5,8],[1,5,6,8],[0,2,7,8],[1,3,7,8],[4,5,7,8]]
FAM D=48 ell=12 count=24 degs=[7,8,8,7,7,6,8,7,6] blocks=[[0,1,2,3],[0,1,4,5],[2,3,4,5],[1,3,4,6],[0,2,5,6],[0,3,4,7],[1,2,5,7],[0,1,6,7],[2,4,6,7],[3,5,6,7],[1,2,4,8],[2,3,6,8],[0,4,6,8],[1,5,6,8],[0,2,7,8],[1,3,7,8]]
FAM D=51 ell=12 count=21 degs=[7,8,8,7,8,7,8,8,7] blocks=[[0,1,2,3],[0,1,4,5],[2,3,4,5],[1,3,4,6],[0,2,5,6],[0,3,4,7],[1,2,5,7],[0,1,6,7],[2,4,6,7],[3,5,6,7],[1,2,4,8],[2,3,6,8],[0,4,6,8],[1,5,6,8],[0,2,7,8],[1,3,7,8],[4,5,7,8]]
FAM D=48 ell=12 count=24 degs=[7,7,8,6,8,7,8,7,6] blocks=[[0,1,2,3],[0,1,4,5],[2,3,4,5],[1,3,4,6],[0,2,5,6],[0,3,4,7],[1,2,5,7],[0,1,6,7],[2,4,6,7],[3,5,6,7],[1,2,4,8],[2,3,6,8],[0,4,6,8],[1,5,6,8],[0,2,7,8],[4,5,7,8]]
FAM D=48 ell=12 count=24 degs=[6,8,7,7,8,7,8,7,6] blocks=[[0,1,2,3],[0,1,4,5],[2,3,4,5],[1,3,4,6],[0,2,5,6],[0,3,4,7],[1,2,5,7],[0,1,6,7],[2,4,6,7],[3,5,6,7],[1,2,4,8],[2,3,6,8],[0,4,6,8],[1,5,6,8],[1,3,7,8],[4,5,7,8]]
FAM D=48 ell=12 count=24 degs=[7,7,8,7,8,6,7,8,6] blocks=[[0,1,2,3],[0,1,4,5],[2,3,4,5],[1,3,4,6],[0,2,5,6],[0,3,4,7],[1,2,5,7],[0,1,6,7],[2,4,6,7],[3,5,6,7],[1,2,4,8],[2,3,6,8],[0,4,6,8],[0,2,7,8],[1,3,7,8],[4,5,7,8]]
FAM D=48 ell=12 count=24 degs=[6,8,8,7,7,7,7,8,6] blocks=[[0,1,2,3],[0,1,4,5],[2,3,4,5],[1,3,4,6],[0,2,5,6],[0,3,4,7],[1,2,5,7],[0,1,6,7],[2,4,6,7],[3,5,6,7],[1,2,4,8],[2,3,6,8],[1,5,6,8],[0,2,7,8],[1,3,7,8],[4,5,7,8]]
FAM D=48 ell=12 count=24 degs=[7,8,7,6,8,7,7,8,6] blocks=[[0,1,2,3],[0,1,4,5],[2,3,4,5],[1,3,4,6],[0,2,5,6],[0,3,4,7],[1,2,5,7],[0,1,6,7],[2,4,6,7],[3,5,6,7],[1,2,4,8],[0,4,6,8],[1,5,6,8],[0,2,7,8],[1,3,7,8],[4,5,7,8]]
FAM D=48 ell=12 count=24 degs=[8,7,7,8,6,7,8,7,6] blocks=[[0,1,2,3],[0,1,4,5],[2,3,4,5],[1,3,4,6],[0,2,5,6],[0,3,4,7],[1,2,5,7],[0,1,6,7],[2,4,6,7],[3,5,6,7],[0,3,5,8],[2,3,6,8],[0,4,6,8],[1,5,6,8],[0,2,7,8],[1,3,7,8]]
FAM D=51 ell=12 count=21 degs=[8,7,7,8,7,8,8,8,7] blocks=[[0,1,2,3],[0,1,4,5],[2,3,4,5],[1,3,4,6],[0,2,5,6],[0,3,4,7],[1,2,5,7],[0,1,6,7],[2,4,6,7],[3,5,6,7],[0,3,5,8],[2,3,6,8],[0,4,6,8],[1,5,6,8],[0,2,7,8],[1,3,7,8],[4,5,7,8]]
FAM D=48 ell=12 count=24 degs=[8,6,7,7,7,8,8,7,6] blocks=[[0,1,2,3],[0,1,4,5],[2,3,4,5],[1,3,4,6],[0,2,5,6],[0,3,4,7],[1,2,5,7],[0,1,6,7],[2,4,6,7],[3,5,6,7],[0,3,5,8],[2,3,6,8],[0,4,6,8],[1,5,6,8],[0,2,7,8],[4,5,7,8]]
FAM D=48 ell=12 count=24 degs=[7,7,6,8,7,8,8,7,6] blocks=[[0,1,2,3],[0,1,4,5],[2,3,4,5],[1,3,4,6],[0,2,5,6],[0,3,4,7],[1,2,5,7],[0,1,6,7],[2,4,6,7],[3,5,6,7],[0,3,5,8],[2,3,6,8],[0,4,6,8],[1,5,6,8],[1,3,7,8],[4,5,7,8]]
FAM D=48 ell=12 count=24 degs=[8,6,7,8,7,7,7,8,6] blocks=[[0,1,2,3],[0,1,4,5],[2,3,4,5],[1,3,4,6],[0,2,5,6],[0,3,4,7],[1,2,5,7],[0,1,6,7],[2,4,6,7],[3,5,6,7],[0,3,5,8],[2,3,6,8],[0,4,6,8],[0,2,7,8],[1,3,7,8],[4,5,7,8]]
FAM D=48 ell=12 count=24 degs=[7,7,7,8,6,8,7,8,6] blocks=[[0,1,2,3],[0,1,4,5],[2,3,4,5],[1,3,4,6],[0,2,5,6],[0,3,4,7],[1,2,5,7],[0,1,6,7],[2,4,6,7],[3,5,6,7],[0,3,5,8],[2,3,6,8],[1,5,6,8],[0,2,7,8],[1,3,7,8],[4,5,7,8]]
FAM D=48 ell=12 count=24 degs=[8,7,6,7,7,8,7,8,6] blocks=[[0,1,2,3],[0,1,4,5],[2,3,4,5],[1,3,4,6],[0,2,5,6],[0,3,4,7],[1,2,5,7],[0,1,6,7],[2,4,6,7],[3,5,6,7],[0,3,5,8],[0,4,6,8],[1,5,6,8],[0,2,7,8],[1,3,7,8],[4,5,7,8]]
FAM D=48 ell=12 count=24 degs=[6,8,7,8,7,7,8,7,6] blocks=[[0,1,2,3],[0,1,4,5],[2,3,4,5],[1,3,4,6],[0,2,5,6],[0,3,4,7],[1,2,5,7],[0,1,6,7],[2,4,6,7],[3,5,6,7],[1,3,5,8],[1,2,6,8],[0,3,6,8],[4,5,6,8],[2,3,7,8],[1,4,7,8]]
FAM D=51 ell=12 count=21 degs=[7,8,7,8,7,8,8,8,7] blocks=[[0,1,2,3],[0,1,4,5],[2,3,4,5],[1,3,4,6],[0,2,5,6],[0,3,4,7],[1,2,5,7],[0,1,6,7],[2,4,6,7],[3,5,6,7],[1,3,5,8],[1,2,6,8],[0,3,6,8],[4,5,6,8],[2,3,7,8],[1,4,7,8],[0,5,7,8]]
FAM D=48 ell=12 count=24 degs=[7,7,7,8,6,8,8,7,6] blocks=[[0,1,2,3],[0,1,4,5],[2,3,4,5],[1,3,4,6],[0,2,5,6],[0,3,4,7],[1,2,5,7],[0,1,6,7],[2,4,6,7],[3,5,6,7],[1,3,5,8],[1,2,6,8],[0,3,6,8],[4,5,6,8],[2,3,7,8],[0,5,7,8]]
FAM D=48 ell=12 count=24 degs=[7,8,6,7,7,8,8,7,6] blocks=[[0,1,2,3],[0,1,4,5],[2,3,4,5],[1,3,4,6],[0,2,5,6],[0,3,4,7],[1,2,5,7],[0,1,6,7],[2,4,6,7],[3,5,6,7],[1,3,5,8],[1,2,6,8],[0,3,6,8],[4,5,6,8],[1,4,7,8],[0,5,7,8]]
FAM D=48 ell=12 count=24 degs=[7,8,7,8,6,7,7,8,6] blocks=[[0,1,2,3],[0,1,4,5],[2,3,4,5],[1,3,4,6],[0,2,5,6],[0,3,4,7],[1,2,5,7],[0,1,6,7],[2,4,6,7],[3,5,6,7],[1,3,5,8],[1,2,6,8],[0,3,6,8],[2,3,7,8],[1,4,7,8],[0,5,7,8]]
FAM D=48 ell=12 count=24 degs=[6,8,7,7,7,8,7,8,6] blocks=[[0,1,2,3],[0,1,4,5],[2,3,4,5],[1,3,4,6],[0,2,5,6],[0,3,4,7],[1,2,5,7],[0,1,6,7],[2,4,6,7],[3,5,6,7],[1,3,5,8],[1,2,6,8],[4,5,6,8],[2,3,7,8],[1,4,7,8],[0,5,7,8]]
FAM D=48 ell=12 count=24 degs=[7,7,6,8,7,8,7,8,6] blocks=[[0,1,2,3],[0,1,4,5],[2,3,4,5],[1,3,4,6],[0,2,5,6],[0,3,4,7],[1,2,5,7],[0,1,6,7],[2,4,6,7],[3,5,6,7],[1,3,5,8],[0,3,6,8],[4,5,6,8],[2,3,7,8],[1,4,7,8],[0,5,7,8]]
FAM D=48 ell=12 count=24 degs=[7,7,7,7,7,7,8,8,6] blocks=[[0,1,2,3],[0,1,4,5],[2,3,4,5],[1,3,4,6],[0,2,5,6],[0,3,4,7],[1,2,5,7],[0,1,6,7],[2,4,6,7],[3,5,6,7],[1,2,6,8],[0,3,6,8],[4,5,6,8],[2,3,7,8],[1,4,7,8],[0,5,7,8]]
FAM D=48 ell=12 count=24 degs=[7,7,7,7,7,7,8,8,6] blocks=[[0,1,2,3],[0,1,4,5],[2,3,4,5],[1,3,4,6],[0,2,5,6],[0,3,4,7],[1,2,5,7],[0,1,6,7],[2,4,6,7],[3,5,6,7],[2,3,6,8],[0,4,6,8],[1,5,6,8],[0,2,7,8],[1,3,7,8],[4,5,7,8]]
FAM D=48 ell=12 count=24 degs=[7,8,8,7,8,6,7,6,7] blocks=[[0,1,2,3],[0,1,4,5],[2,3,4,5],[1,3,4,6],[0,2,5,6],[0,3,4,7],[1,2,5,7],[0,1,6,7],[2,4,6,7],[0,2,4,8],[1,3,5,8],[1,2,6,8],[0,3,6,8],[4,5,6,8],[2,3,7,8],[1,4,7,8]]
FAM D=51 ell=12 count=21 degs=[8,8,8,7,8,7,7,7,8] blocks=[[0,1,2,3],[0,1,4,5],[2,3,4,5],[1,3,4,6],[0,2,5,6],[0,3,4,7],[1,2,5,7],[0,1,6,7],[2,4,6,7],[0,2,4,8],[1,3,5,8],[1,2,6,8],[0,3,6,8],[4,5,6,8],[2,3,7,8],[1,4,7,8],[0,5,7,8]]
FAM D=48 ell=12 count=24 degs=[8,7,8,7,7,7,7,6,7] blocks=[[0,1,2,3],[0,1,4,5],[2,3,4,5],[1,3,4,6],[0,2,5,6],[0,3,4,7],[1,2,5,7],[0,1,6,7],[2,4,6,7],[0,2,4,8],[1,3,5,8],[1,2,6,8],[0,3,6,8],[4,5,6,8],[2,3,7,8],[0,5,7,8]]
FAM D=48 ell=12 count=24 degs=[8,8,7,6,8,7,7,6,7] blocks=[[0,1,2,3],[0,1,4,5],[2,3,4,5],[1,3,4,6],[0,2,5,6],[0,3,4,7],[1,2,5,7],[0,1,6,7],[2,4,6,7],[0,2,4,8],[1,3,5,8],[1,2,6,8],[0,3,6,8],[4,5,6,8],[1,4,7,8],[0,5,7,8]]
FAM D=48 ell=12 count=24 degs=[8,8,8,7,7,6,6,7,7] blocks=[[0,1,2,3],[0,1,4,5],[2,3,4,5],[1,3,4,6],[0,2,5,6],[0,3,4,7],[1,2,5,7],[0,1,6,7],[2,4,6,7],[0,2,4,8],[1,3,5,8],[1,2,6,8],[0,3,6,8],[2,3,7,8],[1,4,7,8],[0,5,7,8]]
FAM D=48 ell=12 count=24 degs=[7,8,8,6,8,7,6,7,7] blocks=[[0,1,2,3],[0,1,4,5],[2,3,4,5],[1,3,4,6],[0,2,5,6],[0,3,4,7],[1,2,5,7],[0,1,6,7],[2,4,6,7],[0,2,4,8],[1,3,5,8],[1,2,6,8],[4,5,6,8],[2,3,7,8],[1,4,7,8],[0,5,7,8]]
FAM D=48 ell=12 count=24 degs=[8,7,7,7,8,7,6,7,7] blocks=[[0,1,2,3],[0,1,4,5],[2,3,4,5],[1,3,4,6],[0,2,5,6],[0,3,4,7],[1,2,5,7],[0,1,6,7],[2,4,6,7],[0,2,4,8],[1,3,5,8],[0,3,6,8],[4,5,6,8],[2,3,7,8],[1,4,7,8],[0,5,7,8]]
FAM D=48 ell=12 count=24 degs=[8,7,8,6,8,6,7,7,7] blocks=[[0,1,2,3],[0,1,4,5],[2,3,4,5],[1,3,4,6],[0,2,5,6],[0,3,4,7],[1,2,5,7],[0,1,6,7],[2,4,6,7],[0,2,4,8],[1,2,6,8],[0,3,6,8],[4,5,6,8],[2,3,7,8],[1,4,7,8],[0,5,7,8]]
FAM D=48 ell=12 count=24 degs=[8,8,8,7,7,6,7,6,7] blocks=[[0,1,2,3],[0,1,4,5],[2,3,4,5],[1,3,4,6],[0,2,5,6],[0,3,4,7],[1,2,5,7],[0,1,6,7],[2,4,6,7],[1,2,4,8],[0,3,5,8],[2,3,6,8],[0,4,6,8],[1,5,6,8],[0,2,7,8],[1,3,7,8]]
FAM D=51 ell=12 count=21 degs=[8,8,8,7,8,7,7,7,8] blocks=[[0,1,2,3],[0,1,4,5],[2,3,4,5],[1,3,4,6],[0,2,5,6],[0,3,4,7],[1,2,5,7],[0,1,6,7],[2,4,6,7],[1,2,4,8],[0,3,5,8],[2,3,6,8],[0,4,6,8],[1,5,6,8],[0,2,7,8],[1,3,7,8],[4,5,7,8]]
FAM D=48 ell=12 count=24 degs=[8,7,8,6,8,7,7,6,7] blocks=[[0,1,2,3],[0,1,4,5],[2,3,4,5],[1,3,4,6],[0,2,5,6],[0,3,4,7],[1,2,5,7],[0,1,6,7],[2,4,6,7],[1,2,4,8],[0,3,5,8],[2,3,6,8],[0,4,6,8],[1,5,6,8],[0,2,7,8],[4,5,7,8]]
FAM D=48 ell=12 count=24 degs=[7,8,7,7,8,7,7,6,7] blocks=[[0,1,2,3],[0,1,4,5],[2,3,4,5],[1,3,4,6],[0,2,5,6],[0,3,4,7],[1,2,5,7],[0,1,6,7],[2,4,6,7],[1,2,4,8],[0,3,5,8],[2,3,6,8],[0,4,6,8],[1,5,6,8],[1,3,7,8],[4,5,7,8]]
FAM D=48 ell=12 count=24 degs=[8,7,8,7,8,6,6,7,7] blocks=[[0,1,2,3],[0,1,4,5],[2,3,4,5],[1,3,4,6],[0,2,5,6],[0,3,4,7],[1,2,5,7],[0,1,6,7],[2,4,6,7],[1,2,4,8],[0,3,5,8],[2,3,6,8],[0,4,6,8],[0,2,7,8],[1,3,7,8],[4,5,7,8]]
FAM D=48 ell=12 count=24 degs=[7,8,8,7,7,7,6,7,7] blocks=[[0,1,2,3],[0,1,4,5],[2,3,4,5],[1,3,4,6],[0,2,5,6],[0,3,4,7],[1,2,5,7],[0,1,6,7],[2,4,6,7],[1,2,4,8],[0,3,5,8],[2,3,6,8],[1,5,6,8],[0,2,7,8],[1,3,7,8],[4,5,7,8]]
FAM D=48 ell=12 count=24 degs=[8,8,7,6,8,7,6,7,7] blocks=[[0,1,2,3],[0,1,4,5],[2,3,4,5],[1,3,4,6],[0,2,5,6],[0,3,4,7],[1,2,5,7],[0,1,6,7],[2,4,6,7],[1,2,4,8],[0,3,5,8],[0,4,6,8],[1,5,6,8],[0,2,7,8],[1,3,7,8],[4,5,7,8]]
FAM D=48 ell=12 count=24 degs=[7,8,8,6,8,6,7,7,7] blocks=[[0,1,2,3],[0,1,4,5],[2,3,4,5],[1,3,4,6],[0,2,5,6],[0,3,4,7],[1,2,5,7],[0,1,6,7],[2,4,6,7],[1,2,4,8],[2,3,6,8],[0,4,6,8],[1,5,6,8],[0,2,7,8],[1,3,7,8],[4,5,7,8]]
FAM D=48 ell=12 count=24 degs=[8,7,7,7,7,7,7,7,7] blocks=[[0,1,2,3],[0,1,4,5],[2,3,4,5],[1,3,4,6],[0,2,5,6],[0,3,4,7],[1,2,5,7],[0,1,6,7],[2,4,6,7],[0,3,5,8],[2,3,6,8],[0,4,6,8],[1,5,6,8],[0,2,7,8],[1,3,7,8],[4,5,7,8]]
FAM D=48 ell=12 count=24 degs=[7,8,7,7,7,7,7,7,7] blocks=[[0,1,2,3],[0,1,4,5],[2,3,4,5],[1,3,4,6],[0,2,5,6],[0,3,4,7],[1,2,5,7],[0,1,6,7],[2,4,6,7],[1,3,5,8],[1,2,6,8],[0,3,6,8],[4,5,6,8],[2,3,7,8],[1,4,7,8],[0,5,7,8]]
FAM D=48 ell=12 count=24 degs=[7,8,7,8,7,7,7,6,7] blocks=[[0,1,2,3],[0,1,4,5],[2,3,4,5],[1,3,4,6],[0,2,5,6],[0,3,4,7],[1,2,5,7],[0,1,6,7],[3,5,6,7],[0,2,4,8],[1,3,5,8],[1,2,6,8],[0,3,6,8],[4,5,6,8],[2,3,7,8],[1,4,7,8]]
FAM D=51 ell=12 count=21 degs=[8,8,7,8,7,8,7,7,8] blocks=[[0,1,2,3],[0,1,4,5],[2,3,4,5],[1,3,4,6],[0,2,5,6],[0,3,4,7],[1,2,5,7],[0,1,6,7],[3,5,6,7],[0,2,4,8],[1,3,5,8],[1,2,6,8],[0,3,6,8],[4,5,6,8],[2,3,7,8],[1,4,7,8],[0,5,7,8]]
FAM D=48 ell=12 count=24 degs=[8,7,7,8,6,8,7,6,7] blocks=[[0,1,2,3],[0,1,4,5],[2,3,4,5],[1,3,4,6],[0,2,5,6],[0,3,4,7],[1,2,5,7],[0,1,6,7],[3,5,6,7],[0,2,4,8],[1,3,5,8],[1,2,6,8],[0,3,6,8],[4,5,6,8],[2,3,7,8],[0,5,7,8]]
FAM D=48 ell=12 count=24 degs=[8,8,6,7,7,8,7,6,7] blocks=[[0,1,2,3],[0,1,4,5],[2,3,4,5],[1,3,4,6],[0,2,5,6],[0,3,4,7],[1,2,5,7],[0,1,6,7],[3,5,6,7],[0,2,4,8],[1,3,5,8],[1,2,6,8],[0,3,6,8],[4,5,6,8],[1,4,7,8],[0,5,7,8]]
FAM D=48 ell=12 count=24 degs=[8,8,7,8,6,7,6,7,7] blocks=[[0,1,2,3],[0,1,4,5],[2,3,4,5],[1,3,4,6],[0,2,5,6],[0,3,4,7],[1,2,5,7],[0,1,6,7],[3,5,6,7],[0,2,4,8],[1,3,5,8],[1,2,6,8],[0,3,6,8],[2,3,7,8],[1,4,7,8],[0,5,7,8]]
FAM D=48 ell=12 count=24 degs=[7,8,7,7,7,8,6,7,7] blocks=[[0,1,2,3],[0,1,4,5],[2,3,4,5],[1,3,4,6],[0,2,5,6],[0,3,4,7],[1,2,5,7],[0,1,6,7],[3,5,6,7],[0,2,4,8],[1,3,5,8],[1,2,6,8],[4,5,6,8],[2,3,7,8],[1,4,7,8],[0,5,7,8]]
FAM D=48 ell=12 count=24 degs=[8,7,6,8,7,8,6,7,7] blocks=[[0,1,2,3],[0,1,4,5],[2,3,4,5],[1,3,4,6],[0,2,5,6],[0,3,4,7],[1,2,5,7],[0,1,6,7],[3,5,6,7],[0,2,4,8],[1,3,5,8],[0,3,6,8],[4,5,6,8],[2,3,7,8],[1,4,7,8],[0,5,7,8]]
FAM D=48 ell=12 count=24 degs=[8,7,7,7,7,7,7,7,7] blocks=[[0,1,2,3],[0,1,4,5],[2,3,4,5],[1,3,4,6],[0,2,5,6],[0,3,4,7],[1,2,5,7],[0,1,6,7],[3,5,6,7],[0,2,4,8],[1,2,6,8],[0,3,6,8],[4,5,6,8],[2,3,7,8],[1,4,7,8],[0,5,7,8]]
FAM D=48 ell=12 count=24 degs=[8,8,7,8,6,7,7,6,7] blocks=[[0,1,2,3],[0,1,4,5],[2,3,4,5],[1,3,4,6],[0,2,5,6],[0,3,4,7],[1,2,5,7],[0,1,6,7],[3,5,6,7],[1,2,4,8],[0,3,5,8],[2,3,6,8],[0,4,6,8],[1,5,6,8],[0,2,7,8],[1,3,7,8]]
FAM D=51 ell=12 count=21 degs=[8,8,7,8,7,8,7,7,8] blocks=[[0,1,2,3],[0,1,4,5],[2,3,4,5],[1,3,4,6],[0,2,5,6],[0,3,4,7],[1,2,5,7],[0,1,6,7],[3,5,6,7],[1,2,4,8],[0,3,5,8],[2,3,6,8],[0,4,6,8],[1,5,6,8],[0,2,7,8],[1,3,7,8],[4,5,7,8]]
FAM D=48 ell=12 count=24 degs=[8,7,7,7,7,8,7,6,7] blocks=[[0,1,2,3],[0,1,4,5],[2,3,4,5],[1,3,4,6],[0,2,5,6],[0,3,4,7],[1,2,5,7],[0,1,6,7],[3,5,6,7],[1,2,4,8],[0,3,5,8],[2,3,6,8],[0,4,6,8],[1,5,6,8],[0,2,7,8],[4,5,7,8]]
FAM D=48 ell=12 count=24 degs=[7,8,6,8,7,8,7,6,7] blocks=[[0,1,2,3],[0,1,4,5],[2,3,4,5],[1,3,4,6],[0,2,5,6],[0,3,4,7],[1,2,5,7],[0,1,6,7],[3,5,6,7],[1,2,4,8],[0,3,5,8],[2,3,6,8],[0,4,6,8],[1,5,6,8],[1,3,7,8],[4,5,7,8]]
FAM D=48 ell=12 count=24 degs=[8,7,7,8,7,7,6,7,7] blocks=[[0,1,2,3],[0,1,4,5],[2,3,4,5],[1,3,4,6],[0,2,5,6],[0,3,4,7],[1,2,5,7],[0,1,6,7],[3,5,6,7],[1,2,4,8],[0,3,5,8],[2,3,6,8],[0,4,6,8],[0,2,7,8],[1,3,7,8],[4,5,7,8]]
FAM D=48 ell=12 count=24 degs=[7,8,7,8,6,8,6,7,7] blocks=[[0,1,2,3],[0,1,4,5],[2,3,4,5],[1,3,4,6],[0,2,5,6],[0,3,4,7],[1,2,5,7],[0,1,6,7],[3,5,6,7],[1,2,4,8],[0,3,5,8],[2,3,6,8],[1,5,6,8],[0,2,7,8],[1,3,7,8],[4,5,7,8]]
FAM D=48 ell=12 count=24 degs=[8,8,6,7,7,8,6,7,7] blocks=[[0,1,2,3],[0,1,4,5],[2,3,4,5],[1,3,4,6],[0,2,5,6],[0,3,4,7],[1,2,5,7],[0,1,6,7],[3,5,6,7],[1,2,4,8],[0,3,5,8],[0,4,6,8],[1,5,6,8],[0,2,7,8],[1,3,7,8],[4,5,7,8]]
FAM D=48 ell=12 count=24 degs=[7,8,7,7,7,7,7,7,7] blocks=[[0,1,2,3],[0,1,4,5],[2,3,4,5],[1,3,4,6],[0,2,5,6],[0,3,4,7],[1,2,5,7],[0,1,6,7],[3,5,6,7],[1,2,4,8],[2,3,6,8],[0,4,6,8],[1,5,6,8],[0,2,7,8],[1,3,7,8],[4,5,7,8]]
FAM D=48 ell=12 count=24 degs=[8,7,6,8,6,8,7,7,7] blocks=[[0,1,2,3],[0,1,4,5],[2,3,4,5],[1,3,4,6],[0,2,5,6],[0,3,4,7],[1,2,5,7],[0,1,6,7],[3,5,6,7],[0,3,5,8],[2,3,6,8],[0,4,6,8],[1,5,6,8],[0,2,7,8],[1,3,7,8],[4,5,7,8]]
FAM D=48 ell=12 count=24 degs=[7,8,6,8,6,8,7,7,7] blocks=[[0,1,2,3],[0,1,4,5],[2,3,4,5],[1,3,4,6],[0,2,5,6],[0,3,4,7],[1,2,5,7],[0,1,6,7],[3,5,6,7],[1,3,5,8],[1,2,6,8],[0,3,6,8],[4,5,6,8],[2,3,7,8],[1,4,7,8],[0,5,7,8]]
FAM D=48 ell=12 count=24 degs=[8,8,7,7,7,7,6,6,8] blocks=[[0,1,2,3],[0,1,4,5],[2,3,4,5],[1,3,4,6],[0,2,5,6],[0,3,4,7],[1,2,5,7],[0,1,6,7],[0,2,4,8],[1,3,5,8],[1,2,6,8],[0,3,6,8],[4,5,6,8],[2,3,7,8],[1,4,7,8],[0,5,7,8]]
FAM D=48 ell=12 count=24 degs=[8,8,7,7,7,7,6,6,8] blocks=[[0,1,2,3],[0,1,4,5],[2,3,4,5],[1,3,4,6],[0,2,5,6],[0,3,4,7],[1,2,5,7],[0,1,6,7],[1,2,4,8],[0,3,5,8],[2,3,6,8],[0,4,6,8],[1,5,6,8],[0,2,7,8],[1,3,7,8],[4,5,7,8]]
FAM D=48 ell=12 count=24 degs=[6,7,8,8,8,7,7,6,7] blocks=[[0,1,2,3],[0,1,4,5],[2,3,4,5],[1,3,4,6],[0,2,5,6],[0,3,4,7],[1,2,5,7],[2,4,6,7],[3,5,6,7],[0,2,4,8],[1,3,5,8],[1,2,6,8],[0,3,6,8],[4,5,6,8],[2,3,7,8],[1,4,7,8]]
FAM D=51 ell=12 count=21 degs=[7,7,8,8,8,8,7,7,8] blocks=[[0,1,2,3],[0,1,4,5],[2,3,4,5],[1,3,4,6],[0,2,5,6],[0,3,4,7],[1,2,5,7],[2,4,6,7],[3,5,6,7],[0,2,4,8],[1,3,5,8],[1,2,6,8],[0,3,6,8],[4,5,6,8],[2,3,7,8],[1,4,7,8],[0,5,7,8]]
FAM D=48 ell=12 count=24 degs=[7,6,8,8,7,8,7,6,7] blocks=[[0,1,2,3],[0,1,4,5],[2,3,4,5],[1,3,4,6],[0,2,5,6],[0,3,4,7],[1,2,5,7],[2,4,6,7],[3,5,6,7],[0,2,4,8],[1,3,5,8],[1,2,6,8],[0,3,6,8],[4,5,6,8],[2,3,7,8],[0,5,7,8]]
FAM D=48 ell=12 count=24 degs=[7,7,7,7,8,8,7,6,7] blocks=[[0,1,2,3],[0,1,4,5],[2,3,4,5],[1,3,4,6],[0,2,5,6],[0,3,4,7],[1,2,5,7],[2,4,6,7],[3,5,6,7],[0,2,4,8],[1,3,5,8],[1,2,6,8],[0,3,6,8],[4,5,6,8],[1,4,7,8],[0,5,7,8]]
FAM D=48 ell=12 count=24 degs=[7,7,8,8,7,7,6,7,7] blocks=[[0,1,2,3],[0,1,4,5],[2,3,4,5],[1,3,4,6],[0,2,5,6],[0,3,4,7],[1,2,5,7],[2,4,6,7],[3,5,6,7],[0,2,4,8],[1,3,5,8],[1,2,6,8],[0,3,6,8],[2,3,7,8],[1,4,7,8],[0,5,7,8]]
FAM D=48 ell=12 count=24 degs=[6,7,8,7,8,8,6,7,7] blocks=[[0,1,2,3],[0,1,4,5],[2,3,4,5],[1,3,4,6],[0,2,5,6],[0,3,4,7],[1,2,5,7],[2,4,6,7],[3,5,6,7],[0,2,4,8],[1,3,5,8],[1,2,6,8],[4,5,6,8],[2,3,7,8],[1,4,7,8],[0,5,7,8]]
FAM D=48 ell=12 count=24 degs=[7,6,7,8,8,8,6,7,7] blocks=[[0,1,2,3],[0,1,4,5],[2,3,4,5],[1,3,4,6],[0,2,5,6],[0,3,4,7],[1,2,5,7],[2,4,6,7],[3,5,6,7],[0,2,4,8],[1,3,5,8],[0,3,6,8],[4,5,6,8],[2,3,7,8],[1,4,7,8],[0,5,7,8]]
FAM D=48 ell=12 count=24 degs=[7,6,8,7,8,7,7,7,7] blocks=[[0,1,2,3],[0,1,4,5],[2,3,4,5],[1,3,4,6],[0,2,5,6],[0,3,4,7],[1,2,5,7],[2,4,6,7],[3,5,6,7],[0,2,4,8],[1,2,6,8],[0,3,6,8],[4,5,6,8],[2,3,7,8],[1,4,7,8],[0,5,7,8]]
FAM D=48 ell=12 count=24 degs=[7,7,8,8,7,7,7,6,7] blocks=[[0,1,2,3],[0,1,4,5],[2,3,4,5],[1,3,4,6],[0,2,5,6],[0,3,4,7],[1,2,5,7],[2,4,6,7],[3,5,6,7],[1,2,4,8],[0,3,5,8],[2,3,6,8],[0,4,6,8],[1,5,6,8],[0,2,7,8],[1,3,7,8]]
FAM D=51 ell=12 count=21 degs=[7,7,8,8,8,8,7,7,8] blocks=[[0,1,2,3],[0,1,4,5],[2,3,4,5],[1,3,4,6],[0,2,5,6],[0,3,4,7],[1,2,5,7],[2,4,6,7],[3,5,6,7],[1,2,4,8],[0,3,5,8],[2,3,6,8],[0,4,6,8],[1,5,6,8],[0,2,7,8],[1,3,7,8],[4,5,7,8]]
FAM D=48 ell=12 count=24 degs=[7,6,8,7,8,8,7,6,7] blocks=[[0,1,2,3],[0,1,4,5],[2,3,4,5],[1,3,4,6],[0,2,5,6],[0,3,4,7],[1,2,5,7],[2,4,6,7],[3,5,6,7],[1,2,4,8],[0,3,5,8],[2,3,6,8],[0,4,6,8],[1,5,6,8],[0,2,7,8],[4,5,7,8]]
FAM D=48 ell=12 count=24 degs=[6,7,7,8,8,8,7,6,7] blocks=[[0,1,2,3],[0,1,4,5],[2,3,4,5],[1,3,4,6],[0,2,5,6],[0,3,4,7],[1,2,5,7],[2,4,6,7],[3,5,6,7],[1,2,4,8],[0,3,5,8],[2,3,6,8],[0,4,6,8],[1,5,6,8],[1,3,7,8],[4,5,7,8]]
FAM D=48 ell=12 count=24 degs=[7,6,8,8,8,7,6,7,7] blocks=[[0,1,2,3],[0,1,4,5],[2,3,4,5],[1,3,4,6],[0,2,5,6],[0,3,4,7],[1,2,5,7],[2,4,6,7],[3,5,6,7],[1,2,4,8],[0,3,5,8],[2,3,6,8],[0,4,6,8],[0,2,7,8],[1,3,7,8],[4,5,7,8]]
FAM D=48 ell=12 count=24 degs=[6,7,8,8,7,8,6,7,7] blocks=[[0,1,2,3],[0,1,4,5],[2,3,4,5],[1,3,4,6],[0,2,5,6],[0,3,4,7],[1,2,5,7],[2,4,6,7],[3,5,6,7],[1,2,4,8],[0,3,5,8],[2,3,6,8],[1,5,6,8],[0,2,7,8],[1,3,7,8],[4,5,7,8]]
FAM D=48 ell=12 count=24 degs=[7,7,7,7,8,8,6,7,7] blocks=[[0,1,2,3],[0,1,4,5],[2,3,4,5],[1,3,4,6],[0,2,5,6],[0,3,4,7],[1,2,5,7],[2,4,6,7],[3,5,6,7],[1,2,4,8],[0,3,5,8],[0,4,6,8],[1,5,6,8],[0,2,7,8],[1,3,7,8],[4,5,7,8]]
FAM D=48 ell=12 count=24 degs=[6,7,8,7,8,7,7,7,7] blocks=[[0,1,2,3],[0,1,4,5],[2,3,4,5],[1,3,4,6],[0,2,5,6],[0,3,4,7],[1,2,5,7],[2,4,6,7],[3,5,6,7],[1,2,4,8],[2,3,6,8],[0,4,6,8],[1,5,6,8],[0,2,7,8],[1,3,7,8],[4,5,7,8]]
FAM D=48 ell=12 count=24 degs=[7,6,7,8,7,8,7,7,7] blocks=[[0,1,2,3],[0,1,4,5],[2,3,4,5],[1,3,4,6],[0,2,5,6],[0,3,4,7],[1,2,5,7],[2,4,6,7],[3,5,6,7],[0,3,5,8],[2,3,6,8],[0,4,6,8],[1,5,6,8],[0,2,7,8],[1,3,7,8],[4,5,7,8]]
FAM D=48 ell=12 count=24 degs=[6,7,7,8,7,8,7,7,7] blocks=[[0,1,2,3],[0,1,4,5],[2,3,4,5],[1,3,4,6],[0,2,5,6],[0,3,4,7],[1,2,5,7],[2,4,6,7],[3,5,6,7],[1,3,5,8],[1,2,6,8],[0,3,6,8],[4,5,6,8],[2,3,7,8],[1,4,7,8],[0,5,7,8]]
FAM D=48 ell=12 count=24 degs=[7,7,8,7,8,7,6,6,8] blocks=[[0,1,2,3],[0,1,4,5],[2,3,4,5],[1,3,4,6],[0,2,5,6],[0,3,4,7],[1,2,5,7],[2,4,6,7],[0,2,4,8],[1,3,5,8],[1,2,6,8],[0,3,6,8],[4,5,6,8],[2,3,7,8],[1,4,7,8],[0,5,7,8]]
FAM D=48 ell=12 count=24 degs=[7,7,8,7,8,7,6,6,8] blocks=[[0,1,2,3],[0,1,4,5],[2,3,4,5],[1,3,4,6],[0,2,5,6],[0,3,4,7],[1,2,5,7],[2,4,6,7],[1,2,4,8],[0,3,5,8],[2,3,6,8],[0,4,6,8],[1,5,6,8],[0,2,7,8],[1,3,7,8],[4,5,7,8]]
FAM D=48 ell=12 count=24 degs=[7,7,7,8,7,8,6,6,8] blocks=[[0,1,2,3],[0,1,4,5],[2,3,4,5],[1,3,4,6],[0,2,5,6],[0,3,4,7],[1,2,5,7],[3,5,6,7],[0,2,4,8],[1,3,5,8],[1,2,6,8],[0,3,6,8],[4,5,6,8],[2,3,7,8],[1,4,7,8],[0,5,7,8]]
FAM D=48 ell=12 count=24 degs=[7,7,7,8,7,8,6,6,8] blocks=[[0,1,2,3],[0,1,4,5],[2,3,4,5],[1,3,4,6],[0,2,5,6],[0,3,4,7],[1,2,5,7],[3,5,6,7],[1,2,4,8],[0,3,5,8],[2,3,6,8],[0,4,6,8],[1,5,6,8],[0,2,7,8],[1,3,7,8],[4,5,7,8]]
FAM D=48 ell=12 count=24 degs=[7,7,7,8,8,6,8,6,7] blocks=[[0,1,2,3],[0,1,4,5],[2,3,4,5],[1,3,4,6],[0,2,5,6],[0,3,4,7],[0,1,6,7],[2,4,6,7],[3,5,6,7],[0,2,4,8],[1,3,5,8],[1,2,6,8],[0,3,6,8],[4,5,6,8],[2,3,7,8],[1,4,7,8]]
FAM D=51 ell=12 count=21 degs=[8,7,7,8,8,7,8,7,8] blocks=[[0,1,2,3],[0,1,4,5],[2,3,4,5],[1,3,4,6],[0,2,5,6],[0,3,4,7],[0,1,6,7],[2,4,6,7],[3,5,6,7],[0,2,4,8],[1,3,5,8],[1,2,6,8],[0,3,6,8],[4,5,6,8],[2,3,7,8],[1,4,7,8],[0,5,7,8]]
FAM D=48 ell=12 count=24 degs=[8,6,7,8,7,7,8,6,7] blocks=[[0,1,2,3],[0,1,4,5],[2,3,4,5],[1,3,4,6],[0,2,5,6],[0,3,4,7],[0,1,6,7],[2,4,6,7],[3,5,6,7],[0,2,4,8],[1,3,5,8],[1,2,6,8],[0,3,6,8],[4,5,6,8],[2,3,7,8],[0,5,7,8]]
FAM D=48 ell=12 count=24 degs=[8,7,6,7,8,7,8,6,7] blocks=[[0,1,2,3],[0,1,4,5],[2,3,4,5],[1,3,4,6],[0,2,5,6],[0,3,4,7],[0,1,6,7],[2,4,6,7],[3,5,6,7],[0,2,4,8],[1,3,5,8],[1,2,6,8],[0,3,6,8],[4,5,6,8],[1,4,7,8],[0,5,7,8]]
FAM D=48 ell=12 count=24 degs=[8,7,7,8,7,6,7,7,7] blocks=[[0,1,2,3],[0,1,4,5],[2,3,4,5],[1,3,4,6],[0,2,5,6],[0,3,4,7],[0,1,6,7],[2,4,6,7],[3,5,6,7],[0,2,4,8],[1,3,5,8],[1,2,6,8],[0,3,6,8],[2,3,7,8],[1,4,7,8],[0,5,7,8]]
FAM D=48 ell=12 count=24 degs=[7,7,7,7,8,7,7,7,7] blocks=[[0,1,2,3],[0,1,4,5],[2,3,4,5],[1,3,4,6],[0,2,5,6],[0,3,4,7],[0,1,6,7],[2,4,6,7],[3,5,6,7],[0,2,4,8],[1,3,5,8],[1,2,6,8],[4,5,6,8],[2,3,7,8],[1,4,7,8],[0,5,7,8]]
FAM D=48 ell=12 count=24 degs=[8,6,6,8,8,7,7,7,7] blocks=[[0,1,2,3],[0,1,4,5],[2,3,4,5],[1,3,4,6],[0,2,5,6],[0,3,4,7],[0,1,6,7],[2,4,6,7],[3,5,6,7],[0,2,4,8],[1,3,5,8],[0,3,6,8],[4,5,6,8],[2,3,7,8],[1,4,7,8],[0,5,7,8]]
FAM D=48 ell=12 count=24 degs=[8,6,7,7,8,6,8,7,7] blocks=[[0,1,2,3],[0,1,4,5],[2,3,4,5],[1,3,4,6],[0,2,5,6],[0,3,4,7],[0,1,6,7],[2,4,6,7],[3,5,6,7],[0,2,4,8],[1,2,6,8],[0,3,6,8],[4,5,6,8],[2,3,7,8],[1,4,7,8],[0,5,7,8]]
FAM D=48 ell=12 count=24 degs=[8,7,7,8,7,6,8,6,7] blocks=[[0,1,2,3],[0,1,4,5],[2,3,4,5],[1,3,4,6],[0,2,5,6],[0,3,4,7],[0,1,6,7],[2,4,6,7],[3,5,6,7],[1,2,4,8],[0,3,5,8],[2,3,6,8],[0,4,6,8],[1,5,6,8],[0,2,7,8],[1,3,7,8]]
FAM D=51 ell=12 count=21 degs=[8,7,7,8,8,7,8,7,8] blocks=[[0,1,2,3],[0,1,4,5],[2,3,4,5],[1,3,4,6],[0,2,5,6],[0,3,4,7],[0,1,6,7],[2,4,6,7],[3,5,6,7],[1,2,4,8],[0,3,5,8],[2,3,6,8],[0,4,6,8],[1,5,6,8],[0,2,7,8],[1,3,7,8],[4,5,7,8]]
FAM D=48 ell=12 count=24 degs=[8,6,7,7,8,7,8,6,7] blocks=[[0,1,2,3],[0,1,4,5],[2,3,4,5],[1,3,4,6],[0,2,5,6],[0,3,4,7],[0,1,6,7],[2,4,6,7],[3,5,6,7],[1,2,4,8],[0,3,5,8],[2,3,6,8],[0,4,6,8],[1,5,6,8],[0,2,7,8],[4,5,7,8]]
FAM D=48 ell=12 count=24 degs=[7,7,6,8,8,7,8,6,7] blocks=[[0,1,2,3],[0,1,4,5],[2,3,4,5],[1,3,4,6],[0,2,5,6],[0,3,4,7],[0,1,6,7],[2,4,6,7],[3,5,6,7],[1,2,4,8],[0,3,5,8],[2,3,6,8],[0,4,6,8],[1,5,6,8],[1,3,7,8],[4,5,7,8]]
FAM D=48 ell=12 count=24 degs=[8,6,7,8,8,6,7,7,7] blocks=[[0,1,2,3],[0,1,4,5],[2,3,4,5],[1,3,4,6],[0,2,5,6],[0,3,4,7],[0,1,6,7],[2,4,6,7],[3,5,6,7],[1,2,4,8],[0,3,5,8],[2,3,6,8],[0,4,6,8],[0,2,7,8],[1,3,7,8],[4,5,7,8]]
FAM D=48 ell=12 count=24 degs=[7,7,7,8,7,7,7,7,7] blocks=[[0,1,2,3],[0,1,4,5],[2,3,4,5],[1,3,4,6],[0,2,5,6],[0,3,4,7],[0,1,6,7],[2,4,6,7],[3,5,6,7],[1,2,4,8],[0,3,5,8],[2,3,6,8],[1,5,6,8],[0,2,7,8],[1,3,7,8],[4,5,7,8]]
FAM D=48 ell=12 count=24 degs=[8,7,6,7,8,7,7,7,7] blocks=[[0,1,2,3],[0,1,4,5],[2,3,4,5],[1,3,4,6],[0,2,5,6],[0,3,4,7],[0,1,6,7],[2,4,6,7],[3,5,6,7],[1,2,4,8],[0,3,5,8],[0,4,6,8],[1,5,6,8],[0,2,7,8],[1,3,7,8],[4,5,7,8]]
FAM D=48 ell=12 count=24 degs=[7,7,7,7,8,6,8,7,7] blocks=[[0,1,2,3],[0,1,4,5],[2,3,4,5],[1,3,4,6],[0,2,5,6],[0,3,4,7],[0,1,6,7],[2,4,6,7],[3,5,6,7],[1,2,4,8],[2,3,6,8],[0,4,6,8],[1,5,6,8],[0,2,7,8],[1,3,7,8],[4,5,7,8]]
FAM D=48 ell=12 count=24 degs=[8,6,6,8,7,7,8,7,7] blocks=[[0,1,2,3],[0,1,4,5],[2,3,4,5],[1,3,4,6],[0,2,5,6],[0,3,4,7],[0,1,6,7],[2,4,6,7],[3,5,6,7],[0,3,5,8],[2,3,6,8],[0,4,6,8],[1,5,6,8],[0,2,7,8],[1,3,7,8],[4,5,7,8]]
FAM D=48 ell=12 count=24 degs=[7,7,6,8,7,7,8,7,7] blocks=[[0,1,2,3],[0,1,4,5],[2,3,4,5],[1,3,4,6],[0,2,5,6],[0,3,4,7],[0,1,6,7],[2,4,6,7],[3,5,6,7],[1,3,5,8],[1,2,6,8],[0,3,6,8],[4,5,6,8],[2,3,7,8],[1,4,7,8],[0,5,7,8]]
FAM D=48 ell=12 count=24 degs=[8,7,7,7,8,6,7,6,8] blocks=[[0,1,2,3],[0,1,4,5],[2,3,4,5],[1,3,4,6],[0,2,5,6],[0,3,4,7],[0,1,6,7],[2,4,6,7],[0,2,4,8],[1,3,5,8],[1,2,6,8],[0,3,6,8],[4,5,6,8],[2,3,7,8],[1,4,7,8],[0,5,7,8]]
FAM D=48 ell=12 count=24 degs=[8,7,7,7,8,6,7,6,8] blocks=[[0,1,2,3],[0,1,4,5],[2,3,4,5],[1,3,4,6],[0,2,5,6],[0,3,4,7],[0,1,6,7],[2,4,6,7],[1,2,4,8],[0,3,5,8],[2,3,6,8],[0,4,6,8],[1,5,6,8],[0,2,7,8],[1,3,7,8],[4,5,7,8]]
FAM D=48 ell=12 count=24 degs=[8,7,6,8,7,7,7,6,8] blocks=[[0,1,2,3],[0,1,4,5],[2,3,4,5],[1,3,4,6],[0,2,5,6],[0,3,4,7],[0,1,6,7],[3,5,6,7],[0,2,4,8],[1,3,5,8],[1,2,6,8],[0,3,6,8],[4,5,6,8],[2,3,7,8],[1,4,7,8],[0,5,7,8]]
FAM D=48 ell=12 count=24 degs=[8,7,6,8,7,7,7,6,8] blocks=[[0,1,2,3],[0,1,4,5],[2,3,4,5],[1,3,4,6],[0,2,5,6],[0,3,4,7],[0,1,6,7],[3,5,6,7],[1,2,4,8],[0,3,5,8],[2,3,6,8],[0,4,6,8],[1,5,6,8],[0,2,7,8],[1,3,7,8],[4,5,7,8]]
FAM D=48 ell=12 count=24 degs=[7,6,7,8,8,7,7,6,8] blocks=[[0,1,2,3],[0,1,4,5],[2,3,4,5],[1,3,4,6],[0,2,5,6],[0,3,4,7],[2,4,6,7],[3,5,6,7],[0,2,4,8],[1,3,5,8],[1,2,6,8],[0,3,6,8],[4,5,6,8],[2,3,7,8],[1,4,7,8],[0,5,7,8]]
FAM D=48 ell=12 count=24 degs=[7,6,7,8,8,7,7,6,8] blocks=[[0,1,2,3],[0,1,4,5],[2,3,4,5],[1,3,4,6],[0,2,5,6],[0,3,4,7],[2,4,6,7],[3,5,6,7],[1,2,4,8],[0,3,5,8],[2,3,6,8],[0,4,6,8],[1,5,6,8],[0,2,7,8],[1,3,7,8],[4,5,7,8]]
FAM D=48 ell=12 count=24 degs=[6,8,8,7,7,7,8,6,7] blocks=[[0,1,2,3],[0,1,4,5],[2,3,4,5],[1,3,4,6],[0,2,5,6],[1,2,5,7],[0,1,6,7],[2,4,6,7],[3,5,6,7],[0,2,4,8],[1,3,5,8],[1,2,6,8],[0,3,6,8],[4,5,6,8],[2,3,7,8],[1,4,7,8]]
FAM D=51 ell=12 count=21 degs=[7,8,8,7,7,8,8,7,8] blocks=[[0,1,2,3],[0,1,4,5],[2,3,4,5],[1,3,4,6],[0,2,5,6],[1,2,5,7],[0,1,6,7],[2,4,6,7],[3,5,6,7],[0,2,4,8],[1,3,5,8],[1,2,6,8],[0,3,6,8],[4,5,6,8],[2,3,7,8],[1,4,7,8],[0,5,7,8]]
FAM D=48 ell=12 count=24 degs=[7,7,8,7,6,8,8,6,7] blocks=[[0,1,2,3],[0,1,4,5],[2,3,4,5],[1,3,4,6],[0,2,5,6],[1,2,5,7],[0,1,6,7],[2,4,6,7],[3,5,6,7],[0,2,4,8],[1,3,5,8],[1,2,6,8],[0,3,6,8],[4,5,6,8],[2,3,7,8],[0,5,7,8]]
FAM D=48 ell=12 count=24 degs=[7,8,7,6,7,8,8,6,7] blocks=[[0,1,2,3],[0,1,4,5],[2,3,4,5],[1,3,4,6],[0,2,5,6],[1,2,5,7],[0,1,6,7],[2,4,6,7],[3,5,6,7],[0,2,4,8],[1,3,5,8],[1,2,6,8],[0,3,6,8],[4,5,6,8],[1,4,7,8],[0,5,7,8]]
FAM D=48 ell=12 count=24 degs=[7,8,8,7,6,7,7,7,7] blocks=[[0,1,2,3],[0,1,4,5],[2,3,4,5],[1,3,4,6],[0,2,5,6],[1,2,5,7],[0,1,6,7],[2,4,6,7],[3,5,6,7],[0,2,4,8],[1,3,5,8],[1,2,6,8],[0,3,6,8],[2,3,7,8],[1,4,7,8],[0,5,7,8]]
FAM D=48 ell=12 count=24 degs=[6,8,8,6,7,8,7,7,7] blocks=[[0,1,2,3],[0,1,4,5],[2,3,4,5],[1,3,4,6],[0,2,5,6],[1,2,5,7],[0,1,6,7],[2,4,6,7],[3,5,6,7],[0,2,4,8],[1,3,5,8],[1,2,6,8],[4,5,6,8],[2,3,7,8],[1,4,7,8],[0,5,7,8]]
FAM D=48 ell=12 count=24 degs=[7,7,7,7,7,8,7,7,7] blocks=[[0,1,2,3],[0,1,4,5],[2,3,4,5],[1,3,4,6],[0,2,5,6],[1,2,5,7],[0,1,6,7],[2,4,6,7],[3,5,6,7],[0,2,4,8],[1,3,5,8],[0,3,6,8],[4,5,6,8],[2,3,7,8],[1,4,7,8],[0,5,7,8]]
FAM D=48 ell=12 count=24 degs=[7,7,8,6,7,7,8,7,7] blocks=[[0,1,2,3],[0,1,4,5],[2,3,4,5],[1,3,4,6],[0,2,5,6],[1,2,5,7],[0,1,6,7],[2,4,6,7],[3,5,6,7],[0,2,4,8],[1,2,6,8],[0,3,6,8],[4,5,6,8],[2,3,7,8],[1,4,7,8],[0,5,7,8]]
FAM D=48 ell=12 count=24 degs=[7,8,8,7,6,7,8,6,7] blocks=[[0,1,2,3],[0,1,4,5],[2,3,4,5],[1,3,4,6],[0,2,5,6],[1,2,5,7],[0,1,6,7],[2,4,6,7],[3,5,6,7],[1,2,4,8],[0,3,5,8],[2,3,6,8],[0,4,6,8],[1,5,6,8],[0,2,7,8],[1,3,7,8]]
FAM D=51 ell=12 count=21 degs=[7,8,8,7,7,8,8,7,8] blocks=[[0,1,2,3],[0,1,4,5],[2,3,4,5],[1,3,4,6],[0,2,5,6],[1,2,5,7],[0,1,6,7],[2,4,6,7],[3,5,6,7],[1,2,4,8],[0,3,5,8],[2,3,6,8],[0,4,6,8],[1,5,6,8],[0,2,7,8],[1,3,7,8],[4,5,7,8]]
FAM D=48 ell=12 count=24 degs=[7,7,8,6,7,8,8,6,7] blocks=[[0,1,2,3],[0,1,4,5],[2,3,4,5],[1,3,4,6],[0,2,5,6],[1,2,5,7],[0,1,6,7],[2,4,6,7],[3,5,6,7],[1,2,4,8],[0,3,5,8],[2,3,6,8],[0,4,6,8],[1,5,6,8],[0,2,7,8],[4,5,7,8]]
FAM D=48 ell=12 count=24 degs=[6,8,7,7,7,8,8,6,7] blocks=[[0,1,2,3],[0,1,4,5],[2,3,4,5],[1,3,4,6],[0,2,5,6],[1,2,5,7],[0,1,6,7],[2,4,6,7],[3,5,6,7],[1,2,4,8],[0,3,5,8],[2,3,6,8],[0,4,6,8],[1,5,6,8],[1,3,7,8],[4,5,7,8]]
FAM D=48 ell=12 count=24 degs=[7,7,8,7,7,7,7,7,7] blocks=[[0,1,2,3],[0,1,4,5],[2,3,4,5],[1,3,4,6],[0,2,5,6],[1,2,5,7],[0,1,6,7],[2,4,6,7],[3,5,6,7],[1,2,4,8],[0,3,5,8],[2,3,6,8],[0,4,6,8],[0,2,7,8],[1,3,7,8],[4,5,7,8]]
FAM D=48 ell=12 count=24 degs=[6,8,8,7,6,8,7,7,7] blocks=[[0,1,2,3],[0,1,4,5],[2,3,4,5],[1,3,4,6],[0,2,5,6],[1,2,5,7],[0,1,6,7],[2,4,6,7],[3,5,6,7],[1,2,4,8],[0,3,5,8],[2,3,6,8],[1,5,6,8],[0,2,7,8],[1,3,7,8],[4,5,7,8]]
FAM D=48 ell=12 count=24 degs=[7,8,7,6,7,8,7,7,7] blocks=[[0,1,2,3],[0,1,4,5],[2,3,4,5],[1,3,4,6],[0,2,5,6],[1,2,5,7],[0,1,6,7],[2,4,6,7],[3,5,6,7],[1,2,4,8],[0,3,5,8],[0,4,6,8],[1,5,6,8],[0,2,7,8],[1,3,7,8],[4,5,7,8]]
FAM D=48 ell=12 count=24 degs=[6,8,8,6,7,7,8,7,7] blocks=[[0,1,2,3],[0,1,4,5],[2,3,4,5],[1,3,4,6],[0,2,5,6],[1,2,5,7],[0,1,6,7],[2,4,6,7],[3,5,6,7],[1,2,4,8],[2,3,6,8],[0,4,6,8],[1,5,6,8],[0,2,7,8],[1,3,7,8],[4,5,7,8]]
FAM D=48 ell=12 count=24 degs=[7,7,7,7,6,8,8,7,7] blocks=[[0,1,2,3],[0,1,4,5],[2,3,4,5],[1,3,4,6],[0,2,5,6],[1,2,5,7],[0,1,6,7],[2,4,6,7],[3,5,6,7],[0,3,5,8],[2,3,6,8],[0,4,6,8],[1,5,6,8],[0,2,7,8],[1,3,7,8],[4,5,7,8]]
FAM D=48 ell=12 count=24 degs=[6,8,7,7,6,8,8,7,7] blocks=[[0,1,2,3],[0,1,4,5],[2,3,4,5],[1,3,4,6],[0,2,5,6],[1,2,5,7],[0,1,6,7],[2,4,6,7],[3,5,6,7],[1,3,5,8],[1,2,6,8],[0,3,6,8],[4,5,6,8],[2,3,7,8],[1,4,7,8],[0,5,7,8]]
FAM D=48 ell=12 count=24 degs=[7,8,8,6,7,7,7,6,8] blocks=[[0,1,2,3],[0,1,4,5],[2,3,4,5],[1,3,4,6],[0,2,5,6],[1,2,5,7],[0,1,6,7],[2,4,6,7],[0,2,4,8],[1,3,5,8],[1,2,6,8],[0,3,6,8],[4,5,6,8],[2,3,7,8],[1,4,7,8],[0,5,7,8]]
FAM D=48 ell=12 count=24 degs=[7,8,8,6,7,7,7,6,8] blocks=[[0,1,2,3],[0,1,4,5],[2,3,4,5],[1,3,4,6],[0,2,5,6],[1,2,5,7],[0,1,6,7],[2,4,6,7],[1,2,4,8],[0,3,5,8],[2,3,6,8],[0,4,6,8],[1,5,6,8],[0,2,7,8],[1,3,7,8],[4,5,7,8]]
FAM D=48 ell=12 count=24 degs=[7,8,7,7,6,8,7,6,8] blocks=[[0,1,2,3],[0,1,4,5],[2,3,4,5],[1,3,4,6],[0,2,5,6],[1,2,5,7],[0,1,6,7],[3,5,6,7],[0,2,4,8],[1,3,5,8],[1,2,6,8],[0,3,6,8],[4,5,6,8],[2,3,7,8],[1,4,7,8],[0,5,7,8]]
FAM D=48 ell=12 count=24 degs=[7,8,7,7,6,8,7,6,8] blocks=[[0,1,2,3],[0,1,4,5],[2,3,4,5],[1,3,4,6],[0,2,5,6],[1,2,5,7],[0,1,6,7],[3,5,6,7],[1,2,4,8],[0,3,5,8],[2,3,6,8],[0,4,6,8],[1,5,6,8],[0,2,7,8],[1,3,7,8],[4,5,7,8]]
FAM D=48 ell=12 count=24 degs=[6,7,8,7,7,8,7,6,8] blocks=[[0,1,2,3],[0,1,4,5],[2,3,4,5],[1,3,4,6],[0,2,5,6],[1,2,5,7],[2,4,6,7],[3,5,6,7],[0,2,4,8],[1,3,5,8],[1,2,6,8],[0,3,6,8],[4,5,6,8],[2,3,7,8],[1,4,7,8],[0,5,7,8]]
FAM D=48 ell=12 count=24 degs=[6,7,8,7,7,8,7,6,8] blocks=[[0,1,2,3],[0,1,4,5],[2,3,4,5],[1,3,4,6],[0,2,5,6],[1,2,5,7],[2,4,6,7],[3,5,6,7],[1,2,4,8],[0,3,5,8],[2,3,6,8],[0,4,6,8],[1,5,6,8],[0,2,7,8],[1,3,7,8],[4,5,7,8]]
FAM D=48 ell=12 count=24 degs=[8,7,6,8,7,7,8,6,7] blocks=[[0,1,2,3],[0,1,4,5],[2,3,4,5],[1,3,4,6],[0,2,5,6],[0,3,5,7],[2,3,6,7],[0,4,6,7],[1,5,6,7],[0,2,4,8],[1,3,5,8],[1,2,6,8],[0,3,6,8],[4,5,6,8],[0,1,7,8],[3,4,7,8]]
FAM D=51 ell=12 count=21 degs=[8,7,7,8,7,8,8,7,8] blocks=[[0,1,2,3],[0,1,4,5],[2,3,4,5],[1,3,4,6],[0,2,5,6],[0,3,5,7],[2,3,6,7],[0,4,6,7],[1,5,6,7],[0,2,4,8],[1,3,5,8],[1,2,6,8],[0,3,6,8],[4,5,6,8],[0,1,7,8],[3,4,7,8],[2,5,7,8]]
FAM D=48 ell=12 count=24 degs=[8,7,7,7,6,8,8,6,7] blocks=[[0,1,2,3],[0,1,4,5],[2,3,4,5],[1,3,4,6],[0,2,5,6],[0,3,5,7],[2,3,6,7],[0,4,6,7],[1,5,6,7],[0,2,4,8],[1,3,5,8],[1,2,6,8],[0,3,6,8],[4,5,6,8],[0,1,7,8],[2,5,7,8]]
FAM D=48 ell=12 count=24 degs=[7,6,7,8,7,8,8,6,7] blocks=[[0,1,2,3],[0,1,4,5],[2,3,4,5],[1,3,4,6],[0,2,5,6],[0,3,5,7],[2,3,6,7],[0,4,6,7],[1,5,6,7],[0,2,4,8],[1,3,5,8],[1,2,6,8],[0,3,6,8],[4,5,6,8],[3,4,7,8],[2,5,7,8]]
FAM D=48 ell=12 count=24 degs=[8,7,7,8,6,7,7,7,7] blocks=[[0,1,2,3],[0,1,4,5],[2,3,4,5],[1,3,4,6],[0,2,5,6],[0,3,5,7],[2,3,6,7],[0,4,6,7],[1,5,6,7],[0,2,4,8],[1,3,5,8],[1,2,6,8],[0,3,6,8],[0,1,7,8],[3,4,7,8],[2,5,7,8]]
FAM D=48 ell=12 count=24 degs=[7,7,7,7,7,8,7,7,7] blocks=[[0,1,2,3],[0,1,4,5],[2,3,4,5],[1,3,4,6],[0,2,5,6],[0,3,5,7],[2,3,6,7],[0,4,6,7],[1,5,6,7],[0,2,4,8],[1,3,5,8],[1,2,6,8],[4,5,6,8],[0,1,7,8],[3,4,7,8],[2,5,7,8]]
FAM D=48 ell=12 count=24 degs=[8,6,6,8,7,8,7,7,7] blocks=[[0,1,2,3],[0,1,4,5],[2,3,4,5],[1,3,4,6],[0,2,5,6],[0,3,5,7],[2,3,6,7],[0,4,6,7],[1,5,6,7],[0,2,4,8],[1,3,5,8],[0,3,6,8],[4,5,6,8],[0,1,7,8],[3,4,7,8],[2,5,7,8]]
FAM D=48 ell=12 count=24 degs=[8,6,7,7,7,7,8,7,7] blocks=[[0,1,2,3],[0,1,4,5],[2,3,4,5],[1,3,4,6],[0,2,5,6],[0,3,5,7],[2,3,6,7],[0,4,6,7],[1,5,6,7],[0,2,4,8],[1,2,6,8],[0,3,6,8],[4,5,6,8],[0,1,7,8],[3,4,7,8],[2,5,7,8]]
FAM D=48 ell=12 count=24 degs=[8,7,7,8,6,7,8,6,7] blocks=[[0,1,2,3],[0,1,4,5],[2,3,4,5],[1,3,4,6],[0,2,5,6],[0,3,5,7],[2,3,6,7],[0,4,6,7],[1,5,6,7],[0,3,4,8],[1,2,5,8],[0,1,6,8],[2,4,6,8],[3,5,6,8],[0,2,7,8],[1,3,7,8]]
FAM D=51 ell=12 count=21 degs=[8,7,7,8,7,8,8,7,8] blocks=[[0,1,2,3],[0,1,4,5],[2,3,4,5],[1,3,4,6],[0,2,5,6],[0,3,5,7],[2,3,6,7],[0,4,6,7],[1,5,6,7],[0,3,4,8],[1,2,5,8],[0,1,6,8],[2,4,6,8],[3,5,6,8],[0,2,7,8],[1,3,7,8],[4,5,7,8]]
FAM D=48 ell=12 count=24 degs=[8,6,7,7,7,8,8,6,7] blocks=[[0,1,2,3],[0,1,4,5],[2,3,4,5],[1,3,4,6],[0,2,5,6],[0,3,5,7],[2,3,6,7],[0,4,6,7],[1,5,6,7],[0,3,4,8],[1,2,5,8],[0,1,6,8],[2,4,6,8],[3,5,6,8],[0,2,7,8],[4,5,7,8]]
FAM D=48 ell=12 count=24 degs=[7,7,6,8,7,8,8,6,7] blocks=[[0,1,2,3],[0,1,4,5],[2,3,4,5],[1,3,4,6],[0,2,5,6],[0,3,5,7],[2,3,6,7],[0,4,6,7],[1,5,6,7],[0,3,4,8],[1,2,5,8],[0,1,6,8],[2,4,6,8],[3,5,6,8],[1,3,7,8],[4,5,7,8]]
FAM D=48 ell=12 count=24 degs=[8,7,7,7,7,7,7,7,7] blocks=[[0,1,2,3],[0,1,4,5],[2,3,4,5],[1,3,4,6],[0,2,5,6],[0,3,5,7],[2,3,6,7],[0,4,6,7],[1,5,6,7],[0,3,4,8],[1,2,5,8],[0,1,6,8],[2,4,6,8],[0,2,7,8],[1,3,7,8],[4,5,7,8]]
FAM D=48 ell=12 count=24 degs=[8,7,6,8,6,8,7,7,7] blocks=[[0,1,2,3],[0,1,4,5],[2,3,4,5],[1,3,4,6],[0,2,5,6],[0,3,5,7],[2,3,6,7],[0,4,6,7],[1,5,6,7],[0,3,4,8],[1,2,5,8],[0,1,6,8],[3,5,6,8],[0,2,7,8],[1,3,7,8],[4,5,7,8]]
FAM D=48 ell=12 count=24 degs=[7,6,7,8,7,8,7,7,7] blocks=[[0,1,2,3],[0,1,4,5],[2,3,4,5],[1,3,4,6],[0,2,5,6],[0,3,5,7],[2,3,6,7],[0,4,6,7],[1,5,6,7],[0,3,4,8],[1,2,5,8],[2,4,6,8],[3,5,6,8],[0,2,7,8],[1,3,7,8],[4,5,7,8]]
FAM D=48 ell=12 count=24 degs=[8,6,6,8,7,7,8,7,7] blocks=[[0,1,2,3],[0,1,4,5],[2,3,4,5],[1,3,4,6],[0,2,5,6],[0,3,5,7],[2,3,6,7],[0,4,6,7],[1,5,6,7],[0,3,4,8],[0,1,6,8],[2,4,6,8],[3,5,6,8],[0,2,7,8],[1,3,7,8],[4,5,7,8]]
FAM D=48 ell=12 count=24 degs=[7,7,7,7,6,8,8,7,7] blocks=[[0,1,2,3],[0,1,4,5],[2,3,4,5],[1,3,4,6],[0,2,5,6],[0,3,5,7],[2,3,6,7],[0,4,6,7],[1,5,6,7],[1,2,5,8],[0,1,6,8],[2,4,6,8],[3,5,6,8],[0,2,7,8],[1,3,7,8],[4,5,7,8]]
FAM D=48 ell=12 count=24 degs=[7,7,6,8,6,8,8,7,7] blocks=[[0,1,2,3],[0,1,4,5],[2,3,4,5],[1,3,4,6],[0,2,5,6],[0,3,5,7],[2,3,6,7],[0,4,6,7],[1,5,6,7],[1,3,5,8],[1,2,6,8],[0,3,6,8],[4,5,6,8],[0,1,7,8],[3,4,7,8],[2,5,7,8]]
FAM D=48 ell=12 count=24 degs=[8,6,7,8,7,7,7,6,8] blocks=[[0,1,2,3],[0,1,4,5],[2,3,4,5],[1,3,4,6],[0,2,5,6],[0,3,5,7],[2,3,6,7],[0,4,6,7],[0,2,4,8],[1,3,5,8],[1,2,6,8],[0,3,6,8],[4,5,6,8],[0,1,7,8],[3,4,7,8],[2,5,7,8]]
FAM D=48 ell=12 count=24 degs=[8,6,7,8,7,7,7,6,8] blocks=[[0,1,2,3],[0,1,4,5],[2,3,4,5],[1,3,4,6],[0,2,5,6],[0,3,5,7],[2,3,6,7],[0,4,6,7],[0,3,4,8],[1,2,5,8],[0,1,6,8],[2,4,6,8],[3,5,6,8],[0,2,7,8],[1,3,7,8],[4,5,7,8]]
FAM D=48 ell=12 count=24 degs=[7,7,7,8,6,8,7,6,8] blocks=[[0,1,2,3],[0,1,4,5],[2,3,4,5],[1,3,4,6],[0,2,5,6],[0,3,5,7],[2,3,6,7],[1,5,6,7],[0,2,4,8],[1,3,5,8],[1,2,6,8],[0,3,6,8],[4,5,6,8],[0,1,7,8],[3,4,7,8],[2,5,7,8]]
FAM D=48 ell=12 count=24 degs=[7,7,7,8,6,8,7,6,8] blocks=[[0,1,2,3],[0,1,4,5],[2,3,4,5],[1,3,4,6],[0,2,5,6],[0,3,5,7],[2,3,6,7],[1,5,6,7],[0,3,4,8],[1,2,5,8],[0,1,6,8],[2,4,6,8],[3,5,6,8],[0,2,7,8],[1,3,7,8],[4,5,7,8]]
FAM D=48 ell=12 count=24 degs=[8,7,6,7,7,8,7,6,8] blocks=[[0,1,2,3],[0,1,4,5],[2,3,4,5],[1,3,4,6],[0,2,5,6],[0,3,5,7],[0,4,6,7],[1,5,6,7],[0,2,4,8],[1,3,5,8],[1,2,6,8],[0,3,6,8],[4,5,6,8],[0,1,7,8],[3,4,7,8],[2,5,7,8]]
FAM D=48 ell=12 count=24 degs=[8,7,6,7,7,8,7,6,8] blocks=[[0,1,2,3],[0,1,4,5],[2,3,4,5],[1,3,4,6],[0,2,5,6],[0,3,5,7],[0,4,6,7],[1,5,6,7],[0,3,4,8],[1,2,5,8],[0,1,6,8],[2,4,6,8],[3,5,6,8],[0,2,7,8],[1,3,7,8],[4,5,7,8]]
FAM D=48 ell=12 count=24 degs=[7,8,6,8,7,7,8,6,7] blocks=[[0,1,2,3],[0,1,4,5],[2,3,4,5],[1,3,4,6],[0,2,5,6],[1,3,5,7],[1,2,6,7],[0,3,6,7],[4,5,6,7],[1,2,4,8],[0,3,5,8],[2,3,6,8],[0,4,6,8],[1,5,6,8],[0,1,7,8],[3,4,7,8]]
FAM D=51 ell=12 count=21 degs=[7,8,7,8,7,8,8,7,8] blocks=[[0,1,2,3],[0,1,4,5],[2,3,4,5],[1,3,4,6],[0,2,5,6],[1,3,5,7],[1,2,6,7],[0,3,6,7],[4,5,6,7],[1,2,4,8],[0,3,5,8],[2,3,6,8],[0,4,6,8],[1,5,6,8],[0,1,7,8],[3,4,7,8],[2,5,7,8]]
FAM D=48 ell=12 count=24 degs=[7,8,7,7,6,8,8,6,7] blocks=[[0,1,2,3],[0,1,4,5],[2,3,4,5],[1,3,4,6],[0,2,5,6],[1,3,5,7],[1,2,6,7],[0,3,6,7],[4,5,6,7],[1,2,4,8],[0,3,5,8],[2,3,6,8],[0,4,6,8],[1,5,6,8],[0,1,7,8],[2,5,7,8]]
FAM D=48 ell=12 count=24 degs=[6,7,7,8,7,8,8,6,7] blocks=[[0,1,2,3],[0,1,4,5],[2,3,4,5],[1,3,4,6],[0,2,5,6],[1,3,5,7],[1,2,6,7],[0,3,6,7],[4,5,6,7],[1,2,4,8],[0,3,5,8],[2,3,6,8],[0,4,6,8],[1,5,6,8],[3,4,7,8],[2,5,7,8]]
FAM D=48 ell=12 count=24 degs=[7,7,7,8,7,7,7,7,7] blocks=[[0,1,2,3],[0,1,4,5],[2,3,4,5],[1,3,4,6],[0,2,5,6],[1,3,5,7],[1,2,6,7],[0,3,6,7],[4,5,6,7],[1,2,4,8],[0,3,5,8],[2,3,6,8],[0,4,6,8],[0,1,7,8],[3,4,7,8],[2,5,7,8]]
FAM D=48 ell=12 count=24 degs=[6,8,7,8,6,8,7,7,7] blocks=[[0,1,2,3],[0,1,4,5],[2,3,4,5],[1,3,4,6],[0,2,5,6],[1,3,5,7],[1,2,6,7],[0,3,6,7],[4,5,6,7],[1,2,4,8],[0,3,5,8],[2,3,6,8],[1,5,6,8],[0,1,7,8],[3,4,7,8],[2,5,7,8]]
FAM D=48 ell=12 count=24 degs=[7,8,6,7,7,8,7,7,7] blocks=[[0,1,2,3],[0,1,4,5],[2,3,4,5],[1,3,4,6],[0,2,5,6],[1,3,5,7],[1,2,6,7],[0,3,6,7],[4,5,6,7],[1,2,4,8],[0,3,5,8],[0,4,6,8],[1,5,6,8],[0,1,7,8],[3,4,7,8],[2,5,7,8]]
FAM D=48 ell=12 count=24 degs=[6,8,7,7,7,7,8,7,7] blocks=[[0,1,2,3],[0,1,4,5],[2,3,4,5],[1,3,4,6],[0,2,5,6],[1,3,5,7],[1,2,6,7],[0,3,6,7],[4,5,6,7],[1,2,4,8],[2,3,6,8],[0,4,6,8],[1,5,6,8],[0,1,7,8],[3,4,7,8],[2,5,7,8]]
FAM D=48 ell=12 count=24 degs=[6,8,7,8,7,7,8,6,7] blocks=[[0,1,2,3],[0,1,4,5],[2,3,4,5],[1,3,4,6],[0,2,5,6],[1,3,5,7],[1,2,6,7],[0,3,6,7],[4,5,6,7],[0,3,4,8],[1,2,5,8],[0,1,6,8],[2,4,6,8],[3,5,6,8],[2,3,7,8],[1,4,7,8]]
FAM D=51 ell=12 count=21 degs=[7,8,7,8,7,8,8,7,8] blocks=[[0,1,2,3],[0,1,4,5],[2,3,4,5],[1,3,4,6],[0,2,5,6],[1,3,5,7],[1,2,6,7],[0,3,6,7],[4,5,6,7],[0,3,4,8],[1,2,5,8],[0,1,6,8],[2,4,6,8],[3,5,6,8],[2,3,7,8],[1,4,7,8],[0,5,7,8]]
FAM D=48 ell=12 count=24 degs=[7,7,7,8,6,8,8,6,7] blocks=[[0,1,2,3],[0,1,4,5],[2,3,4,5],[1,3,4,6],[0,2,5,6],[1,3,5,7],[1,2,6,7],[0,3,6,7],[4,5,6,7],[0,3,4,8],[1,2,5,8],[0,1,6,8],[2,4,6,8],[3,5,6,8],[2,3,7,8],[0,5,7,8]]
FAM D=48 ell=12 count=24 degs=[7,8,6,7,7,8,8,6,7] blocks=[[0,1,2,3],[0,1,4,5],[2,3,4,5],[1,3,4,6],[0,2,5,6],[1,3,5,7],[1,2,6,7],[0,3,6,7],[4,5,6,7],[0,3,4,8],[1,2,5,8],[0,1,6,8],[2,4,6,8],[3,5,6,8],[1,4,7,8],[0,5,7,8]]
FAM D=48 ell=12 count=24 degs=[7,8,7,7,7,7,7,7,7] blocks=[[0,1,2,3],[0,1,4,5],[2,3,4,5],[1,3,4,6],[0,2,5,6],[1,3,5,7],[1,2,6,7],[0,3,6,7],[4,5,6,7],[0,3,4,8],[1,2,5,8],[0,1,6,8],[2,4,6,8],[2,3,7,8],[1,4,7,8],[0,5,7,8]]
FAM D=48 ell=12 count=24 degs=[7,8,6,8,6,8,7,7,7] blocks=[[0,1,2,3],[0,1,4,5],[2,3,4,5],[1,3,4,6],[0,2,5,6],[1,3,5,7],[1,2,6,7],[0,3,6,7],[4,5,6,7],[0,3,4,8],[1,2,5,8],[0,1,6,8],[3,5,6,8],[2,3,7,8],[1,4,7,8],[0,5,7,8]]
FAM D=48 ell=12 count=24 degs=[6,7,7,8,7,8,7,7,7] blocks=[[0,1,2,3],[0,1,4,5],[2,3,4,5],[1,3,4,6],[0,2,5,6],[1,3,5,7],[1,2,6,7],[0,3,6,7],[4,5,6,7],[0,3,4,8],[1,2,5,8],[2,4,6,8],[3,5,6,8],[2,3,7,8],[1,4,7,8],[0,5,7,8]]
FAM D=48 ell=12 count=24 degs=[7,7,6,8,7,7,8,7,7] blocks=[[0,1,2,3],[0,1,4,5],[2,3,4,5],[1,3,4,6],[0,2,5,6],[1,3,5,7],[1,2,6,7],[0,3,6,7],[4,5,6,7],[0,3,4,8],[0,1,6,8],[2,4,6,8],[3,5,6,8],[2,3,7,8],[1,4,7,8],[0,5,7,8]]
FAM D=48 ell=12 count=24 degs=[6,8,7,7,6,8,8,7,7] blocks=[[0,1,2,3],[0,1,4,5],[2,3,4,5],[1,3,4,6],[0,2,5,6],[1,3,5,7],[1,2,6,7],[0,3,6,7],[4,5,6,7],[1,2,5,8],[0,1,6,8],[2,4,6,8],[3,5,6,8],[2,3,7,8],[1,4,7,8],[0,5,7,8]]
FAM D=48 ell=12 count=24 degs=[7,7,6,8,6,8,8,7,7] blocks=[[0,1,2,3],[0,1,4,5],[2,3,4,5],[1,3,4,6],[0,2,5,6],[1,3,5,7],[1,2,6,7],[0,3,6,7],[4,5,6,7],[0,3,5,8],[2,3,6,8],[0,4,6,8],[1,5,6,8],[0,1,7,8],[3,4,7,8],[2,5,7,8]]
FAM D=48 ell=12 count=24 degs=[7,8,7,8,6,7,7,6,8] blocks=[[0,1,2,3],[0,1,4,5],[2,3,4,5],[1,3,4,6],[0,2,5,6],[1,3,5,7],[1,2,6,7],[0,3,6,7],[1,2,4,8],[0,3,5,8],[2,3,6,8],[0,4,6,8],[1,5,6,8],[0,1,7,8],[3,4,7,8],[2,5,7,8]]
FAM D=48 ell=12 count=24 degs=[7,8,7,8,6,7,7,6,8] blocks=[[0,1,2,3],[0,1,4,5],[2,3,4,5],[1,3,4,6],[0,2,5,6],[1,3,5,7],[1,2,6,7],[0,3,6,7],[0,3,4,8],[1,2,5,8],[0,1,6,8],[2,4,6,8],[3,5,6,8],[2,3,7,8],[1,4,7,8],[0,5,7,8]]
FAM D=48 ell=12 count=24 degs=[6,8,7,7,7,8,7,6,8] blocks=[[0,1,2,3],[0,1,4,5],[2,3,4,5],[1,3,4,6],[0,2,5,6],[1,3,5,7],[1,2,6,7],[4,5,6,7],[1,2,4,8],[0,3,5,8],[2,3,6,8],[0,4,6,8],[1,5,6,8],[0,1,7,8],[3,4,7,8],[2,5,7,8]]
FAM D=48 ell=12 count=24 degs=[6,8,7,7,7,8,7,6,8] blocks=[[0,1,2,3],[0,1,4,5],[2,3,4,5],[1,3,4,6],[0,2,5,6],[1,3,5,7],[1,2,6,7],[4,5,6,7],[0,3,4,8],[1,2,5,8],[0,1,6,8],[2,4,6,8],[3,5,6,8],[2,3,7,8],[1,4,7,8],[0,5,7,8]]
FAM D=48 ell=12 count=24 degs=[7,7,6,8,7,8,7,6,8] blocks=[[0,1,2,3],[0,1,4,5],[2,3,4,5],[1,3,4,6],[0,2,5,6],[1,3,5,7],[0,3,6,7],[4,5,6,7],[1,2,4,8],[0,3,5,8],[2,3,6,8],[0,4,6,8],[1,5,6,8],[0,1,7,8],[3,4,7,8],[2,5,7,8]]
FAM D=48 ell=12 count=24 degs=[7,7,6,8,7,8,7,6,8] blocks=[[0,1,2,3],[0,1,4,5],[2,3,4,5],[1,3,4,6],[0,2,5,6],[1,3,5,7],[0,3,6,7],[4,5,6,7],[0,3,4,8],[1,2,5,8],[0,1,6,8],[2,4,6,8],[3,5,6,8],[2,3,7,8],[1,4,7,8],[0,5,7,8]]
FAM D=48 ell=12 count=24 degs=[7,7,7,7,7,7,8,6,8] blocks=[[0,1,2,3],[0,1,4,5],[2,3,4,5],[1,3,4,6],[0,2,5,6],[0,1,6,7],[2,4,6,7],[3,5,6,7],[0,2,4,8],[1,3,5,8],[1,2,6,8],[0,3,6,8],[4,5,6,8],[2,3,7,8],[1,4,7,8],[0,5,7,8]]
FAM D=48 ell=12 count=24 degs=[7,7,7,7,7,7,8,6,8] blocks=[[0,1,2,3],[0,1,4,5],[2,3,4,5],[1,3,4,6],[0,2,5,6],[0,1,6,7],[2,4,6,7],[3,5,6,7],[1,2,4,8],[0,3,5,8],[2,3,6,8],[0,4,6,8],[1,5,6,8],[0,2,7,8],[1,3,7,8],[4,5,7,8]]
FAM D=48 ell=12 count=24 degs=[7,7,7,7,7,7,8,6,8] blocks=[[0,1,2,3],[0,1,4,5],[2,3,4,5],[1,3,4,6],[0,2,5,6],[1,2,6,7],[0,3,6,7],[4,5,6,7],[1,2,4,8],[0,3,5,8],[2,3,6,8],[0,4,6,8],[1,5,6,8],[0,1,7,8],[3,4,7,8],[2,5,7,8]]
FAM D=48 ell=12 count=24 degs=[7,7,7,7,7,7,8,6,8] blocks=[[0,1,2,3],[0,1,4,5],[2,3,4,5],[1,3,4,6],[0,2,5,6],[1,2,6,7],[0,3,6,7],[4,5,6,7],[0,3,4,8],[1,2,5,8],[0,1,6,8],[2,4,6,8],[3,5,6,8],[2,3,7,8],[1,4,7,8],[0,5,7,8]]
FAM D=48 ell=12 count=24 degs=[7,7,7,7,7,7,8,6,8] blocks=[[0,1,2,3],[0,1,4,5],[2,3,4,5],[1,3,4,6],[0,2,5,6],[2,3,6,7],[0,4,6,7],[1,5,6,7],[0,2,4,8],[1,3,5,8],[1,2,6,8],[0,3,6,8],[4,5,6,8],[0,1,7,8],[3,4,7,8],[2,5,7,8]]
FAM D=48 ell=12 count=24 degs=[7,7,7,7,7,7,8,6,8] blocks=[[0,1,2,3],[0,1,4,5],[2,3,4,5],[1,3,4,6],[0,2,5,6],[2,3,6,7],[0,4,6,7],[1,5,6,7],[0,3,4,8],[1,2,5,8],[0,1,6,8],[2,4,6,8],[3,5,6,8],[0,2,7,8],[1,3,7,8],[4,5,7,8]]
FAM D=48 ell=12 count=24 degs=[7,8,6,8,8,6,7,7,7] blocks=[[0,1,2,3],[0,1,4,5],[2,3,4,5],[1,3,4,6],[0,2,4,7],[1,3,5,7],[1,2,6,7],[0,3,6,7],[4,5,6,7],[1,2,4,8],[0,3,5,8],[2,3,6,8],[0,4,6,8],[1,5,6,8],[0,1,7,8],[3,4,7,8]]
FAM D=51 ell=12 count=21 degs=[7,8,7,8,8,7,7,8,8] blocks=[[0,1,2,3],[0,1,4,5],[2,3,4,5],[1,3,4,6],[0,2,4,7],[1,3,5,7],[1,2,6,7],[0,3,6,7],[4,5,6,7],[1,2,4,8],[0,3,5,8],[2,3,6,8],[0,4,6,8],[1,5,6,8],[0,1,7,8],[3,4,7,8],[2,5,7,8]]
FAM D=48 ell=12 count=24 degs=[7,8,7,7,7,7,7,7,7] blocks=[[0,1,2,3],[0,1,4,5],[2,3,4,5],[1,3,4,6],[0,2,4,7],[1,3,5,7],[1,2,6,7],[0,3,6,7],[4,5,6,7],[1,2,4,8],[0,3,5,8],[2,3,6,8],[0,4,6,8],[1,5,6,8],[0,1,7,8],[2,5,7,8]]
FAM D=48 ell=12 count=24 degs=[6,7,7,8,8,7,7,7,7] blocks=[[0,1,2,3],[0,1,4,5],[2,3,4,5],[1,3,4,6],[0,2,4,7],[1,3,5,7],[1,2,6,7],[0,3,6,7],[4,5,6,7],[1,2,4,8],[0,3,5,8],[2,3,6,8],[0,4,6,8],[1,5,6,8],[3,4,7,8],[2,5,7,8]]
FAM D=48 ell=12 count=24 degs=[7,7,7,8,8,6,6,8,7] blocks=[[0,1,2,3],[0,1,4,5],[2,3,4,5],[1,3,4,6],[0,2,4,7],[1,3,5,7],[1,2,6,7],[0,3,6,7],[4,5,6,7],[1,2,4,8],[0,3,5,8],[2,3,6,8],[0,4,6,8],[0,1,7,8],[3,4,7,8],[2,5,7,8]]
FAM D=48 ell=12 count=24 degs=[6,8,7,8,7,7,6,8,7] blocks=[[0,1,2,3],[0,1,4,5],[2,3,4,5],[1,3,4,6],[0,2,4,7],[1,3,5,7],[1,2,6,7],[0,3,6,7],[4,5,6,7],[1,2,4,8],[0,3,5,8],[2,3,6,8],[1,5,6,8],[0,1,7,8],[3,4,7,8],[2,5,7,8]]
FAM D=48 ell=12 count=24 degs=[7,8,6,7,8,7,6,8,7] blocks=[[0,1,2,3],[0,1,4,5],[2,3,4,5],[1,3,4,6],[0,2,4,7],[1,3,5,7],[1,2,6,7],[0,3,6,7],[4,5,6,7],[1,2,4,8],[0,3,5,8],[0,4,6,8],[1,5,6,8],[0,1,7,8],[3,4,7,8],[2,5,7,8]]
FAM D=48 ell=12 count=24 degs=[6,8,7,7,8,6,7,8,7] blocks=[[0,1,2,3],[0,1,4,5],[2,3,4,5],[1,3,4,6],[0,2,4,7],[1,3,5,7],[1,2,6,7],[0,3,6,7],[4,5,6,7],[1,2,4,8],[2,3,6,8],[0,4,6,8],[1,5,6,8],[0,1,7,8],[3,4,7,8],[2,5,7,8]]
FAM D=48 ell=12 count=24 degs=[6,8,7,8,8,6,7,7,7] blocks=[[0,1,2,3],[0,1,4,5],[2,3,4,5],[1,3,4,6],[0,2,4,7],[1,3,5,7],[1,2,6,7],[0,3,6,7],[4,5,6,7],[0,3,4,8],[1,2,5,8],[0,1,6,8],[2,4,6,8],[3,5,6,8],[2,3,7,8],[1,4,7,8]]
FAM D=51 ell=12 count=21 degs=[7,8,7,8,8,7,7,8,8] blocks=[[0,1,2,3],[0,1,4,5],[2,3,4,5],[1,3,4,6],[0,2,4,7],[1,3,5,7],[1,2,6,7],[0,3,6,7],[4,5,6,7],[0,3,4,8],[1,2,5,8],[0,1,6,8],[2,4,6,8],[3,5,6,8],[2,3,7,8],[1,4,7,8],[0,5,7,8]]
FAM D=48 ell=12 count=24 degs=[7,7,7,8,7,7,7,7,7] blocks=[[0,1,2,3],[0,1,4,5],[2,3,4,5],[1,3,4,6],[0,2,4,7],[1,3,5,7],[1,2,6,7],[0,3,6,7],[4,5,6,7],[0,3,4,8],[1,2,5,8],[0,1,6,8],[2,4,6,8],[3,5,6,8],[2,3,7,8],[0,5,7,8]]
FAM D=48 ell=12 count=24 degs=[7,8,6,7,8,7,7,7,7] blocks=[[0,1,2,3],[0,1,4,5],[2,3,4,5],[1,3,4,6],[0,2,4,7],[1,3,5,7],[1,2,6,7],[0,3,6,7],[4,5,6,7],[0,3,4,8],[1,2,5,8],[0,1,6,8],[2,4,6,8],[3,5,6,8],[1,4,7,8],[0,5,7,8]]
FAM D=48 ell=12 count=24 degs=[7,8,7,7,8,6,6,8,7] blocks=[[0,1,2,3],[0,1,4,5],[2,3,4,5],[1,3,4,6],[0,2,4,7],[1,3,5,7],[1,2,6,7],[0,3,6,7],[4,5,6,7],[0,3,4,8],[1,2,5,8],[0,1,6,8],[2,4,6,8],[2,3,7,8],[1,4,7,8],[0,5,7,8]]
FAM D=48 ell=12 count=24 degs=[7,8,6,8,7,7,6,8,7] blocks=[[0,1,2,3],[0,1,4,5],[2,3,4,5],[1,3,4,6],[0,2,4,7],[1,3,5,7],[1,2,6,7],[0,3,6,7],[4,5,6,7],[0,3,4,8],[1,2,5,8],[0,1,6,8],[3,5,6,8],[2,3,7,8],[1,4,7,8],[0,5,7,8]]
FAM D=48 ell=12 count=24 degs=[6,7,7,8,8,7,6,8,7] blocks=[[0,1,2,3],[0,1,4,5],[2,3,4,5],[1,3,4,6],[0,2,4,7],[1,3,5,7],[1,2,6,7],[0,3,6,7],[4,5,6,7],[0,3,4,8],[1,2,5,8],[2,4,6,8],[3,5,6,8],[2,3,7,8],[1,4,7,8],[0,5,7,8]]
FAM D=48 ell=12 count=24 degs=[7,7,6,8,8,6,7,8,7] blocks=[[0,1,2,3],[0,1,4,5],[2,3,4,5],[1,3,4,6],[0,2,4,7],[1,3,5,7],[1,2,6,7],[0,3,6,7],[4,5,6,7],[0,3,4,8],[0,1,6,8],[2,4,6,8],[3,5,6,8],[2,3,7,8],[1,4,7,8],[0,5,7,8]]
FAM D=48 ell=12 count=24 degs=[6,8,7,7,7,7,7,8,7] blocks=[[0,1,2,3],[0,1,4,5],[2,3,4,5],[1,3,4,6],[0,2,4,7],[1,3,5,7],[1,2,6,7],[0,3,6,7],[4,5,6,7],[1,2,5,8],[0,1,6,8],[2,4,6,8],[3,5,6,8],[2,3,7,8],[1,4,7,8],[0,5,7,8]]
FAM D=48 ell=12 count=24 degs=[7,7,6,8,7,7,7,8,7] blocks=[[0,1,2,3],[0,1,4,5],[2,3,4,5],[1,3,4,6],[0,2,4,7],[1,3,5,7],[1,2,6,7],[0,3,6,7],[4,5,6,7],[0,3,5,8],[2,3,6,8],[0,4,6,8],[1,5,6,8],[0,1,7,8],[3,4,7,8],[2,5,7,8]]
FAM D=48 ell=12 count=24 degs=[7,8,7,8,7,6,6,7,8] blocks=[[0,1,2,3],[0,1,4,5],[2,3,4,5],[1,3,4,6],[0,2,4,7],[1,3,5,7],[1,2,6,7],[0,3,6,7],[1,2,4,8],[0,3,5,8],[2,3,6,8],[0,4,6,8],[1,5,6,8],[0,1,7,8],[3,4,7,8],[2,5,7,8]]
FAM D=48 ell=12 count=24 degs=[7,8,7,8,7,6,6,7,8] blocks=[[0,1,2,3],[0,1,4,5],[2,3,4,5],[1,3,4,6],[0,2,4,7],[1,3,5,7],[1,2,6,7],[0,3,6,7],[0,3,4,8],[1,2,5,8],[0,1,6,8],[2,4,6,8],[3,5,6,8],[2,3,7,8],[1,4,7,8],[0,5,7,8]]
FAM D=48 ell=12 count=24 degs=[6,8,7,7,8,7,6,7,8] blocks=[[0,1,2,3],[0,1,4,5],[2,3,4,5],[1,3,4,6],[0,2,4,7],[1,3,5,7],[1,2,6,7],[4,5,6,7],[1,2,4,8],[0,3,5,8],[2,3,6,8],[0,4,6,8],[1,5,6,8],[0,1,7,8],[3,4,7,8],[2,5,7,8]]
FAM D=48 ell=12 count=24 degs=[6,8,7,7,8,7,6,7,8] blocks=[[0,1,2,3],[0,1,4,5],[2,3,4,5],[1,3,4,6],[0,2,4,7],[1,3,5,7],[1,2,6,7],[4,5,6,7],[0,3,4,8],[1,2,5,8],[0,1,6,8],[2,4,6,8],[3,5,6,8],[2,3,7,8],[1,4,7,8],[0,5,7,8]]
FAM D=48 ell=12 count=24 degs=[7,7,6,8,8,7,6,7,8] blocks=[[0,1,2,3],[0,1,4,5],[2,3,4,5],[1,3,4,6],[0,2,4,7],[1,3,5,7],[0,3,6,7],[4,5,6,7],[1,2,4,8],[0,3,5,8],[2,3,6,8],[0,4,6,8],[1,5,6,8],[0,1,7,8],[3,4,7,8],[2,5,7,8]]
FAM D=48 ell=12 count=24 degs=[7,7,6,8,8,7,6,7,8] blocks=[[0,1,2,3],[0,1,4,5],[2,3,4,5],[1,3,4,6],[0,2,4,7],[1,3,5,7],[0,3,6,7],[4,5,6,7],[0,3,4,8],[1,2,5,8],[0,1,6,8],[2,4,6,8],[3,5,6,8],[2,3,7,8],[1,4,7,8],[0,5,7,8]]
FAM D=48 ell=12 count=24 degs=[7,7,7,7,8,6,7,7,8] blocks=[[0,1,2,3],[0,1,4,5],[2,3,4,5],[1,3,4,6],[0,2,4,7],[1,2,6,7],[0,3,6,7],[4,5,6,7],[1,2,4,8],[0,3,5,8],[2,3,6,8],[0,4,6,8],[1,5,6,8],[0,1,7,8],[3,4,7,8],[2,5,7,8]]
FAM D=48 ell=12 count=24 degs=[7,7,7,7,8,6,7,7,8] blocks=[[0,1,2,3],[0,1,4,5],[2,3,4,5],[1,3,4,6],[0,2,4,7],[1,2,6,7],[0,3,6,7],[4,5,6,7],[0,3,4,8],[1,2,5,8],[0,1,6,8],[2,4,6,8],[3,5,6,8],[2,3,7,8],[1,4,7,8],[0,5,7,8]]
FAM D=48 ell=12 count=24 degs=[7,8,6,8,8,6,7,7,7] blocks=[[0,1,2,3],[0,1,4,5],[2,3,4,5],[1,3,4,6],[1,2,4,7],[0,3,5,7],[2,3,6,7],[0,4,6,7],[1,5,6,7],[0,2,4,8],[1,3,5,8],[1,2,6,8],[0,3,6,8],[4,5,6,8],[0,1,7,8],[3,4,7,8]]
FAM D=51 ell=12 count=21 degs=[7,8,7,8,8,7,7,8,8] blocks=[[0,1,2,3],[0,1,4,5],[2,3,4,5],[1,3,4,6],[1,2,4,7],[0,3,5,7],[2,3,6,7],[0,4,6,7],[1,5,6,7],[0,2,4,8],[1,3,5,8],[1,2,6,8],[0,3,6,8],[4,5,6,8],[0,1,7,8],[3,4,7,8],[2,5,7,8]]
FAM D=48 ell=12 count=24 degs=[7,8,7,7,7,7,7,7,7] blocks=[[0,1,2,3],[0,1,4,5],[2,3,4,5],[1,3,4,6],[1,2,4,7],[0,3,5,7],[2,3,6,7],[0,4,6,7],[1,5,6,7],[0,2,4,8],[1,3,5,8],[1,2,6,8],[0,3,6,8],[4,5,6,8],[0,1,7,8],[2,5,7,8]]
FAM D=48 ell=12 count=24 degs=[6,7,7,8,8,7,7,7,7] blocks=[[0,1,2,3],[0,1,4,5],[2,3,4,5],[1,3,4,6],[1,2,4,7],[0,3,5,7],[2,3,6,7],[0,4,6,7],[1,5,6,7],[0,2,4,8],[1,3,5,8],[1,2,6,8],[0,3,6,8],[4,5,6,8],[3,4,7,8],[2,5,7,8]]
FAM D=48 ell=12 count=24 degs=[7,8,7,8,7,6,6,8,7] blocks=[[0,1,2,3],[0,1,4,5],[2,3,4,5],[1,3,4,6],[1,2,4,7],[0,3,5,7],[2,3,6,7],[0,4,6,7],[1,5,6,7],[0,2,4,8],[1,3,5,8],[1,2,6,8],[0,3,6,8],[0,1,7,8],[3,4,7,8],[2,5,7,8]]
FAM D=48 ell=12 count=24 degs=[6,8,7,7,8,7,6,8,7] blocks=[[0,1,2,3],[0,1,4,5],[2,3,4,5],[1,3,4,6],[1,2,4,7],[0,3,5,7],[2,3,6,7],[0,4,6,7],[1,5,6,7],[0,2,4,8],[1,3,5,8],[1,2,6,8],[4,5,6,8],[0,1,7,8],[3,4,7,8],[2,5,7,8]]
FAM D=48 ell=12 count=24 degs=[7,7,6,8,8,7,6,8,7] blocks=[[0,1,2,3],[0,1,4,5],[2,3,4,5],[1,3,4,6],[1,2,4,7],[0,3,5,7],[2,3,6,7],[0,4,6,7],[1,5,6,7],[0,2,4,8],[1,3,5,8],[0,3,6,8],[4,5,6,8],[0,1,7,8],[3,4,7,8],[2,5,7,8]]
FAM D=48 ell=12 count=24 degs=[7,7,7,7,8,6,7,8,7] blocks=[[0,1,2,3],[0,1,4,5],[2,3,4,5],[1,3,4,6],[1,2,4,7],[0,3,5,7],[2,3,6,7],[0,4,6,7],[1,5,6,7],[0,2,4,8],[1,2,6,8],[0,3,6,8],[4,5,6,8],[0,1,7,8],[3,4,7,8],[2,5,7,8]]
FAM D=48 ell=12 count=24 degs=[7,8,7,8,7,6,7,7,7] blocks=[[0,1,2,3],[0,1,4,5],[2,3,4,5],[1,3,4,6],[1,2,4,7],[0,3,5,7],[2,3,6,7],[0,4,6,7],[1,5,6,7],[0,3,4,8],[1,2,5,8],[0,1,6,8],[2,4,6,8],[3,5,6,8],[0,2,7,8],[1,3,7,8]]
FAM D=51 ell=12 count=21 degs=[7,8,7,8,8,7,7,8,8] blocks=[[0,1,2,3],[0,1,4,5],[2,3,4,5],[1,3,4,6],[1,2,4,7],[0,3,5,7],[2,3,6,7],[0,4,6,7],[1,5,6,7],[0,3,4,8],[1,2,5,8],[0,1,6,8],[2,4,6,8],[3,5,6,8],[0,2,7,8],[1,3,7,8],[4,5,7,8]]
FAM D=48 ell=12 count=24 degs=[7,7,7,7,8,7,7,7,7] blocks=[[0,1,2,3],[0,1,4,5],[2,3,4,5],[1,3,4,6],[1,2,4,7],[0,3,5,7],[2,3,6,7],[0,4,6,7],[1,5,6,7],[0,3,4,8],[1,2,5,8],[0,1,6,8],[2,4,6,8],[3,5,6,8],[0,2,7,8],[4,5,7,8]]
FAM D=48 ell=12 count=24 degs=[6,8,6,8,8,7,7,7,7] blocks=[[0,1,2,3],[0,1,4,5],[2,3,4,5],[1,3,4,6],[1,2,4,7],[0,3,5,7],[2,3,6,7],[0,4,6,7],[1,5,6,7],[0,3,4,8],[1,2,5,8],[0,1,6,8],[2,4,6,8],[3,5,6,8],[1,3,7,8],[4,5,7,8]]
FAM D=48 ell=12 count=24 degs=[7,8,7,7,8,6,6,8,7] blocks=[[0,1,2,3],[0,1,4,5],[2,3,4,5],[1,3,4,6],[1,2,4,7],[0,3,5,7],[2,3,6,7],[0,4,6,7],[1,5,6,7],[0,3,4,8],[1,2,5,8],[0,1,6,8],[2,4,6,8],[0,2,7,8],[1,3,7,8],[4,5,7,8]]
FAM D=48 ell=12 count=24 degs=[7,8,6,8,7,7,6,8,7] blocks=[[0,1,2,3],[0,1,4,5],[2,3,4,5],[1,3,4,6],[1,2,4,7],[0,3,5,7],[2,3,6,7],[0,4,6,7],[1,5,6,7],[0,3,4,8],[1,2,5,8],[0,1,6,8],[3,5,6,8],[0,2,7,8],[1,3,7,8],[4,5,7,8]]
FAM D=48 ell=12 count=24 degs=[6,7,7,8,8,7,6,8,7] blocks=[[0,1,2,3],[0,1,4,5],[2,3,4,5],[1,3,4,6],[1,2,4,7],[0,3,5,7],[2,3,6,7],[0,4,6,7],[1,5,6,7],[0,3,4,8],[1,2,5,8],[2,4,6,8],[3,5,6,8],[0,2,7,8],[1,3,7,8],[4,5,7,8]]
FAM D=48 ell=12 count=24 degs=[7,7,6,8,8,6,7,8,7] blocks=[[0,1,2,3],[0,1,4,5],[2,3,4,5],[1,3,4,6],[1,2,4,7],[0,3,5,7],[2,3,6,7],[0,4,6,7],[1,5,6,7],[0,3,4,8],[0,1,6,8],[2,4,6,8],[3,5,6,8],[0,2,7,8],[1,3,7,8],[4,5,7,8]]
FAM D=48 ell=12 count=24 degs=[6,8,7,7,7,7,7,8,7] blocks=[[0,1,2,3],[0,1,4,5],[2,3,4,5],[1,3,4,6],[1,2,4,7],[0,3,5,7],[2,3,6,7],[0,4,6,7],[1,5,6,7],[1,2,5,8],[0,1,6,8],[2,4,6,8],[3,5,6,8],[0,2,7,8],[1,3,7,8],[4,5,7,8]]
FAM D=48 ell=12 count=24 degs=[6,8,6,8,7,7,7,8,7] blocks=[[0,1,2,3],[0,1,4,5],[2,3,4,5],[1,3,4,6],[1,2,4,7],[0,3,5,7],[2,3,6,7],[0,4,6,7],[1,5,6,7],[1,3,5,8],[1,2,6,8],[0,3,6,8],[4,5,6,8],[0,1,7,8],[3,4,7,8],[2,5,7,8]]
FAM D=48 ell=12 count=24 degs=[7,7,7,8,8,6,6,7,8] blocks=[[0,1,2,3],[0,1,4,5],[2,3,4,5],[1,3,4,6],[1,2,4,7],[0,3,5,7],[2,3,6,7],[0,4,6,7],[0,2,4,8],[1,3,5,8],[1,2,6,8],[0,3,6,8],[4,5,6,8],[0,1,7,8],[3,4,7,8],[2,5,7,8]]
FAM D=48 ell=12 count=24 degs=[7,7,7,8,8,6,6,7,8] blocks=[[0,1,2,3],[0,1,4,5],[2,3,4,5],[1,3,4,6],[1,2,4,7],[0,3,5,7],[2,3,6,7],[0,4,6,7],[0,3,4,8],[1,2,5,8],[0,1,6,8],[2,4,6,8],[3,5,6,8],[0,2,7,8],[1,3,7,8],[4,5,7,8]]
FAM D=48 ell=12 count=24 degs=[6,8,7,8,7,7,6,7,8] blocks=[[0,1,2,3],[0,1,4,5],[2,3,4,5],[1,3,4,6],[1,2,4,7],[0,3,5,7],[2,3,6,7],[1,5,6,7],[0,2,4,8],[1,3,5,8],[1,2,6,8],[0,3,6,8],[4,5,6,8],[0,1,7,8],[3,4,7,8],[2,5,7,8]]
FAM D=48 ell=12 count=24 degs=[6,8,7,8,7,7,6,7,8] blocks=[[0,1,2,3],[0,1,4,5],[2,3,4,5],[1,3,4,6],[1,2,4,7],[0,3,5,7],[2,3,6,7],[1,5,6,7],[0,3,4,8],[1,2,5,8],[0,1,6,8],[2,4,6,8],[3,5,6,8],[0,2,7,8],[1,3,7,8],[4,5,7,8]]
FAM D=48 ell=12 count=24 degs=[7,8,6,7,8,7,6,7,8] blocks=[[0,1,2,3],[0,1,4,5],[2,3,4,5],[1,3,4,6],[1,2,4,7],[0,3,5,7],[0,4,6,7],[1,5,6,7],[0,2,4,8],[1,3,5,8],[1,2,6,8],[0,3,6,8],[4,5,6,8],[0,1,7,8],[3,4,7,8],[2,5,7,8]]
FAM D=48 ell=12 count=24 degs=[7,8,6,7,8,7,6,7,8] blocks=[[0,1,2,3],[0,1,4,5],[2,3,4,5],[1,3,4,6],[1,2,4,7],[0,3,5,7],[0,4,6,7],[1,5,6,7],[0,3,4,8],[1,2,5,8],[0,1,6,8],[2,4,6,8],[3,5,6,8],[0,2,7,8],[1,3,7,8],[4,5,7,8]]
FAM D=48 ell=12 count=24 degs=[6,8,7,7,8,6,7,7,8] blocks=[[0,1,2,3],[0,1,4,5],[2,3,4,5],[1,3,4,6],[1,2,4,7],[2,3,6,7],[0,4,6,7],[1,5,6,7],[0,2,4,8],[1,3,5,8],[1,2,6,8],[0,3,6,8],[4,5,6,8],[0,1,7,8],[3,4,7,8],[2,5,7,8]]
FAM D=48 ell=12 count=24 degs=[6,8,7,7,8,6,7,7,8] blocks=[[0,1,2,3],[0,1,4,5],[2,3,4,5],[1,3,4,6],[1,2,4,7],[2,3,6,7],[0,4,6,7],[1,5,6,7],[0,3,4,8],[1,2,5,8],[0,1,6,8],[2,4,6,8],[3,5,6,8],[0,2,7,8],[1,3,7,8],[4,5,7,8]]
FAM D=48 ell=12 count=24 degs=[6,8,7,8,8,6,7,7,7] blocks=[[0,1,2,3],[0,1,4,5],[2,3,4,5],[1,3,4,6],[0,3,4,7],[1,2,5,7],[0,1,6,7],[2,4,6,7],[3,5,6,7],[0,2,4,8],[1,3,5,8],[1,2,6,8],[0,3,6,8],[4,5,6,8],[2,3,7,8],[1,4,7,8]]
FAM D=51 ell=12 count=21 degs=[7,8,7,8,8,7,7,8,8] blocks=[[0,1,2,3],[0,1,4,5],[2,3,4,5],[1,3,4,6],[0,3,4,7],[1,2,5,7],[0,1,6,7],[2,4,6,7],[3,5,6,7],[0,2,4,8],[1,3,5,8],[1,2,6,8],[0,3,6,8],[4,5,6,8],[2,3,7,8],[1,4,7,8],[0,5,7,8]]
FAM D=48 ell=12 count=24 degs=[7,7,7,8,7,7,7,7,7] blocks=[[0,1,2,3],[0,1,4,5],[2,3,4,5],[1,3,4,6],[0,3,4,7],[1,2,5,7],[0,1,6,7],[2,4,6,7],[3,5,6,7],[0,2,4,8],[1,3,5,8],[1,2,6,8],[0,3,6,8],[4,5,6,8],[2,3,7,8],[0,5,7,8]]
FAM D=48 ell=12 count=24 degs=[7,8,6,7,8,7,7,7,7] blocks=[[0,1,2,3],[0,1,4,5],[2,3,4,5],[1,3,4,6],[0,3,4,7],[1,2,5,7],[0,1,6,7],[2,4,6,7],[3,5,6,7],[0,2,4,8],[1,3,5,8],[1,2,6,8],[0,3,6,8],[4,5,6,8],[1,4,7,8],[0,5,7,8]]
FAM D=48 ell=12 count=24 degs=[7,8,7,8,7,6,6,8,7] blocks=[[0,1,2,3],[0,1,4,5],[2,3,4,5],[1,3,4,6],[0,3,4,7],[1,2,5,7],[0,1,6,7],[2,4,6,7],[3,5,6,7],[0,2,4,8],[1,3,5,8],[1,2,6,8],[0,3,6,8],[2,3,7,8],[1,4,7,8],[0,5,7,8]]
FAM D=48 ell=12 count=24 degs=[6,8,7,7,8,7,6,8,7] blocks=[[0,1,2,3],[0,1,4,5],[2,3,4,5],[1,3,4,6],[0,3,4,7],[1,2,5,7],[0,1,6,7],[2,4,6,7],[3,5,6,7],[0,2,4,8],[1,3,5,8],[1,2,6,8],[4,5,6,8],[2,3,7,8],[1,4,7,8],[0,5,7,8]]
FAM D=48 ell=12 count=24 degs=[7,7,6,8,8,7,6,8,7] blocks=[[0,1,2,3],[0,1,4,5],[2,3,4,5],[1,3,4,6],[0,3,4,7],[1,2,5,7],[0,1,6,7],[2,4,6,7],[3,5,6,7],[0,2,4,8],[1,3,5,8],[0,3,6,8],[4,5,6,8],[2,3,7,8],[1,4,7,8],[0,5,7,8]]
FAM D=48 ell=12 count=24 degs=[7,7,7,7,8,6,7,8,7] blocks=[[0,1,2,3],[0,1,4,5],[2,3,4,5],[1,3,4,6],[0,3,4,7],[1,2,5,7],[0,1,6,7],[2,4,6,7],[3,5,6,7],[0,2,4,8],[1,2,6,8],[0,3,6,8],[4,5,6,8],[2,3,7,8],[1,4,7,8],[0,5,7,8]]
FAM D=48 ell=12 count=24 degs=[7,8,7,8,7,6,7,7,7] blocks=[[0,1,2,3],[0,1,4,5],[2,3,4,5],[1,3,4,6],[0,3,4,7],[1,2,5,7],[0,1,6,7],[2,4,6,7],[3,5,6,7],[1,2,4,8],[0,3,5,8],[2,3,6,8],[0,4,6,8],[1,5,6,8],[0,2,7,8],[1,3,7,8]]
FAM D=51 ell=12 count=21 degs=[7,8,7,8,8,7,7,8,8] blocks=[[0,1,2,3],[0,1,4,5],[2,3,4,5],[1,3,4,6],[0,3,4,7],[1,2,5,7],[0,1,6,7],[2,4,6,7],[3,5,6,7],[1,2,4,8],[0,3,5,8],[2,3,6,8],[0,4,6,8],[1,5,6,8],[0,2,7,8],[1,3,7,8],[4,5,7,8]]
FAM D=48 ell=12 count=24 degs=[7,7,7,7,8,7,7,7,7] blocks=[[0,1,2,3],[0,1,4,5],[2,3,4,5],[1,3,4,6],[0,3,4,7],[1,2,5,7],[0,1,6,7],[2,4,6,7],[3,5,6,7],[1,2,4,8],[0,3,5,8],[2,3,6,8],[0,4,6,8],[1,5,6,8],[0,2,7,8],[4,5,7,8]]
FAM D=48 ell=12 count=24 degs=[6,8,6,8,8,7,7,7,7] blocks=[[0,1,2,3],[0,1,4,5],[2,3,4,5],[1,3,4,6],[0,3,4,7],[1,2,5,7],[0,1,6,7],[2,4,6,7],[3,5,6,7],[1,2,4,8],[0,3,5,8],[2,3,6,8],[0,4,6,8],[1,5,6,8],[1,3,7,8],[4,5,7,8]]
FAM D=48 ell=12 count=24 degs=[7,7,7,8,8,6,6,8,7] blocks=[[0,1,2,3],[0,1,4,5],[2,3,4,5],[1,3,4,6],[0,3,4,7],[1,2,5,7],[0,1,6,7],[2,4,6,7],[3,5,6,7],[1,2,4,8],[0,3,5,8],[2,3,6,8],[0,4,6,8],[0,2,7,8],[1,3,7,8],[4,5,7,8]]
FAM D=48 ell=12 count=24 degs=[6,8,7,8,7,7,6,8,7] blocks=[[0,1,2,3],[0,1,4,5],[2,3,4,5],[1,3,4,6],[0,3,4,7],[1,2,5,7],[0,1,6,7],[2,4,6,7],[3,5,6,7],[1,2,4,8],[0,3,5,8],[2,3,6,8],[1,5,6,8],[0,2,7,8],[1,3,7,8],[4,5,7,8]]
FAM D=48 ell=12 count=24 degs=[7,8,6,7,8,7,6,8,7] blocks=[[0,1,2,3],[0,1,4,5],[2,3,4,5],[1,3,4,6],[0,3,4,7],[1,2,5,7],[0,1,6,7],[2,4,6,7],[3,5,6,7],[1,2,4,8],[0,3,5,8],[0,4,6,8],[1,5,6,8],[0,2,7,8],[1,3,7,8],[4,5,7,8]]
FAM D=48 ell=12 count=24 degs=[6,8,7,7,8,6,7,8,7] blocks=[[0,1,2,3],[0,1,4,5],[2,3,4,5],[1,3,4,6],[0,3,4,7],[1,2,5,7],[0,1,6,7],[2,4,6,7],[3,5,6,7],[1,2,4,8],[2,3,6,8],[0,4,6,8],[1,5,6,8],[0,2,7,8],[1,3,7,8],[4,5,7,8]]
FAM D=48 ell=12 count=24 degs=[7,7,6,8,7,7,7,8,7] blocks=[[0,1,2,3],[0,1,4,5],[2,3,4,5],[1,3,4,6],[0,3,4,7],[1,2,5,7],[0,1,6,7],[2,4,6,7],[3,5,6,7],[0,3,5,8],[2,3,6,8],[0,4,6,8],[1,5,6,8],[0,2,7,8],[1,3,7,8],[4,5,7,8]]
FAM D=48 ell=12 count=24 degs=[6,8,6,8,7,7,7,8,7] blocks=[[0,1,2,3],[0,1,4,5],[2,3,4,5],[1,3,4,6],[0,3,4,7],[1,2,5,7],[0,1,6,7],[2,4,6,7],[3,5,6,7],[1,3,5,8],[1,2,6,8],[0,3,6,8],[4,5,6,8],[2,3,7,8],[1,4,7,8],[0,5,7,8]]
FAM D=48 ell=12 count=24 degs=[7,8,7,7,8,6,6,7,8] blocks=[[0,1,2,3],[0,1,4,5],[2,3,4,5],[1,3,4,6],[0,3,4,7],[1,2,5,7],[0,1,6,7],[2,4,6,7],[0,2,4,8],[1,3,5,8],[1,2,6,8],[0,3,6,8],[4,5,6,8],[2,3,7,8],[1,4,7,8],[0,5,7,8]]
FAM D=48 ell=12 count=24 degs=[7,8,7,7,8,6,6,7,8] blocks=[[0,1,2,3],[0,1,4,5],[2,3,4,5],[1,3,4,6],[0,3,4,7],[1,2,5,7],[0,1,6,7],[2,4,6,7],[1,2,4,8],[0,3,5,8],[2,3,6,8],[0,4,6,8],[1,5,6,8],[0,2,7,8],[1,3,7,8],[4,5,7,8]]
FAM D=48 ell=12 count=24 degs=[7,8,6,8,7,7,6,7,8] blocks=[[0,1,2,3],[0,1,4,5],[2,3,4,5],[1,3,4,6],[0,3,4,7],[1,2,5,7],[0,1,6,7],[3,5,6,7],[0,2,4,8],[1,3,5,8],[1,2,6,8],[0,3,6,8],[4,5,6,8],[2,3,7,8],[1,4,7,8],[0,5,7,8]]
FAM D=48 ell=12 count=24 degs=[7,8,6,8,7,7,6,7,8] blocks=[[0,1,2,3],[0,1,4,5],[2,3,4,5],[1,3,4,6],[0,3,4,7],[1,2,5,7],[0,1,6,7],[3,5,6,7],[1,2,4,8],[0,3,5,8],[2,3,6,8],[0,4,6,8],[1,5,6,8],[0,2,7,8],[1,3,7,8],[4,5,7,8]]
FAM D=48 ell=12 count=24 degs=[6,7,7,8,8,7,6,7,8] blocks=[[0,1,2,3],[0,1,4,5],[2,3,4,5],[1,3,4,6],[0,3,4,7],[1,2,5,7],[2,4,6,7],[3,5,6,7],[0,2,4,8],[1,3,5,8],[1,2,6,8],[0,3,6,8],[4,5,6,8],[2,3,7,8],[1,4,7,8],[0,5,7,8]]
FAM D=48 ell=12 count=24 degs=[6,7,7,8,8,7,6,7,8] blocks=[[0,1,2,3],[0,1,4,5],[2,3,4,5],[1,3,4,6],[0,3,4,7],[1,2,5,7],[2,4,6,7],[3,5,6,7],[1,2,4,8],[0,3,5,8],[2,3,6,8],[0,4,6,8],[1,5,6,8],[0,2,7,8],[1,3,7,8],[4,5,7,8]]
FAM D=48 ell=12 count=24 degs=[7,7,6,8,8,6,7,7,8] blocks=[[0,1,2,3],[0,1,4,5],[2,3,4,5],[1,3,4,6],[0,3,4,7],[0,1,6,7],[2,4,6,7],[3,5,6,7],[0,2,4,8],[1,3,5,8],[1,2,6,8],[0,3,6,8],[4,5,6,8],[2,3,7,8],[1,4,7,8],[0,5,7,8]]
FAM D=48 ell=12 count=24 degs=[7,7,6,8,8,6,7,7,8] blocks=[[0,1,2,3],[0,1,4,5],[2,3,4,5],[1,3,4,6],[0,3,4,7],[0,1,6,7],[2,4,6,7],[3,5,6,7],[1,2,4,8],[0,3,5,8],[2,3,6,8],[0,4,6,8],[1,5,6,8],[0,2,7,8],[1,3,7,8],[4,5,7,8]]
FAM D=48 ell=12 count=24 degs=[6,8,7,7,7,7,7,7,8] blocks=[[0,1,2,3],[0,1,4,5],[2,3,4,5],[1,3,4,6],[1,2,5,7],[0,1,6,7],[2,4,6,7],[3,5,6,7],[0,2,4,8],[1,3,5,8],[1,2,6,8],[0,3,6,8],[4,5,6,8],[2,3,7,8],[1,4,7,8],[0,5,7,8]]
FAM D=48 ell=12 count=24 degs=[6,8,7,7,7,7,7,7,8] blocks=[[0,1,2,3],[0,1,4,5],[2,3,4,5],[1,3,4,6],[1,2,5,7],[0,1,6,7],[2,4,6,7],[3,5,6,7],[1,2,4,8],[0,3,5,8],[2,3,6,8],[0,4,6,8],[1,5,6,8],[0,2,7,8],[1,3,7,8],[4,5,7,8]]
FAM D=48 ell=12 count=24 degs=[7,7,6,8,7,7,7,7,8] blocks=[[0,1,2,3],[0,1,4,5],[2,3,4,5],[1,3,4,6],[0,3,5,7],[2,3,6,7],[0,4,6,7],[1,5,6,7],[0,2,4,8],[1,3,5,8],[1,2,6,8],[0,3,6,8],[4,5,6,8],[0,1,7,8],[3,4,7,8],[2,5,7,8]]
FAM D=48 ell=12 count=24 degs=[7,7,6,8,7,7,7,7,8] blocks=[[0,1,2,3],[0,1,4,5],[2,3,4,5],[1,3,4,6],[0,3,5,7],[2,3,6,7],[0,4,6,7],[1,5,6,7],[0,3,4,8],[1,2,5,8],[0,1,6,8],[2,4,6,8],[3,5,6,8],[0,2,7,8],[1,3,7,8],[4,5,7,8]]
FAM D=48 ell=12 count=24 degs=[6,8,6,8,7,7,7,7,8] blocks=[[0,1,2,3],[0,1,4,5],[2,3,4,5],[1,3,4,6],[1,3,5,7],[1,2,6,7],[0,3,6,7],[4,5,6,7],[1,2,4,8],[0,3,5,8],[2,3,6,8],[0,4,6,8],[1,5,6,8],[0,1,7,8],[3,4,7,8],[2,5,7,8]]
FAM D=48 ell=12 count=24 degs=[6,8,6,8,7,7,7,7,8] blocks=[[0,1,2,3],[0,1,4,5],[2,3,4,5],[1,3,4,6],[1,3,5,7],[1,2,6,7],[0,3,6,7],[4,5,6,7],[0,3,4,8],[1,2,5,8],[0,1,6,8],[2,4,6,8],[3,5,6,8],[2,3,7,8],[1,4,7,8],[0,5,7,8]]
