REC 0 7 28 :
REC 3 7 25 : 15
REC 6 7 22 : 15 51
REC 9 7 19 : 15 51 60
REC 12 7 16 : 15 51 60 85
REC 15 7 13 : 15 51 60 85 90
REC 18 7 10 : 15 51 60 85 90 102
REC 21 7 7 : 15 51 60 85 90 102 105
REC 18 7 10 : 15 51 60 85 90 105
REC 15 7 13 : 15 51 60 85 102
REC 18 7 10 : 15 51 60 85 102 105
REC 15 7 13 : 15 51 60 85 105
REC 15 6 14 : 15 51 60 85 106
REC 12 7 16 : 15 51 60 86
REC 15 7 13 : 15 51 60 86 89
REC 18 7 10 : 15 51 60 86 89 101
REC 21 7 7 : 15 51 60 86 89 101 106
REC 18 7 10 : 15 51 60 86 89 106
REC 15 7 13 : 15 51 60 86 101
REC 18 7 10 : 15 51 60 86 101 106
REC 15 6 14 : 15 51 60 86 105
REC 15 7 13 : 15 51 60 86 106
REC 12 7 16 : 15 51 60 89
REC 15 7 13 : 15 51 60 89 101
REC 18 7 10 : 15 51 60 89 101 106
REC 15 6 14 : 15 51 60 89 102
REC 15 7 13 : 15 51 60 89 106
REC 12 7 16 : 15 51 60 90
REC 15 6 14 : 15 51 60 90 101
REC 15 7 13 : 15 51 60 90 102
REC 18 7 10 : 15 51 60 90 102 105
REC 15 7 13 : 15 51 60 90 105
REC 12 7 16 : 15 51 60 101
REC 15 7 13 : 15 51 60 101 106
REC 12 7 16 : 15 51 60 102
REC 15 7 13 : 15 51 60 102 105
REC 12 7 16 : 15 51 60 105
REC 12 7 16 : 15 51 60 106
REC 9 7 19 : 15 51 85
REC 12 7 16 : 15 51 85 90
REC 15 7 13 : 15 51 85 90 102
REC 18 7 10 : 15 51 85 90 102 105
REC 15 7 13 : 15 51 85 90 105
REC 15 6 14 : 15 51 85 90 108
REC 12 7 16 : 15 51 85 102
REC 15 7 13 : 15 51 85 102 105
REC 15 6 14 : 15 51 85 102 120
REC 12 7 16 : 15 51 85 105
REC 12 6 17 : 15 51 85 106
REC 12 6 17 : 15 51 85 108
REC 12 6 17 : 15 51 85 120
REC 9 7 19 : 15 51 86
REC 12 7 16 : 15 51 86 89
REC 15 7 13 : 15 51 86 89 101
REC 18 7 10 : 15 51 86 89 101 106
REC 15 7 13 : 15 51 86 89 106
REC 15 6 14 : 15 51 86 89 108
REC 12 7 16 : 15 51 86 101
REC 15 7 13 : 15 51 86 101 106
REC 15 6 14 : 15 51 86 101 120
REC 12 6 17 : 15 51 86 105
REC 12 7 16 : 15 51 86 106
REC 12 6 17 : 15 51 86 108
REC 12 6 17 : 15 51 86 120
REC 9 7 19 : 15 51 89
REC 12 7 16 : 15 51 89 101
REC 15 7 13 : 15 51 89 101 106
REC 12 6 17 : 15 51 89 102
REC 12 7 16 : 15 51 89 106
REC 15 6 14 : 15 51 89 106 116
REC 12 6 17 : 15 51 89 108
REC 12 6 17 : 15 51 89 116
REC 9 7 19 : 15 51 90
REC 12 6 17 : 15 51 90 101
REC 12 7 16 : 15 51 90 102
REC 15 7 13 : 15 51 90 102 105
REC 12 7 16 : 15 51 90 105
REC 15 6 14 : 15 51 90 105 116
REC 12 6 17 : 15 51 90 108
REC 12 6 17 : 15 51 90 116
REC 9 6 20 : 15 51 92
REC 12 6 17 : 15 51 92 101
REC 15 6 14 : 15 51 92 101 106
REC 12 6 17 : 15 51 92 102
REC 15 6 14 : 15 51 92 102 105
REC 12 6 17 : 15 51 92 105
REC 12 6 17 : 15 51 92 106
REC 9 7 19 : 15 51 101
REC 12 7 16 : 15 51 101 106
REC 12 6 17 : 15 51 101 120
REC 9 7 19 : 15 51 102
REC 12 7 16 : 15 51 102 105
REC 12 6 17 : 15 51 102 120
REC 9 7 19 : 15 51 105
REC 12 6 17 : 15 51 105 116
REC 9 7 19 : 15 51 106
REC 12 6 17 : 15 51 106 116
REC 9 6 20 : 15 51 108
REC 9 6 20 : 15 51 116
REC 9 6 20 : 15 51 120
REC 15 5 15 : 15 51 124
REC 6 7 22 : 15 53
REC 9 7 19 : 15 53 58
REC 12 7 16 : 15 53 58 83
REC 15 7 13 : 15 53 58 83 92
REC 18 7 10 : 15 53 58 83 92 102
REC 21 7 7 : 15 53 58 83 92 102 105
REC 18 7 10 : 15 53 58 83 92 105
REC 15 7 13 : 15 53 58 83 102
REC 18 7 10 : 15 53 58 83 102 105
REC 15 7 13 : 15 53 58 83 105
REC 15 6 14 : 15 53 58 83 108
REC 12 7 16 : 15 53 58 86
REC 15 7 13 : 15 53 58 86 89
REC 18 7 10 : 15 53 58 86 89 99
REC 21 7 7 : 15 53 58 86 89 99 108
REC 18 7 10 : 15 53 58 86 89 108
REC 15 7 13 : 15 53 58 86 99
REC 18 7 10 : 15 53 58 86 99 108
REC 15 6 14 : 15 53 58 86 105
REC 15 7 13 : 15 53 58 86 108
REC 12 7 16 : 15 53 58 89
REC 15 7 13 : 15 53 58 89 99
REC 18 7 10 : 15 53 58 89 99 108
REC 15 6 14 : 15 53 58 89 102
REC 15 7 13 : 15 53 58 89 108
REC 12 7 16 : 15 53 58 92
REC 15 6 14 : 15 53 58 92 99
REC 15 7 13 : 15 53 58 92 102
REC 18 7 10 : 15 53 58 92 102 105
REC 15 7 13 : 15 53 58 92 105
REC 12 7 16 : 15 53 58 99
REC 15 7 13 : 15 53 58 99 108
REC 12 7 16 : 15 53 58 102
REC 15 7 13 : 15 53 58 102 105
REC 12 7 16 : 15 53 58 105
REC 12 7 16 : 15 53 58 108
REC 9 7 19 : 15 53 83
REC 12 7 16 : 15 53 83 92
REC 15 7 13 : 15 53 83 92 102
REC 18 7 10 : 15 53 83 92 102 105
REC 15 7 13 : 15 53 83 92 105
REC 15 6 14 : 15 53 83 92 106
REC 12 7 16 : 15 53 83 102
REC 15 7 13 : 15 53 83 102 105
REC 15 6 14 : 15 53 83 102 120
REC 12 7 16 : 15 53 83 105
REC 12 6 17 : 15 53 83 106
REC 12 6 17 : 15 53 83 108
REC 12 6 17 : 15 53 83 120
REC 9 7 19 : 15 53 86
REC 12 7 16 : 15 53 86 89
REC 15 7 13 : 15 53 86 89 99
REC 18 7 10 : 15 53 86 89 99 108
REC 15 6 14 : 15 53 86 89 106
REC 15 7 13 : 15 53 86 89 108
REC 12 7 16 : 15 53 86 99
REC 15 7 13 : 15 53 86 99 108
REC 15 6 14 : 15 53 86 99 120
REC 12 6 17 : 15 53 86 105
REC 12 6 17 : 15 53 86 106
REC 12 7 16 : 15 53 86 108
REC 12 6 17 : 15 53 86 120
REC 9 7 19 : 15 53 89
REC 12 7 16 : 15 53 89 99
REC 15 7 13 : 15 53 89 99 108
REC 12 6 17 : 15 53 89 102
REC 12 6 17 : 15 53 89 106
REC 12 7 16 : 15 53 89 108
REC 15 6 14 : 15 53 89 108 114
REC 12 6 17 : 15 53 89 114
REC 9 6 20 : 15 53 90
REC 12 6 17 : 15 53 90 99
REC 15 6 14 : 15 53 90 99 108
REC 12 6 17 : 15 53 90 102
REC 15 6 14 : 15 53 90 102 105
REC 12 6 17 : 15 53 90 105
REC 12 6 17 : 15 53 90 108
REC 9 7 19 : 15 53 92
REC 12 6 17 : 15 53 92 99
REC 12 7 16 : 15 53 92 102
REC 15 7 13 : 15 53 92 102 105
REC 12 7 16 : 15 53 92 105
REC 15 6 14 : 15 53 92 105 114
REC 12 6 17 : 15 53 92 106
REC 12 6 17 : 15 53 92 114
REC 9 7 19 : 15 53 99
REC 12 7 16 : 15 53 99 108
REC 12 6 17 : 15 53 99 120
REC 9 7 19 : 15 53 102
REC 12 7 16 : 15 53 102 105
REC 12 6 17 : 15 53 102 120
REC 9 7 19 : 15 53 105
REC 12 6 17 : 15 53 105 114
REC 9 6 20 : 15 53 106
REC 9 7 19 : 15 53 108
REC 12 6 17 : 15 53 108 114
REC 9 6 20 : 15 53 114
REC 9 6 20 : 15 53 120
REC 15 5 15 : 15 53 122
REC 6 7 22 : 15 54
REC 9 7 19 : 15 54 57
REC 12 7 16 : 15 54 57 83
REC 15 7 13 : 15 54 57 83 92
REC 18 7 10 : 15 54 57 83 92 101
REC 21 7 7 : 15 54 57 83 92 101 106
REC 18 7 10 : 15 54 57 83 92 106
REC 15 7 13 : 15 54 57 83 101
REC 18 7 10 : 15 54 57 83 101 106
REC 15 7 13 : 15 54 57 83 106
REC 15 6 14 : 15 54 57 83 108
REC 12 7 16 : 15 54 57 85
REC 15 7 13 : 15 54 57 85 90
REC 18 7 10 : 15 54 57 85 90 99
REC 21 7 7 : 15 54 57 85 90 99 108
REC 18 7 10 : 15 54 57 85 90 108
REC 15 7 13 : 15 54 57 85 99
REC 18 7 10 : 15 54 57 85 99 108
REC 15 6 14 : 15 54 57 85 106
REC 15 7 13 : 15 54 57 85 108
REC 12 7 16 : 15 54 57 90
REC 15 7 13 : 15 54 57 90 99
REC 18 7 10 : 15 54 57 90 99 108
REC 15 6 14 : 15 54 57 90 101
REC 15 7 13 : 15 54 57 90 108
REC 12 7 16 : 15 54 57 92
REC 15 6 14 : 15 54 57 92 99
REC 15 7 13 : 15 54 57 92 101
REC 18 7 10 : 15 54 57 92 101 106
REC 15 7 13 : 15 54 57 92 106
REC 12 7 16 : 15 54 57 99
REC 15 7 13 : 15 54 57 99 108
REC 12 7 16 : 15 54 57 101
REC 15 7 13 : 15 54 57 101 106
REC 12 7 16 : 15 54 57 106
REC 12 7 16 : 15 54 57 108
REC 9 7 19 : 15 54 83
REC 12 7 16 : 15 54 83 92
REC 15 7 13 : 15 54 83 92 101
REC 18 7 10 : 15 54 83 92 101 106
REC 15 6 14 : 15 54 83 92 105
REC 15 7 13 : 15 54 83 92 106
REC 12 7 16 : 15 54 83 101
REC 15 7 13 : 15 54 83 101 106
REC 15 6 14 : 15 54 83 101 120
REC 12 6 17 : 15 54 83 105
REC 12 7 16 : 15 54 83 106
REC 12 6 17 : 15 54 83 108
REC 12 6 17 : 15 54 83 120
REC 9 7 19 : 15 54 85
REC 12 7 16 : 15 54 85 90
REC 15 7 13 : 15 54 85 90 99
REC 18 7 10 : 15 54 85 90 99 108
REC 15 6 14 : 15 54 85 90 105
REC 15 7 13 : 15 54 85 90 108
REC 12 7 16 : 15 54 85 99
REC 15 7 13 : 15 54 85 99 108
REC 15 6 14 : 15 54 85 99 120
REC 12 6 17 : 15 54 85 105
REC 12 6 17 : 15 54 85 106
REC 12 7 16 : 15 54 85 108
REC 12 6 17 : 15 54 85 120
REC 9 6 20 : 15 54 89
REC 12 6 17 : 15 54 89 99
REC 15 6 14 : 15 54 89 99 108
REC 12 6 17 : 15 54 89 101
REC 15 6 14 : 15 54 89 101 106
REC 12 6 17 : 15 54 89 106
REC 12 6 17 : 15 54 89 108
REC 9 7 19 : 15 54 90
REC 12 7 16 : 15 54 90 99
REC 15 7 13 : 15 54 90 99 108
REC 12 6 17 : 15 54 90 101
REC 12 6 17 : 15 54 90 105
REC 12 7 16 : 15 54 90 108
REC 15 6 14 : 15 54 90 108 113
REC 12 6 17 : 15 54 90 113
REC 9 7 19 : 15 54 92
REC 12 6 17 : 15 54 92 99
REC 12 7 16 : 15 54 92 101
REC 15 7 13 : 15 54 92 101 106
REC 12 6 17 : 15 54 92 105
REC 12 7 16 : 15 54 92 106
REC 15 6 14 : 15 54 92 106 113
REC 12 6 17 : 15 54 92 113
REC 9 7 19 : 15 54 99
REC 12 7 16 : 15 54 99 108
REC 12 6 17 : 15 54 99 120
REC 9 7 19 : 15 54 101
REC 12 7 16 : 15 54 101 106
REC 12 6 17 : 15 54 101 120
REC 9 6 20 : 15 54 105
REC 9 7 19 : 15 54 106
REC 12 6 17 : 15 54 106 113
REC 9 7 19 : 15 54 108
REC 12 6 17 : 15 54 108 113
REC 9 6 20 : 15 54 113
REC 9 6 20 : 15 54 120
REC 15 5 15 : 15 54 121
REC 6 7 22 : 15 57
REC 9 7 19 : 15 57 83
REC 12 7 16 : 15 57 83 92
REC 15 7 13 : 15 57 83 92 101
REC 18 7 10 : 15 57 83 92 101 106
REC 15 6 14 : 15 57 83 92 102
REC 15 7 13 : 15 57 83 92 106
REC 12 7 16 : 15 57 83 101
REC 15 7 13 : 15 57 83 101 106
REC 12 6 17 : 15 57 83 102
REC 12 7 16 : 15 57 83 106
REC 15 6 14 : 15 57 83 106 116
REC 12 6 17 : 15 57 83 108
REC 12 6 17 : 15 57 83 116
REC 9 7 19 : 15 57 85
REC 12 7 16 : 15 57 85 90
REC 15 7 13 : 15 57 85 90 99
REC 18 7 10 : 15 57 85 90 99 108
REC 15 6 14 : 15 57 85 90 102
REC 15 7 13 : 15 57 85 90 108
REC 12 7 16 : 15 57 85 99
REC 15 7 13 : 15 57 85 99 108
REC 12 6 17 : 15 57 85 102
REC 12 6 17 : 15 57 85 106
REC 12 7 16 : 15 57 85 108
REC 15 6 14 : 15 57 85 108 114
REC 12 6 17 : 15 57 85 114
REC 9 6 20 : 15 57 86
REC 12 6 17 : 15 57 86 99
REC 15 6 14 : 15 57 86 99 108
REC 12 6 17 : 15 57 86 101
REC 15 6 14 : 15 57 86 101 106
REC 12 6 17 : 15 57 86 106
REC 12 6 17 : 15 57 86 108
REC 9 7 19 : 15 57 90
REC 12 7 16 : 15 57 90 99
REC 15 7 13 : 15 57 90 99 108
REC 15 6 14 : 15 57 90 99 116
REC 12 6 17 : 15 57 90 101
REC 12 6 17 : 15 57 90 102
REC 12 7 16 : 15 57 90 108
REC 12 6 17 : 15 57 90 116
REC 9 7 19 : 15 57 92
REC 12 6 17 : 15 57 92 99
REC 12 7 16 : 15 57 92 101
REC 15 7 13 : 15 57 92 101 106
REC 15 6 14 : 15 57 92 101 114
REC 12 6 17 : 15 57 92 102
REC 12 7 16 : 15 57 92 106
REC 12 6 17 : 15 57 92 114
REC 9 7 19 : 15 57 99
REC 12 7 16 : 15 57 99 108
REC 12 6 17 : 15 57 99 116
REC 9 7 19 : 15 57 101
REC 12 7 16 : 15 57 101 106
REC 12 6 17 : 15 57 101 114
REC 9 6 20 : 15 57 102
REC 9 7 19 : 15 57 106
REC 12 6 17 : 15 57 106 116
REC 9 7 19 : 15 57 108
REC 12 6 17 : 15 57 108 114
REC 9 6 20 : 15 57 114
REC 9 6 20 : 15 57 116
REC 15 5 15 : 15 57 118
REC 6 7 22 : 15 58
REC 9 7 19 : 15 58 83
REC 12 7 16 : 15 58 83 92
REC 15 6 14 : 15 58 83 92 101
REC 15 7 13 : 15 58 83 92 102
REC 18 7 10 : 15 58 83 92 102 105
REC 15 7 13 : 15 58 83 92 105
REC 12 6 17 : 15 58 83 101
REC 12 7 16 : 15 58 83 102
REC 15 7 13 : 15 58 83 102 105
REC 12 7 16 : 15 58 83 105
REC 15 6 14 : 15 58 83 105 116
REC 12 6 17 : 15 58 83 108
REC 12 6 17 : 15 58 83 116
REC 9 6 20 : 15 58 85
REC 12 6 17 : 15 58 85 99
REC 15 6 14 : 15 58 85 99 108
REC 12 6 17 : 15 58 85 102
REC 15 6 14 : 15 58 85 102 105
REC 12 6 17 : 15 58 85 105
REC 12 6 17 : 15 58 85 108
REC 9 7 19 : 15 58 86
REC 12 7 16 : 15 58 86 89
REC 15 7 13 : 15 58 86 89 99
REC 18 7 10 : 15 58 86 89 99 108
REC 15 6 14 : 15 58 86 89 101
REC 15 7 13 : 15 58 86 89 108
REC 12 7 16 : 15 58 86 99
REC 15 7 13 : 15 58 86 99 108
REC 12 6 17 : 15 58 86 101
REC 12 6 17 : 15 58 86 105
REC 12 7 16 : 15 58 86 108
REC 15 6 14 : 15 58 86 108 113
REC 12 6 17 : 15 58 86 113
REC 9 7 19 : 15 58 89
REC 12 7 16 : 15 58 89 99
REC 15 7 13 : 15 58 89 99 108
REC 15 6 14 : 15 58 89 99 116
REC 12 6 17 : 15 58 89 101
REC 12 6 17 : 15 58 89 102
REC 12 7 16 : 15 58 89 108
REC 12 6 17 : 15 58 89 116
REC 9 7 19 : 15 58 92
REC 12 6 17 : 15 58 92 99
REC 12 6 17 : 15 58 92 101
REC 12 7 16 : 15 58 92 102
REC 15 7 13 : 15 58 92 102 105
REC 15 6 14 : 15 58 92 102 113
REC 12 7 16 : 15 58 92 105
REC 12 6 17 : 15 58 92 113
REC 9 7 19 : 15 58 99
REC 12 7 16 : 15 58 99 108
REC 12 6 17 : 15 58 99 116
REC 9 6 20 : 15 58 101
REC 9 7 19 : 15 58 102
REC 12 7 16 : 15 58 102 105
REC 12 6 17 : 15 58 102 113
REC 9 7 19 : 15 58 105
REC 12 6 17 : 15 58 105 116
REC 9 7 19 : 15 58 108
REC 12 6 17 : 15 58 108 113
REC 9 6 20 : 15 58 113
REC 9 6 20 : 15 58 116
REC 15 5 15 : 15 58 117
REC 6 7 22 : 15 60
REC 9 6 20 : 15 60 83
REC 12 6 17 : 15 60 83 101
REC 15 6 14 : 15 60 83 101 106
REC 12 6 17 : 15 60 83 102
REC 15 6 14 : 15 60 83 102 105
REC 12 6 17 : 15 60 83 105
REC 12 6 17 : 15 60 83 106
REC 9 7 19 : 15 60 85
REC 12 7 16 : 15 60 85 90
REC 15 6 14 : 15 60 85 90 99
REC 15 7 13 : 15 60 85 90 102
REC 18 7 10 : 15 60 85 90 102 105
REC 15 7 13 : 15 60 85 90 105
REC 12 6 17 : 15 60 85 99
REC 12 7 16 : 15 60 85 102
REC 15 7 13 : 15 60 85 102 105
REC 12 7 16 : 15 60 85 105
REC 15 6 14 : 15 60 85 105 114
REC 12 6 17 : 15 60 85 106
REC 12 6 17 : 15 60 85 114
REC 9 7 19 : 15 60 86
REC 12 7 16 : 15 60 86 89
REC 15 6 14 : 15 60 86 89 99
REC 15 7 13 : 15 60 86 89 101
REC 18 7 10 : 15 60 86 89 101 106
REC 15 7 13 : 15 60 86 89 106
REC 12 6 17 : 15 60 86 99
REC 12 7 16 : 15 60 86 101
REC 15 7 13 : 15 60 86 101 106
REC 12 6 17 : 15 60 86 105
REC 12 7 16 : 15 60 86 106
REC 15 6 14 : 15 60 86 106 113
REC 12 6 17 : 15 60 86 113
REC 9 7 19 : 15 60 89
REC 12 6 17 : 15 60 89 99
REC 12 7 16 : 15 60 89 101
REC 15 7 13 : 15 60 89 101 106
REC 15 6 14 : 15 60 89 101 114
REC 12 6 17 : 15 60 89 102
REC 12 7 16 : 15 60 89 106
REC 12 6 17 : 15 60 89 114
REC 9 7 19 : 15 60 90
REC 12 6 17 : 15 60 90 99
REC 12 6 17 : 15 60 90 101
REC 12 7 16 : 15 60 90 102
REC 15 7 13 : 15 60 90 102 105
REC 15 6 14 : 15 60 90 102 113
REC 12 7 16 : 15 60 90 105
REC 12 6 17 : 15 60 90 113
REC 9 6 20 : 15 60 99
REC 9 7 19 : 15 60 101
REC 12 7 16 : 15 60 101 106
REC 12 6 17 : 15 60 101 114
REC 9 7 19 : 15 60 102
REC 12 7 16 : 15 60 102 105
REC 12 6 17 : 15 60 102 113
REC 9 7 19 : 15 60 105
REC 12 6 17 : 15 60 105 114
REC 9 7 19 : 15 60 106
REC 12 6 17 : 15 60 106 113
REC 9 6 20 : 15 60 113
REC 9 6 20 : 15 60 114
REC 15 5 15 : 15 60 115
REC 6 7 22 : 15 83
REC 9 7 19 : 15 83 92
REC 12 7 16 : 15 83 92 101
REC 15 7 13 : 15 83 92 101 106
REC 12 7 16 : 15 83 92 102
REC 15 7 13 : 15 83 92 102 105
REC 12 7 16 : 15 83 92 105
REC 12 7 16 : 15 83 92 106
REC 9 7 19 : 15 83 101
REC 12 7 16 : 15 83 101 106
REC 12 6 17 : 15 83 101 120
REC 9 7 19 : 15 83 102
REC 12 7 16 : 15 83 102 105
REC 12 6 17 : 15 83 102 120
REC 9 7 19 : 15 83 105
REC 12 6 17 : 15 83 105 116
REC 9 7 19 : 15 83 106
REC 12 6 17 : 15 83 106 116
REC 9 6 20 : 15 83 108
REC 9 6 20 : 15 83 116
REC 9 6 20 : 15 83 120
REC 15 5 15 : 15 83 124
REC 6 7 22 : 15 85
REC 9 7 19 : 15 85 90
REC 12 7 16 : 15 85 90 99
REC 15 7 13 : 15 85 90 99 108
REC 12 7 16 : 15 85 90 102
REC 15 7 13 : 15 85 90 102 105
REC 12 7 16 : 15 85 90 105
REC 12 7 16 : 15 85 90 108
REC 9 7 19 : 15 85 99
REC 12 7 16 : 15 85 99 108
REC 12 6 17 : 15 85 99 120
REC 9 7 19 : 15 85 102
REC 12 7 16 : 15 85 102 105
REC 12 6 17 : 15 85 102 120
REC 9 7 19 : 15 85 105
REC 12 6 17 : 15 85 105 114
REC 9 6 20 : 15 85 106
REC 9 7 19 : 15 85 108
REC 12 6 17 : 15 85 108 114
REC 9 6 20 : 15 85 114
REC 9 6 20 : 15 85 120
REC 15 5 15 : 15 85 122
REC 6 7 22 : 15 86
REC 9 7 19 : 15 86 89
REC 12 7 16 : 15 86 89 99
REC 15 7 13 : 15 86 89 99 108
REC 12 7 16 : 15 86 89 101
REC 15 7 13 : 15 86 89 101 106
REC 12 7 16 : 15 86 89 106
REC 12 7 16 : 15 86 89 108
REC 9 7 19 : 15 86 99
REC 12 7 16 : 15 86 99 108
REC 12 6 17 : 15 86 99 120
REC 9 7 19 : 15 86 101
REC 12 7 16 : 15 86 101 106
REC 12 6 17 : 15 86 101 120
REC 9 6 20 : 15 86 105
REC 9 7 19 : 15 86 106
REC 12 6 17 : 15 86 106 113
REC 9 7 19 : 15 86 108
REC 12 6 17 : 15 86 108 113
REC 9 6 20 : 15 86 113
REC 9 6 20 : 15 86 120
REC 15 5 15 : 15 86 121
REC 6 7 22 : 15 89
REC 9 7 19 : 15 89 99
REC 12 7 16 : 15 89 99 108
REC 12 6 17 : 15 89 99 116
REC 9 7 19 : 15 89 101
REC 12 7 16 : 15 89 101 106
REC 12 6 17 : 15 89 101 114
REC 9 6 20 : 15 89 102
REC 9 7 19 : 15 89 106
REC 12 6 17 : 15 89 106 116
REC 9 7 19 : 15 89 108
REC 12 6 17 : 15 89 108 114
REC 9 6 20 : 15 89 114
REC 9 6 20 : 15 89 116
REC 15 5 15 : 15 89 118
REC 6 7 22 : 15 90
REC 9 7 19 : 15 90 99
REC 12 7 16 : 15 90 99 108
REC 12 6 17 : 15 90 99 116
REC 9 6 20 : 15 90 101
REC 9 7 19 : 15 90 102
REC 12 7 16 : 15 90 102 105
REC 12 6 17 : 15 90 102 113
REC 9 7 19 : 15 90 105
REC 12 6 17 : 15 90 105 116
REC 9 7 19 : 15 90 108
REC 12 6 17 : 15 90 108 113
REC 9 6 20 : 15 90 113
REC 9 6 20 : 15 90 116
REC 15 5 15 : 15 90 117
REC 6 7 22 : 15 92
REC 9 6 20 : 15 92 99
REC 9 7 19 : 15 92 101
REC 12 7 16 : 15 92 101 106
REC 12 6 17 : 15 92 101 114
REC 9 7 19 : 15 92 102
REC 12 7 16 : 15 92 102 105
REC 12 6 17 : 15 92 102 113
REC 9 7 19 : 15 92 105
REC 12 6 17 : 15 92 105 114
REC 9 7 19 : 15 92 106
REC 12 6 17 : 15 92 106 113
REC 9 6 20 : 15 92 113
REC 9 6 20 : 15 92 114
REC 15 5 15 : 15 92 115
REC 6 7 22 : 15 99
REC 9 7 19 : 15 99 108
REC 9 6 20 : 15 99 116
REC 9 6 20 : 15 99 120
REC 15 5 15 : 15 99 124
REC 6 7 22 : 15 101
REC 9 7 19 : 15 101 106
REC 9 6 20 : 15 101 114
REC 9 6 20 : 15 101 120
REC 15 5 15 : 15 101 122
REC 6 7 22 : 15 102
REC 9 7 19 : 15 102 105
REC 9 6 20 : 15 102 113
REC 9 6 20 : 15 102 120
REC 15 5 15 : 15 102 121
REC 6 7 22 : 15 105
REC 9 6 20 : 15 105 114
REC 9 6 20 : 15 105 116
REC 15 5 15 : 15 105 118
REC 6 7 22 : 15 106
REC 9 6 20 : 15 106 113
REC 9 6 20 : 15 106 116
REC 15 5 15 : 15 106 117
REC 6 7 22 : 15 108
REC 9 6 20 : 15 108 113
REC 9 6 20 : 15 108 114
REC 15 5 15 : 15 108 115
REC 6 6 23 : 15 113
REC 6 6 23 : 15 114
REC 12 5 18 : 15 115
REC 6 6 23 : 15 116
REC 12 5 18 : 15 117
REC 12 5 18 : 15 118
REC 6 6 23 : 15 120
REC 12 5 18 : 15 121
REC 12 5 18 : 15 122
REC 12 5 18 : 15 124
REC 3 7 25 : 23
REC 6 7 22 : 23 43
REC 9 7 19 : 23 43 60
REC 12 7 16 : 23 43 60 77
REC 15 7 13 : 23 43 60 77 90
REC 18 7 10 : 23 43 60 77 90 102
REC 21 7 7 : 23 43 60 77 90 102 113
REC 18 7 10 : 23 43 60 77 90 113
REC 15 7 13 : 23 43 60 77 102
REC 18 7 10 : 23 43 60 77 102 113
REC 15 7 13 : 23 43 60 77 113
REC 15 6 14 : 23 43 60 77 114
REC 12 7 16 : 23 43 60 78
REC 15 7 13 : 23 43 60 78 89
REC 18 7 10 : 23 43 60 78 89 101
REC 21 7 7 : 23 43 60 78 89 101 114
REC 18 7 10 : 23 43 60 78 89 114
REC 15 7 13 : 23 43 60 78 101
REC 18 7 10 : 23 43 60 78 101 114
REC 15 6 14 : 23 43 60 78 113
REC 15 7 13 : 23 43 60 78 114
REC 12 7 16 : 23 43 60 89
REC 15 7 13 : 23 43 60 89 101
REC 18 7 10 : 23 43 60 89 101 114
REC 15 6 14 : 23 43 60 89 102
REC 15 7 13 : 23 43 60 89 114
REC 12 7 16 : 23 43 60 90
REC 15 6 14 : 23 43 60 90 101
REC 15 7 13 : 23 43 60 90 102
REC 18 7 10 : 23 43 60 90 102 113
REC 15 7 13 : 23 43 60 90 113
REC 12 7 16 : 23 43 60 101
REC 15 7 13 : 23 43 60 101 114
REC 12 7 16 : 23 43 60 102
REC 15 7 13 : 23 43 60 102 113
REC 12 7 16 : 23 43 60 113
REC 12 7 16 : 23 43 60 114
REC 9 7 19 : 23 43 77
REC 12 7 16 : 23 43 77 90
REC 15 7 13 : 23 43 77 90 102
REC 18 7 10 : 23 43 77 90 102 113
REC 15 7 13 : 23 43 77 90 113
REC 15 6 14 : 23 43 77 90 116
REC 12 7 16 : 23 43 77 102
REC 15 7 13 : 23 43 77 102 113
REC 15 6 14 : 23 43 77 102 120
REC 12 7 16 : 23 43 77 113
REC 12 6 17 : 23 43 77 114
REC 12 6 17 : 23 43 77 116
REC 12 6 17 : 23 43 77 120
REC 9 7 19 : 23 43 78
REC 12 7 16 : 23 43 78 89
REC 15 7 13 : 23 43 78 89 101
REC 18 7 10 : 23 43 78 89 101 114
REC 15 7 13 : 23 43 78 89 114
REC 15 6 14 : 23 43 78 89 116
REC 12 7 16 : 23 43 78 101
REC 15 7 13 : 23 43 78 101 114
REC 15 6 14 : 23 43 78 101 120
REC 12 6 17 : 23 43 78 113
REC 12 7 16 : 23 43 78 114
REC 12 6 17 : 23 43 78 116
REC 12 6 17 : 23 43 78 120
REC 9 7 19 : 23 43 89
REC 12 7 16 : 23 43 89 101
REC 15 7 13 : 23 43 89 101 114
REC 12 6 17 : 23 43 89 102
REC 12 6 17 : 23 43 89 108
REC 15 6 14 : 23 43 89 108 114
REC 12 7 16 : 23 43 89 114
REC 12 6 17 : 23 43 89 116
REC 9 7 19 : 23 43 90
REC 12 6 17 : 23 43 90 101
REC 12 7 16 : 23 43 90 102
REC 15 7 13 : 23 43 90 102 113
REC 12 6 17 : 23 43 90 108
REC 15 6 14 : 23 43 90 108 113
REC 12 7 16 : 23 43 90 113
REC 12 6 17 : 23 43 90 116
REC 9 6 20 : 23 43 92
REC 12 6 17 : 23 43 92 101
REC 15 6 14 : 23 43 92 101 114
REC 12 6 17 : 23 43 92 102
REC 15 6 14 : 23 43 92 102 113
REC 12 6 17 : 23 43 92 113
REC 12 6 17 : 23 43 92 114
REC 9 7 19 : 23 43 101
REC 12 7 16 : 23 43 101 114
REC 12 6 17 : 23 43 101 120
REC 9 7 19 : 23 43 102
REC 12 7 16 : 23 43 102 113
REC 12 6 17 : 23 43 102 120
REC 9 6 20 : 23 43 108
REC 12 6 17 : 23 43 108 113
REC 12 6 17 : 23 43 108 114
REC 9 7 19 : 23 43 113
REC 9 7 19 : 23 43 114
REC 9 6 20 : 23 43 116
REC 9 6 20 : 23 43 120
REC 15 5 15 : 23 43 124
REC 6 7 22 : 23 45
REC 9 7 19 : 23 45 58
REC 12 7 16 : 23 45 58 75
REC 15 7 13 : 23 45 58 75 92
REC 18 7 10 : 23 45 58 75 92 102
REC 21 7 7 : 23 45 58 75 92 102 113
REC 18 7 10 : 23 45 58 75 92 113
REC 15 7 13 : 23 45 58 75 102
REC 18 7 10 : 23 45 58 75 102 113
REC 15 7 13 : 23 45 58 75 113
REC 15 6 14 : 23 45 58 75 116
REC 12 7 16 : 23 45 58 78
REC 15 7 13 : 23 45 58 78 89
REC 18 7 10 : 23 45 58 78 89 99
REC 21 7 7 : 23 45 58 78 89 99 116
REC 18 7 10 : 23 45 58 78 89 116
REC 15 7 13 : 23 45 58 78 99
REC 18 7 10 : 23 45 58 78 99 116
REC 15 6 14 : 23 45 58 78 113
REC 15 7 13 : 23 45 58 78 116
REC 12 7 16 : 23 45 58 89
REC 15 7 13 : 23 45 58 89 99
REC 18 7 10 : 23 45 58 89 99 116
REC 15 6 14 : 23 45 58 89 102
REC 15 7 13 : 23 45 58 89 116
REC 12 7 16 : 23 45 58 92
REC 15 6 14 : 23 45 58 92 99
REC 15 7 13 : 23 45 58 92 102
REC 18 7 10 : 23 45 58 92 102 113
REC 15 7 13 : 23 45 58 92 113
REC 12 7 16 : 23 45 58 99
REC 15 7 13 : 23 45 58 99 116
REC 12 7 16 : 23 45 58 102
REC 15 7 13 : 23 45 58 102 113
REC 12 7 16 : 23 45 58 113
REC 12 7 16 : 23 45 58 116
REC 9 7 19 : 23 45 75
REC 12 7 16 : 23 45 75 92
REC 15 7 13 : 23 45 75 92 102
REC 18 7 10 : 23 45 75 92 102 113
REC 15 7 13 : 23 45 75 92 113
REC 15 6 14 : 23 45 75 92 114
REC 12 7 16 : 23 45 75 102
REC 15 7 13 : 23 45 75 102 113
REC 15 6 14 : 23 45 75 102 120
REC 12 7 16 : 23 45 75 113
REC 12 6 17 : 23 45 75 114
REC 12 6 17 : 23 45 75 116
REC 12 6 17 : 23 45 75 120
REC 9 7 19 : 23 45 78
REC 12 7 16 : 23 45 78 89
REC 15 7 13 : 23 45 78 89 99
REC 18 7 10 : 23 45 78 89 99 116
REC 15 6 14 : 23 45 78 89 114
REC 15 7 13 : 23 45 78 89 116
REC 12 7 16 : 23 45 78 99
REC 15 7 13 : 23 45 78 99 116
REC 15 6 14 : 23 45 78 99 120
REC 12 6 17 : 23 45 78 113
REC 12 6 17 : 23 45 78 114
REC 12 7 16 : 23 45 78 116
REC 12 6 17 : 23 45 78 120
REC 9 7 19 : 23 45 89
REC 12 7 16 : 23 45 89 99
REC 15 7 13 : 23 45 89 99 116
REC 12 6 17 : 23 45 89 102
REC 12 6 17 : 23 45 89 106
REC 15 6 14 : 23 45 89 106 116
REC 12 6 17 : 23 45 89 114
REC 12 7 16 : 23 45 89 116
REC 9 6 20 : 23 45 90
REC 12 6 17 : 23 45 90 99
REC 15 6 14 : 23 45 90 99 116
REC 12 6 17 : 23 45 90 102
REC 15 6 14 : 23 45 90 102 113
REC 12 6 17 : 23 45 90 113
REC 12 6 17 : 23 45 90 116
REC 9 7 19 : 23 45 92
REC 12 6 17 : 23 45 92 99
REC 12 7 16 : 23 45 92 102
REC 15 7 13 : 23 45 92 102 113
REC 12 6 17 : 23 45 92 106
REC 15 6 14 : 23 45 92 106 113
REC 12 7 16 : 23 45 92 113
REC 12 6 17 : 23 45 92 114
REC 9 7 19 : 23 45 99
REC 12 7 16 : 23 45 99 116
REC 12 6 17 : 23 45 99 120
REC 9 7 19 : 23 45 102
REC 12 7 16 : 23 45 102 113
REC 12 6 17 : 23 45 102 120
REC 9 6 20 : 23 45 106
REC 12 6 17 : 23 45 106 113
REC 12 6 17 : 23 45 106 116
REC 9 7 19 : 23 45 113
REC 9 6 20 : 23 45 114
REC 9 7 19 : 23 45 116
REC 9 6 20 : 23 45 120
REC 15 5 15 : 23 45 122
REC 6 7 22 : 23 46
REC 9 7 19 : 23 46 57
REC 12 7 16 : 23 46 57 75
REC 15 7 13 : 23 46 57 75 92
REC 18 7 10 : 23 46 57 75 92 101
REC 21 7 7 : 23 46 57 75 92 101 114
REC 18 7 10 : 23 46 57 75 92 114
REC 15 7 13 : 23 46 57 75 101
REC 18 7 10 : 23 46 57 75 101 114
REC 15 7 13 : 23 46 57 75 114
REC 15 6 14 : 23 46 57 75 116
REC 12 7 16 : 23 46 57 77
REC 15 7 13 : 23 46 57 77 90
REC 18 7 10 : 23 46 57 77 90 99
REC 21 7 7 : 23 46 57 77 90 99 116
REC 18 7 10 : 23 46 57 77 90 116
REC 15 7 13 : 23 46 57 77 99
REC 18 7 10 : 23 46 57 77 99 116
REC 15 6 14 : 23 46 57 77 114
REC 15 7 13 : 23 46 57 77 116
REC 12 7 16 : 23 46 57 90
REC 15 7 13 : 23 46 57 90 99
REC 18 7 10 : 23 46 57 90 99 116
REC 15 6 14 : 23 46 57 90 101
REC 15 7 13 : 23 46 57 90 116
REC 12 7 16 : 23 46 57 92
REC 15 6 14 : 23 46 57 92 99
REC 15 7 13 : 23 46 57 92 101
REC 18 7 10 : 23 46 57 92 101 114
REC 15 7 13 : 23 46 57 92 114
REC 12 7 16 : 23 46 57 99
REC 15 7 13 : 23 46 57 99 116
REC 12 7 16 : 23 46 57 101
REC 15 7 13 : 23 46 57 101 114
REC 12 7 16 : 23 46 57 114
REC 12 7 16 : 23 46 57 116
REC 9 7 19 : 23 46 75
REC 12 7 16 : 23 46 75 92
REC 15 7 13 : 23 46 75 92 101
REC 18 7 10 : 23 46 75 92 101 114
REC 15 6 14 : 23 46 75 92 113
REC 15 7 13 : 23 46 75 92 114
REC 12 7 16 : 23 46 75 101
REC 15 7 13 : 23 46 75 101 114
REC 15 6 14 : 23 46 75 101 120
REC 12 6 17 : 23 46 75 113
REC 12 7 16 : 23 46 75 114
REC 12 6 17 : 23 46 75 116
REC 12 6 17 : 23 46 75 120
REC 9 7 19 : 23 46 77
REC 12 7 16 : 23 46 77 90
REC 15 7 13 : 23 46 77 90 99
REC 18 7 10 : 23 46 77 90 99 116
REC 15 6 14 : 23 46 77 90 113
REC 15 7 13 : 23 46 77 90 116
REC 12 7 16 : 23 46 77 99
REC 15 7 13 : 23 46 77 99 116
REC 15 6 14 : 23 46 77 99 120
REC 12 6 17 : 23 46 77 113
REC 12 6 17 : 23 46 77 114
REC 12 7 16 : 23 46 77 116
REC 12 6 17 : 23 46 77 120
REC 9 6 20 : 23 46 89
REC 12 6 17 : 23 46 89 99
REC 15 6 14 : 23 46 89 99 116
REC 12 6 17 : 23 46 89 101
REC 15 6 14 : 23 46 89 101 114
REC 12 6 17 : 23 46 89 114
REC 12 6 17 : 23 46 89 116
REC 9 7 19 : 23 46 90
REC 12 7 16 : 23 46 90 99
REC 15 7 13 : 23 46 90 99 116
REC 12 6 17 : 23 46 90 101
REC 12 6 17 : 23 46 90 105
REC 15 6 14 : 23 46 90 105 116
REC 12 6 17 : 23 46 90 113
REC 12 7 16 : 23 46 90 116
REC 9 7 19 : 23 46 92
REC 12 6 17 : 23 46 92 99
REC 12 7 16 : 23 46 92 101
REC 15 7 13 : 23 46 92 101 114
REC 12 6 17 : 23 46 92 105
REC 15 6 14 : 23 46 92 105 114
REC 12 6 17 : 23 46 92 113
REC 12 7 16 : 23 46 92 114
REC 9 7 19 : 23 46 99
REC 12 7 16 : 23 46 99 116
REC 12 6 17 : 23 46 99 120
REC 9 7 19 : 23 46 101
REC 12 7 16 : 23 46 101 114
REC 12 6 17 : 23 46 101 120
REC 9 6 20 : 23 46 105
REC 12 6 17 : 23 46 105 114
REC 12 6 17 : 23 46 105 116
REC 9 6 20 : 23 46 113
REC 9 7 19 : 23 46 114
REC 9 7 19 : 23 46 116
REC 9 6 20 : 23 46 120
REC 15 5 15 : 23 46 121
REC 6 7 22 : 23 57
REC 9 7 19 : 23 57 75
REC 12 7 16 : 23 57 75 92
REC 15 7 13 : 23 57 75 92 101
REC 18 7 10 : 23 57 75 92 101 114
REC 15 6 14 : 23 57 75 92 102
REC 15 7 13 : 23 57 75 92 114
REC 12 7 16 : 23 57 75 101
REC 15 7 13 : 23 57 75 101 114
REC 12 6 17 : 23 57 75 102
REC 12 6 17 : 23 57 75 108
REC 15 6 14 : 23 57 75 108 114
REC 12 7 16 : 23 57 75 114
REC 12 6 17 : 23 57 75 116
REC 9 7 19 : 23 57 77
REC 12 7 16 : 23 57 77 90
REC 15 7 13 : 23 57 77 90 99
REC 18 7 10 : 23 57 77 90 99 116
REC 15 6 14 : 23 57 77 90 102
REC 15 7 13 : 23 57 77 90 116
REC 12 7 16 : 23 57 77 99
REC 15 7 13 : 23 57 77 99 116
REC 12 6 17 : 23 57 77 102
REC 12 6 17 : 23 57 77 106
REC 15 6 14 : 23 57 77 106 116
REC 12 6 17 : 23 57 77 114
REC 12 7 16 : 23 57 77 116
REC 9 6 20 : 23 57 78
REC 12 6 17 : 23 57 78 99
REC 15 6 14 : 23 57 78 99 116
REC 12 6 17 : 23 57 78 101
REC 15 6 14 : 23 57 78 101 114
REC 12 6 17 : 23 57 78 114
REC 12 6 17 : 23 57 78 116
REC 9 7 19 : 23 57 90
REC 12 7 16 : 23 57 90 99
REC 15 6 14 : 23 57 90 99 108
REC 15 7 13 : 23 57 90 99 116
REC 12 6 17 : 23 57 90 101
REC 12 6 17 : 23 57 90 102
REC 12 6 17 : 23 57 90 108
REC 12 7 16 : 23 57 90 116
REC 9 7 19 : 23 57 92
REC 12 6 17 : 23 57 92 99
REC 12 7 16 : 23 57 92 101
REC 15 6 14 : 23 57 92 101 106
REC 15 7 13 : 23 57 92 101 114
REC 12 6 17 : 23 57 92 102
REC 12 6 17 : 23 57 92 106
REC 12 7 16 : 23 57 92 114
REC 9 7 19 : 23 57 99
REC 12 6 17 : 23 57 99 108
REC 12 7 16 : 23 57 99 116
REC 9 7 19 : 23 57 101
REC 12 6 17 : 23 57 101 106
REC 12 7 16 : 23 57 101 114
REC 9 6 20 : 23 57 102
REC 9 6 20 : 23 57 106
REC 12 6 17 : 23 57 106 116
REC 9 6 20 : 23 57 108
REC 12 6 17 : 23 57 108 114
REC 15 5 15 : 23 57 110
REC 9 7 19 : 23 57 114
REC 9 7 19 : 23 57 116
REC 6 7 22 : 23 58
REC 9 7 19 : 23 58 75
REC 12 7 16 : 23 58 75 92
REC 15 6 14 : 23 58 75 92 101
REC 15 7 13 : 23 58 75 92 102
REC 18 7 10 : 23 58 75 92 102 113
REC 15 7 13 : 23 58 75 92 113
REC 12 6 17 : 23 58 75 101
REC 12 7 16 : 23 58 75 102
REC 15 7 13 : 23 58 75 102 113
REC 12 6 17 : 23 58 75 108
REC 15 6 14 : 23 58 75 108 113
REC 12 7 16 : 23 58 75 113
REC 12 6 17 : 23 58 75 116
REC 9 6 20 : 23 58 77
REC 12 6 17 : 23 58 77 99
REC 15 6 14 : 23 58 77 99 116
REC 12 6 17 : 23 58 77 102
REC 15 6 14 : 23 58 77 102 113
REC 12 6 17 : 23 58 77 113
REC 12 6 17 : 23 58 77 116
REC 9 7 19 : 23 58 78
REC 12 7 16 : 23 58 78 89
REC 15 7 13 : 23 58 78 89 99
REC 18 7 10 : 23 58 78 89 99 116
REC 15 6 14 : 23 58 78 89 101
REC 15 7 13 : 23 58 78 89 116
REC 12 7 16 : 23 58 78 99
REC 15 7 13 : 23 58 78 99 116
REC 12 6 17 : 23 58 78 101
REC 12 6 17 : 23 58 78 105
REC 15 6 14 : 23 58 78 105 116
REC 12 6 17 : 23 58 78 113
REC 12 7 16 : 23 58 78 116
REC 9 7 19 : 23 58 89
REC 12 7 16 : 23 58 89 99
REC 15 6 14 : 23 58 89 99 108
REC 15 7 13 : 23 58 89 99 116
REC 12 6 17 : 23 58 89 101
REC 12 6 17 : 23 58 89 102
REC 12 6 17 : 23 58 89 108
REC 12 7 16 : 23 58 89 116
REC 9 7 19 : 23 58 92
REC 12 6 17 : 23 58 92 99
REC 12 6 17 : 23 58 92 101
REC 12 7 16 : 23 58 92 102
REC 15 6 14 : 23 58 92 102 105
REC 15 7 13 : 23 58 92 102 113
REC 12 6 17 : 23 58 92 105
REC 12 7 16 : 23 58 92 113
REC 9 7 19 : 23 58 99
REC 12 6 17 : 23 58 99 108
REC 12 7 16 : 23 58 99 116
REC 9 6 20 : 23 58 101
REC 9 7 19 : 23 58 102
REC 12 6 17 : 23 58 102 105
REC 12 7 16 : 23 58 102 113
REC 9 6 20 : 23 58 105
REC 12 6 17 : 23 58 105 116
REC 9 6 20 : 23 58 108
REC 12 6 17 : 23 58 108 113
REC 15 5 15 : 23 58 109
REC 9 7 19 : 23 58 113
REC 9 7 19 : 23 58 116
REC 6 7 22 : 23 60
REC 9 6 20 : 23 60 75
REC 12 6 17 : 23 60 75 101
REC 15 6 14 : 23 60 75 101 114
REC 12 6 17 : 23 60 75 102
REC 15 6 14 : 23 60 75 102 113
REC 12 6 17 : 23 60 75 113
REC 12 6 17 : 23 60 75 114
REC 9 7 19 : 23 60 77
REC 12 7 16 : 23 60 77 90
REC 15 6 14 : 23 60 77 90 99
REC 15 7 13 : 23 60 77 90 102
REC 18 7 10 : 23 60 77 90 102 113
REC 15 7 13 : 23 60 77 90 113
REC 12 6 17 : 23 60 77 99
REC 12 7 16 : 23 60 77 102
REC 15 7 13 : 23 60 77 102 113
REC 12 6 17 : 23 60 77 106
REC 15 6 14 : 23 60 77 106 113
REC 12 7 16 : 23 60 77 113
REC 12 6 17 : 23 60 77 114
REC 9 7 19 : 23 60 78
REC 12 7 16 : 23 60 78 89
REC 15 6 14 : 23 60 78 89 99
REC 15 7 13 : 23 60 78 89 101
REC 18 7 10 : 23 60 78 89 101 114
REC 15 7 13 : 23 60 78 89 114
REC 12 6 17 : 23 60 78 99
REC 12 7 16 : 23 60 78 101
REC 15 7 13 : 23 60 78 101 114
REC 12 6 17 : 23 60 78 105
REC 15 6 14 : 23 60 78 105 114
REC 12 6 17 : 23 60 78 113
REC 12 7 16 : 23 60 78 114
REC 9 7 19 : 23 60 89
REC 12 6 17 : 23 60 89 99
REC 12 7 16 : 23 60 89 101
REC 15 6 14 : 23 60 89 101 106
REC 15 7 13 : 23 60 89 101 114
REC 12 6 17 : 23 60 89 102
REC 12 6 17 : 23 60 89 106
REC 12 7 16 : 23 60 89 114
REC 9 7 19 : 23 60 90
REC 12 6 17 : 23 60 90 99
REC 12 6 17 : 23 60 90 101
REC 12 7 16 : 23 60 90 102
REC 15 6 14 : 23 60 90 102 105
REC 15 7 13 : 23 60 90 102 113
REC 12 6 17 : 23 60 90 105
REC 12 7 16 : 23 60 90 113
REC 9 6 20 : 23 60 99
REC 9 7 19 : 23 60 101
REC 12 6 17 : 23 60 101 106
REC 12 7 16 : 23 60 101 114
REC 9 7 19 : 23 60 102
REC 12 6 17 : 23 60 102 105
REC 12 7 16 : 23 60 102 113
REC 9 6 20 : 23 60 105
REC 12 6 17 : 23 60 105 114
REC 9 6 20 : 23 60 106
REC 12 6 17 : 23 60 106 113
REC 15 5 15 : 23 60 107
REC 9 7 19 : 23 60 113
REC 9 7 19 : 23 60 114
REC 6 7 22 : 23 75
REC 9 7 19 : 23 75 92
REC 12 7 16 : 23 75 92 101
REC 15 7 13 : 23 75 92 101 114
REC 12 7 16 : 23 75 92 102
REC 15 7 13 : 23 75 92 102 113
REC 12 7 16 : 23 75 92 113
REC 12 7 16 : 23 75 92 114
REC 9 7 19 : 23 75 101
REC 12 7 16 : 23 75 101 114
REC 12 6 17 : 23 75 101 120
REC 9 7 19 : 23 75 102
REC 12 7 16 : 23 75 102 113
REC 12 6 17 : 23 75 102 120
REC 9 6 20 : 23 75 108
REC 12 6 17 : 23 75 108 113
REC 12 6 17 : 23 75 108 114
REC 9 7 19 : 23 75 113
REC 9 7 19 : 23 75 114
REC 9 6 20 : 23 75 116
REC 9 6 20 : 23 75 120
REC 15 5 15 : 23 75 124
REC 6 7 22 : 23 77
REC 9 7 19 : 23 77 90
REC 12 7 16 : 23 77 90 99
REC 15 7 13 : 23 77 90 99 116
REC 12 7 16 : 23 77 90 102
REC 15 7 13 : 23 77 90 102 113
REC 12 7 16 : 23 77 90 113
REC 12 7 16 : 23 77 90 116
REC 9 7 19 : 23 77 99
REC 12 7 16 : 23 77 99 116
REC 12 6 17 : 23 77 99 120
REC 9 7 19 : 23 77 102
REC 12 7 16 : 23 77 102 113
REC 12 6 17 : 23 77 102 120
REC 9 6 20 : 23 77 106
REC 12 6 17 : 23 77 106 113
REC 12 6 17 : 23 77 106 116
REC 9 7 19 : 23 77 113
REC 9 6 20 : 23 77 114
REC 9 7 19 : 23 77 116
REC 9 6 20 : 23 77 120
REC 15 5 15 : 23 77 122
REC 6 7 22 : 23 78
REC 9 7 19 : 23 78 89
REC 12 7 16 : 23 78 89 99
REC 15 7 13 : 23 78 89 99 116
REC 12 7 16 : 23 78 89 101
REC 15 7 13 : 23 78 89 101 114
REC 12 7 16 : 23 78 89 114
REC 12 7 16 : 23 78 89 116
REC 9 7 19 : 23 78 99
REC 12 7 16 : 23 78 99 116
REC 12 6 17 : 23 78 99 120
REC 9 7 19 : 23 78 101
REC 12 7 16 : 23 78 101 114
REC 12 6 17 : 23 78 101 120
REC 9 6 20 : 23 78 105
REC 12 6 17 : 23 78 105 114
REC 12 6 17 : 23 78 105 116
REC 9 6 20 : 23 78 113
REC 9 7 19 : 23 78 114
REC 9 7 19 : 23 78 116
REC 9 6 20 : 23 78 120
REC 15 5 15 : 23 78 121
REC 6 7 22 : 23 89
REC 9 7 19 : 23 89 99
REC 12 6 17 : 23 89 99 108
REC 12 7 16 : 23 89 99 116
REC 9 7 19 : 23 89 101
REC 12 6 17 : 23 89 101 106
REC 12 7 16 : 23 89 101 114
REC 9 6 20 : 23 89 102
REC 9 6 20 : 23 89 106
REC 12 6 17 : 23 89 106 116
REC 9 6 20 : 23 89 108
REC 12 6 17 : 23 89 108 114
REC 15 5 15 : 23 89 110
REC 9 7 19 : 23 89 114
REC 9 7 19 : 23 89 116
REC 6 7 22 : 23 90
REC 9 7 19 : 23 90 99
REC 12 6 17 : 23 90 99 108
REC 12 7 16 : 23 90 99 116
REC 9 6 20 : 23 90 101
REC 9 7 19 : 23 90 102
REC 12 6 17 : 23 90 102 105
REC 12 7 16 : 23 90 102 113
REC 9 6 20 : 23 90 105
REC 12 6 17 : 23 90 105 116
REC 9 6 20 : 23 90 108
REC 12 6 17 : 23 90 108 113
REC 15 5 15 : 23 90 109
REC 9 7 19 : 23 90 113
REC 9 7 19 : 23 90 116
REC 6 7 22 : 23 92
REC 9 6 20 : 23 92 99
REC 9 7 19 : 23 92 101
REC 12 6 17 : 23 92 101 106
REC 12 7 16 : 23 92 101 114
REC 9 7 19 : 23 92 102
REC 12 6 17 : 23 92 102 105
REC 12 7 16 : 23 92 102 113
REC 9 6 20 : 23 92 105
REC 12 6 17 : 23 92 105 114
REC 9 6 20 : 23 92 106
REC 12 6 17 : 23 92 106 113
REC 15 5 15 : 23 92 107
REC 9 7 19 : 23 92 113
REC 9 7 19 : 23 92 114
REC 6 7 22 : 23 99
REC 9 6 20 : 23 99 108
REC 9 7 19 : 23 99 116
REC 9 6 20 : 23 99 120
REC 15 5 15 : 23 99 124
REC 6 7 22 : 23 101
REC 9 6 20 : 23 101 106
REC 9 7 19 : 23 101 114
REC 9 6 20 : 23 101 120
REC 15 5 15 : 23 101 122
REC 6 7 22 : 23 102
REC 9 6 20 : 23 102 105
REC 9 7 19 : 23 102 113
REC 9 6 20 : 23 102 120
REC 15 5 15 : 23 102 121
REC 6 6 23 : 23 105
REC 9 6 20 : 23 105 114
REC 9 6 20 : 23 105 116
REC 6 6 23 : 23 106
REC 9 6 20 : 23 106 113
REC 9 6 20 : 23 106 116
REC 12 5 18 : 23 107
REC 15 5 15 : 23 107 116
REC 6 6 23 : 23 108
REC 9 6 20 : 23 108 113
REC 9 6 20 : 23 108 114
REC 12 5 18 : 23 109
REC 15 5 15 : 23 109 114
REC 12 5 18 : 23 110
REC 15 5 15 : 23 110 113
REC 6 7 22 : 23 113
REC 6 7 22 : 23 114
REC 6 7 22 : 23 116
REC 6 6 23 : 23 120
REC 12 5 18 : 23 121
REC 12 5 18 : 23 122
REC 12 5 18 : 23 124
REC 3 7 25 : 27
REC 6 7 22 : 27 39
REC 9 7 19 : 27 39 60
REC 12 7 16 : 27 39 60 77
REC 15 7 13 : 27 39 60 77 86
REC 18 7 10 : 27 39 60 77 86 106
REC 21 7 7 : 27 39 60 77 86 106 113
REC 18 7 10 : 27 39 60 77 86 113
REC 15 7 13 : 27 39 60 77 106
REC 18 7 10 : 27 39 60 77 106 113
REC 15 7 13 : 27 39 60 77 113
REC 15 6 14 : 27 39 60 77 114
REC 12 7 16 : 27 39 60 78
REC 15 7 13 : 27 39 60 78 85
REC 18 7 10 : 27 39 60 78 85 105
REC 21 7 7 : 27 39 60 78 85 105 114
REC 18 7 10 : 27 39 60 78 85 114
REC 15 7 13 : 27 39 60 78 105
REC 18 7 10 : 27 39 60 78 105 114
REC 15 6 14 : 27 39 60 78 113
REC 15 7 13 : 27 39 60 78 114
REC 12 7 16 : 27 39 60 85
REC 15 7 13 : 27 39 60 85 105
REC 18 7 10 : 27 39 60 85 105 114
REC 15 6 14 : 27 39 60 85 106
REC 15 7 13 : 27 39 60 85 114
REC 12 7 16 : 27 39 60 86
REC 15 6 14 : 27 39 60 86 105
REC 15 7 13 : 27 39 60 86 106
REC 18 7 10 : 27 39 60 86 106 113
REC 15 7 13 : 27 39 60 86 113
REC 12 7 16 : 27 39 60 105
REC 15 7 13 : 27 39 60 105 114
REC 12 7 16 : 27 39 60 106
REC 15 7 13 : 27 39 60 106 113
REC 12 7 16 : 27 39 60 113
REC 12 7 16 : 27 39 60 114
REC 9 7 19 : 27 39 77
REC 12 7 16 : 27 39 77 86
REC 15 7 13 : 27 39 77 86 106
REC 18 7 10 : 27 39 77 86 106 113
REC 15 7 13 : 27 39 77 86 113
REC 15 6 14 : 27 39 77 86 120
REC 12 7 16 : 27 39 77 106
REC 15 7 13 : 27 39 77 106 113
REC 15 6 14 : 27 39 77 106 116
REC 12 7 16 : 27 39 77 113
REC 12 6 17 : 27 39 77 114
REC 12 6 17 : 27 39 77 116
REC 12 6 17 : 27 39 77 120
REC 9 7 19 : 27 39 78
REC 12 7 16 : 27 39 78 85
REC 15 7 13 : 27 39 78 85 105
REC 18 7 10 : 27 39 78 85 105 114
REC 15 7 13 : 27 39 78 85 114
REC 15 6 14 : 27 39 78 85 120
REC 12 7 16 : 27 39 78 105
REC 15 7 13 : 27 39 78 105 114
REC 15 6 14 : 27 39 78 105 116
REC 12 6 17 : 27 39 78 113
REC 12 7 16 : 27 39 78 114
REC 12 6 17 : 27 39 78 116
REC 12 6 17 : 27 39 78 120
REC 9 7 19 : 27 39 85
REC 12 7 16 : 27 39 85 105
REC 15 7 13 : 27 39 85 105 114
REC 12 6 17 : 27 39 85 106
REC 12 6 17 : 27 39 85 108
REC 15 6 14 : 27 39 85 108 114
REC 12 7 16 : 27 39 85 114
REC 12 6 17 : 27 39 85 120
REC 9 7 19 : 27 39 86
REC 12 6 17 : 27 39 86 105
REC 12 7 16 : 27 39 86 106
REC 15 7 13 : 27 39 86 106 113
REC 12 6 17 : 27 39 86 108
REC 15 6 14 : 27 39 86 108 113
REC 12 7 16 : 27 39 86 113
REC 12 6 17 : 27 39 86 120
REC 9 6 20 : 27 39 92
REC 12 6 17 : 27 39 92 105
REC 15 6 14 : 27 39 92 105 114
REC 12 6 17 : 27 39 92 106
REC 15 6 14 : 27 39 92 106 113
REC 12 6 17 : 27 39 92 113
REC 12 6 17 : 27 39 92 114
REC 9 7 19 : 27 39 105
REC 12 7 16 : 27 39 105 114
REC 12 6 17 : 27 39 105 116
REC 9 7 19 : 27 39 106
REC 12 7 16 : 27 39 106 113
REC 12 6 17 : 27 39 106 116
REC 9 6 20 : 27 39 108
REC 12 6 17 : 27 39 108 113
REC 12 6 17 : 27 39 108 114
REC 9 7 19 : 27 39 113
REC 9 7 19 : 27 39 114
REC 9 6 20 : 27 39 116
REC 9 6 20 : 27 39 120
REC 15 5 15 : 27 39 124
REC 6 7 22 : 27 45
REC 9 7 19 : 27 45 54
REC 12 7 16 : 27 45 54 71
REC 15 7 13 : 27 45 54 71 92
REC 18 7 10 : 27 45 54 71 92 106
REC 21 7 7 : 27 45 54 71 92 106 113
REC 18 7 10 : 27 45 54 71 92 113
REC 15 7 13 : 27 45 54 71 106
REC 18 7 10 : 27 45 54 71 106 113
REC 15 7 13 : 27 45 54 71 113
REC 15 6 14 : 27 45 54 71 120
REC 12 7 16 : 27 45 54 78
REC 15 7 13 : 27 45 54 78 85
REC 18 7 10 : 27 45 54 78 85 99
REC 21 7 7 : 27 45 54 78 85 99 120
REC 18 7 10 : 27 45 54 78 85 120
REC 15 7 13 : 27 45 54 78 99
REC 18 7 10 : 27 45 54 78 99 120
REC 15 6 14 : 27 45 54 78 113
REC 15 7 13 : 27 45 54 78 120
REC 12 7 16 : 27 45 54 85
REC 15 7 13 : 27 45 54 85 99
REC 18 7 10 : 27 45 54 85 99 120
REC 15 6 14 : 27 45 54 85 106
REC 15 7 13 : 27 45 54 85 120
REC 12 7 16 : 27 45 54 92
REC 15 6 14 : 27 45 54 92 99
REC 15 7 13 : 27 45 54 92 106
REC 18 7 10 : 27 45 54 92 106 113
REC 15 7 13 : 27 45 54 92 113
REC 12 7 16 : 27 45 54 99
REC 15 7 13 : 27 45 54 99 120
REC 12 7 16 : 27 45 54 106
REC 15 7 13 : 27 45 54 106 113
REC 12 7 16 : 27 45 54 113
REC 12 7 16 : 27 45 54 120
REC 9 7 19 : 27 45 71
REC 12 7 16 : 27 45 71 92
REC 15 7 13 : 27 45 71 92 106
REC 18 7 10 : 27 45 71 92 106 113
REC 15 7 13 : 27 45 71 92 113
REC 15 6 14 : 27 45 71 92 114
REC 12 7 16 : 27 45 71 106
REC 15 7 13 : 27 45 71 106 113
REC 15 6 14 : 27 45 71 106 116
REC 12 7 16 : 27 45 71 113
REC 12 6 17 : 27 45 71 114
REC 12 6 17 : 27 45 71 116
REC 12 6 17 : 27 45 71 120
REC 9 7 19 : 27 45 78
REC 12 7 16 : 27 45 78 85
REC 15 7 13 : 27 45 78 85 99
REC 18 7 10 : 27 45 78 85 99 120
REC 15 6 14 : 27 45 78 85 114
REC 15 7 13 : 27 45 78 85 120
REC 12 7 16 : 27 45 78 99
REC 15 6 14 : 27 45 78 99 116
REC 15 7 13 : 27 45 78 99 120
REC 12 6 17 : 27 45 78 113
REC 12 6 17 : 27 45 78 114
REC 12 6 17 : 27 45 78 116
REC 12 7 16 : 27 45 78 120
REC 9 7 19 : 27 45 85
REC 12 7 16 : 27 45 85 99
REC 15 7 13 : 27 45 85 99 120
REC 12 6 17 : 27 45 85 102
REC 15 6 14 : 27 45 85 102 120
REC 12 6 17 : 27 45 85 106
REC 12 6 17 : 27 45 85 114
REC 12 7 16 : 27 45 85 120
REC 9 6 20 : 27 45 86
REC 12 6 17 : 27 45 86 99
REC 15 6 14 : 27 45 86 99 120
REC 12 6 17 : 27 45 86 106
REC 15 6 14 : 27 45 86 106 113
REC 12 6 17 : 27 45 86 113
REC 12 6 17 : 27 45 86 120
REC 9 7 19 : 27 45 92
REC 12 6 17 : 27 45 92 99
REC 12 6 17 : 27 45 92 102
REC 15 6 14 : 27 45 92 102 113
REC 12 7 16 : 27 45 92 106
REC 15 7 13 : 27 45 92 106 113
REC 12 7 16 : 27 45 92 113
REC 12 6 17 : 27 45 92 114
REC 9 7 19 : 27 45 99
REC 12 6 17 : 27 45 99 116
REC 12 7 16 : 27 45 99 120
REC 9 6 20 : 27 45 102
REC 12 6 17 : 27 45 102 113
REC 12 6 17 : 27 45 102 120
REC 9 7 19 : 27 45 106
REC 12 7 16 : 27 45 106 113
REC 12 6 17 : 27 45 106 116
REC 9 7 19 : 27 45 113
REC 9 6 20 : 27 45 114
REC 9 6 20 : 27 45 116
REC 15 5 15 : 27 45 118
REC 9 7 19 : 27 45 120
REC 6 7 22 : 27 46
REC 9 7 19 : 27 46 53
REC 12 7 16 : 27 46 53 71
REC 15 7 13 : 27 46 53 71 92
REC 18 7 10 : 27 46 53 71 92 105
REC 21 7 7 : 27 46 53 71 92 105 114
REC 18 7 10 : 27 46 53 71 92 114
REC 15 7 13 : 27 46 53 71 105
REC 18 7 10 : 27 46 53 71 105 114
REC 15 7 13 : 27 46 53 71 114
REC 15 6 14 : 27 46 53 71 120
REC 12 7 16 : 27 46 53 77
REC 15 7 13 : 27 46 53 77 86
REC 18 7 10 : 27 46 53 77 86 99
REC 21 7 7 : 27 46 53 77 86 99 120
REC 18 7 10 : 27 46 53 77 86 120
REC 15 7 13 : 27 46 53 77 99
REC 18 7 10 : 27 46 53 77 99 120
REC 15 6 14 : 27 46 53 77 114
REC 15 7 13 : 27 46 53 77 120
REC 12 7 16 : 27 46 53 86
REC 15 7 13 : 27 46 53 86 99
REC 18 7 10 : 27 46 53 86 99 120
REC 15 6 14 : 27 46 53 86 105
REC 15 7 13 : 27 46 53 86 120
REC 12 7 16 : 27 46 53 92
REC 15 6 14 : 27 46 53 92 99
REC 15 7 13 : 27 46 53 92 105
REC 18 7 10 : 27 46 53 92 105 114
REC 15 7 13 : 27 46 53 92 114
REC 12 7 16 : 27 46 53 99
REC 15 7 13 : 27 46 53 99 120
REC 12 7 16 : 27 46 53 105
REC 15 7 13 : 27 46 53 105 114
REC 12 7 16 : 27 46 53 114
REC 12 7 16 : 27 46 53 120
REC 9 7 19 : 27 46 71
REC 12 7 16 : 27 46 71 92
REC 15 7 13 : 27 46 71 92 105
REC 18 7 10 : 27 46 71 92 105 114
REC 15 6 14 : 27 46 71 92 113
REC 15 7 13 : 27 46 71 92 114
REC 12 7 16 : 27 46 71 105
REC 15 7 13 : 27 46 71 105 114
REC 15 6 14 : 27 46 71 105 116
REC 12 6 17 : 27 46 71 113
REC 12 7 16 : 27 46 71 114
REC 12 6 17 : 27 46 71 116
REC 12 6 17 : 27 46 71 120
REC 9 7 19 : 27 46 77
REC 12 7 16 : 27 46 77 86
REC 15 7 13 : 27 46 77 86 99
REC 18 7 10 : 27 46 77 86 99 120
REC 15 6 14 : 27 46 77 86 113
REC 15 7 13 : 27 46 77 86 120
REC 12 7 16 : 27 46 77 99
REC 15 6 14 : 27 46 77 99 116
REC 15 7 13 : 27 46 77 99 120
REC 12 6 17 : 27 46 77 113
REC 12 6 17 : 27 46 77 114
REC 12 6 17 : 27 46 77 116
REC 12 7 16 : 27 46 77 120
REC 9 6 20 : 27 46 85
REC 12 6 17 : 27 46 85 99
REC 15 6 14 : 27 46 85 99 120
REC 12 6 17 : 27 46 85 105
REC 15 6 14 : 27 46 85 105 114
REC 12 6 17 : 27 46 85 114
REC 12 6 17 : 27 46 85 120
REC 9 7 19 : 27 46 86
REC 12 7 16 : 27 46 86 99
REC 15 7 13 : 27 46 86 99 120
REC 12 6 17 : 27 46 86 101
REC 15 6 14 : 27 46 86 101 120
REC 12 6 17 : 27 46 86 105
REC 12 6 17 : 27 46 86 113
REC 12 7 16 : 27 46 86 120
REC 9 7 19 : 27 46 92
REC 12 6 17 : 27 46 92 99
REC 12 6 17 : 27 46 92 101
REC 15 6 14 : 27 46 92 101 114
REC 12 7 16 : 27 46 92 105
REC 15 7 13 : 27 46 92 105 114
REC 12 6 17 : 27 46 92 113
REC 12 7 16 : 27 46 92 114
REC 9 7 19 : 27 46 99
REC 12 6 17 : 27 46 99 116
REC 12 7 16 : 27 46 99 120
REC 9 6 20 : 27 46 101
REC 12 6 17 : 27 46 101 114
REC 12 6 17 : 27 46 101 120
REC 9 7 19 : 27 46 105
REC 12 7 16 : 27 46 105 114
REC 12 6 17 : 27 46 105 116
REC 9 6 20 : 27 46 113
REC 9 7 19 : 27 46 114
REC 9 6 20 : 27 46 116
REC 15 5 15 : 27 46 117
REC 9 7 19 : 27 46 120
REC 6 7 22 : 27 53
REC 9 7 19 : 27 53 71
REC 12 7 16 : 27 53 71 92
REC 15 7 13 : 27 53 71 92 105
REC 18 7 10 : 27 53 71 92 105 114
REC 15 6 14 : 27 53 71 92 106
REC 15 7 13 : 27 53 71 92 114
REC 12 7 16 : 27 53 71 105
REC 15 7 13 : 27 53 71 105 114
REC 12 6 17 : 27 53 71 106
REC 12 6 17 : 27 53 71 108
REC 15 6 14 : 27 53 71 108 114
REC 12 7 16 : 27 53 71 114
REC 12 6 17 : 27 53 71 120
REC 9 7 19 : 27 53 77
REC 12 7 16 : 27 53 77 86
REC 15 7 13 : 27 53 77 86 99
REC 18 7 10 : 27 53 77 86 99 120
REC 15 6 14 : 27 53 77 86 106
REC 15 7 13 : 27 53 77 86 120
REC 12 7 16 : 27 53 77 99
REC 15 7 13 : 27 53 77 99 120
REC 12 6 17 : 27 53 77 102
REC 15 6 14 : 27 53 77 102 120
REC 12 6 17 : 27 53 77 106
REC 12 6 17 : 27 53 77 114
REC 12 7 16 : 27 53 77 120
REC 9 6 20 : 27 53 78
REC 12 6 17 : 27 53 78 99
REC 15 6 14 : 27 53 78 99 120
REC 12 6 17 : 27 53 78 105
REC 15 6 14 : 27 53 78 105 114
REC 12 6 17 : 27 53 78 114
REC 12 6 17 : 27 53 78 120
REC 9 7 19 : 27 53 86
REC 12 7 16 : 27 53 86 99
REC 15 6 14 : 27 53 86 99 108
REC 15 7 13 : 27 53 86 99 120
REC 12 6 17 : 27 53 86 105
REC 12 6 17 : 27 53 86 106
REC 12 6 17 : 27 53 86 108
REC 12 7 16 : 27 53 86 120
REC 9 7 19 : 27 53 92
REC 12 6 17 : 27 53 92 99
REC 12 6 17 : 27 53 92 102
REC 15 6 14 : 27 53 92 102 105
REC 12 7 16 : 27 53 92 105
REC 15 7 13 : 27 53 92 105 114
REC 12 6 17 : 27 53 92 106
REC 12 7 16 : 27 53 92 114
REC 9 7 19 : 27 53 99
REC 12 6 17 : 27 53 99 108
REC 12 7 16 : 27 53 99 120
REC 9 6 20 : 27 53 102
REC 12 6 17 : 27 53 102 105
REC 12 6 17 : 27 53 102 120
REC 9 7 19 : 27 53 105
REC 12 7 16 : 27 53 105 114
REC 9 6 20 : 27 53 106
REC 9 6 20 : 27 53 108
REC 12 6 17 : 27 53 108 114
REC 15 5 15 : 27 53 110
REC 9 7 19 : 27 53 114
REC 9 7 19 : 27 53 120
REC 6 7 22 : 27 54
REC 9 7 19 : 27 54 71
REC 12 7 16 : 27 54 71 92
REC 15 6 14 : 27 54 71 92 105
REC 15 7 13 : 27 54 71 92 106
REC 18 7 10 : 27 54 71 92 106 113
REC 15 7 13 : 27 54 71 92 113
REC 12 6 17 : 27 54 71 105
REC 12 7 16 : 27 54 71 106
REC 15 7 13 : 27 54 71 106 113
REC 12 6 17 : 27 54 71 108
REC 15 6 14 : 27 54 71 108 113
REC 12 7 16 : 27 54 71 113
REC 12 6 17 : 27 54 71 120
REC 9 6 20 : 27 54 77
REC 12 6 17 : 27 54 77 99
REC 15 6 14 : 27 54 77 99 120
REC 12 6 17 : 27 54 77 106
REC 15 6 14 : 27 54 77 106 113
REC 12 6 17 : 27 54 77 113
REC 12 6 17 : 27 54 77 120
REC 9 7 19 : 27 54 78
REC 12 7 16 : 27 54 78 85
REC 15 7 13 : 27 54 78 85 99
REC 18 7 10 : 27 54 78 85 99 120
REC 15 6 14 : 27 54 78 85 105
REC 15 7 13 : 27 54 78 85 120
REC 12 7 16 : 27 54 78 99
REC 15 7 13 : 27 54 78 99 120
REC 12 6 17 : 27 54 78 101
REC 15 6 14 : 27 54 78 101 120
REC 12 6 17 : 27 54 78 105
REC 12 6 17 : 27 54 78 113
REC 12 7 16 : 27 54 78 120
REC 9 7 19 : 27 54 85
REC 12 7 16 : 27 54 85 99
REC 15 6 14 : 27 54 85 99 108
REC 15 7 13 : 27 54 85 99 120
REC 12 6 17 : 27 54 85 105
REC 12 6 17 : 27 54 85 106
REC 12 6 17 : 27 54 85 108
REC 12 7 16 : 27 54 85 120
REC 9 7 19 : 27 54 92
REC 12 6 17 : 27 54 92 99
REC 12 6 17 : 27 54 92 101
REC 15 6 14 : 27 54 92 101 106
REC 12 6 17 : 27 54 92 105
REC 12 7 16 : 27 54 92 106
REC 15 7 13 : 27 54 92 106 113
REC 12 7 16 : 27 54 92 113
REC 9 7 19 : 27 54 99
REC 12 6 17 : 27 54 99 108
REC 12 7 16 : 27 54 99 120
REC 9 6 20 : 27 54 101
REC 12 6 17 : 27 54 101 106
REC 12 6 17 : 27 54 101 120
REC 9 6 20 : 27 54 105
REC 9 7 19 : 27 54 106
REC 12 7 16 : 27 54 106 113
REC 9 6 20 : 27 54 108
REC 12 6 17 : 27 54 108 113
REC 15 5 15 : 27 54 109
REC 9 7 19 : 27 54 113
REC 9 7 19 : 27 54 120
REC 6 7 22 : 27 60
REC 9 6 20 : 27 60 71
REC 12 6 17 : 27 60 71 105
REC 15 6 14 : 27 60 71 105 114
REC 12 6 17 : 27 60 71 106
REC 15 6 14 : 27 60 71 106 113
REC 12 6 17 : 27 60 71 113
REC 12 6 17 : 27 60 71 114
REC 9 7 19 : 27 60 77
REC 12 7 16 : 27 60 77 86
REC 15 6 14 : 27 60 77 86 99
REC 15 7 13 : 27 60 77 86 106
REC 18 7 10 : 27 60 77 86 106 113
REC 15 7 13 : 27 60 77 86 113
REC 12 6 17 : 27 60 77 99
REC 12 6 17 : 27 60 77 102
REC 15 6 14 : 27 60 77 102 113
REC 12 7 16 : 27 60 77 106
REC 15 7 13 : 27 60 77 106 113
REC 12 7 16 : 27 60 77 113
REC 12 6 17 : 27 60 77 114
REC 9 7 19 : 27 60 78
REC 12 7 16 : 27 60 78 85
REC 15 6 14 : 27 60 78 85 99
REC 15 7 13 : 27 60 78 85 105
REC 18 7 10 : 27 60 78 85 105 114
REC 15 7 13 : 27 60 78 85 114
REC 12 6 17 : 27 60 78 99
REC 12 6 17 : 27 60 78 101
REC 15 6 14 : 27 60 78 101 114
REC 12 7 16 : 27 60 78 105
REC 15 7 13 : 27 60 78 105 114
REC 12 6 17 : 27 60 78 113
REC 12 7 16 : 27 60 78 114
REC 9 7 19 : 27 60 85
REC 12 6 17 : 27 60 85 99
REC 12 6 17 : 27 60 85 102
REC 15 6 14 : 27 60 85 102 105
REC 12 7 16 : 27 60 85 105
REC 15 7 13 : 27 60 85 105 114
REC 12 6 17 : 27 60 85 106
REC 12 7 16 : 27 60 85 114
REC 9 7 19 : 27 60 86
REC 12 6 17 : 27 60 86 99
REC 12 6 17 : 27 60 86 101
REC 15 6 14 : 27 60 86 101 106
REC 12 6 17 : 27 60 86 105
REC 12 7 16 : 27 60 86 106
REC 15 7 13 : 27 60 86 106 113
REC 12 7 16 : 27 60 86 113
REC 9 6 20 : 27 60 99
REC 9 6 20 : 27 60 101
REC 12 6 17 : 27 60 101 106
REC 12 6 17 : 27 60 101 114
REC 9 6 20 : 27 60 102
REC 12 6 17 : 27 60 102 105
REC 12 6 17 : 27 60 102 113
REC 15 5 15 : 27 60 103
REC 9 7 19 : 27 60 105
REC 12 7 16 : 27 60 105 114
REC 9 7 19 : 27 60 106
REC 12 7 16 : 27 60 106 113
REC 9 7 19 : 27 60 113
REC 9 7 19 : 27 60 114
REC 6 7 22 : 27 71
REC 9 7 19 : 27 71 92
REC 12 7 16 : 27 71 92 105
REC 15 7 13 : 27 71 92 105 114
REC 12 7 16 : 27 71 92 106
REC 15 7 13 : 27 71 92 106 113
REC 12 7 16 : 27 71 92 113
REC 12 7 16 : 27 71 92 114
REC 9 7 19 : 27 71 105
REC 12 7 16 : 27 71 105 114
REC 12 6 17 : 27 71 105 116
REC 9 7 19 : 27 71 106
REC 12 7 16 : 27 71 106 113
REC 12 6 17 : 27 71 106 116
REC 9 6 20 : 27 71 108
REC 12 6 17 : 27 71 108 113
REC 12 6 17 : 27 71 108 114
REC 9 7 19 : 27 71 113
REC 9 7 19 : 27 71 114
REC 9 6 20 : 27 71 116
REC 9 6 20 : 27 71 120
REC 15 5 15 : 27 71 124
REC 6 7 22 : 27 77
REC 9 7 19 : 27 77 86
REC 12 7 16 : 27 77 86 99
REC 15 7 13 : 27 77 86 99 120
REC 12 7 16 : 27 77 86 106
REC 15 7 13 : 27 77 86 106 113
REC 12 7 16 : 27 77 86 113
REC 12 7 16 : 27 77 86 120
REC 9 7 19 : 27 77 99
REC 12 6 17 : 27 77 99 116
REC 12 7 16 : 27 77 99 120
REC 9 6 20 : 27 77 102
REC 12 6 17 : 27 77 102 113
REC 12 6 17 : 27 77 102 120
REC 9 7 19 : 27 77 106
REC 12 7 16 : 27 77 106 113
REC 12 6 17 : 27 77 106 116
REC 9 7 19 : 27 77 113
REC 9 6 20 : 27 77 114
REC 9 6 20 : 27 77 116
REC 15 5 15 : 27 77 118
REC 9 7 19 : 27 77 120
REC 6 7 22 : 27 78
REC 9 7 19 : 27 78 85
REC 12 7 16 : 27 78 85 99
REC 15 7 13 : 27 78 85 99 120
REC 12 7 16 : 27 78 85 105
REC 15 7 13 : 27 78 85 105 114
REC 12 7 16 : 27 78 85 114
REC 12 7 16 : 27 78 85 120
REC 9 7 19 : 27 78 99
REC 12 6 17 : 27 78 99 116
REC 12 7 16 : 27 78 99 120
REC 9 6 20 : 27 78 101
REC 12 6 17 : 27 78 101 114
REC 12 6 17 : 27 78 101 120
REC 9 7 19 : 27 78 105
REC 12 7 16 : 27 78 105 114
REC 12 6 17 : 27 78 105 116
REC 9 6 20 : 27 78 113
REC 9 7 19 : 27 78 114
REC 9 6 20 : 27 78 116
REC 15 5 15 : 27 78 117
REC 9 7 19 : 27 78 120
REC 6 7 22 : 27 85
REC 9 7 19 : 27 85 99
REC 12 6 17 : 27 85 99 108
REC 12 7 16 : 27 85 99 120
REC 9 6 20 : 27 85 102
REC 12 6 17 : 27 85 102 105
REC 12 6 17 : 27 85 102 120
REC 9 7 19 : 27 85 105
REC 12 7 16 : 27 85 105 114
REC 9 6 20 : 27 85 106
REC 9 6 20 : 27 85 108
REC 12 6 17 : 27 85 108 114
REC 15 5 15 : 27 85 110
REC 9 7 19 : 27 85 114
REC 9 7 19 : 27 85 120
REC 6 7 22 : 27 86
REC 9 7 19 : 27 86 99
REC 12 6 17 : 27 86 99 108
REC 12 7 16 : 27 86 99 120
REC 9 6 20 : 27 86 101
REC 12 6 17 : 27 86 101 106
REC 12 6 17 : 27 86 101 120
REC 9 6 20 : 27 86 105
REC 9 7 19 : 27 86 106
REC 12 7 16 : 27 86 106 113
REC 9 6 20 : 27 86 108
REC 12 6 17 : 27 86 108 113
REC 15 5 15 : 27 86 109
REC 9 7 19 : 27 86 113
REC 9 7 19 : 27 86 120
REC 6 7 22 : 27 92
REC 9 6 20 : 27 92 99
REC 9 6 20 : 27 92 101
REC 12 6 17 : 27 92 101 106
REC 12 6 17 : 27 92 101 114
REC 9 6 20 : 27 92 102
REC 12 6 17 : 27 92 102 105
REC 12 6 17 : 27 92 102 113
REC 15 5 15 : 27 92 103
REC 9 7 19 : 27 92 105
REC 12 7 16 : 27 92 105 114
REC 9 7 19 : 27 92 106
REC 12 7 16 : 27 92 106 113
REC 9 7 19 : 27 92 113
REC 9 7 19 : 27 92 114
REC 6 7 22 : 27 99
REC 9 6 20 : 27 99 108
REC 9 6 20 : 27 99 116
REC 9 7 19 : 27 99 120
REC 15 5 15 : 27 99 124
REC 6 6 23 : 27 101
REC 9 6 20 : 27 101 106
REC 9 6 20 : 27 101 114
REC 9 6 20 : 27 101 120
REC 6 6 23 : 27 102
REC 9 6 20 : 27 102 105
REC 9 6 20 : 27 102 113
REC 9 6 20 : 27 102 120
REC 12 5 18 : 27 103
REC 15 5 15 : 27 103 120
REC 6 7 22 : 27 105
REC 9 7 19 : 27 105 114
REC 9 6 20 : 27 105 116
REC 15 5 15 : 27 105 118
REC 6 7 22 : 27 106
REC 9 7 19 : 27 106 113
REC 9 6 20 : 27 106 116
REC 15 5 15 : 27 106 117
REC 6 6 23 : 27 108
REC 9 6 20 : 27 108 113
REC 9 6 20 : 27 108 114
REC 12 5 18 : 27 109
REC 15 5 15 : 27 109 114
REC 12 5 18 : 27 110
REC 15 5 15 : 27 110 113
REC 6 7 22 : 27 113
REC 6 7 22 : 27 114
REC 6 6 23 : 27 116
REC 12 5 18 : 27 117
REC 12 5 18 : 27 118
REC 6 7 22 : 27 120
REC 12 5 18 : 27 124
REC 3 7 25 : 29
REC 6 7 22 : 29 39
REC 9 7 19 : 29 39 58
REC 12 7 16 : 29 39 58 75
REC 15 7 13 : 29 39 58 75 86
REC 18 7 10 : 29 39 58 75 86 108
REC 21 7 7 : 29 39 58 75 86 108 113
REC 18 7 10 : 29 39 58 75 86 113
REC 15 7 13 : 29 39 58 75 108
REC 18 7 10 : 29 39 58 75 108 113
REC 15 7 13 : 29 39 58 75 113
REC 15 6 14 : 29 39 58 75 116
REC 12 7 16 : 29 39 58 78
REC 15 7 13 : 29 39 58 78 83
REC 18 7 10 : 29 39 58 78 83 105
REC 21 7 7 : 29 39 58 78 83 105 116
REC 18 7 10 : 29 39 58 78 83 116
REC 15 7 13 : 29 39 58 78 105
REC 18 7 10 : 29 39 58 78 105 116
REC 15 6 14 : 29 39 58 78 113
REC 15 7 13 : 29 39 58 78 116
REC 12 7 16 : 29 39 58 83
REC 15 7 13 : 29 39 58 83 105
REC 18 7 10 : 29 39 58 83 105 116
REC 15 6 14 : 29 39 58 83 108
REC 15 7 13 : 29 39 58 83 116
REC 12 7 16 : 29 39 58 86
REC 15 6 14 : 29 39 58 86 105
REC 15 7 13 : 29 39 58 86 108
REC 18 7 10 : 29 39 58 86 108 113
REC 15 7 13 : 29 39 58 86 113
REC 12 7 16 : 29 39 58 105
REC 15 7 13 : 29 39 58 105 116
REC 12 7 16 : 29 39 58 108
REC 15 7 13 : 29 39 58 108 113
REC 12 7 16 : 29 39 58 113
REC 12 7 16 : 29 39 58 116
REC 9 7 19 : 29 39 75
REC 12 7 16 : 29 39 75 86
REC 15 7 13 : 29 39 75 86 108
REC 18 7 10 : 29 39 75 86 108 113
REC 15 7 13 : 29 39 75 86 113
REC 15 6 14 : 29 39 75 86 120
REC 12 7 16 : 29 39 75 108
REC 15 7 13 : 29 39 75 108 113
REC 15 6 14 : 29 39 75 108 114
REC 12 7 16 : 29 39 75 113
REC 12 6 17 : 29 39 75 114
REC 12 6 17 : 29 39 75 116
REC 12 6 17 : 29 39 75 120
REC 9 7 19 : 29 39 78
REC 12 7 16 : 29 39 78 83
REC 15 7 13 : 29 39 78 83 105
REC 18 7 10 : 29 39 78 83 105 116
REC 15 7 13 : 29 39 78 83 116
REC 15 6 14 : 29 39 78 83 120
REC 12 7 16 : 29 39 78 105
REC 15 6 14 : 29 39 78 105 114
REC 15 7 13 : 29 39 78 105 116
REC 12 6 17 : 29 39 78 113
REC 12 6 17 : 29 39 78 114
REC 12 7 16 : 29 39 78 116
REC 12 6 17 : 29 39 78 120
REC 9 7 19 : 29 39 83
REC 12 7 16 : 29 39 83 105
REC 15 7 13 : 29 39 83 105 116
REC 12 6 17 : 29 39 83 106
REC 15 6 14 : 29 39 83 106 116
REC 12 6 17 : 29 39 83 108
REC 12 7 16 : 29 39 83 116
REC 12 6 17 : 29 39 83 120
REC 9 7 19 : 29 39 86
REC 12 6 17 : 29 39 86 105
REC 12 6 17 : 29 39 86 106
REC 15 6 14 : 29 39 86 106 113
REC 12 7 16 : 29 39 86 108
REC 15 7 13 : 29 39 86 108 113
REC 12 7 16 : 29 39 86 113
REC 12 6 17 : 29 39 86 120
REC 9 6 20 : 29 39 90
REC 12 6 17 : 29 39 90 105
REC 15 6 14 : 29 39 90 105 116
REC 12 6 17 : 29 39 90 108
REC 15 6 14 : 29 39 90 108 113
REC 12 6 17 : 29 39 90 113
REC 12 6 17 : 29 39 90 116
REC 9 7 19 : 29 39 105
REC 12 6 17 : 29 39 105 114
REC 12 7 16 : 29 39 105 116
REC 9 6 20 : 29 39 106
REC 12 6 17 : 29 39 106 113
REC 12 6 17 : 29 39 106 116
REC 9 7 19 : 29 39 108
REC 12 7 16 : 29 39 108 113
REC 12 6 17 : 29 39 108 114
REC 9 7 19 : 29 39 113
REC 9 6 20 : 29 39 114
REC 9 7 19 : 29 39 116
REC 9 6 20 : 29 39 120
REC 15 5 15 : 29 39 122
REC 6 7 22 : 29 43
REC 9 7 19 : 29 43 54
REC 12 7 16 : 29 43 54 71
REC 15 7 13 : 29 43 54 71 90
REC 18 7 10 : 29 43 54 71 90 108
REC 21 7 7 : 29 43 54 71 90 108 113
REC 18 7 10 : 29 43 54 71 90 113
REC 15 7 13 : 29 43 54 71 108
REC 18 7 10 : 29 43 54 71 108 113
REC 15 7 13 : 29 43 54 71 113
REC 15 6 14 : 29 43 54 71 120
REC 12 7 16 : 29 43 54 78
REC 15 7 13 : 29 43 54 78 83
REC 18 7 10 : 29 43 54 78 83 101
REC 21 7 7 : 29 43 54 78 83 101 120
REC 18 7 10 : 29 43 54 78 83 120
REC 15 7 13 : 29 43 54 78 101
REC 18 7 10 : 29 43 54 78 101 120
REC 15 6 14 : 29 43 54 78 113
REC 15 7 13 : 29 43 54 78 120
REC 12 7 16 : 29 43 54 83
REC 15 7 13 : 29 43 54 83 101
REC 18 7 10 : 29 43 54 83 101 120
REC 15 6 14 : 29 43 54 83 108
REC 15 7 13 : 29 43 54 83 120
REC 12 7 16 : 29 43 54 90
REC 15 6 14 : 29 43 54 90 101
REC 15 7 13 : 29 43 54 90 108
REC 18 7 10 : 29 43 54 90 108 113
REC 15 7 13 : 29 43 54 90 113
REC 12 7 16 : 29 43 54 101
REC 15 7 13 : 29 43 54 101 120
REC 12 7 16 : 29 43 54 108
REC 15 7 13 : 29 43 54 108 113
REC 12 7 16 : 29 43 54 113
REC 12 7 16 : 29 43 54 120
REC 9 7 19 : 29 43 71
REC 12 7 16 : 29 43 71 90
REC 15 7 13 : 29 43 71 90 108
REC 18 7 10 : 29 43 71 90 108 113
REC 15 7 13 : 29 43 71 90 113
REC 15 6 14 : 29 43 71 90 116
REC 12 7 16 : 29 43 71 108
REC 15 7 13 : 29 43 71 108 113
REC 15 6 14 : 29 43 71 108 114
REC 12 7 16 : 29 43 71 113
REC 12 6 17 : 29 43 71 114
REC 12 6 17 : 29 43 71 116
REC 12 6 17 : 29 43 71 120
REC 9 7 19 : 29 43 78
REC 12 7 16 : 29 43 78 83
REC 15 7 13 : 29 43 78 83 101
REC 18 7 10 : 29 43 78 83 101 120
REC 15 6 14 : 29 43 78 83 116
REC 15 7 13 : 29 43 78 83 120
REC 12 7 16 : 29 43 78 101
REC 15 6 14 : 29 43 78 101 114
REC 15 7 13 : 29 43 78 101 120
REC 12 6 17 : 29 43 78 113
REC 12 6 17 : 29 43 78 114
REC 12 6 17 : 29 43 78 116
REC 12 7 16 : 29 43 78 120
REC 9 7 19 : 29 43 83
REC 12 7 16 : 29 43 83 101
REC 15 7 13 : 29 43 83 101 120
REC 12 6 17 : 29 43 83 102
REC 15 6 14 : 29 43 83 102 120
REC 12 6 17 : 29 43 83 108
REC 12 6 17 : 29 43 83 116
REC 12 7 16 : 29 43 83 120
REC 9 6 20 : 29 43 86
REC 12 6 17 : 29 43 86 101
REC 15 6 14 : 29 43 86 101 120
REC 12 6 17 : 29 43 86 108
REC 15 6 14 : 29 43 86 108 113
REC 12 6 17 : 29 43 86 113
REC 12 6 17 : 29 43 86 120
REC 9 7 19 : 29 43 90
REC 12 6 17 : 29 43 90 101
REC 12 6 17 : 29 43 90 102
REC 15 6 14 : 29 43 90 102 113
REC 12 7 16 : 29 43 90 108
REC 15 7 13 : 29 43 90 108 113
REC 12 7 16 : 29 43 90 113
REC 12 6 17 : 29 43 90 116
REC 9 7 19 : 29 43 101
REC 12 6 17 : 29 43 101 114
REC 12 7 16 : 29 43 101 120
REC 9 6 20 : 29 43 102
REC 12 6 17 : 29 43 102 113
REC 12 6 17 : 29 43 102 120
REC 9 7 19 : 29 43 108
REC 12 7 16 : 29 43 108 113
REC 12 6 17 : 29 43 108 114
REC 9 7 19 : 29 43 113
REC 9 6 20 : 29 43 114
REC 9 6 20 : 29 43 116
REC 15 5 15 : 29 43 118
REC 9 7 19 : 29 43 120
REC 6 7 22 : 29 46
REC 9 7 19 : 29 46 51
REC 12 7 16 : 29 46 51 71
REC 15 7 13 : 29 46 51 71 90
REC 18 7 10 : 29 46 51 71 90 105
REC 21 7 7 : 29 46 51 71 90 105 116
REC 18 7 10 : 29 46 51 71 90 116
REC 15 7 13 : 29 46 51 71 105
REC 18 7 10 : 29 46 51 71 105 116
REC 15 7 13 : 29 46 51 71 116
REC 15 6 14 : 29 46 51 71 120
REC 12 7 16 : 29 46 51 75
REC 15 7 13 : 29 46 51 75 86
REC 18 7 10 : 29 46 51 75 86 101
REC 21 7 7 : 29 46 51 75 86 101 120
REC 18 7 10 : 29 46 51 75 86 120
REC 15 7 13 : 29 46 51 75 101
REC 18 7 10 : 29 46 51 75 101 120
REC 15 6 14 : 29 46 51 75 116
REC 15 7 13 : 29 46 51 75 120
REC 12 7 16 : 29 46 51 86
REC 15 7 13 : 29 46 51 86 101
REC 18 7 10 : 29 46 51 86 101 120
REC 15 6 14 : 29 46 51 86 105
REC 15 7 13 : 29 46 51 86 120
REC 12 7 16 : 29 46 51 90
REC 15 6 14 : 29 46 51 90 101
REC 15 7 13 : 29 46 51 90 105
REC 18 7 10 : 29 46 51 90 105 116
REC 15 7 13 : 29 46 51 90 116
REC 12 7 16 : 29 46 51 101
REC 15 7 13 : 29 46 51 101 120
REC 12 7 16 : 29 46 51 105
REC 15 7 13 : 29 46 51 105 116
REC 12 7 16 : 29 46 51 116
REC 12 7 16 : 29 46 51 120
REC 9 7 19 : 29 46 71
REC 12 7 16 : 29 46 71 90
REC 15 7 13 : 29 46 71 90 105
REC 18 7 10 : 29 46 71 90 105 116
REC 15 6 14 : 29 46 71 90 113
REC 15 7 13 : 29 46 71 90 116
REC 12 7 16 : 29 46 71 105
REC 15 6 14 : 29 46 71 105 114
REC 15 7 13 : 29 46 71 105 116
REC 12 6 17 : 29 46 71 113
REC 12 6 17 : 29 46 71 114
REC 12 7 16 : 29 46 71 116
REC 12 6 17 : 29 46 71 120
REC 9 7 19 : 29 46 75
REC 12 7 16 : 29 46 75 86
REC 15 7 13 : 29 46 75 86 101
REC 18 7 10 : 29 46 75 86 101 120
REC 15 6 14 : 29 46 75 86 113
REC 15 7 13 : 29 46 75 86 120
REC 12 7 16 : 29 46 75 101
REC 15 6 14 : 29 46 75 101 114
REC 15 7 13 : 29 46 75 101 120
REC 12 6 17 : 29 46 75 113
REC 12 6 17 : 29 46 75 114
REC 12 6 17 : 29 46 75 116
REC 12 7 16 : 29 46 75 120
REC 9 6 20 : 29 46 83
REC 12 6 17 : 29 46 83 101
REC 15 6 14 : 29 46 83 101 120
REC 12 6 17 : 29 46 83 105
REC 15 6 14 : 29 46 83 105 116
REC 12 6 17 : 29 46 83 116
REC 12 6 17 : 29 46 83 120
REC 9 7 19 : 29 46 86
REC 12 6 17 : 29 46 86 99
REC 15 6 14 : 29 46 86 99 120
REC 12 7 16 : 29 46 86 101
REC 15 7 13 : 29 46 86 101 120
REC 12 6 17 : 29 46 86 105
REC 12 6 17 : 29 46 86 113
REC 12 7 16 : 29 46 86 120
REC 9 7 19 : 29 46 90
REC 12 6 17 : 29 46 90 99
REC 15 6 14 : 29 46 90 99 116
REC 12 6 17 : 29 46 90 101
REC 12 7 16 : 29 46 90 105
REC 15 7 13 : 29 46 90 105 116
REC 12 6 17 : 29 46 90 113
REC 12 7 16 : 29 46 90 116
REC 9 6 20 : 29 46 99
REC 12 6 17 : 29 46 99 116
REC 12 6 17 : 29 46 99 120
REC 9 7 19 : 29 46 101
REC 12 6 17 : 29 46 101 114
REC 12 7 16 : 29 46 101 120
REC 9 7 19 : 29 46 105
REC 12 6 17 : 29 46 105 114
REC 12 7 16 : 29 46 105 116
REC 9 6 20 : 29 46 113
REC 9 6 20 : 29 46 114
REC 15 5 15 : 29 46 115
REC 9 7 19 : 29 46 116
REC 9 7 19 : 29 46 120
REC 6 7 22 : 29 51
REC 9 7 19 : 29 51 71
REC 12 7 16 : 29 51 71 90
REC 15 7 13 : 29 51 71 90 105
REC 18 7 10 : 29 51 71 90 105 116
REC 15 6 14 : 29 51 71 90 108
REC 15 7 13 : 29 51 71 90 116
REC 12 7 16 : 29 51 71 105
REC 15 7 13 : 29 51 71 105 116
REC 12 6 17 : 29 51 71 106
REC 15 6 14 : 29 51 71 106 116
REC 12 6 17 : 29 51 71 108
REC 12 7 16 : 29 51 71 116
REC 12 6 17 : 29 51 71 120
REC 9 7 19 : 29 51 75
REC 12 7 16 : 29 51 75 86
REC 15 7 13 : 29 51 75 86 101
REC 18 7 10 : 29 51 75 86 101 120
REC 15 6 14 : 29 51 75 86 108
REC 15 7 13 : 29 51 75 86 120
REC 12 7 16 : 29 51 75 101
REC 15 7 13 : 29 51 75 101 120
REC 12 6 17 : 29 51 75 102
REC 15 6 14 : 29 51 75 102 120
REC 12 6 17 : 29 51 75 108
REC 12 6 17 : 29 51 75 116
REC 12 7 16 : 29 51 75 120
REC 9 6 20 : 29 51 78
REC 12 6 17 : 29 51 78 101
REC 15 6 14 : 29 51 78 101 120
REC 12 6 17 : 29 51 78 105
REC 15 6 14 : 29 51 78 105 116
REC 12 6 17 : 29 51 78 116
REC 12 6 17 : 29 51 78 120
REC 9 7 19 : 29 51 86
REC 12 7 16 : 29 51 86 101
REC 15 6 14 : 29 51 86 101 106
REC 15 7 13 : 29 51 86 101 120
REC 12 6 17 : 29 51 86 105
REC 12 6 17 : 29 51 86 106
REC 12 6 17 : 29 51 86 108
REC 12 7 16 : 29 51 86 120
REC 9 7 19 : 29 51 90
REC 12 6 17 : 29 51 90 101
REC 12 6 17 : 29 51 90 102
REC 15 6 14 : 29 51 90 102 105
REC 12 7 16 : 29 51 90 105
REC 15 7 13 : 29 51 90 105 116
REC 12 6 17 : 29 51 90 108
REC 12 7 16 : 29 51 90 116
REC 9 7 19 : 29 51 101
REC 12 6 17 : 29 51 101 106
REC 12 7 16 : 29 51 101 120
REC 9 6 20 : 29 51 102
REC 12 6 17 : 29 51 102 105
REC 12 6 17 : 29 51 102 120
REC 9 7 19 : 29 51 105
REC 12 7 16 : 29 51 105 116
REC 9 6 20 : 29 51 106
REC 12 6 17 : 29 51 106 116
REC 9 6 20 : 29 51 108
REC 15 5 15 : 29 51 110
REC 9 7 19 : 29 51 116
REC 9 7 19 : 29 51 120
REC 6 7 22 : 29 54
REC 9 7 19 : 29 54 71
REC 12 7 16 : 29 54 71 90
REC 15 6 14 : 29 54 71 90 105
REC 15 7 13 : 29 54 71 90 108
REC 18 7 10 : 29 54 71 90 108 113
REC 15 7 13 : 29 54 71 90 113
REC 12 6 17 : 29 54 71 105
REC 12 6 17 : 29 54 71 106
REC 15 6 14 : 29 54 71 106 113
REC 12 7 16 : 29 54 71 108
REC 15 7 13 : 29 54 71 108 113
REC 12 7 16 : 29 54 71 113
REC 12 6 17 : 29 54 71 120
REC 9 6 20 : 29 54 75
REC 12 6 17 : 29 54 75 101
REC 15 6 14 : 29 54 75 101 120
REC 12 6 17 : 29 54 75 108
REC 15 6 14 : 29 54 75 108 113
REC 12 6 17 : 29 54 75 113
REC 12 6 17 : 29 54 75 120
REC 9 7 19 : 29 54 78
REC 12 7 16 : 29 54 78 83
REC 15 7 13 : 29 54 78 83 101
REC 18 7 10 : 29 54 78 83 101 120
REC 15 6 14 : 29 54 78 83 105
REC 15 7 13 : 29 54 78 83 120
REC 12 6 17 : 29 54 78 99
REC 15 6 14 : 29 54 78 99 120
REC 12 7 16 : 29 54 78 101
REC 15 7 13 : 29 54 78 101 120
REC 12 6 17 : 29 54 78 105
REC 12 6 17 : 29 54 78 113
REC 12 7 16 : 29 54 78 120
REC 9 7 19 : 29 54 83
REC 12 7 16 : 29 54 83 101
REC 15 6 14 : 29 54 83 101 106
REC 15 7 13 : 29 54 83 101 120
REC 12 6 17 : 29 54 83 105
REC 12 6 17 : 29 54 83 106
REC 12 6 17 : 29 54 83 108
REC 12 7 16 : 29 54 83 120
REC 9 7 19 : 29 54 90
REC 12 6 17 : 29 54 90 99
REC 15 6 14 : 29 54 90 99 108
REC 12 6 17 : 29 54 90 101
REC 12 6 17 : 29 54 90 105
REC 12 7 16 : 29 54 90 108
REC 15 7 13 : 29 54 90 108 113
REC 12 7 16 : 29 54 90 113
REC 9 6 20 : 29 54 99
REC 12 6 17 : 29 54 99 108
REC 12 6 17 : 29 54 99 120
REC 9 7 19 : 29 54 101
REC 12 6 17 : 29 54 101 106
REC 12 7 16 : 29 54 101 120
REC 9 6 20 : 29 54 105
REC 9 6 20 : 29 54 106
REC 12 6 17 : 29 54 106 113
REC 15 5 15 : 29 54 107
REC 9 7 19 : 29 54 108
REC 12 7 16 : 29 54 108 113
REC 9 7 19 : 29 54 113
REC 9 7 19 : 29 54 120
REC 6 7 22 : 29 58
REC 9 6 20 : 29 58 71
REC 12 6 17 : 29 58 71 105
REC 15 6 14 : 29 58 71 105 116
REC 12 6 17 : 29 58 71 108
REC 15 6 14 : 29 58 71 108 113
REC 12 6 17 : 29 58 71 113
REC 12 6 17 : 29 58 71 116
REC 9 7 19 : 29 58 75
REC 12 7 16 : 29 58 75 86
REC 15 6 14 : 29 58 75 86 101
REC 15 7 13 : 29 58 75 86 108
REC 18 7 10 : 29 58 75 86 108 113
REC 15 7 13 : 29 58 75 86 113
REC 12 6 17 : 29 58 75 101
REC 12 6 17 : 29 58 75 102
REC 15 6 14 : 29 58 75 102 113
REC 12 7 16 : 29 58 75 108
REC 15 7 13 : 29 58 75 108 113
REC 12 7 16 : 29 58 75 113
REC 12 6 17 : 29 58 75 116
REC 9 7 19 : 29 58 78
REC 12 7 16 : 29 58 78 83
REC 15 6 14 : 29 58 78 83 101
REC 15 7 13 : 29 58 78 83 105
REC 18 7 10 : 29 58 78 83 105 116
REC 15 7 13 : 29 58 78 83 116
REC 12 6 17 : 29 58 78 99
REC 15 6 14 : 29 58 78 99 116
REC 12 6 17 : 29 58 78 101
REC 12 7 16 : 29 58 78 105
REC 15 7 13 : 29 58 78 105 116
REC 12 6 17 : 29 58 78 113
REC 12 7 16 : 29 58 78 116
REC 9 7 19 : 29 58 83
REC 12 6 17 : 29 58 83 101
REC 12 6 17 : 29 58 83 102
REC 15 6 14 : 29 58 83 102 105
REC 12 7 16 : 29 58 83 105
REC 15 7 13 : 29 58 83 105 116
REC 12 6 17 : 29 58 83 108
REC 12 7 16 : 29 58 83 116
REC 9 7 19 : 29 58 86
REC 12 6 17 : 29 58 86 99
REC 15 6 14 : 29 58 86 99 108
REC 12 6 17 : 29 58 86 101
REC 12 6 17 : 29 58 86 105
REC 12 7 16 : 29 58 86 108
REC 15 7 13 : 29 58 86 108 113
REC 12 7 16 : 29 58 86 113
REC 9 6 20 : 29 58 99
REC 12 6 17 : 29 58 99 108
REC 12 6 17 : 29 58 99 116
REC 9 6 20 : 29 58 101
REC 9 6 20 : 29 58 102
REC 12 6 17 : 29 58 102 105
REC 12 6 17 : 29 58 102 113
REC 15 5 15 : 29 58 103
REC 9 7 19 : 29 58 105
REC 12 7 16 : 29 58 105 116
REC 9 7 19 : 29 58 108
REC 12 7 16 : 29 58 108 113
REC 9 7 19 : 29 58 113
REC 9 7 19 : 29 58 116
REC 6 7 22 : 29 71
REC 9 7 19 : 29 71 90
REC 12 7 16 : 29 71 90 105
REC 15 7 13 : 29 71 90 105 116
REC 12 7 16 : 29 71 90 108
REC 15 7 13 : 29 71 90 108 113
REC 12 7 16 : 29 71 90 113
REC 12 7 16 : 29 71 90 116
REC 9 7 19 : 29 71 105
REC 12 6 17 : 29 71 105 114
REC 12 7 16 : 29 71 105 116
REC 9 6 20 : 29 71 106
REC 12 6 17 : 29 71 106 113
REC 12 6 17 : 29 71 106 116
REC 9 7 19 : 29 71 108
REC 12 7 16 : 29 71 108 113
REC 12 6 17 : 29 71 108 114
REC 9 7 19 : 29 71 113
REC 9 6 20 : 29 71 114
REC 9 7 19 : 29 71 116
REC 9 6 20 : 29 71 120
REC 15 5 15 : 29 71 122
REC 6 7 22 : 29 75
REC 9 7 19 : 29 75 86
REC 12 7 16 : 29 75 86 101
REC 15 7 13 : 29 75 86 101 120
REC 12 7 16 : 29 75 86 108
REC 15 7 13 : 29 75 86 108 113
REC 12 7 16 : 29 75 86 113
REC 12 7 16 : 29 75 86 120
REC 9 7 19 : 29 75 101
REC 12 6 17 : 29 75 101 114
REC 12 7 16 : 29 75 101 120
REC 9 6 20 : 29 75 102
REC 12 6 17 : 29 75 102 113
REC 12 6 17 : 29 75 102 120
REC 9 7 19 : 29 75 108
REC 12 7 16 : 29 75 108 113
REC 12 6 17 : 29 75 108 114
REC 9 7 19 : 29 75 113
REC 9 6 20 : 29 75 114
REC 9 6 20 : 29 75 116
REC 15 5 15 : 29 75 118
REC 9 7 19 : 29 75 120
REC 6 7 22 : 29 78
REC 9 7 19 : 29 78 83
REC 12 7 16 : 29 78 83 101
REC 15 7 13 : 29 78 83 101 120
REC 12 7 16 : 29 78 83 105
REC 15 7 13 : 29 78 83 105 116
REC 12 7 16 : 29 78 83 116
REC 12 7 16 : 29 78 83 120
REC 9 6 20 : 29 78 99
REC 12 6 17 : 29 78 99 116
REC 12 6 17 : 29 78 99 120
REC 9 7 19 : 29 78 101
REC 12 6 17 : 29 78 101 114
REC 12 7 16 : 29 78 101 120
REC 9 7 19 : 29 78 105
REC 12 6 17 : 29 78 105 114
REC 12 7 16 : 29 78 105 116
REC 9 6 20 : 29 78 113
REC 9 6 20 : 29 78 114
REC 15 5 15 : 29 78 115
REC 9 7 19 : 29 78 116
REC 9 7 19 : 29 78 120
REC 6 7 22 : 29 83
REC 9 7 19 : 29 83 101
REC 12 6 17 : 29 83 101 106
REC 12 7 16 : 29 83 101 120
REC 9 6 20 : 29 83 102
REC 12 6 17 : 29 83 102 105
REC 12 6 17 : 29 83 102 120
REC 9 7 19 : 29 83 105
REC 12 7 16 : 29 83 105 116
REC 9 6 20 : 29 83 106
REC 12 6 17 : 29 83 106 116
REC 9 6 20 : 29 83 108
REC 15 5 15 : 29 83 110
REC 9 7 19 : 29 83 116
REC 9 7 19 : 29 83 120
REC 6 7 22 : 29 86
REC 9 6 20 : 29 86 99
REC 12 6 17 : 29 86 99 108
REC 12 6 17 : 29 86 99 120
REC 9 7 19 : 29 86 101
REC 12 6 17 : 29 86 101 106
REC 12 7 16 : 29 86 101 120
REC 9 6 20 : 29 86 105
REC 9 6 20 : 29 86 106
REC 12 6 17 : 29 86 106 113
REC 15 5 15 : 29 86 107
REC 9 7 19 : 29 86 108
REC 12 7 16 : 29 86 108 113
REC 9 7 19 : 29 86 113
REC 9 7 19 : 29 86 120
REC 6 7 22 : 29 90
REC 9 6 20 : 29 90 99
REC 12 6 17 : 29 90 99 108
REC 12 6 17 : 29 90 99 116
REC 9 6 20 : 29 90 101
REC 9 6 20 : 29 90 102
REC 12 6 17 : 29 90 102 105
REC 12 6 17 : 29 90 102 113
REC 15 5 15 : 29 90 103
REC 9 7 19 : 29 90 105
REC 12 7 16 : 29 90 105 116
REC 9 7 19 : 29 90 108
REC 12 7 16 : 29 90 108 113
REC 9 7 19 : 29 90 113
REC 9 7 19 : 29 90 116
REC 6 6 23 : 29 99
REC 9 6 20 : 29 99 108
REC 9 6 20 : 29 99 116
REC 9 6 20 : 29 99 120
REC 6 7 22 : 29 101
REC 9 6 20 : 29 101 106
REC 9 6 20 : 29 101 114
REC 9 7 19 : 29 101 120
REC 15 5 15 : 29 101 122
REC 6 6 23 : 29 102
REC 9 6 20 : 29 102 105
REC 9 6 20 : 29 102 113
REC 9 6 20 : 29 102 120
REC 12 5 18 : 29 103
REC 15 5 15 : 29 103 120
REC 6 7 22 : 29 105
REC 9 6 20 : 29 105 114
REC 9 7 19 : 29 105 116
REC 15 5 15 : 29 105 118
REC 6 6 23 : 29 106
REC 9 6 20 : 29 106 113
REC 9 6 20 : 29 106 116
REC 12 5 18 : 29 107
REC 15 5 15 : 29 107 116
REC 6 7 22 : 29 108
REC 9 7 19 : 29 108 113
REC 9 6 20 : 29 108 114
REC 15 5 15 : 29 108 115
REC 12 5 18 : 29 110
REC 15 5 15 : 29 110 113
REC 6 7 22 : 29 113
REC 6 6 23 : 29 114
REC 12 5 18 : 29 115
REC 6 7 22 : 29 116
REC 12 5 18 : 29 118
REC 6 7 22 : 29 120
REC 12 5 18 : 29 122
REC 3 7 25 : 30
REC 6 7 22 : 30 39
REC 9 7 19 : 30 39 57
REC 12 7 16 : 30 39 57 75
REC 15 7 13 : 30 39 57 75 85
REC 18 7 10 : 30 39 57 75 85 108
REC 21 7 7 : 30 39 57 75 85 108 114
REC 18 7 10 : 30 39 57 75 85 114
REC 15 7 13 : 30 39 57 75 108
REC 18 7 10 : 30 39 57 75 108 114
REC 15 7 13 : 30 39 57 75 114
REC 15 6 14 : 30 39 57 75 116
REC 12 7 16 : 30 39 57 77
REC 15 7 13 : 30 39 57 77 83
REC 18 7 10 : 30 39 57 77 83 106
REC 21 7 7 : 30 39 57 77 83 106 116
REC 18 7 10 : 30 39 57 77 83 116
REC 15 7 13 : 30 39 57 77 106
REC 18 7 10 : 30 39 57 77 106 116
REC 15 6 14 : 30 39 57 77 114
REC 15 7 13 : 30 39 57 77 116
REC 12 7 16 : 30 39 57 83
REC 15 7 13 : 30 39 57 83 106
REC 18 7 10 : 30 39 57 83 106 116
REC 15 6 14 : 30 39 57 83 108
REC 15 7 13 : 30 39 57 83 116
REC 12 7 16 : 30 39 57 85
REC 15 6 14 : 30 39 57 85 106
REC 15 7 13 : 30 39 57 85 108
REC 18 7 10 : 30 39 57 85 108 114
REC 15 7 13 : 30 39 57 85 114
REC 12 7 16 : 30 39 57 106
REC 15 7 13 : 30 39 57 106 116
REC 12 7 16 : 30 39 57 108
REC 15 7 13 : 30 39 57 108 114
REC 12 7 16 : 30 39 57 114
REC 12 7 16 : 30 39 57 116
REC 9 7 19 : 30 39 75
REC 12 7 16 : 30 39 75 85
REC 15 7 13 : 30 39 75 85 108
REC 18 7 10 : 30 39 75 85 108 114
REC 15 7 13 : 30 39 75 85 114
REC 15 6 14 : 30 39 75 85 120
REC 12 7 16 : 30 39 75 108
REC 15 6 14 : 30 39 75 108 113
REC 15 7 13 : 30 39 75 108 114
REC 12 6 17 : 30 39 75 113
REC 12 7 16 : 30 39 75 114
REC 12 6 17 : 30 39 75 116
REC 12 6 17 : 30 39 75 120
REC 9 7 19 : 30 39 77
REC 12 7 16 : 30 39 77 83
REC 15 7 13 : 30 39 77 83 106
REC 18 7 10 : 30 39 77 83 106 116
REC 15 7 13 : 30 39 77 83 116
REC 15 6 14 : 30 39 77 83 120
REC 12 7 16 : 30 39 77 106
REC 15 6 14 : 30 39 77 106 113
REC 15 7 13 : 30 39 77 106 116
REC 12 6 17 : 30 39 77 113
REC 12 6 17 : 30 39 77 114
REC 12 7 16 : 30 39 77 116
REC 12 6 17 : 30 39 77 120
REC 9 7 19 : 30 39 83
REC 12 6 17 : 30 39 83 105
REC 15 6 14 : 30 39 83 105 116
REC 12 7 16 : 30 39 83 106
REC 15 7 13 : 30 39 83 106 116
REC 12 6 17 : 30 39 83 108
REC 12 7 16 : 30 39 83 116
REC 12 6 17 : 30 39 83 120
REC 9 7 19 : 30 39 85
REC 12 6 17 : 30 39 85 105
REC 15 6 14 : 30 39 85 105 114
REC 12 6 17 : 30 39 85 106
REC 12 7 16 : 30 39 85 108
REC 15 7 13 : 30 39 85 108 114
REC 12 7 16 : 30 39 85 114
REC 12 6 17 : 30 39 85 120
REC 9 6 20 : 30 39 89
REC 12 6 17 : 30 39 89 106
REC 15 6 14 : 30 39 89 106 116
REC 12 6 17 : 30 39 89 108
REC 15 6 14 : 30 39 89 108 114
REC 12 6 17 : 30 39 89 114
REC 12 6 17 : 30 39 89 116
REC 9 6 20 : 30 39 105
REC 12 6 17 : 30 39 105 114
REC 12 6 17 : 30 39 105 116
REC 9 7 19 : 30 39 106
REC 12 6 17 : 30 39 106 113
REC 12 7 16 : 30 39 106 116
REC 9 7 19 : 30 39 108
REC 12 6 17 : 30 39 108 113
REC 12 7 16 : 30 39 108 114
REC 9 6 20 : 30 39 113
REC 9 7 19 : 30 39 114
REC 9 7 19 : 30 39 116
REC 9 6 20 : 30 39 120
REC 15 5 15 : 30 39 121
REC 6 7 22 : 30 43
REC 9 7 19 : 30 43 53
REC 12 7 16 : 30 43 53 71
REC 15 7 13 : 30 43 53 71 89
REC 18 7 10 : 30 43 53 71 89 108
REC 21 7 7 : 30 43 53 71 89 108 114
REC 18 7 10 : 30 43 53 71 89 114
REC 15 7 13 : 30 43 53 71 108
REC 18 7 10 : 30 43 53 71 108 114
REC 15 7 13 : 30 43 53 71 114
REC 15 6 14 : 30 43 53 71 120
REC 12 7 16 : 30 43 53 77
REC 15 7 13 : 30 43 53 77 83
REC 18 7 10 : 30 43 53 77 83 102
REC 21 7 7 : 30 43 53 77 83 102 120
REC 18 7 10 : 30 43 53 77 83 120
REC 15 7 13 : 30 43 53 77 102
REC 18 7 10 : 30 43 53 77 102 120
REC 15 6 14 : 30 43 53 77 114
REC 15 7 13 : 30 43 53 77 120
REC 12 7 16 : 30 43 53 83
REC 15 7 13 : 30 43 53 83 102
REC 18 7 10 : 30 43 53 83 102 120
REC 15 6 14 : 30 43 53 83 108
REC 15 7 13 : 30 43 53 83 120
REC 12 7 16 : 30 43 53 89
REC 15 6 14 : 30 43 53 89 102
REC 15 7 13 : 30 43 53 89 108
REC 18 7 10 : 30 43 53 89 108 114
REC 15 7 13 : 30 43 53 89 114
REC 12 7 16 : 30 43 53 102
REC 15 7 13 : 30 43 53 102 120
REC 12 7 16 : 30 43 53 108
REC 15 7 13 : 30 43 53 108 114
REC 12 7 16 : 30 43 53 114
REC 12 7 16 : 30 43 53 120
REC 9 7 19 : 30 43 71
REC 12 7 16 : 30 43 71 89
REC 15 7 13 : 30 43 71 89 108
REC 18 7 10 : 30 43 71 89 108 114
REC 15 7 13 : 30 43 71 89 114
REC 15 6 14 : 30 43 71 89 116
REC 12 7 16 : 30 43 71 108
REC 15 6 14 : 30 43 71 108 113
REC 15 7 13 : 30 43 71 108 114
REC 12 6 17 : 30 43 71 113
REC 12 7 16 : 30 43 71 114
REC 12 6 17 : 30 43 71 116
REC 12 6 17 : 30 43 71 120
REC 9 7 19 : 30 43 77
REC 12 7 16 : 30 43 77 83
REC 15 7 13 : 30 43 77 83 102
REC 18 7 10 : 30 43 77 83 102 120
REC 15 6 14 : 30 43 77 83 116
REC 15 7 13 : 30 43 77 83 120
REC 12 7 16 : 30 43 77 102
REC 15 6 14 : 30 43 77 102 113
REC 15 7 13 : 30 43 77 102 120
REC 12 6 17 : 30 43 77 113
REC 12 6 17 : 30 43 77 114
REC 12 6 17 : 30 43 77 116
REC 12 7 16 : 30 43 77 120
REC 9 7 19 : 30 43 83
REC 12 6 17 : 30 43 83 101
REC 15 6 14 : 30 43 83 101 120
REC 12 7 16 : 30 43 83 102
REC 15 7 13 : 30 43 83 102 120
REC 12 6 17 : 30 43 83 108
REC 12 6 17 : 30 43 83 116
REC 12 7 16 : 30 43 83 120
REC 9 6 20 : 30 43 85
REC 12 6 17 : 30 43 85 102
REC 15 6 14 : 30 43 85 102 120
REC 12 6 17 : 30 43 85 108
REC 15 6 14 : 30 43 85 108 114
REC 12 6 17 : 30 43 85 114
REC 12 6 17 : 30 43 85 120
REC 9 7 19 : 30 43 89
REC 12 6 17 : 30 43 89 101
REC 15 6 14 : 30 43 89 101 114
REC 12 6 17 : 30 43 89 102
REC 12 7 16 : 30 43 89 108
REC 15 7 13 : 30 43 89 108 114
REC 12 7 16 : 30 43 89 114
REC 12 6 17 : 30 43 89 116
REC 9 6 20 : 30 43 101
REC 12 6 17 : 30 43 101 114
REC 12 6 17 : 30 43 101 120
REC 9 7 19 : 30 43 102
REC 12 6 17 : 30 43 102 113
REC 12 7 16 : 30 43 102 120
REC 9 7 19 : 30 43 108
REC 12 6 17 : 30 43 108 113
REC 12 7 16 : 30 43 108 114
REC 9 6 20 : 30 43 113
REC 9 7 19 : 30 43 114
REC 9 6 20 : 30 43 116
REC 15 5 15 : 30 43 117
REC 9 7 19 : 30 43 120
REC 6 7 22 : 30 45
REC 9 7 19 : 30 45 51
REC 12 7 16 : 30 45 51 71
REC 15 7 13 : 30 45 51 71 89
REC 18 7 10 : 30 45 51 71 89 106
REC 21 7 7 : 30 45 51 71 89 106 116
REC 18 7 10 : 30 45 51 71 89 116
REC 15 7 13 : 30 45 51 71 106
REC 18 7 10 : 30 45 51 71 106 116
REC 15 7 13 : 30 45 51 71 116
REC 15 6 14 : 30 45 51 71 120
REC 12 7 16 : 30 45 51 75
REC 15 7 13 : 30 45 51 75 85
REC 18 7 10 : 30 45 51 75 85 102
REC 21 7 7 : 30 45 51 75 85 102 120
REC 18 7 10 : 30 45 51 75 85 120
REC 15 7 13 : 30 45 51 75 102
REC 18 7 10 : 30 45 51 75 102 120
REC 15 6 14 : 30 45 51 75 116
REC 15 7 13 : 30 45 51 75 120
REC 12 7 16 : 30 45 51 85
REC 15 7 13 : 30 45 51 85 102
REC 18 7 10 : 30 45 51 85 102 120
REC 15 6 14 : 30 45 51 85 106
REC 15 7 13 : 30 45 51 85 120
REC 12 7 16 : 30 45 51 89
REC 15 6 14 : 30 45 51 89 102
REC 15 7 13 : 30 45 51 89 106
REC 18 7 10 : 30 45 51 89 106 116
REC 15 7 13 : 30 45 51 89 116
REC 12 7 16 : 30 45 51 102
REC 15 7 13 : 30 45 51 102 120
REC 12 7 16 : 30 45 51 106
REC 15 7 13 : 30 45 51 106 116
REC 12 7 16 : 30 45 51 116
REC 12 7 16 : 30 45 51 120
REC 9 7 19 : 30 45 71
REC 12 7 16 : 30 45 71 89
REC 15 7 13 : 30 45 71 89 106
REC 18 7 10 : 30 45 71 89 106 116
REC 15 6 14 : 30 45 71 89 114
REC 15 7 13 : 30 45 71 89 116
REC 12 7 16 : 30 45 71 106
REC 15 6 14 : 30 45 71 106 113
REC 15 7 13 : 30 45 71 106 116
REC 12 6 17 : 30 45 71 113
REC 12 6 17 : 30 45 71 114
REC 12 7 16 : 30 45 71 116
REC 12 6 17 : 30 45 71 120
REC 9 7 19 : 30 45 75
REC 12 7 16 : 30 45 75 85
REC 15 7 13 : 30 45 75 85 102
REC 18 7 10 : 30 45 75 85 102 120
REC 15 6 14 : 30 45 75 85 114
REC 15 7 13 : 30 45 75 85 120
REC 12 7 16 : 30 45 75 102
REC 15 6 14 : 30 45 75 102 113
REC 15 7 13 : 30 45 75 102 120
REC 12 6 17 : 30 45 75 113
REC 12 6 17 : 30 45 75 114
REC 12 6 17 : 30 45 75 116
REC 12 7 16 : 30 45 75 120
REC 9 6 20 : 30 45 83
REC 12 6 17 : 30 45 83 102
REC 15 6 14 : 30 45 83 102 120
REC 12 6 17 : 30 45 83 106
REC 15 6 14 : 30 45 83 106 116
REC 12 6 17 : 30 45 83 116
REC 12 6 17 : 30 45 83 120
REC 9 7 19 : 30 45 85
REC 12 6 17 : 30 45 85 99
REC 15 6 14 : 30 45 85 99 120
REC 12 7 16 : 30 45 85 102
REC 15 7 13 : 30 45 85 102 120
REC 12 6 17 : 30 45 85 106
REC 12 6 17 : 30 45 85 114
REC 12 7 16 : 30 45 85 120
REC 9 7 19 : 30 45 89
REC 12 6 17 : 30 45 89 99
REC 15 6 14 : 30 45 89 99 116
REC 12 6 17 : 30 45 89 102
REC 12 7 16 : 30 45 89 106
REC 15 7 13 : 30 45 89 106 116
REC 12 6 17 : 30 45 89 114
REC 12 7 16 : 30 45 89 116
REC 9 6 20 : 30 45 99
REC 12 6 17 : 30 45 99 116
REC 12 6 17 : 30 45 99 120
REC 9 7 19 : 30 45 102
REC 12 6 17 : 30 45 102 113
REC 12 7 16 : 30 45 102 120
REC 9 7 19 : 30 45 106
REC 12 6 17 : 30 45 106 113
REC 12 7 16 : 30 45 106 116
REC 9 6 20 : 30 45 113
REC 9 6 20 : 30 45 114
REC 15 5 15 : 30 45 115
REC 9 7 19 : 30 45 116
REC 9 7 19 : 30 45 120
REC 6 7 22 : 30 51
REC 9 7 19 : 30 51 71
REC 12 7 16 : 30 51 71 89
REC 15 7 13 : 30 51 71 89 106
REC 18 7 10 : 30 51 71 89 106 116
REC 15 6 14 : 30 51 71 89 108
REC 15 7 13 : 30 51 71 89 116
REC 12 6 17 : 30 51 71 105
REC 15 6 14 : 30 51 71 105 116
REC 12 7 16 : 30 51 71 106
REC 15 7 13 : 30 51 71 106 116
REC 12 6 17 : 30 51 71 108
REC 12 7 16 : 30 51 71 116
REC 12 6 17 : 30 51 71 120
REC 9 7 19 : 30 51 75
REC 12 7 16 : 30 51 75 85
REC 15 7 13 : 30 51 75 85 102
REC 18 7 10 : 30 51 75 85 102 120
REC 15 6 14 : 30 51 75 85 108
REC 15 7 13 : 30 51 75 85 120
REC 12 6 17 : 30 51 75 101
REC 15 6 14 : 30 51 75 101 120
REC 12 7 16 : 30 51 75 102
REC 15 7 13 : 30 51 75 102 120
REC 12 6 17 : 30 51 75 108
REC 12 6 17 : 30 51 75 116
REC 12 7 16 : 30 51 75 120
REC 9 6 20 : 30 51 77
REC 12 6 17 : 30 51 77 102
REC 15 6 14 : 30 51 77 102 120
REC 12 6 17 : 30 51 77 106
REC 15 6 14 : 30 51 77 106 116
REC 12 6 17 : 30 51 77 116
REC 12 6 17 : 30 51 77 120
REC 9 7 19 : 30 51 85
REC 12 7 16 : 30 51 85 102
REC 15 6 14 : 30 51 85 102 105
REC 15 7 13 : 30 51 85 102 120
REC 12 6 17 : 30 51 85 105
REC 12 6 17 : 30 51 85 106
REC 12 6 17 : 30 51 85 108
REC 12 7 16 : 30 51 85 120
REC 9 7 19 : 30 51 89
REC 12 6 17 : 30 51 89 101
REC 15 6 14 : 30 51 89 101 106
REC 12 6 17 : 30 51 89 102
REC 12 7 16 : 30 51 89 106
REC 15 7 13 : 30 51 89 106 116
REC 12 6 17 : 30 51 89 108
REC 12 7 16 : 30 51 89 116
REC 9 6 20 : 30 51 101
REC 12 6 17 : 30 51 101 106
REC 12 6 17 : 30 51 101 120
REC 9 7 19 : 30 51 102
REC 12 6 17 : 30 51 102 105
REC 12 7 16 : 30 51 102 120
REC 9 6 20 : 30 51 105
REC 12 6 17 : 30 51 105 116
REC 9 7 19 : 30 51 106
REC 12 7 16 : 30 51 106 116
REC 9 6 20 : 30 51 108
REC 15 5 15 : 30 51 109
REC 9 7 19 : 30 51 116
REC 9 7 19 : 30 51 120
REC 6 7 22 : 30 53
REC 9 7 19 : 30 53 71
REC 12 7 16 : 30 53 71 89
REC 15 6 14 : 30 53 71 89 106
REC 15 7 13 : 30 53 71 89 108
REC 18 7 10 : 30 53 71 89 108 114
REC 15 7 13 : 30 53 71 89 114
REC 12 6 17 : 30 53 71 105
REC 15 6 14 : 30 53 71 105 114
REC 12 6 17 : 30 53 71 106
REC 12 7 16 : 30 53 71 108
REC 15 7 13 : 30 53 71 108 114
REC 12 7 16 : 30 53 71 114
REC 12 6 17 : 30 53 71 120
REC 9 6 20 : 30 53 75
REC 12 6 17 : 30 53 75 102
REC 15 6 14 : 30 53 75 102 120
REC 12 6 17 : 30 53 75 108
REC 15 6 14 : 30 53 75 108 114
REC 12 6 17 : 30 53 75 114
REC 12 6 17 : 30 53 75 120
REC 9 7 19 : 30 53 77
REC 12 7 16 : 30 53 77 83
REC 15 7 13 : 30 53 77 83 102
REC 18 7 10 : 30 53 77 83 102 120
REC 15 6 14 : 30 53 77 83 106
REC 15 7 13 : 30 53 77 83 120
REC 12 6 17 : 30 53 77 99
REC 15 6 14 : 30 53 77 99 120
REC 12 7 16 : 30 53 77 102
REC 15 7 13 : 30 53 77 102 120
REC 12 6 17 : 30 53 77 106
REC 12 6 17 : 30 53 77 114
REC 12 7 16 : 30 53 77 120
REC 9 7 19 : 30 53 83
REC 12 7 16 : 30 53 83 102
REC 15 6 14 : 30 53 83 102 105
REC 15 7 13 : 30 53 83 102 120
REC 12 6 17 : 30 53 83 105
REC 12 6 17 : 30 53 83 106
REC 12 6 17 : 30 53 83 108
REC 12 7 16 : 30 53 83 120
REC 9 7 19 : 30 53 89
REC 12 6 17 : 30 53 89 99
REC 15 6 14 : 30 53 89 99 108
REC 12 6 17 : 30 53 89 102
REC 12 6 17 : 30 53 89 106
REC 12 7 16 : 30 53 89 108
REC 15 7 13 : 30 53 89 108 114
REC 12 7 16 : 30 53 89 114
REC 9 6 20 : 30 53 99
REC 12 6 17 : 30 53 99 108
REC 12 6 17 : 30 53 99 120
REC 9 7 19 : 30 53 102
REC 12 6 17 : 30 53 102 105
REC 12 7 16 : 30 53 102 120
REC 9 6 20 : 30 53 105
REC 12 6 17 : 30 53 105 114
REC 9 6 20 : 30 53 106
REC 15 5 15 : 30 53 107
REC 9 7 19 : 30 53 108
REC 12 7 16 : 30 53 108 114
REC 9 7 19 : 30 53 114
REC 9 7 19 : 30 53 120
REC 6 7 22 : 30 57
REC 9 6 20 : 30 57 71
REC 12 6 17 : 30 57 71 106
REC 15 6 14 : 30 57 71 106 116
REC 12 6 17 : 30 57 71 108
REC 15 6 14 : 30 57 71 108 114
REC 12 6 17 : 30 57 71 114
REC 12 6 17 : 30 57 71 116
REC 9 7 19 : 30 57 75
REC 12 7 16 : 30 57 75 85
REC 15 6 14 : 30 57 75 85 102
REC 15 7 13 : 30 57 75 85 108
REC 18 7 10 : 30 57 75 85 108 114
REC 15 7 13 : 30 57 75 85 114
REC 12 6 17 : 30 57 75 101
REC 15 6 14 : 30 57 75 101 114
REC 12 6 17 : 30 57 75 102
REC 12 7 16 : 30 57 75 108
REC 15 7 13 : 30 57 75 108 114
REC 12 7 16 : 30 57 75 114
REC 12 6 17 : 30 57 75 116
REC 9 7 19 : 30 57 77
REC 12 7 16 : 30 57 77 83
REC 15 6 14 : 30 57 77 83 102
REC 15 7 13 : 30 57 77 83 106
REC 18 7 10 : 30 57 77 83 106 116
REC 15 7 13 : 30 57 77 83 116
REC 12 6 17 : 30 57 77 99
REC 15 6 14 : 30 57 77 99 116
REC 12 6 17 : 30 57 77 102
REC 12 7 16 : 30 57 77 106
REC 15 7 13 : 30 57 77 106 116
REC 12 6 17 : 30 57 77 114
REC 12 7 16 : 30 57 77 116
REC 9 7 19 : 30 57 83
REC 12 6 17 : 30 57 83 101
REC 15 6 14 : 30 57 83 101 106
REC 12 6 17 : 30 57 83 102
REC 12 7 16 : 30 57 83 106
REC 15 7 13 : 30 57 83 106 116
REC 12 6 17 : 30 57 83 108
REC 12 7 16 : 30 57 83 116
REC 9 7 19 : 30 57 85
REC 12 6 17 : 30 57 85 99
REC 15 6 14 : 30 57 85 99 108
REC 12 6 17 : 30 57 85 102
REC 12 6 17 : 30 57 85 106
REC 12 7 16 : 30 57 85 108
REC 15 7 13 : 30 57 85 108 114
REC 12 7 16 : 30 57 85 114
REC 9 6 20 : 30 57 99
REC 12 6 17 : 30 57 99 108
REC 12 6 17 : 30 57 99 116
REC 9 6 20 : 30 57 101
REC 12 6 17 : 30 57 101 106
REC 12 6 17 : 30 57 101 114
REC 9 6 20 : 30 57 102
REC 15 5 15 : 30 57 103
REC 9 7 19 : 30 57 106
REC 12 7 16 : 30 57 106 116
REC 9 7 19 : 30 57 108
REC 12 7 16 : 30 57 108 114
REC 9 7 19 : 30 57 114
REC 9 7 19 : 30 57 116
REC 6 7 22 : 30 71
REC 9 7 19 : 30 71 89
REC 12 7 16 : 30 71 89 106
REC 15 7 13 : 30 71 89 106 116
REC 12 7 16 : 30 71 89 108
REC 15 7 13 : 30 71 89 108 114
REC 12 7 16 : 30 71 89 114
REC 12 7 16 : 30 71 89 116
REC 9 6 20 : 30 71 105
REC 12 6 17 : 30 71 105 114
REC 12 6 17 : 30 71 105 116
REC 9 7 19 : 30 71 106
REC 12 6 17 : 30 71 106 113
REC 12 7 16 : 30 71 106 116
REC 9 7 19 : 30 71 108
REC 12 6 17 : 30 71 108 113
REC 12 7 16 : 30 71 108 114
REC 9 6 20 : 30 71 113
REC 9 7 19 : 30 71 114
REC 9 7 19 : 30 71 116
REC 9 6 20 : 30 71 120
REC 15 5 15 : 30 71 121
REC 6 7 22 : 30 75
REC 9 7 19 : 30 75 85
REC 12 7 16 : 30 75 85 102
REC 15 7 13 : 30 75 85 102 120
REC 12 7 16 : 30 75 85 108
REC 15 7 13 : 30 75 85 108 114
REC 12 7 16 : 30 75 85 114
REC 12 7 16 : 30 75 85 120
REC 9 6 20 : 30 75 101
REC 12 6 17 : 30 75 101 114
REC 12 6 17 : 30 75 101 120
REC 9 7 19 : 30 75 102
REC 12 6 17 : 30 75 102 113
REC 12 7 16 : 30 75 102 120
REC 9 7 19 : 30 75 108
REC 12 6 17 : 30 75 108 113
REC 12 7 16 : 30 75 108 114
REC 9 6 20 : 30 75 113
REC 9 7 19 : 30 75 114
REC 9 6 20 : 30 75 116
REC 15 5 15 : 30 75 117
REC 9 7 19 : 30 75 120
REC 6 7 22 : 30 77
REC 9 7 19 : 30 77 83
REC 12 7 16 : 30 77 83 102
REC 15 7 13 : 30 77 83 102 120
REC 12 7 16 : 30 77 83 106
REC 15 7 13 : 30 77 83 106 116
REC 12 7 16 : 30 77 83 116
REC 12 7 16 : 30 77 83 120
REC 9 6 20 : 30 77 99
REC 12 6 17 : 30 77 99 116
REC 12 6 17 : 30 77 99 120
REC 9 7 19 : 30 77 102
REC 12 6 17 : 30 77 102 113
REC 12 7 16 : 30 77 102 120
REC 9 7 19 : 30 77 106
REC 12 6 17 : 30 77 106 113
REC 12 7 16 : 30 77 106 116
REC 9 6 20 : 30 77 113
REC 9 6 20 : 30 77 114
REC 15 5 15 : 30 77 115
REC 9 7 19 : 30 77 116
REC 9 7 19 : 30 77 120
REC 6 7 22 : 30 83
REC 9 6 20 : 30 83 101
REC 12 6 17 : 30 83 101 106
REC 12 6 17 : 30 83 101 120
REC 9 7 19 : 30 83 102
REC 12 6 17 : 30 83 102 105
REC 12 7 16 : 30 83 102 120
REC 9 6 20 : 30 83 105
REC 12 6 17 : 30 83 105 116
REC 9 7 19 : 30 83 106
REC 12 7 16 : 30 83 106 116
REC 9 6 20 : 30 83 108
REC 15 5 15 : 30 83 109
REC 9 7 19 : 30 83 116
REC 9 7 19 : 30 83 120
REC 6 7 22 : 30 85
REC 9 6 20 : 30 85 99
REC 12 6 17 : 30 85 99 108
REC 12 6 17 : 30 85 99 120
REC 9 7 19 : 30 85 102
REC 12 6 17 : 30 85 102 105
REC 12 7 16 : 30 85 102 120
REC 9 6 20 : 30 85 105
REC 12 6 17 : 30 85 105 114
REC 9 6 20 : 30 85 106
REC 15 5 15 : 30 85 107
REC 9 7 19 : 30 85 108
REC 12 7 16 : 30 85 108 114
REC 9 7 19 : 30 85 114
REC 9 7 19 : 30 85 120
REC 6 7 22 : 30 89
REC 9 6 20 : 30 89 99
REC 12 6 17 : 30 89 99 108
REC 12 6 17 : 30 89 99 116
REC 9 6 20 : 30 89 101
REC 12 6 17 : 30 89 101 106
REC 12 6 17 : 30 89 101 114
REC 9 6 20 : 30 89 102
REC 15 5 15 : 30 89 103
REC 9 7 19 : 30 89 106
REC 12 7 16 : 30 89 106 116
REC 9 7 19 : 30 89 108
REC 12 7 16 : 30 89 108 114
REC 9 7 19 : 30 89 114
REC 9 7 19 : 30 89 116
REC 6 6 23 : 30 99
REC 9 6 20 : 30 99 108
REC 9 6 20 : 30 99 116
REC 9 6 20 : 30 99 120
REC 6 6 23 : 30 101
REC 9 6 20 : 30 101 106
REC 9 6 20 : 30 101 114
REC 9 6 20 : 30 101 120
REC 6 7 22 : 30 102
REC 9 6 20 : 30 102 105
REC 9 6 20 : 30 102 113
REC 9 7 19 : 30 102 120
REC 15 5 15 : 30 102 121
REC 12 5 18 : 30 103
REC 15 5 15 : 30 103 120
REC 6 6 23 : 30 105
REC 9 6 20 : 30 105 114
REC 9 6 20 : 30 105 116
REC 6 7 22 : 30 106
REC 9 6 20 : 30 106 113
REC 9 7 19 : 30 106 116
REC 15 5 15 : 30 106 117
REC 12 5 18 : 30 107
REC 15 5 15 : 30 107 116
REC 6 7 22 : 30 108
REC 9 6 20 : 30 108 113
REC 9 7 19 : 30 108 114
REC 15 5 15 : 30 108 115
REC 12 5 18 : 30 109
REC 15 5 15 : 30 109 114
REC 6 6 23 : 30 113
REC 6 7 22 : 30 114
REC 12 5 18 : 30 115
REC 6 7 22 : 30 116
REC 12 5 18 : 30 117
REC 6 7 22 : 30 120
REC 12 5 18 : 30 121
REC 9 5 21 : 31
REC 12 5 18 : 31 99
REC 15 5 15 : 31 99 108
REC 15 5 15 : 31 99 116
REC 15 5 15 : 31 99 120
REC 12 5 18 : 31 101
REC 15 5 15 : 31 101 106
REC 15 5 15 : 31 101 114
REC 15 5 15 : 31 101 120
REC 12 5 18 : 31 102
REC 15 5 15 : 31 102 105
REC 15 5 15 : 31 102 113
REC 15 5 15 : 31 102 120
REC 12 5 18 : 31 105
REC 15 5 15 : 31 105 114
REC 15 5 15 : 31 105 116
REC 12 5 18 : 31 106
REC 15 5 15 : 31 106 113
REC 15 5 15 : 31 106 116
REC 12 5 18 : 31 108
REC 15 5 15 : 31 108 113
REC 15 5 15 : 31 108 114
REC 12 5 18 : 31 113
REC 12 5 18 : 31 114
REC 12 5 18 : 31 116
REC 12 5 18 : 31 120
REC 3 7 25 : 39
REC 6 7 22 : 39 57
REC 9 7 19 : 39 57 75
REC 12 7 16 : 39 57 75 85
REC 15 7 13 : 39 57 75 85 108
REC 18 7 10 : 39 57 75 85 108 114
REC 15 7 13 : 39 57 75 85 114
REC 12 6 17 : 39 57 75 86
REC 15 6 14 : 39 57 75 86 108
REC 12 6 17 : 39 57 75 92
REC 15 6 14 : 39 57 75 92 114
REC 12 7 16 : 39 57 75 108
REC 15 7 13 : 39 57 75 108 114
REC 12 7 16 : 39 57 75 114
REC 12 6 17 : 39 57 75 116
REC 9 7 19 : 39 57 77
REC 12 7 16 : 39 57 77 83
REC 15 7 13 : 39 57 77 83 106
REC 18 7 10 : 39 57 77 83 106 116
REC 15 7 13 : 39 57 77 83 116
REC 12 6 17 : 39 57 77 86
REC 15 6 14 : 39 57 77 86 106
REC 12 6 17 : 39 57 77 90
REC 15 6 14 : 39 57 77 90 116
REC 12 7 16 : 39 57 77 106
REC 15 7 13 : 39 57 77 106 116
REC 12 6 17 : 39 57 77 114
REC 12 7 16 : 39 57 77 116
REC 9 6 20 : 39 57 78
REC 12 6 17 : 39 57 78 83
REC 15 6 14 : 39 57 78 83 116
REC 12 6 17 : 39 57 78 85
REC 15 6 14 : 39 57 78 85 114
REC 12 6 17 : 39 57 78 114
REC 12 6 17 : 39 57 78 116
REC 9 7 19 : 39 57 83
REC 12 6 17 : 39 57 83 92
REC 15 6 14 : 39 57 83 92 106
REC 12 7 16 : 39 57 83 106
REC 15 7 13 : 39 57 83 106 116
REC 12 6 17 : 39 57 83 108
REC 12 7 16 : 39 57 83 116
REC 9 7 19 : 39 57 85
REC 12 6 17 : 39 57 85 90
REC 15 6 14 : 39 57 85 90 108
REC 12 6 17 : 39 57 85 106
REC 12 7 16 : 39 57 85 108
REC 15 7 13 : 39 57 85 108 114
REC 12 7 16 : 39 57 85 114
REC 9 6 20 : 39 57 86
REC 12 6 17 : 39 57 86 106
REC 12 6 17 : 39 57 86 108
REC 9 6 20 : 39 57 90
REC 12 6 17 : 39 57 90 108
REC 12 6 17 : 39 57 90 116
REC 9 6 20 : 39 57 92
REC 12 6 17 : 39 57 92 106
REC 12 6 17 : 39 57 92 114
REC 15 5 15 : 39 57 94
REC 9 7 19 : 39 57 106
REC 12 7 16 : 39 57 106 116
REC 9 7 19 : 39 57 108
REC 12 7 16 : 39 57 108 114
REC 9 7 19 : 39 57 114
REC 9 7 19 : 39 57 116
REC 6 7 22 : 39 58
REC 9 7 19 : 39 58 75
REC 12 6 17 : 39 58 75 85
REC 15 6 14 : 39 58 75 85 108
REC 12 7 16 : 39 58 75 86
REC 15 7 13 : 39 58 75 86 108
REC 18 7 10 : 39 58 75 86 108 113
REC 15 7 13 : 39 58 75 86 113
REC 12 6 17 : 39 58 75 92
REC 15 6 14 : 39 58 75 92 113
REC 12 7 16 : 39 58 75 108
REC 15 7 13 : 39 58 75 108 113
REC 12 7 16 : 39 58 75 113
REC 12 6 17 : 39 58 75 116
REC 9 6 20 : 39 58 77
REC 12 6 17 : 39 58 77 83
REC 15 6 14 : 39 58 77 83 116
REC 12 6 17 : 39 58 77 86
REC 15 6 14 : 39 58 77 86 113
REC 12 6 17 : 39 58 77 113
REC 12 6 17 : 39 58 77 116
REC 9 7 19 : 39 58 78
REC 12 7 16 : 39 58 78 83
REC 15 7 13 : 39 58 78 83 105
REC 18 7 10 : 39 58 78 83 105 116
REC 15 7 13 : 39 58 78 83 116
REC 12 6 17 : 39 58 78 85
REC 15 6 14 : 39 58 78 85 105
REC 12 6 17 : 39 58 78 89
REC 15 6 14 : 39 58 78 89 116
REC 12 7 16 : 39 58 78 105
REC 15 7 13 : 39 58 78 105 116
REC 12 6 17 : 39 58 78 113
REC 12 7 16 : 39 58 78 116
REC 9 7 19 : 39 58 83
REC 12 6 17 : 39 58 83 92
REC 15 6 14 : 39 58 83 92 105
REC 12 7 16 : 39 58 83 105
REC 15 7 13 : 39 58 83 105 116
REC 12 6 17 : 39 58 83 108
REC 12 7 16 : 39 58 83 116
REC 9 6 20 : 39 58 85
REC 12 6 17 : 39 58 85 105
REC 12 6 17 : 39 58 85 108
REC 9 7 19 : 39 58 86
REC 12 6 17 : 39 58 86 89
REC 15 6 14 : 39 58 86 89 108
REC 12 6 17 : 39 58 86 105
REC 12 7 16 : 39 58 86 108
REC 15 7 13 : 39 58 86 108 113
REC 12 7 16 : 39 58 86 113
REC 9 6 20 : 39 58 89
REC 12 6 17 : 39 58 89 108
REC 12 6 17 : 39 58 89 116
REC 9 6 20 : 39 58 92
REC 12 6 17 : 39 58 92 105
REC 12 6 17 : 39 58 92 113
REC 15 5 15 : 39 58 93
REC 9 7 19 : 39 58 105
REC 12 7 16 : 39 58 105 116
REC 9 7 19 : 39 58 108
REC 12 7 16 : 39 58 108 113
REC 9 7 19 : 39 58 113
REC 9 7 19 : 39 58 116
REC 6 7 22 : 39 60
REC 9 6 20 : 39 60 75
REC 12 6 17 : 39 60 75 85
REC 15 6 14 : 39 60 75 85 114
REC 12 6 17 : 39 60 75 86
REC 15 6 14 : 39 60 75 86 113
REC 12 6 17 : 39 60 75 113
REC 12 6 17 : 39 60 75 114
REC 9 7 19 : 39 60 77
REC 12 6 17 : 39 60 77 83
REC 15 6 14 : 39 60 77 83 106
REC 12 7 16 : 39 60 77 86
REC 15 7 13 : 39 60 77 86 106
REC 18 7 10 : 39 60 77 86 106 113
REC 15 7 13 : 39 60 77 86 113
REC 12 6 17 : 39 60 77 90
REC 15 6 14 : 39 60 77 90 113
REC 12 7 16 : 39 60 77 106
REC 15 7 13 : 39 60 77 106 113
REC 12 7 16 : 39 60 77 113
REC 12 6 17 : 39 60 77 114
REC 9 7 19 : 39 60 78
REC 12 6 17 : 39 60 78 83
REC 15 6 14 : 39 60 78 83 105
REC 12 7 16 : 39 60 78 85
REC 15 7 13 : 39 60 78 85 105
REC 18 7 10 : 39 60 78 85 105 114
REC 15 7 13 : 39 60 78 85 114
REC 12 6 17 : 39 60 78 89
REC 15 6 14 : 39 60 78 89 114
REC 12 7 16 : 39 60 78 105
REC 15 7 13 : 39 60 78 105 114
REC 12 6 17 : 39 60 78 113
REC 12 7 16 : 39 60 78 114
REC 9 6 20 : 39 60 83
REC 12 6 17 : 39 60 83 105
REC 12 6 17 : 39 60 83 106
REC 9 7 19 : 39 60 85
REC 12 6 17 : 39 60 85 90
REC 15 6 14 : 39 60 85 90 105
REC 12 7 16 : 39 60 85 105
REC 15 7 13 : 39 60 85 105 114
REC 12 6 17 : 39 60 85 106
REC 12 7 16 : 39 60 85 114
REC 9 7 19 : 39 60 86
REC 12 6 17 : 39 60 86 89
REC 15 6 14 : 39 60 86 89 106
REC 12 6 17 : 39 60 86 105
REC 12 7 16 : 39 60 86 106
REC 15 7 13 : 39 60 86 106 113
REC 12 7 16 : 39 60 86 113
REC 9 6 20 : 39 60 89
REC 12 6 17 : 39 60 89 106
REC 12 6 17 : 39 60 89 114
REC 9 6 20 : 39 60 90
REC 12 6 17 : 39 60 90 105
REC 12 6 17 : 39 60 90 113
REC 15 5 15 : 39 60 91
REC 9 7 19 : 39 60 105
REC 12 7 16 : 39 60 105 114
REC 9 7 19 : 39 60 106
REC 12 7 16 : 39 60 106 113
REC 9 7 19 : 39 60 113
REC 9 7 19 : 39 60 114
REC 6 7 22 : 39 75
REC 9 7 19 : 39 75 85
REC 12 7 16 : 39 75 85 108
REC 15 7 13 : 39 75 85 108 114
REC 12 7 16 : 39 75 85 114
REC 12 6 17 : 39 75 85 120
REC 9 7 19 : 39 75 86
REC 12 7 16 : 39 75 86 108
REC 15 7 13 : 39 75 86 108 113
REC 12 7 16 : 39 75 86 113
REC 12 6 17 : 39 75 86 120
REC 9 6 20 : 39 75 92
REC 12 6 17 : 39 75 92 113
REC 12 6 17 : 39 75 92 114
REC 9 7 19 : 39 75 108
REC 12 7 16 : 39 75 108 113
REC 12 7 16 : 39 75 108 114
REC 9 7 19 : 39 75 113
REC 9 7 19 : 39 75 114
REC 9 6 20 : 39 75 116
REC 9 6 20 : 39 75 120
REC 15 5 15 : 39 75 124
REC 6 7 22 : 39 77
REC 9 7 19 : 39 77 83
REC 12 7 16 : 39 77 83 106
REC 15 7 13 : 39 77 83 106 116
REC 12 7 16 : 39 77 83 116
REC 12 6 17 : 39 77 83 120
REC 9 7 19 : 39 77 86
REC 12 7 16 : 39 77 86 106
REC 15 7 13 : 39 77 86 106 113
REC 12 7 16 : 39 77 86 113
REC 12 6 17 : 39 77 86 120
REC 9 6 20 : 39 77 90
REC 12 6 17 : 39 77 90 113
REC 12 6 17 : 39 77 90 116
REC 9 7 19 : 39 77 106
REC 12 7 16 : 39 77 106 113
REC 12 7 16 : 39 77 106 116
REC 9 7 19 : 39 77 113
REC 9 6 20 : 39 77 114
REC 9 7 19 : 39 77 116
REC 9 6 20 : 39 77 120
REC 15 5 15 : 39 77 122
REC 6 7 22 : 39 78
REC 9 7 19 : 39 78 83
REC 12 7 16 : 39 78 83 105
REC 15 7 13 : 39 78 83 105 116
REC 12 7 16 : 39 78 83 116
REC 12 6 17 : 39 78 83 120
REC 9 7 19 : 39 78 85
REC 12 7 16 : 39 78 85 105
REC 15 7 13 : 39 78 85 105 114
REC 12 7 16 : 39 78 85 114
REC 12 6 17 : 39 78 85 120
REC 9 6 20 : 39 78 89
REC 12 6 17 : 39 78 89 114
REC 12 6 17 : 39 78 89 116
REC 9 7 19 : 39 78 105
REC 12 7 16 : 39 78 105 114
REC 12 7 16 : 39 78 105 116
REC 9 6 20 : 39 78 113
REC 9 7 19 : 39 78 114
REC 9 7 19 : 39 78 116
REC 9 6 20 : 39 78 120
REC 15 5 15 : 39 78 121
REC 6 7 22 : 39 83
REC 9 6 20 : 39 83 92
REC 12 6 17 : 39 83 92 105
REC 12 6 17 : 39 83 92 106
REC 9 7 19 : 39 83 105
REC 12 7 16 : 39 83 105 116
REC 9 7 19 : 39 83 106
REC 12 7 16 : 39 83 106 116
REC 9 6 20 : 39 83 108
REC 9 7 19 : 39 83 116
REC 9 6 20 : 39 83 120
REC 15 5 15 : 39 83 124
REC 6 7 22 : 39 85
REC 9 6 20 : 39 85 90
REC 12 6 17 : 39 85 90 105
REC 12 6 17 : 39 85 90 108
REC 9 7 19 : 39 85 105
REC 12 7 16 : 39 85 105 114
REC 9 6 20 : 39 85 106
REC 9 7 19 : 39 85 108
REC 12 7 16 : 39 85 108 114
REC 9 7 19 : 39 85 114
REC 9 6 20 : 39 85 120
REC 15 5 15 : 39 85 122
REC 6 7 22 : 39 86
REC 9 6 20 : 39 86 89
REC 12 6 17 : 39 86 89 106
REC 12 6 17 : 39 86 89 108
REC 9 6 20 : 39 86 105
REC 9 7 19 : 39 86 106
REC 12 7 16 : 39 86 106 113
REC 9 7 19 : 39 86 108
REC 12 7 16 : 39 86 108 113
REC 9 7 19 : 39 86 113
REC 9 6 20 : 39 86 120
REC 15 5 15 : 39 86 121
REC 6 6 23 : 39 89
REC 9 6 20 : 39 89 106
REC 12 6 17 : 39 89 106 116
REC 9 6 20 : 39 89 108
REC 12 6 17 : 39 89 108 114
REC 9 6 20 : 39 89 114
REC 9 6 20 : 39 89 116
REC 6 6 23 : 39 90
REC 9 6 20 : 39 90 105
REC 12 6 17 : 39 90 105 116
REC 9 6 20 : 39 90 108
REC 12 6 17 : 39 90 108 113
REC 9 6 20 : 39 90 113
REC 9 6 20 : 39 90 116
REC 12 5 18 : 39 91
REC 15 5 15 : 39 91 108
REC 15 5 15 : 39 91 116
REC 6 6 23 : 39 92
REC 9 6 20 : 39 92 105
REC 12 6 17 : 39 92 105 114
REC 9 6 20 : 39 92 106
REC 12 6 17 : 39 92 106 113
REC 9 6 20 : 39 92 113
REC 9 6 20 : 39 92 114
REC 12 5 18 : 39 93
REC 15 5 15 : 39 93 106
REC 15 5 15 : 39 93 114
REC 12 5 18 : 39 94
REC 15 5 15 : 39 94 105
REC 15 5 15 : 39 94 113
REC 6 7 22 : 39 105
REC 9 7 19 : 39 105 114
REC 9 7 19 : 39 105 116
REC 6 7 22 : 39 106
REC 9 7 19 : 39 106 113
REC 9 7 19 : 39 106 116
REC 6 7 22 : 39 108
REC 9 7 19 : 39 108 113
REC 9 7 19 : 39 108 114
REC 6 7 22 : 39 113
REC 6 7 22 : 39 114
REC 6 7 22 : 39 116
REC 6 6 23 : 39 120
REC 12 5 18 : 39 121
REC 12 5 18 : 39 122
REC 12 5 18 : 39 124
REC 3 7 25 : 43
REC 6 7 22 : 43 53
REC 9 7 19 : 43 53 71
REC 12 7 16 : 43 53 71 89
REC 15 7 13 : 43 53 71 89 108
REC 18 7 10 : 43 53 71 89 108 114
REC 15 7 13 : 43 53 71 89 114
REC 12 6 17 : 43 53 71 90
REC 15 6 14 : 43 53 71 90 108
REC 12 6 17 : 43 53 71 92
REC 15 6 14 : 43 53 71 92 114
REC 12 7 16 : 43 53 71 108
REC 15 7 13 : 43 53 71 108 114
REC 12 7 16 : 43 53 71 114
REC 12 6 17 : 43 53 71 120
REC 9 7 19 : 43 53 77
REC 12 7 16 : 43 53 77 83
REC 15 7 13 : 43 53 77 83 102
REC 18 7 10 : 43 53 77 83 102 120
REC 15 7 13 : 43 53 77 83 120
REC 12 6 17 : 43 53 77 86
REC 15 6 14 : 43 53 77 86 120
REC 12 6 17 : 43 53 77 90
REC 15 6 14 : 43 53 77 90 102
REC 12 7 16 : 43 53 77 102
REC 15 7 13 : 43 53 77 102 120
REC 12 6 17 : 43 53 77 114
REC 12 7 16 : 43 53 77 120
REC 9 6 20 : 43 53 78
REC 12 6 17 : 43 53 78 83
REC 15 6 14 : 43 53 78 83 120
REC 12 6 17 : 43 53 78 89
REC 15 6 14 : 43 53 78 89 114
REC 12 6 17 : 43 53 78 114
REC 12 6 17 : 43 53 78 120
REC 9 7 19 : 43 53 83
REC 12 6 17 : 43 53 83 92
REC 15 6 14 : 43 53 83 92 102
REC 12 7 16 : 43 53 83 102
REC 15 7 13 : 43 53 83 102 120
REC 12 6 17 : 43 53 83 108
REC 12 7 16 : 43 53 83 120
REC 9 6 20 : 43 53 86
REC 12 6 17 : 43 53 86 89
REC 15 6 14 : 43 53 86 89 108
REC 12 6 17 : 43 53 86 108
REC 12 6 17 : 43 53 86 120
REC 9 7 19 : 43 53 89
REC 12 6 17 : 43 53 89 102
REC 12 7 16 : 43 53 89 108
REC 15 7 13 : 43 53 89 108 114
REC 12 7 16 : 43 53 89 114
REC 9 6 20 : 43 53 90
REC 12 6 17 : 43 53 90 102
REC 12 6 17 : 43 53 90 108
REC 9 6 20 : 43 53 92
REC 12 6 17 : 43 53 92 102
REC 12 6 17 : 43 53 92 114
REC 15 5 15 : 43 53 94
REC 9 7 19 : 43 53 102
REC 12 7 16 : 43 53 102 120
REC 9 7 19 : 43 53 108
REC 12 7 16 : 43 53 108 114
REC 9 7 19 : 43 53 114
REC 9 7 19 : 43 53 120
REC 6 7 22 : 43 54
REC 9 7 19 : 43 54 71
REC 12 6 17 : 43 54 71 89
REC 15 6 14 : 43 54 71 89 108
REC 12 7 16 : 43 54 71 90
REC 15 7 13 : 43 54 71 90 108
REC 18 7 10 : 43 54 71 90 108 113
REC 15 7 13 : 43 54 71 90 113
REC 12 6 17 : 43 54 71 92
REC 15 6 14 : 43 54 71 92 113
REC 12 7 16 : 43 54 71 108
REC 15 7 13 : 43 54 71 108 113
REC 12 7 16 : 43 54 71 113
REC 12 6 17 : 43 54 71 120
REC 9 6 20 : 43 54 77
REC 12 6 17 : 43 54 77 83
REC 15 6 14 : 43 54 77 83 120
REC 12 6 17 : 43 54 77 90
REC 15 6 14 : 43 54 77 90 113
REC 12 6 17 : 43 54 77 113
REC 12 6 17 : 43 54 77 120
REC 9 7 19 : 43 54 78
REC 12 7 16 : 43 54 78 83
REC 15 7 13 : 43 54 78 83 101
REC 18 7 10 : 43 54 78 83 101 120
REC 15 7 13 : 43 54 78 83 120
REC 12 6 17 : 43 54 78 85
REC 15 6 14 : 43 54 78 85 120
REC 12 6 17 : 43 54 78 89
REC 15 6 14 : 43 54 78 89 101
REC 12 7 16 : 43 54 78 101
REC 15 7 13 : 43 54 78 101 120
REC 12 6 17 : 43 54 78 113
REC 12 7 16 : 43 54 78 120
REC 9 7 19 : 43 54 83
REC 12 6 17 : 43 54 83 92
REC 15 6 14 : 43 54 83 92 101
REC 12 7 16 : 43 54 83 101
REC 15 7 13 : 43 54 83 101 120
REC 12 6 17 : 43 54 83 108
REC 12 7 16 : 43 54 83 120
REC 9 6 20 : 43 54 85
REC 12 6 17 : 43 54 85 90
REC 15 6 14 : 43 54 85 90 108
REC 12 6 17 : 43 54 85 108
REC 12 6 17 : 43 54 85 120
REC 9 6 20 : 43 54 89
REC 12 6 17 : 43 54 89 101
REC 12 6 17 : 43 54 89 108
REC 9 7 19 : 43 54 90
REC 12 6 17 : 43 54 90 101
REC 12 7 16 : 43 54 90 108
REC 15 7 13 : 43 54 90 108 113
REC 12 7 16 : 43 54 90 113
REC 9 6 20 : 43 54 92
REC 12 6 17 : 43 54 92 101
REC 12 6 17 : 43 54 92 113
REC 15 5 15 : 43 54 93
REC 9 7 19 : 43 54 101
REC 12 7 16 : 43 54 101 120
REC 9 7 19 : 43 54 108
REC 12 7 16 : 43 54 108 113
REC 9 7 19 : 43 54 113
REC 9 7 19 : 43 54 120
REC 6 7 22 : 43 60
REC 9 6 20 : 43 60 71
REC 12 6 17 : 43 60 71 89
REC 15 6 14 : 43 60 71 89 114
REC 12 6 17 : 43 60 71 90
REC 15 6 14 : 43 60 71 90 113
REC 12 6 17 : 43 60 71 113
REC 12 6 17 : 43 60 71 114
REC 9 7 19 : 43 60 77
REC 12 6 17 : 43 60 77 83
REC 15 6 14 : 43 60 77 83 102
REC 12 6 17 : 43 60 77 86
REC 15 6 14 : 43 60 77 86 113
REC 12 7 16 : 43 60 77 90
REC 15 7 13 : 43 60 77 90 102
REC 18 7 10 : 43 60 77 90 102 113
REC 15 7 13 : 43 60 77 90 113
REC 12 7 16 : 43 60 77 102
REC 15 7 13 : 43 60 77 102 113
REC 12 7 16 : 43 60 77 113
REC 12 6 17 : 43 60 77 114
REC 9 7 19 : 43 60 78
REC 12 6 17 : 43 60 78 83
REC 15 6 14 : 43 60 78 83 101
REC 12 6 17 : 43 60 78 85
REC 15 6 14 : 43 60 78 85 114
REC 12 7 16 : 43 60 78 89
REC 15 7 13 : 43 60 78 89 101
REC 18 7 10 : 43 60 78 89 101 114
REC 15 7 13 : 43 60 78 89 114
REC 12 7 16 : 43 60 78 101
REC 15 7 13 : 43 60 78 101 114
REC 12 6 17 : 43 60 78 113
REC 12 7 16 : 43 60 78 114
REC 9 6 20 : 43 60 83
REC 12 6 17 : 43 60 83 101
REC 12 6 17 : 43 60 83 102
REC 9 6 20 : 43 60 85
REC 12 6 17 : 43 60 85 90
REC 15 6 14 : 43 60 85 90 102
REC 12 6 17 : 43 60 85 102
REC 12 6 17 : 43 60 85 114
REC 9 6 20 : 43 60 86
REC 12 6 17 : 43 60 86 89
REC 15 6 14 : 43 60 86 89 101
REC 12 6 17 : 43 60 86 101
REC 12 6 17 : 43 60 86 113
REC 15 5 15 : 43 60 87
REC 9 7 19 : 43 60 89
REC 12 7 16 : 43 60 89 101
REC 15 7 13 : 43 60 89 101 114
REC 12 6 17 : 43 60 89 102
REC 12 7 16 : 43 60 89 114
REC 9 7 19 : 43 60 90
REC 12 6 17 : 43 60 90 101
REC 12 7 16 : 43 60 90 102
REC 15 7 13 : 43 60 90 102 113
REC 12 7 16 : 43 60 90 113
REC 9 7 19 : 43 60 101
REC 12 7 16 : 43 60 101 114
REC 9 7 19 : 43 60 102
REC 12 7 16 : 43 60 102 113
REC 9 7 19 : 43 60 113
REC 9 7 19 : 43 60 114
REC 6 7 22 : 43 71
REC 9 7 19 : 43 71 89
REC 12 7 16 : 43 71 89 108
REC 15 7 13 : 43 71 89 108 114
REC 12 7 16 : 43 71 89 114
REC 12 6 17 : 43 71 89 116
REC 9 7 19 : 43 71 90
REC 12 7 16 : 43 71 90 108
REC 15 7 13 : 43 71 90 108 113
REC 12 7 16 : 43 71 90 113
REC 12 6 17 : 43 71 90 116
REC 9 6 20 : 43 71 92
REC 12 6 17 : 43 71 92 113
REC 12 6 17 : 43 71 92 114
REC 9 7 19 : 43 71 108
REC 12 7 16 : 43 71 108 113
REC 12 7 16 : 43 71 108 114
REC 9 7 19 : 43 71 113
REC 9 7 19 : 43 71 114
REC 9 6 20 : 43 71 116
REC 9 6 20 : 43 71 120
REC 15 5 15 : 43 71 124
REC 6 7 22 : 43 77
REC 9 7 19 : 43 77 83
REC 12 7 16 : 43 77 83 102
REC 15 7 13 : 43 77 83 102 120
REC 12 6 17 : 43 77 83 116
REC 12 7 16 : 43 77 83 120
REC 9 6 20 : 43 77 86
REC 12 6 17 : 43 77 86 113
REC 12 6 17 : 43 77 86 120
REC 9 7 19 : 43 77 90
REC 12 7 16 : 43 77 90 102
REC 15 7 13 : 43 77 90 102 113
REC 12 7 16 : 43 77 90 113
REC 12 6 17 : 43 77 90 116
REC 9 7 19 : 43 77 102
REC 12 7 16 : 43 77 102 113
REC 12 7 16 : 43 77 102 120
REC 9 7 19 : 43 77 113
REC 9 6 20 : 43 77 114
REC 9 6 20 : 43 77 116
REC 15 5 15 : 43 77 118
REC 9 7 19 : 43 77 120
REC 6 7 22 : 43 78
REC 9 7 19 : 43 78 83
REC 12 7 16 : 43 78 83 101
REC 15 7 13 : 43 78 83 101 120
REC 12 6 17 : 43 78 83 116
REC 12 7 16 : 43 78 83 120
REC 9 6 20 : 43 78 85
REC 12 6 17 : 43 78 85 114
REC 12 6 17 : 43 78 85 120
REC 9 7 19 : 43 78 89
REC 12 7 16 : 43 78 89 101
REC 15 7 13 : 43 78 89 101 114
REC 12 7 16 : 43 78 89 114
REC 12 6 17 : 43 78 89 116
REC 9 7 19 : 43 78 101
REC 12 7 16 : 43 78 101 114
REC 12 7 16 : 43 78 101 120
REC 9 6 20 : 43 78 113
REC 9 7 19 : 43 78 114
REC 9 6 20 : 43 78 116
REC 15 5 15 : 43 78 117
REC 9 7 19 : 43 78 120
REC 6 7 22 : 43 83
REC 9 6 20 : 43 83 92
REC 12 6 17 : 43 83 92 101
REC 12 6 17 : 43 83 92 102
REC 9 7 19 : 43 83 101
REC 12 7 16 : 43 83 101 120
REC 9 7 19 : 43 83 102
REC 12 7 16 : 43 83 102 120
REC 9 6 20 : 43 83 108
REC 9 6 20 : 43 83 116
REC 9 7 19 : 43 83 120
REC 15 5 15 : 43 83 124
REC 6 6 23 : 43 85
REC 9 6 20 : 43 85 90
REC 12 6 17 : 43 85 90 102
REC 12 6 17 : 43 85 90 108
REC 9 6 20 : 43 85 102
REC 12 6 17 : 43 85 102 120
REC 9 6 20 : 43 85 108
REC 12 6 17 : 43 85 108 114
REC 9 6 20 : 43 85 114
REC 9 6 20 : 43 85 120
REC 6 6 23 : 43 86
REC 9 6 20 : 43 86 89
REC 12 6 17 : 43 86 89 101
REC 12 6 17 : 43 86 89 108
REC 9 6 20 : 43 86 101
REC 12 6 17 : 43 86 101 120
REC 9 6 20 : 43 86 108
REC 12 6 17 : 43 86 108 113
REC 9 6 20 : 43 86 113
REC 9 6 20 : 43 86 120
REC 12 5 18 : 43 87
REC 15 5 15 : 43 87 108
REC 15 5 15 : 43 87 120
REC 6 7 22 : 43 89
REC 9 7 19 : 43 89 101
REC 12 7 16 : 43 89 101 114
REC 9 6 20 : 43 89 102
REC 9 7 19 : 43 89 108
REC 12 7 16 : 43 89 108 114
REC 9 7 19 : 43 89 114
REC 9 6 20 : 43 89 116
REC 15 5 15 : 43 89 118
REC 6 7 22 : 43 90
REC 9 6 20 : 43 90 101
REC 9 7 19 : 43 90 102
REC 12 7 16 : 43 90 102 113
REC 9 7 19 : 43 90 108
REC 12 7 16 : 43 90 108 113
REC 9 7 19 : 43 90 113
REC 9 6 20 : 43 90 116
REC 15 5 15 : 43 90 117
REC 6 6 23 : 43 92
REC 9 6 20 : 43 92 101
REC 12 6 17 : 43 92 101 114
REC 9 6 20 : 43 92 102
REC 12 6 17 : 43 92 102 113
REC 9 6 20 : 43 92 113
REC 9 6 20 : 43 92 114
REC 12 5 18 : 43 93
REC 15 5 15 : 43 93 102
REC 15 5 15 : 43 93 114
REC 12 5 18 : 43 94
REC 15 5 15 : 43 94 101
REC 15 5 15 : 43 94 113
REC 6 7 22 : 43 101
REC 9 7 19 : 43 101 114
REC 9 7 19 : 43 101 120
REC 6 7 22 : 43 102
REC 9 7 19 : 43 102 113
REC 9 7 19 : 43 102 120
REC 6 7 22 : 43 108
REC 9 7 19 : 43 108 113
REC 9 7 19 : 43 108 114
REC 6 7 22 : 43 113
REC 6 7 22 : 43 114
REC 6 6 23 : 43 116
REC 12 5 18 : 43 117
REC 12 5 18 : 43 118
REC 6 7 22 : 43 120
REC 12 5 18 : 43 124
REC 3 7 25 : 45
REC 6 7 22 : 45 51
REC 9 7 19 : 45 51 71
REC 12 7 16 : 45 51 71 89
REC 15 7 13 : 45 51 71 89 106
REC 18 7 10 : 45 51 71 89 106 116
REC 15 7 13 : 45 51 71 89 116
REC 12 6 17 : 45 51 71 90
REC 15 6 14 : 45 51 71 90 116
REC 12 6 17 : 45 51 71 92
REC 15 6 14 : 45 51 71 92 106
REC 12 7 16 : 45 51 71 106
REC 15 7 13 : 45 51 71 106 116
REC 12 7 16 : 45 51 71 116
REC 12 6 17 : 45 51 71 120
REC 9 7 19 : 45 51 75
REC 12 7 16 : 45 51 75 85
REC 15 7 13 : 45 51 75 85 102
REC 18 7 10 : 45 51 75 85 102 120
REC 15 7 13 : 45 51 75 85 120
REC 12 6 17 : 45 51 75 86
REC 15 6 14 : 45 51 75 86 120
REC 12 6 17 : 45 51 75 92
REC 15 6 14 : 45 51 75 92 102
REC 12 7 16 : 45 51 75 102
REC 15 7 13 : 45 51 75 102 120
REC 12 6 17 : 45 51 75 116
REC 12 7 16 : 45 51 75 120
REC 9 6 20 : 45 51 78
REC 12 6 17 : 45 51 78 85
REC 15 6 14 : 45 51 78 85 120
REC 12 6 17 : 45 51 78 89
REC 15 6 14 : 45 51 78 89 116
REC 12 6 17 : 45 51 78 116
REC 12 6 17 : 45 51 78 120
REC 9 7 19 : 45 51 85
REC 12 6 17 : 45 51 85 90
REC 15 6 14 : 45 51 85 90 102
REC 12 7 16 : 45 51 85 102
REC 15 7 13 : 45 51 85 102 120
REC 12 6 17 : 45 51 85 106
REC 12 7 16 : 45 51 85 120
REC 9 6 20 : 45 51 86
REC 12 6 17 : 45 51 86 89
REC 15 6 14 : 45 51 86 89 106
REC 12 6 17 : 45 51 86 106
REC 12 6 17 : 45 51 86 120
REC 9 7 19 : 45 51 89
REC 12 6 17 : 45 51 89 102
REC 12 7 16 : 45 51 89 106
REC 15 7 13 : 45 51 89 106 116
REC 12 7 16 : 45 51 89 116
REC 9 6 20 : 45 51 90
REC 12 6 17 : 45 51 90 102
REC 12 6 17 : 45 51 90 116
REC 9 6 20 : 45 51 92
REC 12 6 17 : 45 51 92 102
REC 12 6 17 : 45 51 92 106
REC 15 5 15 : 45 51 94
REC 9 7 19 : 45 51 102
REC 12 7 16 : 45 51 102 120
REC 9 7 19 : 45 51 106
REC 12 7 16 : 45 51 106 116
REC 9 7 19 : 45 51 116
REC 9 7 19 : 45 51 120
REC 6 7 22 : 45 54
REC 9 7 19 : 45 54 71
REC 12 6 17 : 45 54 71 89
REC 15 6 14 : 45 54 71 89 106
REC 12 6 17 : 45 54 71 90
REC 15 6 14 : 45 54 71 90 113
REC 12 7 16 : 45 54 71 92
REC 15 7 13 : 45 54 71 92 106
REC 18 7 10 : 45 54 71 92 106 113
REC 15 7 13 : 45 54 71 92 113
REC 12 7 16 : 45 54 71 106
REC 15 7 13 : 45 54 71 106 113
REC 12 7 16 : 45 54 71 113
REC 12 6 17 : 45 54 71 120
REC 9 6 20 : 45 54 75
REC 12 6 17 : 45 54 75 85
REC 15 6 14 : 45 54 75 85 120
REC 12 6 17 : 45 54 75 92
REC 15 6 14 : 45 54 75 92 113
REC 12 6 17 : 45 54 75 113
REC 12 6 17 : 45 54 75 120
REC 9 7 19 : 45 54 78
REC 12 6 17 : 45 54 78 83
REC 15 6 14 : 45 54 78 83 120
REC 12 7 16 : 45 54 78 85
REC 15 7 13 : 45 54 78 85 99
REC 18 7 10 : 45 54 78 85 99 120
REC 15 7 13 : 45 54 78 85 120
REC 12 6 17 : 45 54 78 89
REC 15 6 14 : 45 54 78 89 99
REC 12 7 16 : 45 54 78 99
REC 15 7 13 : 45 54 78 99 120
REC 12 6 17 : 45 54 78 113
REC 12 7 16 : 45 54 78 120
REC 9 6 20 : 45 54 83
REC 12 6 17 : 45 54 83 92
REC 15 6 14 : 45 54 83 92 106
REC 12 6 17 : 45 54 83 106
REC 12 6 17 : 45 54 83 120
REC 9 7 19 : 45 54 85
REC 12 6 17 : 45 54 85 90
REC 15 6 14 : 45 54 85 90 99
REC 12 7 16 : 45 54 85 99
REC 15 7 13 : 45 54 85 99 120
REC 12 6 17 : 45 54 85 106
REC 12 7 16 : 45 54 85 120
REC 9 6 20 : 45 54 89
REC 12 6 17 : 45 54 89 99
REC 12 6 17 : 45 54 89 106
REC 9 6 20 : 45 54 90
REC 12 6 17 : 45 54 90 99
REC 12 6 17 : 45 54 90 113
REC 15 5 15 : 45 54 91
REC 9 7 19 : 45 54 92
REC 12 6 17 : 45 54 92 99
REC 12 7 16 : 45 54 92 106
REC 15 7 13 : 45 54 92 106 113
REC 12 7 16 : 45 54 92 113
REC 9 7 19 : 45 54 99
REC 12 7 16 : 45 54 99 120
REC 9 7 19 : 45 54 106
REC 12 7 16 : 45 54 106 113
REC 9 7 19 : 45 54 113
REC 9 7 19 : 45 54 120
REC 6 7 22 : 45 58
REC 9 6 20 : 45 58 71
REC 12 6 17 : 45 58 71 89
REC 15 6 14 : 45 58 71 89 116
REC 12 6 17 : 45 58 71 92
REC 15 6 14 : 45 58 71 92 113
REC 12 6 17 : 45 58 71 113
REC 12 6 17 : 45 58 71 116
REC 9 7 19 : 45 58 75
REC 12 6 17 : 45 58 75 85
REC 15 6 14 : 45 58 75 85 102
REC 12 6 17 : 45 58 75 86
REC 15 6 14 : 45 58 75 86 113
REC 12 7 16 : 45 58 75 92
REC 15 7 13 : 45 58 75 92 102
REC 18 7 10 : 45 58 75 92 102 113
REC 15 7 13 : 45 58 75 92 113
REC 12 7 16 : 45 58 75 102
REC 15 7 13 : 45 58 75 102 113
REC 12 7 16 : 45 58 75 113
REC 12 6 17 : 45 58 75 116
REC 9 7 19 : 45 58 78
REC 12 6 17 : 45 58 78 83
REC 15 6 14 : 45 58 78 83 116
REC 12 6 17 : 45 58 78 85
REC 15 6 14 : 45 58 78 85 99
REC 12 7 16 : 45 58 78 89
REC 15 7 13 : 45 58 78 89 99
REC 18 7 10 : 45 58 78 89 99 116
REC 15 7 13 : 45 58 78 89 116
REC 12 7 16 : 45 58 78 99
REC 15 7 13 : 45 58 78 99 116
REC 12 6 17 : 45 58 78 113
REC 12 7 16 : 45 58 78 116
REC 9 6 20 : 45 58 83
REC 12 6 17 : 45 58 83 92
REC 15 6 14 : 45 58 83 92 102
REC 12 6 17 : 45 58 83 102
REC 12 6 17 : 45 58 83 116
REC 9 6 20 : 45 58 85
REC 12 6 17 : 45 58 85 99
REC 12 6 17 : 45 58 85 102
REC 9 6 20 : 45 58 86
REC 12 6 17 : 45 58 86 89
REC 15 6 14 : 45 58 86 89 99
REC 12 6 17 : 45 58 86 99
REC 12 6 17 : 45 58 86 113
REC 15 5 15 : 45 58 87
REC 9 7 19 : 45 58 89
REC 12 7 16 : 45 58 89 99
REC 15 7 13 : 45 58 89 99 116
REC 12 6 17 : 45 58 89 102
REC 12 7 16 : 45 58 89 116
REC 9 7 19 : 45 58 92
REC 12 6 17 : 45 58 92 99
REC 12 7 16 : 45 58 92 102
REC 15 7 13 : 45 58 92 102 113
REC 12 7 16 : 45 58 92 113
REC 9 7 19 : 45 58 99
REC 12 7 16 : 45 58 99 116
REC 9 7 19 : 45 58 102
REC 12 7 16 : 45 58 102 113
REC 9 7 19 : 45 58 113
REC 9 7 19 : 45 58 116
REC 6 7 22 : 45 71
REC 9 7 19 : 45 71 89
REC 12 7 16 : 45 71 89 106
REC 15 7 13 : 45 71 89 106 116
REC 12 6 17 : 45 71 89 114
REC 12 7 16 : 45 71 89 116
REC 9 6 20 : 45 71 90
REC 12 6 17 : 45 71 90 113
REC 12 6 17 : 45 71 90 116
REC 9 7 19 : 45 71 92
REC 12 7 16 : 45 71 92 106
REC 15 7 13 : 45 71 92 106 113
REC 12 7 16 : 45 71 92 113
REC 12 6 17 : 45 71 92 114
REC 9 7 19 : 45 71 106
REC 12 7 16 : 45 71 106 113
REC 12 7 16 : 45 71 106 116
REC 9 7 19 : 45 71 113
REC 9 6 20 : 45 71 114
REC 9 7 19 : 45 71 116
REC 9 6 20 : 45 71 120
REC 15 5 15 : 45 71 122
REC 6 7 22 : 45 75
REC 9 7 19 : 45 75 85
REC 12 7 16 : 45 75 85 102
REC 15 7 13 : 45 75 85 102 120
REC 12 6 17 : 45 75 85 114
REC 12 7 16 : 45 75 85 120
REC 9 6 20 : 45 75 86
REC 12 6 17 : 45 75 86 113
REC 12 6 17 : 45 75 86 120
REC 9 7 19 : 45 75 92
REC 12 7 16 : 45 75 92 102
REC 15 7 13 : 45 75 92 102 113
REC 12 7 16 : 45 75 92 113
REC 12 6 17 : 45 75 92 114
REC 9 7 19 : 45 75 102
REC 12 7 16 : 45 75 102 113
REC 12 7 16 : 45 75 102 120
REC 9 7 19 : 45 75 113
REC 9 6 20 : 45 75 114
REC 9 6 20 : 45 75 116
REC 15 5 15 : 45 75 118
REC 9 7 19 : 45 75 120
REC 6 7 22 : 45 78
REC 9 6 20 : 45 78 83
REC 12 6 17 : 45 78 83 116
REC 12 6 17 : 45 78 83 120
REC 9 7 19 : 45 78 85
REC 12 7 16 : 45 78 85 99
REC 15 7 13 : 45 78 85 99 120
REC 12 6 17 : 45 78 85 114
REC 12 7 16 : 45 78 85 120
REC 9 7 19 : 45 78 89
REC 12 7 16 : 45 78 89 99
REC 15 7 13 : 45 78 89 99 116
REC 12 6 17 : 45 78 89 114
REC 12 7 16 : 45 78 89 116
REC 9 7 19 : 45 78 99
REC 12 7 16 : 45 78 99 116
REC 12 7 16 : 45 78 99 120
REC 9 6 20 : 45 78 113
REC 9 6 20 : 45 78 114
REC 15 5 15 : 45 78 115
REC 9 7 19 : 45 78 116
REC 9 7 19 : 45 78 120
REC 6 6 23 : 45 83
REC 9 6 20 : 45 83 92
REC 12 6 17 : 45 83 92 102
REC 12 6 17 : 45 83 92 106
REC 9 6 20 : 45 83 102
REC 12 6 17 : 45 83 102 120
REC 9 6 20 : 45 83 106
REC 12 6 17 : 45 83 106 116
REC 9 6 20 : 45 83 116
REC 9 6 20 : 45 83 120
REC 6 7 22 : 45 85
REC 9 6 20 : 45 85 90
REC 12 6 17 : 45 85 90 99
REC 12 6 17 : 45 85 90 102
REC 9 7 19 : 45 85 99
REC 12 7 16 : 45 85 99 120
REC 9 7 19 : 45 85 102
REC 12 7 16 : 45 85 102 120
REC 9 6 20 : 45 85 106
REC 9 6 20 : 45 85 114
REC 9 7 19 : 45 85 120
REC 15 5 15 : 45 85 122
REC 6 6 23 : 45 86
REC 9 6 20 : 45 86 89
REC 12 6 17 : 45 86 89 99
REC 12 6 17 : 45 86 89 106
REC 9 6 20 : 45 86 99
REC 12 6 17 : 45 86 99 120
REC 9 6 20 : 45 86 106
REC 12 6 17 : 45 86 106 113
REC 9 6 20 : 45 86 113
REC 9 6 20 : 45 86 120
REC 12 5 18 : 45 87
REC 15 5 15 : 45 87 106
REC 15 5 15 : 45 87 120
REC 6 7 22 : 45 89
REC 9 7 19 : 45 89 99
REC 12 7 16 : 45 89 99 116
REC 9 6 20 : 45 89 102
REC 9 7 19 : 45 89 106
REC 12 7 16 : 45 89 106 116
REC 9 6 20 : 45 89 114
REC 9 7 19 : 45 89 116
REC 15 5 15 : 45 89 118
REC 6 6 23 : 45 90
REC 9 6 20 : 45 90 99
REC 12 6 17 : 45 90 99 116
REC 9 6 20 : 45 90 102
REC 12 6 17 : 45 90 102 113
REC 9 6 20 : 45 90 113
REC 9 6 20 : 45 90 116
REC 12 5 18 : 45 91
REC 15 5 15 : 45 91 102
REC 15 5 15 : 45 91 116
REC 6 7 22 : 45 92
REC 9 6 20 : 45 92 99
REC 9 7 19 : 45 92 102
REC 12 7 16 : 45 92 102 113
REC 9 7 19 : 45 92 106
REC 12 7 16 : 45 92 106 113
REC 9 7 19 : 45 92 113
REC 9 6 20 : 45 92 114
REC 15 5 15 : 45 92 115
REC 12 5 18 : 45 94
REC 15 5 15 : 45 94 99
REC 15 5 15 : 45 94 113
REC 6 7 22 : 45 99
REC 9 7 19 : 45 99 116
REC 9 7 19 : 45 99 120
REC 6 7 22 : 45 102
REC 9 7 19 : 45 102 113
REC 9 7 19 : 45 102 120
REC 6 7 22 : 45 106
REC 9 7 19 : 45 106 113
REC 9 7 19 : 45 106 116
REC 6 7 22 : 45 113
REC 6 6 23 : 45 114
REC 12 5 18 : 45 115
REC 6 7 22 : 45 116
REC 12 5 18 : 45 118
REC 6 7 22 : 45 120
REC 12 5 18 : 45 122
REC 3 7 25 : 46
REC 6 7 22 : 46 51
REC 9 7 19 : 46 51 71
REC 12 6 17 : 46 51 71 89
REC 15 6 14 : 46 51 71 89 116
REC 12 7 16 : 46 51 71 90
REC 15 7 13 : 46 51 71 90 105
REC 18 7 10 : 46 51 71 90 105 116
REC 15 7 13 : 46 51 71 90 116
REC 12 6 17 : 46 51 71 92
REC 15 6 14 : 46 51 71 92 105
REC 12 7 16 : 46 51 71 105
REC 15 7 13 : 46 51 71 105 116
REC 12 7 16 : 46 51 71 116
REC 12 6 17 : 46 51 71 120
REC 9 7 19 : 46 51 75
REC 12 6 17 : 46 51 75 85
REC 15 6 14 : 46 51 75 85 120
REC 12 7 16 : 46 51 75 86
REC 15 7 13 : 46 51 75 86 101
REC 18 7 10 : 46 51 75 86 101 120
REC 15 7 13 : 46 51 75 86 120
REC 12 6 17 : 46 51 75 92
REC 15 6 14 : 46 51 75 92 101
REC 12 7 16 : 46 51 75 101
REC 15 7 13 : 46 51 75 101 120
REC 12 6 17 : 46 51 75 116
REC 12 7 16 : 46 51 75 120
REC 9 6 20 : 46 51 77
REC 12 6 17 : 46 51 77 86
REC 15 6 14 : 46 51 77 86 120
REC 12 6 17 : 46 51 77 90
REC 15 6 14 : 46 51 77 90 116
REC 12 6 17 : 46 51 77 116
REC 12 6 17 : 46 51 77 120
REC 9 6 20 : 46 51 85
REC 12 6 17 : 46 51 85 90
REC 15 6 14 : 46 51 85 90 105
REC 12 6 17 : 46 51 85 105
REC 12 6 17 : 46 51 85 120
REC 9 7 19 : 46 51 86
REC 12 6 17 : 46 51 86 89
REC 15 6 14 : 46 51 86 89 101
REC 12 7 16 : 46 51 86 101
REC 15 7 13 : 46 51 86 101 120
REC 12 6 17 : 46 51 86 105
REC 12 7 16 : 46 51 86 120
REC 9 6 20 : 46 51 89
REC 12 6 17 : 46 51 89 101
REC 12 6 17 : 46 51 89 116
REC 9 7 19 : 46 51 90
REC 12 6 17 : 46 51 90 101
REC 12 7 16 : 46 51 90 105
REC 15 7 13 : 46 51 90 105 116
REC 12 7 16 : 46 51 90 116
REC 9 6 20 : 46 51 92
REC 12 6 17 : 46 51 92 101
REC 12 6 17 : 46 51 92 105
REC 15 5 15 : 46 51 93
REC 9 7 19 : 46 51 101
REC 12 7 16 : 46 51 101 120
REC 9 7 19 : 46 51 105
REC 12 7 16 : 46 51 105 116
REC 9 7 19 : 46 51 116
REC 9 7 19 : 46 51 120
REC 6 7 22 : 46 53
REC 9 7 19 : 46 53 71
REC 12 6 17 : 46 53 71 89
REC 15 6 14 : 46 53 71 89 114
REC 12 6 17 : 46 53 71 90
REC 15 6 14 : 46 53 71 90 105
REC 12 7 16 : 46 53 71 92
REC 15 7 13 : 46 53 71 92 105
REC 18 7 10 : 46 53 71 92 105 114
REC 15 7 13 : 46 53 71 92 114
REC 12 7 16 : 46 53 71 105
REC 15 7 13 : 46 53 71 105 114
REC 12 7 16 : 46 53 71 114
REC 12 6 17 : 46 53 71 120
REC 9 6 20 : 46 53 75
REC 12 6 17 : 46 53 75 86
REC 15 6 14 : 46 53 75 86 120
REC 12 6 17 : 46 53 75 92
REC 15 6 14 : 46 53 75 92 114
REC 12 6 17 : 46 53 75 114
REC 12 6 17 : 46 53 75 120
REC 9 7 19 : 46 53 77
REC 12 6 17 : 46 53 77 83
REC 15 6 14 : 46 53 77 83 120
REC 12 7 16 : 46 53 77 86
REC 15 7 13 : 46 53 77 86 99
REC 18 7 10 : 46 53 77 86 99 120
REC 15 7 13 : 46 53 77 86 120
REC 12 6 17 : 46 53 77 90
REC 15 6 14 : 46 53 77 90 99
REC 12 7 16 : 46 53 77 99
REC 15 7 13 : 46 53 77 99 120
REC 12 6 17 : 46 53 77 114
REC 12 7 16 : 46 53 77 120
REC 9 6 20 : 46 53 83
REC 12 6 17 : 46 53 83 92
REC 15 6 14 : 46 53 83 92 105
REC 12 6 17 : 46 53 83 105
REC 12 6 17 : 46 53 83 120
REC 9 7 19 : 46 53 86
REC 12 6 17 : 46 53 86 89
REC 15 6 14 : 46 53 86 89 99
REC 12 7 16 : 46 53 86 99
REC 15 7 13 : 46 53 86 99 120
REC 12 6 17 : 46 53 86 105
REC 12 7 16 : 46 53 86 120
REC 9 6 20 : 46 53 89
REC 12 6 17 : 46 53 89 99
REC 12 6 17 : 46 53 89 114
REC 9 6 20 : 46 53 90
REC 12 6 17 : 46 53 90 99
REC 12 6 17 : 46 53 90 105
REC 15 5 15 : 46 53 91
REC 9 7 19 : 46 53 92
REC 12 6 17 : 46 53 92 99
REC 12 7 16 : 46 53 92 105
REC 15 7 13 : 46 53 92 105 114
REC 12 7 16 : 46 53 92 114
REC 9 7 19 : 46 53 99
REC 12 7 16 : 46 53 99 120
REC 9 7 19 : 46 53 105
REC 12 7 16 : 46 53 105 114
REC 9 7 19 : 46 53 114
REC 9 7 19 : 46 53 120
REC 6 7 22 : 46 57
REC 9 6 20 : 46 57 71
REC 12 6 17 : 46 57 71 90
REC 15 6 14 : 46 57 71 90 116
REC 12 6 17 : 46 57 71 92
REC 15 6 14 : 46 57 71 92 114
REC 12 6 17 : 46 57 71 114
REC 12 6 17 : 46 57 71 116
REC 9 7 19 : 46 57 75
REC 12 6 17 : 46 57 75 85
REC 15 6 14 : 46 57 75 85 114
REC 12 6 17 : 46 57 75 86
REC 15 6 14 : 46 57 75 86 101
REC 12 7 16 : 46 57 75 92
REC 15 7 13 : 46 57 75 92 101
REC 18 7 10 : 46 57 75 92 101 114
REC 15 7 13 : 46 57 75 92 114
REC 12 7 16 : 46 57 75 101
REC 15 7 13 : 46 57 75 101 114
REC 12 7 16 : 46 57 75 114
REC 12 6 17 : 46 57 75 116
REC 9 7 19 : 46 57 77
REC 12 6 17 : 46 57 77 83
REC 15 6 14 : 46 57 77 83 116
REC 12 6 17 : 46 57 77 86
REC 15 6 14 : 46 57 77 86 99
REC 12 7 16 : 46 57 77 90
REC 15 7 13 : 46 57 77 90 99
REC 18 7 10 : 46 57 77 90 99 116
REC 15 7 13 : 46 57 77 90 116
REC 12 7 16 : 46 57 77 99
REC 15 7 13 : 46 57 77 99 116
REC 12 6 17 : 46 57 77 114
REC 12 7 16 : 46 57 77 116
REC 9 6 20 : 46 57 83
REC 12 6 17 : 46 57 83 92
REC 15 6 14 : 46 57 83 92 101
REC 12 6 17 : 46 57 83 101
REC 12 6 17 : 46 57 83 116
REC 9 6 20 : 46 57 85
REC 12 6 17 : 46 57 85 90
REC 15 6 14 : 46 57 85 90 99
REC 12 6 17 : 46 57 85 99
REC 12 6 17 : 46 57 85 114
REC 9 6 20 : 46 57 86
REC 12 6 17 : 46 57 86 99
REC 12 6 17 : 46 57 86 101
REC 15 5 15 : 46 57 87
REC 9 7 19 : 46 57 90
REC 12 7 16 : 46 57 90 99
REC 15 7 13 : 46 57 90 99 116
REC 12 6 17 : 46 57 90 101
REC 12 7 16 : 46 57 90 116
REC 9 7 19 : 46 57 92
REC 12 6 17 : 46 57 92 99
REC 12 7 16 : 46 57 92 101
REC 15 7 13 : 46 57 92 101 114
REC 12 7 16 : 46 57 92 114
REC 9 7 19 : 46 57 99
REC 12 7 16 : 46 57 99 116
REC 9 7 19 : 46 57 101
REC 12 7 16 : 46 57 101 114
REC 9 7 19 : 46 57 114
REC 9 7 19 : 46 57 116
REC 6 7 22 : 46 71
REC 9 6 20 : 46 71 89
REC 12 6 17 : 46 71 89 114
REC 12 6 17 : 46 71 89 116
REC 9 7 19 : 46 71 90
REC 12 7 16 : 46 71 90 105
REC 15 7 13 : 46 71 90 105 116
REC 12 6 17 : 46 71 90 113
REC 12 7 16 : 46 71 90 116
REC 9 7 19 : 46 71 92
REC 12 7 16 : 46 71 92 105
REC 15 7 13 : 46 71 92 105 114
REC 12 6 17 : 46 71 92 113
REC 12 7 16 : 46 71 92 114
REC 9 7 19 : 46 71 105
REC 12 7 16 : 46 71 105 114
REC 12 7 16 : 46 71 105 116
REC 9 6 20 : 46 71 113
REC 9 7 19 : 46 71 114
REC 9 7 19 : 46 71 116
REC 9 6 20 : 46 71 120
REC 15 5 15 : 46 71 121
REC 6 7 22 : 46 75
REC 9 6 20 : 46 75 85
REC 12 6 17 : 46 75 85 114
REC 12 6 17 : 46 75 85 120
REC 9 7 19 : 46 75 86
REC 12 7 16 : 46 75 86 101
REC 15 7 13 : 46 75 86 101 120
REC 12 6 17 : 46 75 86 113
REC 12 7 16 : 46 75 86 120
REC 9 7 19 : 46 75 92
REC 12 7 16 : 46 75 92 101
REC 15 7 13 : 46 75 92 101 114
REC 12 6 17 : 46 75 92 113
REC 12 7 16 : 46 75 92 114
REC 9 7 19 : 46 75 101
REC 12 7 16 : 46 75 101 114
REC 12 7 16 : 46 75 101 120
REC 9 6 20 : 46 75 113
REC 9 7 19 : 46 75 114
REC 9 6 20 : 46 75 116
REC 15 5 15 : 46 75 117
REC 9 7 19 : 46 75 120
REC 6 7 22 : 46 77
REC 9 6 20 : 46 77 83
REC 12 6 17 : 46 77 83 116
REC 12 6 17 : 46 77 83 120
REC 9 7 19 : 46 77 86
REC 12 7 16 : 46 77 86 99
REC 15 7 13 : 46 77 86 99 120
REC 12 6 17 : 46 77 86 113
REC 12 7 16 : 46 77 86 120
REC 9 7 19 : 46 77 90
REC 12 7 16 : 46 77 90 99
REC 15 7 13 : 46 77 90 99 116
REC 12 6 17 : 46 77 90 113
REC 12 7 16 : 46 77 90 116
REC 9 7 19 : 46 77 99
REC 12 7 16 : 46 77 99 116
REC 12 7 16 : 46 77 99 120
REC 9 6 20 : 46 77 113
REC 9 6 20 : 46 77 114
REC 15 5 15 : 46 77 115
REC 9 7 19 : 46 77 116
REC 9 7 19 : 46 77 120
REC 6 6 23 : 46 83
REC 9 6 20 : 46 83 92
REC 12 6 17 : 46 83 92 101
REC 12 6 17 : 46 83 92 105
REC 9 6 20 : 46 83 101
REC 12 6 17 : 46 83 101 120
REC 9 6 20 : 46 83 105
REC 12 6 17 : 46 83 105 116
REC 9 6 20 : 46 83 116
REC 9 6 20 : 46 83 120
REC 6 6 23 : 46 85
REC 9 6 20 : 46 85 90
REC 12 6 17 : 46 85 90 99
REC 12 6 17 : 46 85 90 105
REC 9 6 20 : 46 85 99
REC 12 6 17 : 46 85 99 120
REC 9 6 20 : 46 85 105
REC 12 6 17 : 46 85 105 114
REC 9 6 20 : 46 85 114
REC 9 6 20 : 46 85 120
REC 6 7 22 : 46 86
REC 9 6 20 : 46 86 89
REC 12 6 17 : 46 86 89 99
REC 12 6 17 : 46 86 89 101
REC 9 7 19 : 46 86 99
REC 12 7 16 : 46 86 99 120
REC 9 7 19 : 46 86 101
REC 12 7 16 : 46 86 101 120
REC 9 6 20 : 46 86 105
REC 9 6 20 : 46 86 113
REC 9 7 19 : 46 86 120
REC 15 5 15 : 46 86 121
REC 12 5 18 : 46 87
REC 15 5 15 : 46 87 105
REC 15 5 15 : 46 87 120
REC 6 6 23 : 46 89
REC 9 6 20 : 46 89 99
REC 12 6 17 : 46 89 99 116
REC 9 6 20 : 46 89 101
REC 12 6 17 : 46 89 101 114
REC 9 6 20 : 46 89 114
REC 9 6 20 : 46 89 116
REC 6 7 22 : 46 90
REC 9 7 19 : 46 90 99
REC 12 7 16 : 46 90 99 116
REC 9 6 20 : 46 90 101
REC 9 7 19 : 46 90 105
REC 12 7 16 : 46 90 105 116
REC 9 6 20 : 46 90 113
REC 9 7 19 : 46 90 116
REC 15 5 15 : 46 90 117
REC 12 5 18 : 46 91
REC 15 5 15 : 46 91 101
REC 15 5 15 : 46 91 116
REC 6 7 22 : 46 92
REC 9 6 20 : 46 92 99
REC 9 7 19 : 46 92 101
REC 12 7 16 : 46 92 101 114
REC 9 7 19 : 46 92 105
REC 12 7 16 : 46 92 105 114
REC 9 6 20 : 46 92 113
REC 9 7 19 : 46 92 114
REC 15 5 15 : 46 92 115
REC 12 5 18 : 46 93
REC 15 5 15 : 46 93 99
REC 15 5 15 : 46 93 114
REC 6 7 22 : 46 99
REC 9 7 19 : 46 99 116
REC 9 7 19 : 46 99 120
REC 6 7 22 : 46 101
REC 9 7 19 : 46 101 114
REC 9 7 19 : 46 101 120
REC 6 7 22 : 46 105
REC 9 7 19 : 46 105 114
REC 9 7 19 : 46 105 116
REC 6 6 23 : 46 113
REC 6 7 22 : 46 114
REC 12 5 18 : 46 115
REC 6 7 22 : 46 116
REC 12 5 18 : 46 117
REC 6 7 22 : 46 120
REC 12 5 18 : 46 121
REC 9 5 21 : 47
REC 12 5 18 : 47 83
REC 15 5 15 : 47 83 92
REC 15 5 15 : 47 83 116
REC 15 5 15 : 47 83 120
REC 12 5 18 : 47 85
REC 15 5 15 : 47 85 90
REC 15 5 15 : 47 85 114
REC 15 5 15 : 47 85 120
REC 12 5 18 : 47 86
REC 15 5 15 : 47 86 89
REC 15 5 15 : 47 86 113
REC 15 5 15 : 47 86 120
REC 12 5 18 : 47 89
REC 15 5 15 : 47 89 114
REC 15 5 15 : 47 89 116
REC 12 5 18 : 47 90
REC 15 5 15 : 47 90 113
REC 15 5 15 : 47 90 116
REC 12 5 18 : 47 92
REC 15 5 15 : 47 92 113
REC 15 5 15 : 47 92 114
REC 12 5 18 : 47 113
REC 12 5 18 : 47 114
REC 12 5 18 : 47 116
REC 12 5 18 : 47 120
REC 3 7 25 : 51
REC 6 7 22 : 51 60
REC 9 6 20 : 51 60 71
REC 12 6 17 : 51 60 71 89
REC 15 6 14 : 51 60 71 89 106
REC 12 6 17 : 51 60 71 90
REC 15 6 14 : 51 60 71 90 105
REC 12 6 17 : 51 60 71 105
REC 12 6 17 : 51 60 71 106
REC 9 6 20 : 51 60 75
REC 12 6 17 : 51 60 75 85
REC 15 6 14 : 51 60 75 85 102
REC 12 6 17 : 51 60 75 86
REC 15 6 14 : 51 60 75 86 101
REC 12 6 17 : 51 60 75 101
REC 12 6 17 : 51 60 75 102
REC 9 6 20 : 51 60 77
REC 12 6 17 : 51 60 77 86
REC 15 6 14 : 51 60 77 86 106
REC 12 6 17 : 51 60 77 90
REC 15 6 14 : 51 60 77 90 102
REC 12 6 17 : 51 60 77 102
REC 12 6 17 : 51 60 77 106
REC 9 6 20 : 51 60 78
REC 12 6 17 : 51 60 78 85
REC 15 6 14 : 51 60 78 85 105
REC 12 6 17 : 51 60 78 89
REC 15 6 14 : 51 60 78 89 101
REC 12 6 17 : 51 60 78 101
REC 12 6 17 : 51 60 78 105
REC 15 5 15 : 51 60 79
REC 9 7 19 : 51 60 85
REC 12 7 16 : 51 60 85 90
REC 15 7 13 : 51 60 85 90 102
REC 18 7 10 : 51 60 85 90 102 105
REC 15 7 13 : 51 60 85 90 105
REC 12 7 16 : 51 60 85 102
REC 15 7 13 : 51 60 85 102 105
REC 12 7 16 : 51 60 85 105
REC 12 6 17 : 51 60 85 106
REC 9 7 19 : 51 60 86
REC 12 7 16 : 51 60 86 89
REC 15 7 13 : 51 60 86 89 101
REC 18 7 10 : 51 60 86 89 101 106
REC 15 7 13 : 51 60 86 89 106
REC 12 7 16 : 51 60 86 101
REC 15 7 13 : 51 60 86 101 106
REC 12 6 17 : 51 60 86 105
REC 12 7 16 : 51 60 86 106
REC 9 7 19 : 51 60 89
REC 12 7 16 : 51 60 89 101
REC 15 7 13 : 51 60 89 101 106
REC 12 6 17 : 51 60 89 102
REC 12 7 16 : 51 60 89 106
REC 9 7 19 : 51 60 90
REC 12 6 17 : 51 60 90 101
REC 12 7 16 : 51 60 90 102
REC 15 7 13 : 51 60 90 102 105
REC 12 7 16 : 51 60 90 105
REC 9 7 19 : 51 60 101
REC 12 7 16 : 51 60 101 106
REC 9 7 19 : 51 60 102
REC 12 7 16 : 51 60 102 105
REC 9 7 19 : 51 60 105
REC 9 7 19 : 51 60 106
REC 6 7 22 : 51 71
REC 9 7 19 : 51 71 89
REC 12 7 16 : 51 71 89 106
REC 15 7 13 : 51 71 89 106 116
REC 12 6 17 : 51 71 89 108
REC 12 7 16 : 51 71 89 116
REC 9 7 19 : 51 71 90
REC 12 7 16 : 51 71 90 105
REC 15 7 13 : 51 71 90 105 116
REC 12 6 17 : 51 71 90 108
REC 12 7 16 : 51 71 90 116
REC 9 6 20 : 51 71 92
REC 12 6 17 : 51 71 92 105
REC 12 6 17 : 51 71 92 106
REC 9 7 19 : 51 71 105
REC 12 7 16 : 51 71 105 116
REC 9 7 19 : 51 71 106
REC 12 7 16 : 51 71 106 116
REC 9 6 20 : 51 71 108
REC 9 7 19 : 51 71 116
REC 9 6 20 : 51 71 120
REC 15 5 15 : 51 71 124
REC 6 7 22 : 51 75
REC 9 7 19 : 51 75 85
REC 12 7 16 : 51 75 85 102
REC 15 7 13 : 51 75 85 102 120
REC 12 6 17 : 51 75 85 108
REC 12 7 16 : 51 75 85 120
REC 9 7 19 : 51 75 86
REC 12 7 16 : 51 75 86 101
REC 15 7 13 : 51 75 86 101 120
REC 12 6 17 : 51 75 86 108
REC 12 7 16 : 51 75 86 120
REC 9 6 20 : 51 75 92
REC 12 6 17 : 51 75 92 101
REC 12 6 17 : 51 75 92 102
REC 9 7 19 : 51 75 101
REC 12 7 16 : 51 75 101 120
REC 9 7 19 : 51 75 102
REC 12 7 16 : 51 75 102 120
REC 9 6 20 : 51 75 108
REC 9 6 20 : 51 75 116
REC 9 7 19 : 51 75 120
REC 15 5 15 : 51 75 124
REC 6 6 23 : 51 77
REC 9 6 20 : 51 77 86
REC 12 6 17 : 51 77 86 106
REC 12 6 17 : 51 77 86 120
REC 9 6 20 : 51 77 90
REC 12 6 17 : 51 77 90 102
REC 12 6 17 : 51 77 90 116
REC 9 6 20 : 51 77 102
REC 12 6 17 : 51 77 102 120
REC 9 6 20 : 51 77 106
REC 12 6 17 : 51 77 106 116
REC 9 6 20 : 51 77 116
REC 9 6 20 : 51 77 120
REC 6 6 23 : 51 78
REC 9 6 20 : 51 78 85
REC 12 6 17 : 51 78 85 105
REC 12 6 17 : 51 78 85 120
REC 9 6 20 : 51 78 89
REC 12 6 17 : 51 78 89 101
REC 12 6 17 : 51 78 89 116
REC 9 6 20 : 51 78 101
REC 12 6 17 : 51 78 101 120
REC 9 6 20 : 51 78 105
REC 12 6 17 : 51 78 105 116
REC 9 6 20 : 51 78 116
REC 9 6 20 : 51 78 120
REC 12 5 18 : 51 79
REC 15 5 15 : 51 79 116
REC 15 5 15 : 51 79 120
REC 6 7 22 : 51 85
REC 9 7 19 : 51 85 90
REC 12 7 16 : 51 85 90 102
REC 15 7 13 : 51 85 90 102 105
REC 12 7 16 : 51 85 90 105
REC 12 6 17 : 51 85 90 108
REC 9 7 19 : 51 85 102
REC 12 7 16 : 51 85 102 105
REC 12 7 16 : 51 85 102 120
REC 9 7 19 : 51 85 105
REC 9 6 20 : 51 85 106
REC 9 6 20 : 51 85 108
REC 15 5 15 : 51 85 110
REC 9 7 19 : 51 85 120
REC 6 7 22 : 51 86
REC 9 7 19 : 51 86 89
REC 12 7 16 : 51 86 89 101
REC 15 7 13 : 51 86 89 101 106
REC 12 7 16 : 51 86 89 106
REC 12 6 17 : 51 86 89 108
REC 9 7 19 : 51 86 101
REC 12 7 16 : 51 86 101 106
REC 12 7 16 : 51 86 101 120
REC 9 6 20 : 51 86 105
REC 9 7 19 : 51 86 106
REC 9 6 20 : 51 86 108
REC 15 5 15 : 51 86 109
REC 9 7 19 : 51 86 120
REC 6 7 22 : 51 89
REC 9 7 19 : 51 89 101
REC 12 7 16 : 51 89 101 106
REC 9 6 20 : 51 89 102
REC 9 7 19 : 51 89 106
REC 12 7 16 : 51 89 106 116
REC 9 6 20 : 51 89 108
REC 15 5 15 : 51 89 110
REC 9 7 19 : 51 89 116
REC 6 7 22 : 51 90
REC 9 6 20 : 51 90 101
REC 9 7 19 : 51 90 102
REC 12 7 16 : 51 90 102 105
REC 9 7 19 : 51 90 105
REC 12 7 16 : 51 90 105 116
REC 9 6 20 : 51 90 108
REC 15 5 15 : 51 90 109
REC 9 7 19 : 51 90 116
REC 6 6 23 : 51 92
REC 9 6 20 : 51 92 101
REC 12 6 17 : 51 92 101 106
REC 9 6 20 : 51 92 102
REC 12 6 17 : 51 92 102 105
REC 9 6 20 : 51 92 105
REC 9 6 20 : 51 92 106
REC 12 5 18 : 51 93
REC 15 5 15 : 51 93 102
REC 15 5 15 : 51 93 106
REC 12 5 18 : 51 94
REC 15 5 15 : 51 94 101
REC 15 5 15 : 51 94 105
REC 6 7 22 : 51 101
REC 9 7 19 : 51 101 106
REC 9 7 19 : 51 101 120
REC 6 7 22 : 51 102
REC 9 7 19 : 51 102 105
REC 9 7 19 : 51 102 120
REC 6 7 22 : 51 105
REC 9 7 19 : 51 105 116
REC 6 7 22 : 51 106
REC 9 7 19 : 51 106 116
REC 6 6 23 : 51 108
REC 12 5 18 : 51 109
REC 12 5 18 : 51 110
REC 6 7 22 : 51 116
REC 6 7 22 : 51 120
REC 12 5 18 : 51 124
REC 3 7 25 : 53
REC 6 7 22 : 53 58
REC 9 6 20 : 53 58 71
REC 12 6 17 : 53 58 71 89
REC 15 6 14 : 53 58 71 89 108
REC 12 6 17 : 53 58 71 92
REC 15 6 14 : 53 58 71 92 105
REC 12 6 17 : 53 58 71 105
REC 12 6 17 : 53 58 71 108
REC 9 6 20 : 53 58 75
REC 12 6 17 : 53 58 75 86
REC 15 6 14 : 53 58 75 86 108
REC 12 6 17 : 53 58 75 92
REC 15 6 14 : 53 58 75 92 102
REC 12 6 17 : 53 58 75 102
REC 12 6 17 : 53 58 75 108
REC 9 6 20 : 53 58 77
REC 12 6 17 : 53 58 77 83
REC 15 6 14 : 53 58 77 83 102
REC 12 6 17 : 53 58 77 86
REC 15 6 14 : 53 58 77 86 99
REC 12 6 17 : 53 58 77 99
REC 12 6 17 : 53 58 77 102
REC 9 6 20 : 53 58 78
REC 12 6 17 : 53 58 78 83
REC 15 6 14 : 53 58 78 83 105
REC 12 6 17 : 53 58 78 89
REC 15 6 14 : 53 58 78 89 99
REC 12 6 17 : 53 58 78 99
REC 12 6 17 : 53 58 78 105
REC 15 5 15 : 53 58 79
REC 9 7 19 : 53 58 83
REC 12 7 16 : 53 58 83 92
REC 15 7 13 : 53 58 83 92 102
REC 18 7 10 : 53 58 83 92 102 105
REC 15 7 13 : 53 58 83 92 105
REC 12 7 16 : 53 58 83 102
REC 15 7 13 : 53 58 83 102 105
REC 12 7 16 : 53 58 83 105
REC 12 6 17 : 53 58 83 108
REC 9 7 19 : 53 58 86
REC 12 7 16 : 53 58 86 89
REC 15 7 13 : 53 58 86 89 99
REC 18 7 10 : 53 58 86 89 99 108
REC 15 7 13 : 53 58 86 89 108
REC 12 7 16 : 53 58 86 99
REC 15 7 13 : 53 58 86 99 108
REC 12 6 17 : 53 58 86 105
REC 12 7 16 : 53 58 86 108
REC 9 7 19 : 53 58 89
REC 12 7 16 : 53 58 89 99
REC 15 7 13 : 53 58 89 99 108
REC 12 6 17 : 53 58 89 102
REC 12 7 16 : 53 58 89 108
REC 9 7 19 : 53 58 92
REC 12 6 17 : 53 58 92 99
REC 12 7 16 : 53 58 92 102
REC 15 7 13 : 53 58 92 102 105
REC 12 7 16 : 53 58 92 105
REC 9 7 19 : 53 58 99
REC 12 7 16 : 53 58 99 108
REC 9 7 19 : 53 58 102
REC 12 7 16 : 53 58 102 105
REC 9 7 19 : 53 58 105
REC 9 7 19 : 53 58 108
REC 6 7 22 : 53 71
REC 9 7 19 : 53 71 89
REC 12 6 17 : 53 71 89 106
REC 12 7 16 : 53 71 89 108
REC 15 7 13 : 53 71 89 108 114
REC 12 7 16 : 53 71 89 114
REC 9 6 20 : 53 71 90
REC 12 6 17 : 53 71 90 105
REC 12 6 17 : 53 71 90 108
REC 9 7 19 : 53 71 92
REC 12 7 16 : 53 71 92 105
REC 15 7 13 : 53 71 92 105 114
REC 12 6 17 : 53 71 92 106
REC 12 7 16 : 53 71 92 114
REC 9 7 19 : 53 71 105
REC 12 7 16 : 53 71 105 114
REC 9 6 20 : 53 71 106
REC 9 7 19 : 53 71 108
REC 12 7 16 : 53 71 108 114
REC 9 7 19 : 53 71 114
REC 9 6 20 : 53 71 120
REC 15 5 15 : 53 71 122
REC 6 6 23 : 53 75
REC 9 6 20 : 53 75 86
REC 12 6 17 : 53 75 86 108
REC 12 6 17 : 53 75 86 120
REC 9 6 20 : 53 75 92
REC 12 6 17 : 53 75 92 102
REC 12 6 17 : 53 75 92 114
REC 9 6 20 : 53 75 102
REC 12 6 17 : 53 75 102 120
REC 9 6 20 : 53 75 108
REC 12 6 17 : 53 75 108 114
REC 9 6 20 : 53 75 114
REC 9 6 20 : 53 75 120
REC 6 7 22 : 53 77
REC 9 7 19 : 53 77 83
REC 12 7 16 : 53 77 83 102
REC 15 7 13 : 53 77 83 102 120
REC 12 6 17 : 53 77 83 106
REC 12 7 16 : 53 77 83 120
REC 9 7 19 : 53 77 86
REC 12 7 16 : 53 77 86 99
REC 15 7 13 : 53 77 86 99 120
REC 12 6 17 : 53 77 86 106
REC 12 7 16 : 53 77 86 120
REC 9 6 20 : 53 77 90
REC 12 6 17 : 53 77 90 99
REC 12 6 17 : 53 77 90 102
REC 9 7 19 : 53 77 99
REC 12 7 16 : 53 77 99 120
REC 9 7 19 : 53 77 102
REC 12 7 16 : 53 77 102 120
REC 9 6 20 : 53 77 106
REC 9 6 20 : 53 77 114
REC 9 7 19 : 53 77 120
REC 15 5 15 : 53 77 122
REC 6 6 23 : 53 78
REC 9 6 20 : 53 78 83
REC 12 6 17 : 53 78 83 105
REC 12 6 17 : 53 78 83 120
REC 9 6 20 : 53 78 89
REC 12 6 17 : 53 78 89 99
REC 12 6 17 : 53 78 89 114
REC 9 6 20 : 53 78 99
REC 12 6 17 : 53 78 99 120
REC 9 6 20 : 53 78 105
REC 12 6 17 : 53 78 105 114
REC 9 6 20 : 53 78 114
REC 9 6 20 : 53 78 120
REC 12 5 18 : 53 79
REC 15 5 15 : 53 79 114
REC 15 5 15 : 53 79 120
REC 6 7 22 : 53 83
REC 9 7 19 : 53 83 92
REC 12 7 16 : 53 83 92 102
REC 15 7 13 : 53 83 92 102 105
REC 12 7 16 : 53 83 92 105
REC 12 6 17 : 53 83 92 106
REC 9 7 19 : 53 83 102
REC 12 7 16 : 53 83 102 105
REC 12 7 16 : 53 83 102 120
REC 9 7 19 : 53 83 105
REC 9 6 20 : 53 83 106
REC 9 6 20 : 53 83 108
REC 15 5 15 : 53 83 110
REC 9 7 19 : 53 83 120
REC 6 7 22 : 53 86
REC 9 7 19 : 53 86 89
REC 12 7 16 : 53 86 89 99
REC 15 7 13 : 53 86 89 99 108
REC 12 6 17 : 53 86 89 106
REC 12 7 16 : 53 86 89 108
REC 9 7 19 : 53 86 99
REC 12 7 16 : 53 86 99 108
REC 12 7 16 : 53 86 99 120
REC 9 6 20 : 53 86 105
REC 9 6 20 : 53 86 106
REC 15 5 15 : 53 86 107
REC 9 7 19 : 53 86 108
REC 9 7 19 : 53 86 120
REC 6 7 22 : 53 89
REC 9 7 19 : 53 89 99
REC 12 7 16 : 53 89 99 108
REC 9 6 20 : 53 89 102
REC 9 6 20 : 53 89 106
REC 9 7 19 : 53 89 108
REC 12 7 16 : 53 89 108 114
REC 15 5 15 : 53 89 110
REC 9 7 19 : 53 89 114
REC 6 6 23 : 53 90
REC 9 6 20 : 53 90 99
REC 12 6 17 : 53 90 99 108
REC 9 6 20 : 53 90 102
REC 12 6 17 : 53 90 102 105
REC 9 6 20 : 53 90 105
REC 9 6 20 : 53 90 108
REC 12 5 18 : 53 91
REC 15 5 15 : 53 91 102
REC 15 5 15 : 53 91 108
REC 6 7 22 : 53 92
REC 9 6 20 : 53 92 99
REC 9 7 19 : 53 92 102
REC 12 7 16 : 53 92 102 105
REC 9 7 19 : 53 92 105
REC 12 7 16 : 53 92 105 114
REC 9 6 20 : 53 92 106
REC 15 5 15 : 53 92 107
REC 9 7 19 : 53 92 114
REC 12 5 18 : 53 94
REC 15 5 15 : 53 94 99
REC 15 5 15 : 53 94 105
REC 6 7 22 : 53 99
REC 9 7 19 : 53 99 108
REC 9 7 19 : 53 99 120
REC 6 7 22 : 53 102
REC 9 7 19 : 53 102 105
REC 9 7 19 : 53 102 120
REC 6 7 22 : 53 105
REC 9 7 19 : 53 105 114
REC 6 6 23 : 53 106
REC 12 5 18 : 53 107
REC 6 7 22 : 53 108
REC 9 7 19 : 53 108 114
REC 12 5 18 : 53 110
REC 6 7 22 : 53 114
REC 6 7 22 : 53 120
REC 12 5 18 : 53 122
REC 3 7 25 : 54
REC 6 7 22 : 54 57
REC 9 6 20 : 54 57 71
REC 12 6 17 : 54 57 71 90
REC 15 6 14 : 54 57 71 90 108
REC 12 6 17 : 54 57 71 92
REC 15 6 14 : 54 57 71 92 106
REC 12 6 17 : 54 57 71 106
REC 12 6 17 : 54 57 71 108
REC 9 6 20 : 54 57 75
REC 12 6 17 : 54 57 75 85
REC 15 6 14 : 54 57 75 85 108
REC 12 6 17 : 54 57 75 92
REC 15 6 14 : 54 57 75 92 101
REC 12 6 17 : 54 57 75 101
REC 12 6 17 : 54 57 75 108
REC 9 6 20 : 54 57 77
REC 12 6 17 : 54 57 77 83
REC 15 6 14 : 54 57 77 83 106
REC 12 6 17 : 54 57 77 90
REC 15 6 14 : 54 57 77 90 99
REC 12 6 17 : 54 57 77 99
REC 12 6 17 : 54 57 77 106
REC 9 6 20 : 54 57 78
REC 12 6 17 : 54 57 78 83
REC 15 6 14 : 54 57 78 83 101
REC 12 6 17 : 54 57 78 85
REC 15 6 14 : 54 57 78 85 99
REC 12 6 17 : 54 57 78 99
REC 12 6 17 : 54 57 78 101
REC 15 5 15 : 54 57 79
REC 9 7 19 : 54 57 83
REC 12 7 16 : 54 57 83 92
REC 15 7 13 : 54 57 83 92 101
REC 18 7 10 : 54 57 83 92 101 106
REC 15 7 13 : 54 57 83 92 106
REC 12 7 16 : 54 57 83 101
REC 15 7 13 : 54 57 83 101 106
REC 12 7 16 : 54 57 83 106
REC 12 6 17 : 54 57 83 108
REC 9 7 19 : 54 57 85
REC 12 7 16 : 54 57 85 90
REC 15 7 13 : 54 57 85 90 99
REC 18 7 10 : 54 57 85 90 99 108
REC 15 7 13 : 54 57 85 90 108
REC 12 7 16 : 54 57 85 99
REC 15 7 13 : 54 57 85 99 108
REC 12 6 17 : 54 57 85 106
REC 12 7 16 : 54 57 85 108
REC 9 7 19 : 54 57 90
REC 12 7 16 : 54 57 90 99
REC 15 7 13 : 54 57 90 99 108
REC 12 6 17 : 54 57 90 101
REC 12 7 16 : 54 57 90 108
REC 9 7 19 : 54 57 92
REC 12 6 17 : 54 57 92 99
REC 12 7 16 : 54 57 92 101
REC 15 7 13 : 54 57 92 101 106
REC 12 7 16 : 54 57 92 106
REC 9 7 19 : 54 57 99
REC 12 7 16 : 54 57 99 108
REC 9 7 19 : 54 57 101
REC 12 7 16 : 54 57 101 106
REC 9 7 19 : 54 57 106
REC 9 7 19 : 54 57 108
REC 6 7 22 : 54 71
REC 9 6 20 : 54 71 89
REC 12 6 17 : 54 71 89 106
REC 12 6 17 : 54 71 89 108
REC 9 7 19 : 54 71 90
REC 12 6 17 : 54 71 90 105
REC 12 7 16 : 54 71 90 108
REC 15 7 13 : 54 71 90 108 113
REC 12 7 16 : 54 71 90 113
REC 9 7 19 : 54 71 92
REC 12 6 17 : 54 71 92 105
REC 12 7 16 : 54 71 92 106
REC 15 7 13 : 54 71 92 106 113
REC 12 7 16 : 54 71 92 113
REC 9 6 20 : 54 71 105
REC 9 7 19 : 54 71 106
REC 12 7 16 : 54 71 106 113
REC 9 7 19 : 54 71 108
REC 12 7 16 : 54 71 108 113
REC 9 7 19 : 54 71 113
REC 9 6 20 : 54 71 120
REC 15 5 15 : 54 71 121
REC 6 6 23 : 54 75
REC 9 6 20 : 54 75 85
REC 12 6 17 : 54 75 85 108
REC 12 6 17 : 54 75 85 120
REC 9 6 20 : 54 75 92
REC 12 6 17 : 54 75 92 101
REC 12 6 17 : 54 75 92 113
REC 9 6 20 : 54 75 101
REC 12 6 17 : 54 75 101 120
REC 9 6 20 : 54 75 108
REC 12 6 17 : 54 75 108 113
REC 9 6 20 : 54 75 113
REC 9 6 20 : 54 75 120
REC 6 6 23 : 54 77
REC 9 6 20 : 54 77 83
REC 12 6 17 : 54 77 83 106
REC 12 6 17 : 54 77 83 120
REC 9 6 20 : 54 77 90
REC 12 6 17 : 54 77 90 99
REC 12 6 17 : 54 77 90 113
REC 9 6 20 : 54 77 99
REC 12 6 17 : 54 77 99 120
REC 9 6 20 : 54 77 106
REC 12 6 17 : 54 77 106 113
REC 9 6 20 : 54 77 113
REC 9 6 20 : 54 77 120
REC 6 7 22 : 54 78
REC 9 7 19 : 54 78 83
REC 12 7 16 : 54 78 83 101
REC 15 7 13 : 54 78 83 101 120
REC 12 6 17 : 54 78 83 105
REC 12 7 16 : 54 78 83 120
REC 9 7 19 : 54 78 85
REC 12 7 16 : 54 78 85 99
REC 15 7 13 : 54 78 85 99 120
REC 12 6 17 : 54 78 85 105
REC 12 7 16 : 54 78 85 120
REC 9 6 20 : 54 78 89
REC 12 6 17 : 54 78 89 99
REC 12 6 17 : 54 78 89 101
REC 9 7 19 : 54 78 99
REC 12 7 16 : 54 78 99 120
REC 9 7 19 : 54 78 101
REC 12 7 16 : 54 78 101 120
REC 9 6 20 : 54 78 105
REC 9 6 20 : 54 78 113
REC 9 7 19 : 54 78 120
REC 15 5 15 : 54 78 121
REC 12 5 18 : 54 79
REC 15 5 15 : 54 79 113
REC 15 5 15 : 54 79 120
REC 6 7 22 : 54 83
REC 9 7 19 : 54 83 92
REC 12 7 16 : 54 83 92 101
REC 15 7 13 : 54 83 92 101 106
REC 12 6 17 : 54 83 92 105
REC 12 7 16 : 54 83 92 106
REC 9 7 19 : 54 83 101
REC 12 7 16 : 54 83 101 106
REC 12 7 16 : 54 83 101 120
REC 9 6 20 : 54 83 105
REC 9 7 19 : 54 83 106
REC 9 6 20 : 54 83 108
REC 15 5 15 : 54 83 109
REC 9 7 19 : 54 83 120
REC 6 7 22 : 54 85
REC 9 7 19 : 54 85 90
REC 12 7 16 : 54 85 90 99
REC 15 7 13 : 54 85 90 99 108
REC 12 6 17 : 54 85 90 105
REC 12 7 16 : 54 85 90 108
REC 9 7 19 : 54 85 99
REC 12 7 16 : 54 85 99 108
REC 12 7 16 : 54 85 99 120
REC 9 6 20 : 54 85 105
REC 9 6 20 : 54 85 106
REC 15 5 15 : 54 85 107
REC 9 7 19 : 54 85 108
REC 9 7 19 : 54 85 120
REC 6 6 23 : 54 89
REC 9 6 20 : 54 89 99
REC 12 6 17 : 54 89 99 108
REC 9 6 20 : 54 89 101
REC 12 6 17 : 54 89 101 106
REC 9 6 20 : 54 89 106
REC 9 6 20 : 54 89 108
REC 6 7 22 : 54 90
REC 9 7 19 : 54 90 99
REC 12 7 16 : 54 90 99 108
REC 9 6 20 : 54 90 101
REC 9 6 20 : 54 90 105
REC 9 7 19 : 54 90 108
REC 12 7 16 : 54 90 108 113
REC 15 5 15 : 54 90 109
REC 9 7 19 : 54 90 113
REC 12 5 18 : 54 91
REC 15 5 15 : 54 91 101
REC 15 5 15 : 54 91 108
REC 6 7 22 : 54 92
REC 9 6 20 : 54 92 99
REC 9 7 19 : 54 92 101
REC 12 7 16 : 54 92 101 106
REC 9 6 20 : 54 92 105
REC 9 7 19 : 54 92 106
REC 12 7 16 : 54 92 106 113
REC 15 5 15 : 54 92 107
REC 9 7 19 : 54 92 113
REC 12 5 18 : 54 93
REC 15 5 15 : 54 93 99
REC 15 5 15 : 54 93 106
REC 6 7 22 : 54 99
REC 9 7 19 : 54 99 108
REC 9 7 19 : 54 99 120
REC 6 7 22 : 54 101
REC 9 7 19 : 54 101 106
REC 9 7 19 : 54 101 120
REC 6 6 23 : 54 105
REC 6 7 22 : 54 106
REC 9 7 19 : 54 106 113
REC 12 5 18 : 54 107
REC 6 7 22 : 54 108
REC 9 7 19 : 54 108 113
REC 12 5 18 : 54 109
REC 6 7 22 : 54 113
REC 6 7 22 : 54 120
REC 12 5 18 : 54 121
REC 9 5 21 : 55
REC 12 5 18 : 55 75
REC 15 5 15 : 55 75 92
REC 15 5 15 : 55 75 108
REC 15 5 15 : 55 75 120
REC 12 5 18 : 55 77
REC 15 5 15 : 55 77 90
REC 15 5 15 : 55 77 106
REC 15 5 15 : 55 77 120
REC 12 5 18 : 55 78
REC 15 5 15 : 55 78 89
REC 15 5 15 : 55 78 105
REC 15 5 15 : 55 78 120
REC 12 5 18 : 55 89
REC 15 5 15 : 55 89 106
REC 15 5 15 : 55 89 108
REC 12 5 18 : 55 90
REC 15 5 15 : 55 90 105
REC 15 5 15 : 55 90 108
REC 12 5 18 : 55 92
REC 15 5 15 : 55 92 105
REC 15 5 15 : 55 92 106
REC 12 5 18 : 55 105
REC 12 5 18 : 55 106
REC 12 5 18 : 55 108
REC 12 5 18 : 55 120
REC 3 7 25 : 57
REC 6 6 23 : 57 71
REC 9 6 20 : 57 71 90
REC 12 6 17 : 57 71 90 108
REC 12 6 17 : 57 71 90 116
REC 9 6 20 : 57 71 92
REC 12 6 17 : 57 71 92 106
REC 12 6 17 : 57 71 92 114
REC 9 6 20 : 57 71 106
REC 12 6 17 : 57 71 106 116
REC 9 6 20 : 57 71 108
REC 12 6 17 : 57 71 108 114
REC 9 6 20 : 57 71 114
REC 9 6 20 : 57 71 116
REC 6 7 22 : 57 75
REC 9 7 19 : 57 75 85
REC 12 6 17 : 57 75 85 102
REC 12 7 16 : 57 75 85 108
REC 15 7 13 : 57 75 85 108 114
REC 12 7 16 : 57 75 85 114
REC 9 6 20 : 57 75 86
REC 12 6 17 : 57 75 86 101
REC 12 6 17 : 57 75 86 108
REC 9 7 19 : 57 75 92
REC 12 7 16 : 57 75 92 101
REC 15 7 13 : 57 75 92 101 114
REC 12 6 17 : 57 75 92 102
REC 12 7 16 : 57 75 92 114
REC 9 7 19 : 57 75 101
REC 12 7 16 : 57 75 101 114
REC 9 6 20 : 57 75 102
REC 9 7 19 : 57 75 108
REC 12 7 16 : 57 75 108 114
REC 9 7 19 : 57 75 114
REC 9 6 20 : 57 75 116
REC 15 5 15 : 57 75 118
REC 6 7 22 : 57 77
REC 9 7 19 : 57 77 83
REC 12 6 17 : 57 77 83 102
REC 12 7 16 : 57 77 83 106
REC 15 7 13 : 57 77 83 106 116
REC 12 7 16 : 57 77 83 116
REC 9 6 20 : 57 77 86
REC 12 6 17 : 57 77 86 99
REC 12 6 17 : 57 77 86 106
REC 9 7 19 : 57 77 90
REC 12 7 16 : 57 77 90 99
REC 15 7 13 : 57 77 90 99 116
REC 12 6 17 : 57 77 90 102
REC 12 7 16 : 57 77 90 116
REC 9 7 19 : 57 77 99
REC 12 7 16 : 57 77 99 116
REC 9 6 20 : 57 77 102
REC 9 7 19 : 57 77 106
REC 12 7 16 : 57 77 106 116
REC 9 6 20 : 57 77 114
REC 9 7 19 : 57 77 116
REC 15 5 15 : 57 77 118
REC 6 6 23 : 57 78
REC 9 6 20 : 57 78 83
REC 12 6 17 : 57 78 83 101
REC 12 6 17 : 57 78 83 116
REC 9 6 20 : 57 78 85
REC 12 6 17 : 57 78 85 99
REC 12 6 17 : 57 78 85 114
REC 9 6 20 : 57 78 99
REC 12 6 17 : 57 78 99 116
REC 9 6 20 : 57 78 101
REC 12 6 17 : 57 78 101 114
REC 9 6 20 : 57 78 114
REC 9 6 20 : 57 78 116
REC 12 5 18 : 57 79
REC 15 5 15 : 57 79 114
REC 15 5 15 : 57 79 116
REC 6 7 22 : 57 83
REC 9 7 19 : 57 83 92
REC 12 7 16 : 57 83 92 101
REC 15 7 13 : 57 83 92 101 106
REC 12 6 17 : 57 83 92 102
REC 12 7 16 : 57 83 92 106
REC 9 7 19 : 57 83 101
REC 12 7 16 : 57 83 101 106
REC 9 6 20 : 57 83 102
REC 9 7 19 : 57 83 106
REC 12 7 16 : 57 83 106 116
REC 9 6 20 : 57 83 108
REC 15 5 15 : 57 83 110
REC 9 7 19 : 57 83 116
REC 6 7 22 : 57 85
REC 9 7 19 : 57 85 90
REC 12 7 16 : 57 85 90 99
REC 15 7 13 : 57 85 90 99 108
REC 12 6 17 : 57 85 90 102
REC 12 7 16 : 57 85 90 108
REC 9 7 19 : 57 85 99
REC 12 7 16 : 57 85 99 108
REC 9 6 20 : 57 85 102
REC 9 6 20 : 57 85 106
REC 9 7 19 : 57 85 108
REC 12 7 16 : 57 85 108 114
REC 15 5 15 : 57 85 110
REC 9 7 19 : 57 85 114
REC 6 6 23 : 57 86
REC 9 6 20 : 57 86 99
REC 12 6 17 : 57 86 99 108
REC 9 6 20 : 57 86 101
REC 12 6 17 : 57 86 101 106
REC 9 6 20 : 57 86 106
REC 9 6 20 : 57 86 108
REC 12 5 18 : 57 87
REC 15 5 15 : 57 87 106
REC 15 5 15 : 57 87 108
REC 6 7 22 : 57 90
REC 9 7 19 : 57 90 99
REC 12 7 16 : 57 90 99 108
REC 12 7 16 : 57 90 99 116
REC 9 6 20 : 57 90 101
REC 9 6 20 : 57 90 102
REC 15 5 15 : 57 90 103
REC 9 7 19 : 57 90 108
REC 9 7 19 : 57 90 116
REC 6 7 22 : 57 92
REC 9 6 20 : 57 92 99
REC 9 7 19 : 57 92 101
REC 12 7 16 : 57 92 101 106
REC 12 7 16 : 57 92 101 114
REC 9 6 20 : 57 92 102
REC 15 5 15 : 57 92 103
REC 9 7 19 : 57 92 106
REC 9 7 19 : 57 92 114
REC 12 5 18 : 57 94
REC 15 5 15 : 57 94 99
REC 15 5 15 : 57 94 101
REC 6 7 22 : 57 99
REC 9 7 19 : 57 99 108
REC 9 7 19 : 57 99 116
REC 6 7 22 : 57 101
REC 9 7 19 : 57 101 106
REC 9 7 19 : 57 101 114
REC 6 6 23 : 57 102
REC 12 5 18 : 57 103
REC 6 7 22 : 57 106
REC 9 7 19 : 57 106 116
REC 6 7 22 : 57 108
REC 9 7 19 : 57 108 114
REC 12 5 18 : 57 110
REC 6 7 22 : 57 114
REC 6 7 22 : 57 116
REC 12 5 18 : 57 118
REC 3 7 25 : 58
REC 6 6 23 : 58 71
REC 9 6 20 : 58 71 89
REC 12 6 17 : 58 71 89 108
REC 12 6 17 : 58 71 89 116
REC 9 6 20 : 58 71 92
REC 12 6 17 : 58 71 92 105
REC 12 6 17 : 58 71 92 113
REC 9 6 20 : 58 71 105
REC 12 6 17 : 58 71 105 116
REC 9 6 20 : 58 71 108
REC 12 6 17 : 58 71 108 113
REC 9 6 20 : 58 71 113
REC 9 6 20 : 58 71 116
REC 6 7 22 : 58 75
REC 9 6 20 : 58 75 85
REC 12 6 17 : 58 75 85 102
REC 12 6 17 : 58 75 85 108
REC 9 7 19 : 58 75 86
REC 12 6 17 : 58 75 86 101
REC 12 7 16 : 58 75 86 108
REC 15 7 13 : 58 75 86 108 113
REC 12 7 16 : 58 75 86 113
REC 9 7 19 : 58 75 92
REC 12 6 17 : 58 75 92 101
REC 12 7 16 : 58 75 92 102
REC 15 7 13 : 58 75 92 102 113
REC 12 7 16 : 58 75 92 113
REC 9 6 20 : 58 75 101
REC 9 7 19 : 58 75 102
REC 12 7 16 : 58 75 102 113
REC 9 7 19 : 58 75 108
REC 12 7 16 : 58 75 108 113
REC 9 7 19 : 58 75 113
REC 9 6 20 : 58 75 116
REC 15 5 15 : 58 75 117
REC 6 6 23 : 58 77
REC 9 6 20 : 58 77 83
REC 12 6 17 : 58 77 83 102
REC 12 6 17 : 58 77 83 116
REC 9 6 20 : 58 77 86
REC 12 6 17 : 58 77 86 99
REC 12 6 17 : 58 77 86 113
REC 9 6 20 : 58 77 99
REC 12 6 17 : 58 77 99 116
REC 9 6 20 : 58 77 102
REC 12 6 17 : 58 77 102 113
REC 9 6 20 : 58 77 113
REC 9 6 20 : 58 77 116
REC 6 7 22 : 58 78
REC 9 7 19 : 58 78 83
REC 12 6 17 : 58 78 83 101
REC 12 7 16 : 58 78 83 105
REC 15 7 13 : 58 78 83 105 116
REC 12 7 16 : 58 78 83 116
REC 9 6 20 : 58 78 85
REC 12 6 17 : 58 78 85 99
REC 12 6 17 : 58 78 85 105
REC 9 7 19 : 58 78 89
REC 12 7 16 : 58 78 89 99
REC 15 7 13 : 58 78 89 99 116
REC 12 6 17 : 58 78 89 101
REC 12 7 16 : 58 78 89 116
REC 9 7 19 : 58 78 99
REC 12 7 16 : 58 78 99 116
REC 9 6 20 : 58 78 101
REC 9 7 19 : 58 78 105
REC 12 7 16 : 58 78 105 116
REC 9 6 20 : 58 78 113
REC 9 7 19 : 58 78 116
REC 15 5 15 : 58 78 117
REC 12 5 18 : 58 79
REC 15 5 15 : 58 79 113
REC 15 5 15 : 58 79 116
REC 6 7 22 : 58 83
REC 9 7 19 : 58 83 92
REC 12 6 17 : 58 83 92 101
REC 12 7 16 : 58 83 92 102
REC 15 7 13 : 58 83 92 102 105
REC 12 7 16 : 58 83 92 105
REC 9 6 20 : 58 83 101
REC 9 7 19 : 58 83 102
REC 12 7 16 : 58 83 102 105
REC 9 7 19 : 58 83 105
REC 12 7 16 : 58 83 105 116
REC 9 6 20 : 58 83 108
REC 15 5 15 : 58 83 109
REC 9 7 19 : 58 83 116
REC 6 6 23 : 58 85
REC 9 6 20 : 58 85 99
REC 12 6 17 : 58 85 99 108
REC 9 6 20 : 58 85 102
REC 12 6 17 : 58 85 102 105
REC 9 6 20 : 58 85 105
REC 9 6 20 : 58 85 108
REC 6 7 22 : 58 86
REC 9 7 19 : 58 86 89
REC 12 7 16 : 58 86 89 99
REC 15 7 13 : 58 86 89 99 108
REC 12 6 17 : 58 86 89 101
REC 12 7 16 : 58 86 89 108
REC 9 7 19 : 58 86 99
REC 12 7 16 : 58 86 99 108
REC 9 6 20 : 58 86 101
REC 9 6 20 : 58 86 105
REC 9 7 19 : 58 86 108
REC 12 7 16 : 58 86 108 113
REC 15 5 15 : 58 86 109
REC 9 7 19 : 58 86 113
REC 12 5 18 : 58 87
REC 15 5 15 : 58 87 105
REC 15 5 15 : 58 87 108
REC 6 7 22 : 58 89
REC 9 7 19 : 58 89 99
REC 12 7 16 : 58 89 99 108
REC 12 7 16 : 58 89 99 116
REC 9 6 20 : 58 89 101
REC 9 6 20 : 58 89 102
REC 15 5 15 : 58 89 103
REC 9 7 19 : 58 89 108
REC 9 7 19 : 58 89 116
REC 6 7 22 : 58 92
REC 9 6 20 : 58 92 99
REC 9 6 20 : 58 92 101
REC 9 7 19 : 58 92 102
REC 12 7 16 : 58 92 102 105
REC 12 7 16 : 58 92 102 113
REC 15 5 15 : 58 92 103
REC 9 7 19 : 58 92 105
REC 9 7 19 : 58 92 113
REC 12 5 18 : 58 93
REC 15 5 15 : 58 93 99
REC 15 5 15 : 58 93 102
REC 6 7 22 : 58 99
REC 9 7 19 : 58 99 108
REC 9 7 19 : 58 99 116
REC 6 6 23 : 58 101
REC 6 7 22 : 58 102
REC 9 7 19 : 58 102 105
REC 9 7 19 : 58 102 113
REC 12 5 18 : 58 103
REC 6 7 22 : 58 105
REC 9 7 19 : 58 105 116
REC 6 7 22 : 58 108
REC 9 7 19 : 58 108 113
REC 12 5 18 : 58 109
REC 6 7 22 : 58 113
REC 6 7 22 : 58 116
REC 12 5 18 : 58 117
REC 9 5 21 : 59
REC 12 5 18 : 59 71
REC 15 5 15 : 59 71 92
REC 15 5 15 : 59 71 108
REC 15 5 15 : 59 71 116
REC 12 5 18 : 59 77
REC 15 5 15 : 59 77 86
REC 15 5 15 : 59 77 102
REC 15 5 15 : 59 77 116
REC 12 5 18 : 59 78
REC 15 5 15 : 59 78 85
REC 15 5 15 : 59 78 101
REC 15 5 15 : 59 78 116
REC 12 5 18 : 59 85
REC 15 5 15 : 59 85 102
REC 15 5 15 : 59 85 108
REC 12 5 18 : 59 86
REC 15 5 15 : 59 86 101
REC 15 5 15 : 59 86 108
REC 12 5 18 : 59 92
REC 15 5 15 : 59 92 101
REC 15 5 15 : 59 92 102
REC 12 5 18 : 59 101
REC 12 5 18 : 59 102
REC 12 5 18 : 59 108
REC 12 5 18 : 59 116
REC 3 7 25 : 60
REC 6 6 23 : 60 71
REC 9 6 20 : 60 71 89
REC 12 6 17 : 60 71 89 106
REC 12 6 17 : 60 71 89 114
REC 9 6 20 : 60 71 90
REC 12 6 17 : 60 71 90 105
REC 12 6 17 : 60 71 90 113
REC 9 6 20 : 60 71 105
REC 12 6 17 : 60 71 105 114
REC 9 6 20 : 60 71 106
REC 12 6 17 : 60 71 106 113
REC 9 6 20 : 60 71 113
REC 9 6 20 : 60 71 114
REC 6 6 23 : 60 75
REC 9 6 20 : 60 75 85
REC 12 6 17 : 60 75 85 102
REC 12 6 17 : 60 75 85 114
REC 9 6 20 : 60 75 86
REC 12 6 17 : 60 75 86 101
REC 12 6 17 : 60 75 86 113
REC 9 6 20 : 60 75 101
REC 12 6 17 : 60 75 101 114
REC 9 6 20 : 60 75 102
REC 12 6 17 : 60 75 102 113
REC 9 6 20 : 60 75 113
REC 9 6 20 : 60 75 114
REC 6 7 22 : 60 77
REC 9 6 20 : 60 77 83
REC 12 6 17 : 60 77 83 102
REC 12 6 17 : 60 77 83 106
REC 9 7 19 : 60 77 86
REC 12 6 17 : 60 77 86 99
REC 12 7 16 : 60 77 86 106
REC 15 7 13 : 60 77 86 106 113
REC 12 7 16 : 60 77 86 113
REC 9 7 19 : 60 77 90
REC 12 6 17 : 60 77 90 99
REC 12 7 16 : 60 77 90 102
REC 15 7 13 : 60 77 90 102 113
REC 12 7 16 : 60 77 90 113
REC 9 6 20 : 60 77 99
REC 9 7 19 : 60 77 102
REC 12 7 16 : 60 77 102 113
REC 9 7 19 : 60 77 106
REC 12 7 16 : 60 77 106 113
REC 9 7 19 : 60 77 113
REC 9 6 20 : 60 77 114
REC 15 5 15 : 60 77 115
REC 6 7 22 : 60 78
REC 9 6 20 : 60 78 83
REC 12 6 17 : 60 78 83 101
REC 12 6 17 : 60 78 83 105
REC 9 7 19 : 60 78 85
REC 12 6 17 : 60 78 85 99
REC 12 7 16 : 60 78 85 105
REC 15 7 13 : 60 78 85 105 114
REC 12 7 16 : 60 78 85 114
REC 9 7 19 : 60 78 89
REC 12 6 17 : 60 78 89 99
REC 12 7 16 : 60 78 89 101
REC 15 7 13 : 60 78 89 101 114
REC 12 7 16 : 60 78 89 114
REC 9 6 20 : 60 78 99
REC 9 7 19 : 60 78 101
REC 12 7 16 : 60 78 101 114
REC 9 7 19 : 60 78 105
REC 12 7 16 : 60 78 105 114
REC 9 6 20 : 60 78 113
REC 9 7 19 : 60 78 114
REC 15 5 15 : 60 78 115
REC 12 5 18 : 60 79
REC 15 5 15 : 60 79 113
REC 15 5 15 : 60 79 114
REC 6 6 23 : 60 83
REC 9 6 20 : 60 83 101
REC 12 6 17 : 60 83 101 106
REC 9 6 20 : 60 83 102
REC 12 6 17 : 60 83 102 105
REC 9 6 20 : 60 83 105
REC 9 6 20 : 60 83 106
REC 6 7 22 : 60 85
REC 9 7 19 : 60 85 90
REC 12 6 17 : 60 85 90 99
REC 12 7 16 : 60 85 90 102
REC 15 7 13 : 60 85 90 102 105
REC 12 7 16 : 60 85 90 105
REC 9 6 20 : 60 85 99
REC 9 7 19 : 60 85 102
REC 12 7 16 : 60 85 102 105
REC 9 7 19 : 60 85 105
REC 12 7 16 : 60 85 105 114
REC 9 6 20 : 60 85 106
REC 15 5 15 : 60 85 107
REC 9 7 19 : 60 85 114
REC 6 7 22 : 60 86
REC 9 7 19 : 60 86 89
REC 12 6 17 : 60 86 89 99
REC 12 7 16 : 60 86 89 101
REC 15 7 13 : 60 86 89 101 106
REC 12 7 16 : 60 86 89 106
REC 9 6 20 : 60 86 99
REC 9 7 19 : 60 86 101
REC 12 7 16 : 60 86 101 106
REC 9 6 20 : 60 86 105
REC 9 7 19 : 60 86 106
REC 12 7 16 : 60 86 106 113
REC 15 5 15 : 60 86 107
REC 9 7 19 : 60 86 113
REC 12 5 18 : 60 87
REC 15 5 15 : 60 87 105
REC 15 5 15 : 60 87 106
REC 6 7 22 : 60 89
REC 9 6 20 : 60 89 99
REC 9 7 19 : 60 89 101
REC 12 7 16 : 60 89 101 106
REC 12 7 16 : 60 89 101 114
REC 9 6 20 : 60 89 102
REC 15 5 15 : 60 89 103
REC 9 7 19 : 60 89 106
REC 9 7 19 : 60 89 114
REC 6 7 22 : 60 90
REC 9 6 20 : 60 90 99
REC 9 6 20 : 60 90 101
REC 9 7 19 : 60 90 102
REC 12 7 16 : 60 90 102 105
REC 12 7 16 : 60 90 102 113
REC 15 5 15 : 60 90 103
REC 9 7 19 : 60 90 105
REC 9 7 19 : 60 90 113
REC 12 5 18 : 60 91
REC 15 5 15 : 60 91 101
REC 15 5 15 : 60 91 102
REC 6 6 23 : 60 99
REC 6 7 22 : 60 101
REC 9 7 19 : 60 101 106
REC 9 7 19 : 60 101 114
REC 6 7 22 : 60 102
REC 9 7 19 : 60 102 105
REC 9 7 19 : 60 102 113
REC 12 5 18 : 60 103
REC 6 7 22 : 60 105
REC 9 7 19 : 60 105 114
REC 6 7 22 : 60 106
REC 9 7 19 : 60 106 113
REC 12 5 18 : 60 107
REC 6 7 22 : 60 113
REC 6 7 22 : 60 114
REC 12 5 18 : 60 115
REC 9 5 21 : 61
REC 12 5 18 : 61 71
REC 15 5 15 : 61 71 90
REC 15 5 15 : 61 71 106
REC 15 5 15 : 61 71 114
REC 12 5 18 : 61 75
REC 15 5 15 : 61 75 86
REC 15 5 15 : 61 75 102
REC 15 5 15 : 61 75 114
REC 12 5 18 : 61 78
REC 15 5 15 : 61 78 83
REC 15 5 15 : 61 78 99
REC 15 5 15 : 61 78 114
REC 12 5 18 : 61 83
REC 15 5 15 : 61 83 102
REC 15 5 15 : 61 83 106
REC 12 5 18 : 61 86
REC 15 5 15 : 61 86 99
REC 15 5 15 : 61 86 106
REC 12 5 18 : 61 90
REC 15 5 15 : 61 90 99
REC 15 5 15 : 61 90 102
REC 12 5 18 : 61 99
REC 12 5 18 : 61 102
REC 12 5 18 : 61 106
REC 12 5 18 : 61 114
REC 9 5 21 : 62
REC 12 5 18 : 62 71
REC 15 5 15 : 62 71 89
REC 15 5 15 : 62 71 105
REC 15 5 15 : 62 71 113
REC 12 5 18 : 62 75
REC 15 5 15 : 62 75 85
REC 15 5 15 : 62 75 101
REC 15 5 15 : 62 75 113
REC 12 5 18 : 62 77
REC 15 5 15 : 62 77 83
REC 15 5 15 : 62 77 99
REC 15 5 15 : 62 77 113
REC 12 5 18 : 62 83
REC 15 5 15 : 62 83 101
REC 15 5 15 : 62 83 105
REC 12 5 18 : 62 85
REC 15 5 15 : 62 85 99
REC 15 5 15 : 62 85 105
REC 12 5 18 : 62 89
REC 15 5 15 : 62 89 99
REC 15 5 15 : 62 89 101
REC 12 5 18 : 62 99
REC 12 5 18 : 62 101
REC 12 5 18 : 62 105
REC 12 5 18 : 62 113
REC 19 3 13 : 63
REC 3 7 25 : 71
REC 6 7 22 : 71 89
REC 9 7 19 : 71 89 106
REC 12 7 16 : 71 89 106 116
REC 9 7 19 : 71 89 108
REC 12 7 16 : 71 89 108 114
REC 9 7 19 : 71 89 114
REC 9 7 19 : 71 89 116
REC 6 7 22 : 71 90
REC 9 7 19 : 71 90 105
REC 12 7 16 : 71 90 105 116
REC 9 7 19 : 71 90 108
REC 12 7 16 : 71 90 108 113
REC 9 7 19 : 71 90 113
REC 9 7 19 : 71 90 116
REC 6 7 22 : 71 92
REC 9 7 19 : 71 92 105
REC 12 7 16 : 71 92 105 114
REC 9 7 19 : 71 92 106
REC 12 7 16 : 71 92 106 113
REC 9 7 19 : 71 92 113
REC 9 7 19 : 71 92 114
REC 6 7 22 : 71 105
REC 9 7 19 : 71 105 114
REC 9 7 19 : 71 105 116
REC 6 7 22 : 71 106
REC 9 7 19 : 71 106 113
REC 9 7 19 : 71 106 116
REC 6 7 22 : 71 108
REC 9 7 19 : 71 108 113
REC 9 7 19 : 71 108 114
REC 6 7 22 : 71 113
REC 6 7 22 : 71 114
REC 6 7 22 : 71 116
REC 6 6 23 : 71 120
REC 12 5 18 : 71 121
REC 12 5 18 : 71 122
REC 12 5 18 : 71 124
REC 3 7 25 : 75
REC 6 7 22 : 75 85
REC 9 7 19 : 75 85 102
REC 12 7 16 : 75 85 102 120
REC 9 7 19 : 75 85 108
REC 12 7 16 : 75 85 108 114
REC 9 7 19 : 75 85 114
REC 9 7 19 : 75 85 120
REC 6 7 22 : 75 86
REC 9 7 19 : 75 86 101
REC 12 7 16 : 75 86 101 120
REC 9 7 19 : 75 86 108
REC 12 7 16 : 75 86 108 113
REC 9 7 19 : 75 86 113
REC 9 7 19 : 75 86 120
REC 6 7 22 : 75 92
REC 9 7 19 : 75 92 101
REC 12 7 16 : 75 92 101 114
REC 9 7 19 : 75 92 102
REC 12 7 16 : 75 92 102 113
REC 9 7 19 : 75 92 113
REC 9 7 19 : 75 92 114
REC 6 7 22 : 75 101
REC 9 7 19 : 75 101 114
REC 9 7 19 : 75 101 120
REC 6 7 22 : 75 102
REC 9 7 19 : 75 102 113
REC 9 7 19 : 75 102 120
REC 6 7 22 : 75 108
REC 9 7 19 : 75 108 113
REC 9 7 19 : 75 108 114
REC 6 7 22 : 75 113
REC 6 7 22 : 75 114
REC 6 6 23 : 75 116
REC 12 5 18 : 75 117
REC 12 5 18 : 75 118
REC 6 7 22 : 75 120
REC 12 5 18 : 75 124
REC 3 7 25 : 77
REC 6 7 22 : 77 83
REC 9 7 19 : 77 83 102
REC 12 7 16 : 77 83 102 120
REC 9 7 19 : 77 83 106
REC 12 7 16 : 77 83 106 116
REC 9 7 19 : 77 83 116
REC 9 7 19 : 77 83 120
REC 6 7 22 : 77 86
REC 9 7 19 : 77 86 99
REC 12 7 16 : 77 86 99 120
REC 9 7 19 : 77 86 106
REC 12 7 16 : 77 86 106 113
REC 9 7 19 : 77 86 113
REC 9 7 19 : 77 86 120
REC 6 7 22 : 77 90
REC 9 7 19 : 77 90 99
REC 12 7 16 : 77 90 99 116
REC 9 7 19 : 77 90 102
REC 12 7 16 : 77 90 102 113
REC 9 7 19 : 77 90 113
REC 9 7 19 : 77 90 116
REC 6 7 22 : 77 99
REC 9 7 19 : 77 99 116
REC 9 7 19 : 77 99 120
REC 6 7 22 : 77 102
REC 9 7 19 : 77 102 113
REC 9 7 19 : 77 102 120
REC 6 7 22 : 77 106
REC 9 7 19 : 77 106 113
REC 9 7 19 : 77 106 116
REC 6 7 22 : 77 113
REC 6 6 23 : 77 114
REC 12 5 18 : 77 115
REC 6 7 22 : 77 116
REC 12 5 18 : 77 118
REC 6 7 22 : 77 120
REC 12 5 18 : 77 122
REC 3 7 25 : 78
REC 6 7 22 : 78 83
REC 9 7 19 : 78 83 101
REC 12 7 16 : 78 83 101 120
REC 9 7 19 : 78 83 105
REC 12 7 16 : 78 83 105 116
REC 9 7 19 : 78 83 116
REC 9 7 19 : 78 83 120
REC 6 7 22 : 78 85
REC 9 7 19 : 78 85 99
REC 12 7 16 : 78 85 99 120
REC 9 7 19 : 78 85 105
REC 12 7 16 : 78 85 105 114
REC 9 7 19 : 78 85 114
REC 9 7 19 : 78 85 120
REC 6 7 22 : 78 89
REC 9 7 19 : 78 89 99
REC 12 7 16 : 78 89 99 116
REC 9 7 19 : 78 89 101
REC 12 7 16 : 78 89 101 114
REC 9 7 19 : 78 89 114
REC 9 7 19 : 78 89 116
REC 6 7 22 : 78 99
REC 9 7 19 : 78 99 116
REC 9 7 19 : 78 99 120
REC 6 7 22 : 78 101
REC 9 7 19 : 78 101 114
REC 9 7 19 : 78 101 120
REC 6 7 22 : 78 105
REC 9 7 19 : 78 105 114
REC 9 7 19 : 78 105 116
REC 6 6 23 : 78 113
REC 6 7 22 : 78 114
REC 12 5 18 : 78 115
REC 6 7 22 : 78 116
REC 12 5 18 : 78 117
REC 6 7 22 : 78 120
REC 12 5 18 : 78 121
REC 9 5 21 : 79
REC 12 5 18 : 79 113
REC 12 5 18 : 79 114
REC 12 5 18 : 79 116
REC 12 5 18 : 79 120
REC 3 7 25 : 83
REC 6 7 22 : 83 92
REC 9 7 19 : 83 92 101
REC 12 7 16 : 83 92 101 106
REC 9 7 19 : 83 92 102
REC 12 7 16 : 83 92 102 105
REC 9 7 19 : 83 92 105
REC 9 7 19 : 83 92 106
REC 6 7 22 : 83 101
REC 9 7 19 : 83 101 106
REC 9 7 19 : 83 101 120
REC 6 7 22 : 83 102
REC 9 7 19 : 83 102 105
REC 9 7 19 : 83 102 120
REC 6 7 22 : 83 105
REC 9 7 19 : 83 105 116
REC 6 7 22 : 83 106
REC 9 7 19 : 83 106 116
REC 6 6 23 : 83 108
REC 12 5 18 : 83 109
REC 12 5 18 : 83 110
REC 6 7 22 : 83 116
REC 6 7 22 : 83 120
REC 12 5 18 : 83 124
REC 3 7 25 : 85
REC 6 7 22 : 85 90
REC 9 7 19 : 85 90 99
REC 12 7 16 : 85 90 99 108
REC 9 7 19 : 85 90 102
REC 12 7 16 : 85 90 102 105
REC 9 7 19 : 85 90 105
REC 9 7 19 : 85 90 108
REC 6 7 22 : 85 99
REC 9 7 19 : 85 99 108
REC 9 7 19 : 85 99 120
REC 6 7 22 : 85 102
REC 9 7 19 : 85 102 105
REC 9 7 19 : 85 102 120
REC 6 7 22 : 85 105
REC 9 7 19 : 85 105 114
REC 6 6 23 : 85 106
REC 12 5 18 : 85 107
REC 6 7 22 : 85 108
REC 9 7 19 : 85 108 114
REC 12 5 18 : 85 110
REC 6 7 22 : 85 114
REC 6 7 22 : 85 120
REC 12 5 18 : 85 122
REC 3 7 25 : 86
REC 6 7 22 : 86 89
REC 9 7 19 : 86 89 99
REC 12 7 16 : 86 89 99 108
REC 9 7 19 : 86 89 101
REC 12 7 16 : 86 89 101 106
REC 9 7 19 : 86 89 106
REC 9 7 19 : 86 89 108
REC 6 7 22 : 86 99
REC 9 7 19 : 86 99 108
REC 9 7 19 : 86 99 120
REC 6 7 22 : 86 101
REC 9 7 19 : 86 101 106
REC 9 7 19 : 86 101 120
REC 6 6 23 : 86 105
REC 6 7 22 : 86 106
REC 9 7 19 : 86 106 113
REC 12 5 18 : 86 107
REC 6 7 22 : 86 108
REC 9 7 19 : 86 108 113
REC 12 5 18 : 86 109
REC 6 7 22 : 86 113
REC 6 7 22 : 86 120
REC 12 5 18 : 86 121
REC 9 5 21 : 87
REC 12 5 18 : 87 105
REC 12 5 18 : 87 106
REC 12 5 18 : 87 108
REC 12 5 18 : 87 120
REC 3 7 25 : 89
REC 6 7 22 : 89 99
REC 9 7 19 : 89 99 108
REC 9 7 19 : 89 99 116
REC 6 7 22 : 89 101
REC 9 7 19 : 89 101 106
REC 9 7 19 : 89 101 114
REC 6 6 23 : 89 102
REC 12 5 18 : 89 103
REC 6 7 22 : 89 106
REC 9 7 19 : 89 106 116
REC 6 7 22 : 89 108
REC 9 7 19 : 89 108 114
REC 12 5 18 : 89 110
REC 6 7 22 : 89 114
REC 6 7 22 : 89 116
REC 12 5 18 : 89 118
REC 3 7 25 : 90
REC 6 7 22 : 90 99
REC 9 7 19 : 90 99 108
REC 9 7 19 : 90 99 116
REC 6 6 23 : 90 101
REC 6 7 22 : 90 102
REC 9 7 19 : 90 102 105
REC 9 7 19 : 90 102 113
REC 12 5 18 : 90 103
REC 6 7 22 : 90 105
REC 9 7 19 : 90 105 116
REC 6 7 22 : 90 108
REC 9 7 19 : 90 108 113
REC 12 5 18 : 90 109
REC 6 7 22 : 90 113
REC 6 7 22 : 90 116
REC 12 5 18 : 90 117
REC 9 5 21 : 91
REC 12 5 18 : 91 101
REC 12 5 18 : 91 102
REC 12 5 18 : 91 108
REC 12 5 18 : 91 116
REC 3 7 25 : 92
REC 6 6 23 : 92 99
REC 6 7 22 : 92 101
REC 9 7 19 : 92 101 106
REC 9 7 19 : 92 101 114
REC 6 7 22 : 92 102
REC 9 7 19 : 92 102 105
REC 9 7 19 : 92 102 113
REC 12 5 18 : 92 103
REC 6 7 22 : 92 105
REC 9 7 19 : 92 105 114
REC 6 7 22 : 92 106
REC 9 7 19 : 92 106 113
REC 12 5 18 : 92 107
REC 6 7 22 : 92 113
REC 6 7 22 : 92 114
REC 12 5 18 : 92 115
REC 9 5 21 : 93
REC 12 5 18 : 93 99
REC 12 5 18 : 93 102
REC 12 5 18 : 93 106
REC 12 5 18 : 93 114
REC 9 5 21 : 94
REC 12 5 18 : 94 99
REC 12 5 18 : 94 101
REC 12 5 18 : 94 105
REC 12 5 18 : 94 113
REC 19 3 13 : 95
REC 3 7 25 : 99
REC 6 7 22 : 99 108
REC 6 7 22 : 99 116
REC 6 7 22 : 99 120
REC 12 5 18 : 99 124
REC 3 7 25 : 101
REC 6 7 22 : 101 106
REC 6 7 22 : 101 114
REC 6 7 22 : 101 120
REC 12 5 18 : 101 122
REC 3 7 25 : 102
REC 6 7 22 : 102 105
REC 6 7 22 : 102 113
REC 6 7 22 : 102 120
REC 12 5 18 : 102 121
REC 9 5 21 : 103
REC 12 5 18 : 103 120
REC 3 7 25 : 105
REC 6 7 22 : 105 114
REC 6 7 22 : 105 116
REC 12 5 18 : 105 118
REC 3 7 25 : 106
REC 6 7 22 : 106 113
REC 6 7 22 : 106 116
REC 12 5 18 : 106 117
REC 9 5 21 : 107
REC 12 5 18 : 107 116
REC 3 7 25 : 108
REC 6 7 22 : 108 113
REC 6 7 22 : 108 114
REC 12 5 18 : 108 115
REC 9 5 21 : 109
REC 12 5 18 : 109 114
REC 9 5 21 : 110
REC 12 5 18 : 110 113
REC 19 3 13 : 111
REC 3 7 25 : 113
REC 3 7 25 : 114
REC 9 5 21 : 115
REC 3 7 25 : 116
REC 9 5 21 : 117
REC 9 5 21 : 118
REC 19 3 13 : 119
REC 3 7 25 : 120
REC 9 5 21 : 121
REC 9 5 21 : 122
REC 19 3 13 : 123
REC 9 5 21 : 124
REC 19 3 13 : 125
REC 19 3 13 : 126
DONE nodes=6149 leaves=6149 records=6149
