REC 9 7 40 : 31
REC 12 7 37 : 31 99
REC 15 7 34 : 31 99 108
REC 18 7 31 : 31 99 108 165
REC 21 7 28 : 31 99 108 165 170
REC 24 7 25 : 31 99 108 165 170 198
REC 27 7 22 : 31 99 108 165 170 198 201
REC 30 7 19 : 31 99 108 165 170 198 201 240
REC 27 7 22 : 31 99 108 165 170 198 209
REC 27 7 22 : 31 99 108 165 170 198 216
REC 27 7 22 : 31 99 108 165 170 198 240
REC 24 7 25 : 31 99 108 165 170 201
REC 27 7 22 : 31 99 108 165 170 201 210
REC 27 7 22 : 31 99 108 165 170 201 212
REC 27 7 22 : 31 99 108 165 170 201 240
REC 24 7 25 : 31 99 108 165 170 209
REC 24 7 25 : 31 99 108 165 170 210
REC 24 7 25 : 31 99 108 165 170 212
REC 24 7 25 : 31 99 108 165 170 216
REC 24 7 25 : 31 99 108 165 170 240
REC 21 7 28 : 31 99 108 165 178
REC 24 7 25 : 31 99 108 165 178 198
REC 27 7 22 : 31 99 108 165 178 198 201
REC 27 7 22 : 31 99 108 165 178 198 209
REC 27 7 22 : 31 99 108 165 178 198 216
REC 24 7 25 : 31 99 108 165 178 201
REC 27 7 22 : 31 99 108 165 178 201 212
REC 24 7 25 : 31 99 108 165 178 202
REC 27 7 22 : 31 99 108 165 178 202 209
REC 27 7 22 : 31 99 108 165 178 202 212
REC 24 7 25 : 31 99 108 165 178 209
REC 24 7 25 : 31 99 108 165 178 212
REC 24 7 25 : 31 99 108 165 178 216
REC 21 7 28 : 31 99 108 165 184
REC 24 7 25 : 31 99 108 165 184 198
REC 27 7 22 : 31 99 108 165 184 198 201
REC 27 7 22 : 31 99 108 165 184 198 209
REC 24 7 25 : 31 99 108 165 184 201
REC 27 7 22 : 31 99 108 165 184 201 210
REC 27 7 22 : 31 99 108 165 184 201 212
REC 24 7 25 : 31 99 108 165 184 202
REC 27 7 22 : 31 99 108 165 184 202 209
REC 27 7 22 : 31 99 108 165 184 202 212
REC 24 7 25 : 31 99 108 165 184 209
REC 24 7 25 : 31 99 108 165 184 210
REC 24 7 25 : 31 99 108 165 184 212
REC 21 7 28 : 31 99 108 165 198
REC 24 7 25 : 31 99 108 165 198 201
REC 27 7 22 : 31 99 108 165 198 201 240
REC 24 7 25 : 31 99 108 165 198 209
REC 24 7 25 : 31 99 108 165 198 216
REC 24 7 25 : 31 99 108 165 198 240
REC 21 7 28 : 31 99 108 165 201
REC 24 7 25 : 31 99 108 165 201 210
REC 24 7 25 : 31 99 108 165 201 212
REC 24 7 25 : 31 99 108 165 201 240
REC 21 7 28 : 31 99 108 165 202
REC 24 7 25 : 31 99 108 165 202 209
REC 24 7 25 : 31 99 108 165 202 212
REC 24 7 25 : 31 99 108 165 202 240
REC 21 7 28 : 31 99 108 165 209
REC 21 7 28 : 31 99 108 165 210
REC 21 7 28 : 31 99 108 165 212
REC 21 7 28 : 31 99 108 165 216
REC 21 7 28 : 31 99 108 165 240
REC 18 7 31 : 31 99 108 166
REC 21 7 28 : 31 99 108 166 169
REC 24 7 25 : 31 99 108 166 169 197
REC 27 7 22 : 31 99 108 166 169 197 202
REC 30 7 19 : 31 99 108 166 169 197 202 240
REC 27 7 22 : 31 99 108 166 169 197 210
REC 27 7 22 : 31 99 108 166 169 197 216
REC 27 7 22 : 31 99 108 166 169 197 240
REC 24 7 25 : 31 99 108 166 169 202
REC 27 7 22 : 31 99 108 166 169 202 209
REC 27 7 22 : 31 99 108 166 169 202 212
REC 27 7 22 : 31 99 108 166 169 202 240
REC 24 7 25 : 31 99 108 166 169 209
REC 24 7 25 : 31 99 108 166 169 210
REC 24 7 25 : 31 99 108 166 169 212
REC 24 7 25 : 31 99 108 166 169 216
REC 24 7 25 : 31 99 108 166 169 240
REC 21 7 28 : 31 99 108 166 177
REC 24 7 25 : 31 99 108 166 177 197
REC 27 7 22 : 31 99 108 166 177 197 202
REC 27 7 22 : 31 99 108 166 177 197 210
REC 27 7 22 : 31 99 108 166 177 197 216
REC 24 7 25 : 31 99 108 166 177 201
REC 27 7 22 : 31 99 108 166 177 201 210
REC 27 7 22 : 31 99 108 166 177 201 212
REC 24 7 25 : 31 99 108 166 177 202
REC 27 7 22 : 31 99 108 166 177 202 212
REC 24 7 25 : 31 99 108 166 177 210
REC 24 7 25 : 31 99 108 166 177 212
REC 24 7 25 : 31 99 108 166 177 216
REC 21 7 28 : 31 99 108 166 184
REC 24 7 25 : 31 99 108 166 184 197
REC 27 7 22 : 31 99 108 166 184 197 202
REC 27 7 22 : 31 99 108 166 184 197 210
REC 24 7 25 : 31 99 108 166 184 201
REC 27 7 22 : 31 99 108 166 184 201 210
REC 27 7 22 : 31 99 108 166 184 201 212
REC 24 7 25 : 31 99 108 166 184 202
REC 27 7 22 : 31 99 108 166 184 202 209
REC 27 7 22 : 31 99 108 166 184 202 212
REC 24 7 25 : 31 99 108 166 184 209
REC 24 7 25 : 31 99 108 166 184 210
REC 24 7 25 : 31 99 108 166 184 212
REC 21 7 28 : 31 99 108 166 197
REC 24 7 25 : 31 99 108 166 197 202
REC 27 7 22 : 31 99 108 166 197 202 240
REC 24 7 25 : 31 99 108 166 197 210
REC 24 7 25 : 31 99 108 166 197 216
REC 24 7 25 : 31 99 108 166 197 240
REC 21 7 28 : 31 99 108 166 201
REC 24 7 25 : 31 99 108 166 201 210
REC 24 7 25 : 31 99 108 166 201 212
REC 24 7 25 : 31 99 108 166 201 240
REC 21 7 28 : 31 99 108 166 202
REC 24 7 25 : 31 99 108 166 202 209
REC 24 7 25 : 31 99 108 166 202 212
REC 24 7 25 : 31 99 108 166 202 240
REC 21 7 28 : 31 99 108 166 209
REC 21 7 28 : 31 99 108 166 210
REC 21 7 28 : 31 99 108 166 212
REC 21 7 28 : 31 99 108 166 216
REC 21 7 28 : 31 99 108 166 240
REC 18 7 31 : 31 99 108 169
REC 21 7 28 : 31 99 108 169 178
REC 24 7 25 : 31 99 108 169 178 197
REC 27 7 22 : 31 99 108 169 178 197 202
REC 27 7 22 : 31 99 108 169 178 197 216
REC 24 7 25 : 31 99 108 169 178 198
REC 27 7 22 : 31 99 108 169 178 198 209
REC 27 7 22 : 31 99 108 169 178 198 216
REC 24 7 25 : 31 99 108 169 178 202
REC 27 7 22 : 31 99 108 169 178 202 209
REC 27 7 22 : 31 99 108 169 178 202 212
REC 24 7 25 : 31 99 108 169 178 209
REC 24 7 25 : 31 99 108 169 178 212
REC 24 7 25 : 31 99 108 169 178 216
REC 21 7 28 : 31 99 108 169 180
REC 24 7 25 : 31 99 108 169 180 197
REC 27 7 22 : 31 99 108 169 180 197 202
REC 27 7 22 : 31 99 108 169 180 197 210
REC 27 7 22 : 31 99 108 169 180 197 216
REC 24 7 25 : 31 99 108 169 180 198
REC 27 7 22 : 31 99 108 169 180 198 209
REC 27 7 22 : 31 99 108 169 180 198 216
REC 24 7 25 : 31 99 108 169 180 202
REC 27 7 22 : 31 99 108 169 180 202 209
REC 24 7 25 : 31 99 108 169 180 209
REC 24 7 25 : 31 99 108 169 180 210
REC 24 7 25 : 31 99 108 169 180 216
REC 21 7 28 : 31 99 108 169 197
REC 24 7 25 : 31 99 108 169 197 202
REC 27 7 22 : 31 99 108 169 197 202 240
REC 24 7 25 : 31 99 108 169 197 210
REC 24 7 25 : 31 99 108 169 197 216
REC 24 7 25 : 31 99 108 169 197 240
REC 21 7 28 : 31 99 108 169 198
REC 24 7 25 : 31 99 108 169 198 209
REC 24 7 25 : 31 99 108 169 198 216
REC 24 7 25 : 31 99 108 169 198 240
REC 21 7 28 : 31 99 108 169 202
REC 24 7 25 : 31 99 108 169 202 209
REC 24 7 25 : 31 99 108 169 202 212
REC 24 7 25 : 31 99 108 169 202 240
REC 21 7 28 : 31 99 108 169 209
REC 21 7 28 : 31 99 108 169 210
REC 21 7 28 : 31 99 108 169 212
REC 21 7 28 : 31 99 108 169 216
REC 21 7 28 : 31 99 108 169 240
REC 18 7 31 : 31 99 108 170
REC 21 7 28 : 31 99 108 170 177
REC 24 7 25 : 31 99 108 170 177 197
REC 27 7 22 : 31 99 108 170 177 197 210
REC 27 7 22 : 31 99 108 170 177 197 216
REC 24 7 25 : 31 99 108 170 177 198
REC 27 7 22 : 31 99 108 170 177 198 201
REC 27 7 22 : 31 99 108 170 177 198 216
REC 24 7 25 : 31 99 108 170 177 201
REC 27 7 22 : 31 99 108 170 177 201 210
REC 27 7 22 : 31 99 108 170 177 201 212
REC 24 7 25 : 31 99 108 170 177 210
REC 24 7 25 : 31 99 108 170 177 212
REC 24 7 25 : 31 99 108 170 177 216
REC 21 7 28 : 31 99 108 170 180
REC 24 7 25 : 31 99 108 170 180 197
REC 27 7 22 : 31 99 108 170 180 197 210
REC 27 7 22 : 31 99 108 170 180 197 216
REC 24 7 25 : 31 99 108 170 180 198
REC 27 7 22 : 31 99 108 170 180 198 201
REC 27 7 22 : 31 99 108 170 180 198 209
REC 27 7 22 : 31 99 108 170 180 198 216
REC 24 7 25 : 31 99 108 170 180 201
REC 27 7 22 : 31 99 108 170 180 201 210
REC 24 7 25 : 31 99 108 170 180 209
REC 24 7 25 : 31 99 108 170 180 210
REC 24 7 25 : 31 99 108 170 180 216
REC 21 7 28 : 31 99 108 170 197
REC 24 7 25 : 31 99 108 170 197 210
REC 24 7 25 : 31 99 108 170 197 216
REC 24 7 25 : 31 99 108 170 197 240
REC 21 7 28 : 31 99 108 170 198
REC 24 7 25 : 31 99 108 170 198 201
REC 27 7 22 : 31 99 108 170 198 201 240
REC 24 7 25 : 31 99 108 170 198 209
REC 24 7 25 : 31 99 108 170 198 216
REC 24 7 25 : 31 99 108 170 198 240
REC 21 7 28 : 31 99 108 170 201
REC 24 7 25 : 31 99 108 170 201 210
REC 24 7 25 : 31 99 108 170 201 212
REC 24 7 25 : 31 99 108 170 201 240
REC 21 7 28 : 31 99 108 170 209
REC 21 7 28 : 31 99 108 170 210
REC 21 7 28 : 31 99 108 170 212
REC 21 7 28 : 31 99 108 170 216
REC 21 7 28 : 31 99 108 170 240
REC 18 7 31 : 31 99 108 177
REC 21 7 28 : 31 99 108 177 197
REC 24 7 25 : 31 99 108 177 197 202
REC 24 7 25 : 31 99 108 177 197 210
REC 24 7 25 : 31 99 108 177 197 216
REC 21 7 28 : 31 99 108 177 198
REC 24 7 25 : 31 99 108 177 198 201
REC 24 7 25 : 31 99 108 177 198 216
REC 21 7 28 : 31 99 108 177 201
REC 24 7 25 : 31 99 108 177 201 210
REC 24 7 25 : 31 99 108 177 201 212
REC 21 7 28 : 31 99 108 177 202
REC 24 7 25 : 31 99 108 177 202 212
REC 21 7 28 : 31 99 108 177 210
REC 21 7 28 : 31 99 108 177 212
REC 21 7 28 : 31 99 108 177 216
REC 18 7 31 : 31 99 108 178
REC 21 7 28 : 31 99 108 178 197
REC 24 7 25 : 31 99 108 178 197 202
REC 24 7 25 : 31 99 108 178 197 216
REC 21 7 28 : 31 99 108 178 198
REC 24 7 25 : 31 99 108 178 198 201
REC 24 7 25 : 31 99 108 178 198 209
REC 24 7 25 : 31 99 108 178 198 216
REC 21 7 28 : 31 99 108 178 201
REC 24 7 25 : 31 99 108 178 201 212
REC 21 7 28 : 31 99 108 178 202
REC 24 7 25 : 31 99 108 178 202 209
REC 24 7 25 : 31 99 108 178 202 212
REC 21 7 28 : 31 99 108 178 209
REC 21 7 28 : 31 99 108 178 212
REC 21 7 28 : 31 99 108 178 216
REC 18 7 31 : 31 99 108 180
REC 21 7 28 : 31 99 108 180 197
REC 24 7 25 : 31 99 108 180 197 202
REC 24 7 25 : 31 99 108 180 197 210
REC 24 7 25 : 31 99 108 180 197 216
REC 21 7 28 : 31 99 108 180 198
REC 24 7 25 : 31 99 108 180 198 201
REC 24 7 25 : 31 99 108 180 198 209
REC 24 7 25 : 31 99 108 180 198 216
REC 21 7 28 : 31 99 108 180 201
REC 24 7 25 : 31 99 108 180 201 210
REC 21 7 28 : 31 99 108 180 202
REC 24 7 25 : 31 99 108 180 202 209
REC 21 7 28 : 31 99 108 180 209
REC 21 7 28 : 31 99 108 180 210
REC 21 7 28 : 31 99 108 180 216
REC 18 7 31 : 31 99 108 184
REC 21 7 28 : 31 99 108 184 197
REC 24 7 25 : 31 99 108 184 197 202
REC 24 7 25 : 31 99 108 184 197 210
REC 21 7 28 : 31 99 108 184 198
REC 24 7 25 : 31 99 108 184 198 201
REC 24 7 25 : 31 99 108 184 198 209
REC 21 7 28 : 31 99 108 184 201
REC 24 7 25 : 31 99 108 184 201 210
REC 24 7 25 : 31 99 108 184 201 212
REC 21 7 28 : 31 99 108 184 202
REC 24 7 25 : 31 99 108 184 202 209
REC 24 7 25 : 31 99 108 184 202 212
REC 21 7 28 : 31 99 108 184 209
REC 21 7 28 : 31 99 108 184 210
REC 21 7 28 : 31 99 108 184 212
REC 18 7 31 : 31 99 108 197
REC 21 7 28 : 31 99 108 197 202
REC 24 7 25 : 31 99 108 197 202 240
REC 21 7 28 : 31 99 108 197 210
REC 21 7 28 : 31 99 108 197 216
REC 21 7 28 : 31 99 108 197 240
REC 18 7 31 : 31 99 108 198
REC 21 7 28 : 31 99 108 198 201
REC 24 7 25 : 31 99 108 198 201 240
REC 21 7 28 : 31 99 108 198 209
REC 21 7 28 : 31 99 108 198 216
REC 21 7 28 : 31 99 108 198 240
REC 18 7 31 : 31 99 108 201
REC 21 7 28 : 31 99 108 201 210
REC 21 7 28 : 31 99 108 201 212
REC 21 7 28 : 31 99 108 201 240
REC 18 7 31 : 31 99 108 202
REC 21 7 28 : 31 99 108 202 209
REC 21 7 28 : 31 99 108 202 212
REC 21 7 28 : 31 99 108 202 240
REC 18 7 31 : 31 99 108 209
REC 18 7 31 : 31 99 108 210
REC 18 7 31 : 31 99 108 212
REC 18 7 31 : 31 99 108 216
REC 18 7 31 : 31 99 108 240
REC 15 7 34 : 31 99 116
REC 18 7 31 : 31 99 116 165
REC 21 7 28 : 31 99 116 165 170
REC 24 7 25 : 31 99 116 165 170 198
REC 27 7 22 : 31 99 116 165 170 198 201
REC 27 7 22 : 31 99 116 165 170 198 209
REC 27 7 22 : 31 99 116 165 170 198 216
REC 24 7 25 : 31 99 116 165 170 201
REC 27 7 22 : 31 99 116 165 170 201 210
REC 24 7 25 : 31 99 116 165 170 204
REC 27 7 22 : 31 99 116 165 170 204 209
REC 27 7 22 : 31 99 116 165 170 204 210
REC 24 7 25 : 31 99 116 165 170 209
REC 24 7 25 : 31 99 116 165 170 210
REC 24 7 25 : 31 99 116 165 170 216
REC 21 7 28 : 31 99 116 165 178
REC 24 7 25 : 31 99 116 165 178 198
REC 27 7 22 : 31 99 116 165 178 198 201
REC 27 7 22 : 31 99 116 165 178 198 209
REC 30 7 19 : 31 99 116 165 178 198 209 232
REC 27 7 22 : 31 99 116 165 178 198 216
REC 27 7 22 : 31 99 116 165 178 198 232
REC 24 7 25 : 31 99 116 165 178 201
REC 24 7 25 : 31 99 116 165 178 202
REC 27 7 22 : 31 99 116 165 178 202 209
REC 24 7 25 : 31 99 116 165 178 204
REC 27 7 22 : 31 99 116 165 178 204 209
REC 24 7 25 : 31 99 116 165 178 209
REC 27 7 22 : 31 99 116 165 178 209 232
REC 24 7 25 : 31 99 116 165 178 216
REC 24 7 25 : 31 99 116 165 178 232
REC 21 7 28 : 31 99 116 165 184
REC 24 7 25 : 31 99 116 165 184 198
REC 27 7 22 : 31 99 116 165 184 198 201
REC 27 7 22 : 31 99 116 165 184 198 209
REC 24 7 25 : 31 99 116 165 184 201
REC 27 7 22 : 31 99 116 165 184 201 210
REC 24 7 25 : 31 99 116 165 184 202
REC 27 7 22 : 31 99 116 165 184 202 209
REC 24 7 25 : 31 99 116 165 184 204
REC 27 7 22 : 31 99 116 165 184 204 209
REC 27 7 22 : 31 99 116 165 184 204 210
REC 24 7 25 : 31 99 116 165 184 209
REC 24 7 25 : 31 99 116 165 184 210
REC 21 7 28 : 31 99 116 165 198
REC 24 7 25 : 31 99 116 165 198 201
REC 24 7 25 : 31 99 116 165 198 209
REC 27 7 22 : 31 99 116 165 198 209 232
REC 24 7 25 : 31 99 116 165 198 216
REC 24 7 25 : 31 99 116 165 198 232
REC 21 7 28 : 31 99 116 165 201
REC 24 7 25 : 31 99 116 165 201 210
REC 21 7 28 : 31 99 116 165 202
REC 24 7 25 : 31 99 116 165 202 209
REC 21 7 28 : 31 99 116 165 204
REC 24 7 25 : 31 99 116 165 204 209
REC 24 7 25 : 31 99 116 165 204 210
REC 21 7 28 : 31 99 116 165 209
REC 24 7 25 : 31 99 116 165 209 232
REC 21 7 28 : 31 99 116 165 210
REC 24 7 25 : 31 99 116 165 210 232
REC 21 7 28 : 31 99 116 165 216
REC 21 7 28 : 31 99 116 165 232
REC 18 7 31 : 31 99 116 166
REC 21 7 28 : 31 99 116 166 169
REC 24 7 25 : 31 99 116 166 169 197
REC 27 7 22 : 31 99 116 166 169 197 202
REC 27 7 22 : 31 99 116 166 169 197 210
REC 27 7 22 : 31 99 116 166 169 197 216
REC 24 7 25 : 31 99 116 166 169 202
REC 27 7 22 : 31 99 116 166 169 202 209
REC 24 7 25 : 31 99 116 166 169 204
REC 27 7 22 : 31 99 116 166 169 204 209
REC 27 7 22 : 31 99 116 166 169 204 210
REC 24 7 25 : 31 99 116 166 169 209
REC 24 7 25 : 31 99 116 166 169 210
REC 24 7 25 : 31 99 116 166 169 216
REC 21 7 28 : 31 99 116 166 177
REC 24 7 25 : 31 99 116 166 177 197
REC 27 7 22 : 31 99 116 166 177 197 202
REC 27 7 22 : 31 99 116 166 177 197 210
REC 30 7 19 : 31 99 116 166 177 197 210 232
REC 27 7 22 : 31 99 116 166 177 197 216
REC 27 7 22 : 31 99 116 166 177 197 232
REC 24 7 25 : 31 99 116 166 177 201
REC 27 7 22 : 31 99 116 166 177 201 210
REC 24 7 25 : 31 99 116 166 177 202
REC 24 7 25 : 31 99 116 166 177 204
REC 27 7 22 : 31 99 116 166 177 204 210
REC 24 7 25 : 31 99 116 166 177 210
REC 27 7 22 : 31 99 116 166 177 210 232
REC 24 7 25 : 31 99 116 166 177 216
REC 24 7 25 : 31 99 116 166 177 232
REC 21 7 28 : 31 99 116 166 184
REC 24 7 25 : 31 99 116 166 184 197
REC 27 7 22 : 31 99 116 166 184 197 202
REC 27 7 22 : 31 99 116 166 184 197 210
REC 24 7 25 : 31 99 116 166 184 201
REC 27 7 22 : 31 99 116 166 184 201 210
REC 24 7 25 : 31 99 116 166 184 202
REC 27 7 22 : 31 99 116 166 184 202 209
REC 24 7 25 : 31 99 116 166 184 204
REC 27 7 22 : 31 99 116 166 184 204 209
REC 27 7 22 : 31 99 116 166 184 204 210
REC 24 7 25 : 31 99 116 166 184 209
REC 24 7 25 : 31 99 116 166 184 210
REC 21 7 28 : 31 99 116 166 197
REC 24 7 25 : 31 99 116 166 197 202
REC 24 7 25 : 31 99 116 166 197 210
REC 27 7 22 : 31 99 116 166 197 210 232
REC 24 7 25 : 31 99 116 166 197 216
REC 24 7 25 : 31 99 116 166 197 232
REC 21 7 28 : 31 99 116 166 201
REC 24 7 25 : 31 99 116 166 201 210
REC 21 7 28 : 31 99 116 166 202
REC 24 7 25 : 31 99 116 166 202 209
REC 21 7 28 : 31 99 116 166 204
REC 24 7 25 : 31 99 116 166 204 209
REC 24 7 25 : 31 99 116 166 204 210
REC 21 7 28 : 31 99 116 166 209
REC 24 7 25 : 31 99 116 166 209 232
REC 21 7 28 : 31 99 116 166 210
REC 24 7 25 : 31 99 116 166 210 232
REC 21 7 28 : 31 99 116 166 216
REC 21 7 28 : 31 99 116 166 232
REC 18 7 31 : 31 99 116 169
REC 21 7 28 : 31 99 116 169 178
REC 24 7 25 : 31 99 116 169 178 197
REC 27 7 22 : 31 99 116 169 178 197 202
REC 27 7 22 : 31 99 116 169 178 197 216
REC 24 7 25 : 31 99 116 169 178 198
REC 27 7 22 : 31 99 116 169 178 198 209
REC 27 7 22 : 31 99 116 169 178 198 216
REC 24 7 25 : 31 99 116 169 178 202
REC 27 7 22 : 31 99 116 169 178 202 209
REC 24 7 25 : 31 99 116 169 178 204
REC 27 7 22 : 31 99 116 169 178 204 209
REC 24 7 25 : 31 99 116 169 178 209
REC 24 7 25 : 31 99 116 169 178 216
REC 21 7 28 : 31 99 116 169 197
REC 24 7 25 : 31 99 116 169 197 202
REC 24 7 25 : 31 99 116 169 197 210
REC 24 7 25 : 31 99 116 169 197 216
REC 21 7 28 : 31 99 116 169 198
REC 24 7 25 : 31 99 116 169 198 209
REC 24 7 25 : 31 99 116 169 198 216
REC 21 7 28 : 31 99 116 169 202
REC 24 7 25 : 31 99 116 169 202 209
REC 21 7 28 : 31 99 116 169 204
REC 24 7 25 : 31 99 116 169 204 209
REC 24 7 25 : 31 99 116 169 204 210
REC 21 7 28 : 31 99 116 169 209
REC 21 7 28 : 31 99 116 169 210
REC 21 7 28 : 31 99 116 169 216
REC 18 7 31 : 31 99 116 170
REC 21 7 28 : 31 99 116 170 177
REC 24 7 25 : 31 99 116 170 177 197
REC 27 7 22 : 31 99 116 170 177 197 210
REC 27 7 22 : 31 99 116 170 177 197 216
REC 24 7 25 : 31 99 116 170 177 198
REC 27 7 22 : 31 99 116 170 177 198 201
REC 27 7 22 : 31 99 116 170 177 198 216
REC 24 7 25 : 31 99 116 170 177 201
REC 27 7 22 : 31 99 116 170 177 201 210
REC 24 7 25 : 31 99 116 170 177 204
REC 27 7 22 : 31 99 116 170 177 204 210
REC 24 7 25 : 31 99 116 170 177 210
REC 24 7 25 : 31 99 116 170 177 216
REC 21 7 28 : 31 99 116 170 197
REC 24 7 25 : 31 99 116 170 197 210
REC 24 7 25 : 31 99 116 170 197 216
REC 21 7 28 : 31 99 116 170 198
REC 24 7 25 : 31 99 116 170 198 201
REC 24 7 25 : 31 99 116 170 198 209
REC 24 7 25 : 31 99 116 170 198 216
REC 21 7 28 : 31 99 116 170 201
REC 24 7 25 : 31 99 116 170 201 210
REC 21 7 28 : 31 99 116 170 204
REC 24 7 25 : 31 99 116 170 204 209
REC 24 7 25 : 31 99 116 170 204 210
REC 21 7 28 : 31 99 116 170 209
REC 21 7 28 : 31 99 116 170 210
REC 21 7 28 : 31 99 116 170 216
REC 18 7 31 : 31 99 116 172
REC 21 7 28 : 31 99 116 172 177
REC 24 7 25 : 31 99 116 172 177 197
REC 27 7 22 : 31 99 116 172 177 197 202
REC 27 7 22 : 31 99 116 172 177 197 210
REC 27 7 22 : 31 99 116 172 177 197 216
REC 24 7 25 : 31 99 116 172 177 198
REC 27 7 22 : 31 99 116 172 177 198 201
REC 27 7 22 : 31 99 116 172 177 198 216
REC 24 7 25 : 31 99 116 172 177 201
REC 27 7 22 : 31 99 116 172 177 201 210
REC 24 7 25 : 31 99 116 172 177 202
REC 24 7 25 : 31 99 116 172 177 210
REC 24 7 25 : 31 99 116 172 177 216
REC 21 7 28 : 31 99 116 172 178
REC 24 7 25 : 31 99 116 172 178 197
REC 27 7 22 : 31 99 116 172 178 197 202
REC 27 7 22 : 31 99 116 172 178 197 216
REC 24 7 25 : 31 99 116 172 178 198
REC 27 7 22 : 31 99 116 172 178 198 201
REC 27 7 22 : 31 99 116 172 178 198 209
REC 27 7 22 : 31 99 116 172 178 198 216
REC 24 7 25 : 31 99 116 172 178 201
REC 24 7 25 : 31 99 116 172 178 202
REC 27 7 22 : 31 99 116 172 178 202 209
REC 24 7 25 : 31 99 116 172 178 209
REC 24 7 25 : 31 99 116 172 178 216
REC 21 7 28 : 31 99 116 172 197
REC 24 7 25 : 31 99 116 172 197 202
REC 24 7 25 : 31 99 116 172 197 210
REC 24 7 25 : 31 99 116 172 197 216
REC 21 7 28 : 31 99 116 172 198
REC 24 7 25 : 31 99 116 172 198 201
REC 24 7 25 : 31 99 116 172 198 209
REC 24 7 25 : 31 99 116 172 198 216
REC 21 7 28 : 31 99 116 172 201
REC 24 7 25 : 31 99 116 172 201 210
REC 21 7 28 : 31 99 116 172 202
REC 24 7 25 : 31 99 116 172 202 209
REC 21 7 28 : 31 99 116 172 209
REC 21 7 28 : 31 99 116 172 210
REC 21 7 28 : 31 99 116 172 216
REC 18 7 31 : 31 99 116 177
REC 21 7 28 : 31 99 116 177 197
REC 24 7 25 : 31 99 116 177 197 202
REC 24 7 25 : 31 99 116 177 197 210
REC 27 7 22 : 31 99 116 177 197 210 232
REC 24 7 25 : 31 99 116 177 197 216
REC 24 7 25 : 31 99 116 177 197 232
REC 21 7 28 : 31 99 116 177 198
REC 24 7 25 : 31 99 116 177 198 201
REC 24 7 25 : 31 99 116 177 198 216
REC 24 7 25 : 31 99 116 177 198 232
REC 21 7 28 : 31 99 116 177 201
REC 24 7 25 : 31 99 116 177 201 210
REC 21 7 28 : 31 99 116 177 202
REC 21 7 28 : 31 99 116 177 204
REC 24 7 25 : 31 99 116 177 204 210
REC 21 7 28 : 31 99 116 177 210
REC 24 7 25 : 31 99 116 177 210 232
REC 21 7 28 : 31 99 116 177 216
REC 21 7 28 : 31 99 116 177 232
REC 18 7 31 : 31 99 116 178
REC 21 7 28 : 31 99 116 178 197
REC 24 7 25 : 31 99 116 178 197 202
REC 24 7 25 : 31 99 116 178 197 216
REC 24 7 25 : 31 99 116 178 197 232
REC 21 7 28 : 31 99 116 178 198
REC 24 7 25 : 31 99 116 178 198 201
REC 24 7 25 : 31 99 116 178 198 209
REC 27 7 22 : 31 99 116 178 198 209 232
REC 24 7 25 : 31 99 116 178 198 216
REC 24 7 25 : 31 99 116 178 198 232
REC 21 7 28 : 31 99 116 178 201
REC 21 7 28 : 31 99 116 178 202
REC 24 7 25 : 31 99 116 178 202 209
REC 21 7 28 : 31 99 116 178 204
REC 24 7 25 : 31 99 116 178 204 209
REC 21 7 28 : 31 99 116 178 209
REC 24 7 25 : 31 99 116 178 209 232
REC 21 7 28 : 31 99 116 178 216
REC 21 7 28 : 31 99 116 178 232
REC 18 7 31 : 31 99 116 184
REC 21 7 28 : 31 99 116 184 197
REC 24 7 25 : 31 99 116 184 197 202
REC 24 7 25 : 31 99 116 184 197 210
REC 21 7 28 : 31 99 116 184 198
REC 24 7 25 : 31 99 116 184 198 201
REC 24 7 25 : 31 99 116 184 198 209
REC 21 7 28 : 31 99 116 184 201
REC 24 7 25 : 31 99 116 184 201 210
REC 21 7 28 : 31 99 116 184 202
REC 24 7 25 : 31 99 116 184 202 209
REC 21 7 28 : 31 99 116 184 204
REC 24 7 25 : 31 99 116 184 204 209
REC 24 7 25 : 31 99 116 184 204 210
REC 21 7 28 : 31 99 116 184 209
REC 21 7 28 : 31 99 116 184 210
REC 18 7 31 : 31 99 116 197
REC 21 7 28 : 31 99 116 197 202
REC 21 7 28 : 31 99 116 197 210
REC 24 7 25 : 31 99 116 197 210 232
REC 21 7 28 : 31 99 116 197 216
REC 21 7 28 : 31 99 116 197 232
REC 18 7 31 : 31 99 116 198
REC 21 7 28 : 31 99 116 198 201
REC 21 7 28 : 31 99 116 198 209
REC 24 7 25 : 31 99 116 198 209 232
REC 21 7 28 : 31 99 116 198 216
REC 21 7 28 : 31 99 116 198 232
REC 18 7 31 : 31 99 116 201
REC 21 7 28 : 31 99 116 201 210
REC 18 7 31 : 31 99 116 202
REC 21 7 28 : 31 99 116 202 209
REC 18 7 31 : 31 99 116 204
REC 21 7 28 : 31 99 116 204 209
REC 21 7 28 : 31 99 116 204 210
REC 18 7 31 : 31 99 116 209
REC 21 7 28 : 31 99 116 209 232
REC 18 7 31 : 31 99 116 210
REC 21 7 28 : 31 99 116 210 232
REC 18 7 31 : 31 99 116 216
REC 18 7 31 : 31 99 116 232
REC 15 7 34 : 31 99 120
REC 18 7 31 : 31 99 120 165
REC 21 7 28 : 31 99 120 165 170
REC 24 7 25 : 31 99 120 165 170 198
REC 27 7 22 : 31 99 120 165 170 198 201
REC 27 7 22 : 31 99 120 165 170 198 209
REC 24 7 25 : 31 99 120 165 170 201
REC 27 7 22 : 31 99 120 165 170 201 210
REC 27 7 22 : 31 99 120 165 170 201 212
REC 24 7 25 : 31 99 120 165 170 204
REC 27 7 22 : 31 99 120 165 170 204 209
REC 27 7 22 : 31 99 120 165 170 204 210
REC 24 7 25 : 31 99 120 165 170 209
REC 24 7 25 : 31 99 120 165 170 210
REC 24 7 25 : 31 99 120 165 170 212
REC 21 7 28 : 31 99 120 165 178
REC 24 7 25 : 31 99 120 165 178 198
REC 27 7 22 : 31 99 120 165 178 198 201
REC 27 7 22 : 31 99 120 165 178 198 209
REC 24 7 25 : 31 99 120 165 178 201
REC 27 7 22 : 31 99 120 165 178 201 212
REC 24 7 25 : 31 99 120 165 178 202
REC 27 7 22 : 31 99 120 165 178 202 209
REC 27 7 22 : 31 99 120 165 178 202 212
REC 24 7 25 : 31 99 120 165 178 204
REC 27 7 22 : 31 99 120 165 178 204 209
REC 24 7 25 : 31 99 120 165 178 209
REC 24 7 25 : 31 99 120 165 178 212
REC 21 7 28 : 31 99 120 165 198
REC 24 7 25 : 31 99 120 165 198 201
REC 24 7 25 : 31 99 120 165 198 209
REC 21 7 28 : 31 99 120 165 201
REC 24 7 25 : 31 99 120 165 201 210
REC 24 7 25 : 31 99 120 165 201 212
REC 21 7 28 : 31 99 120 165 202
REC 24 7 25 : 31 99 120 165 202 209
REC 24 7 25 : 31 99 120 165 202 212
REC 21 7 28 : 31 99 120 165 204
REC 24 7 25 : 31 99 120 165 204 209
REC 24 7 25 : 31 99 120 165 204 210
REC 21 7 28 : 31 99 120 165 209
REC 21 7 28 : 31 99 120 165 210
REC 21 7 28 : 31 99 120 165 212
REC 18 7 31 : 31 99 120 166
REC 21 7 28 : 31 99 120 166 169
REC 24 7 25 : 31 99 120 166 169 197
REC 27 7 22 : 31 99 120 166 169 197 202
REC 27 7 22 : 31 99 120 166 169 197 210
REC 24 7 25 : 31 99 120 166 169 202
REC 27 7 22 : 31 99 120 166 169 202 209
REC 27 7 22 : 31 99 120 166 169 202 212
REC 24 7 25 : 31 99 120 166 169 204
REC 27 7 22 : 31 99 120 166 169 204 209
REC 27 7 22 : 31 99 120 166 169 204 210
REC 24 7 25 : 31 99 120 166 169 209
REC 24 7 25 : 31 99 120 166 169 210
REC 24 7 25 : 31 99 120 166 169 212
REC 21 7 28 : 31 99 120 166 177
REC 24 7 25 : 31 99 120 166 177 197
REC 27 7 22 : 31 99 120 166 177 197 202
REC 27 7 22 : 31 99 120 166 177 197 210
REC 24 7 25 : 31 99 120 166 177 201
REC 27 7 22 : 31 99 120 166 177 201 210
REC 27 7 22 : 31 99 120 166 177 201 212
REC 24 7 25 : 31 99 120 166 177 202
REC 27 7 22 : 31 99 120 166 177 202 212
REC 24 7 25 : 31 99 120 166 177 204
REC 27 7 22 : 31 99 120 166 177 204 210
REC 24 7 25 : 31 99 120 166 177 210
REC 24 7 25 : 31 99 120 166 177 212
REC 21 7 28 : 31 99 120 166 197
REC 24 7 25 : 31 99 120 166 197 202
REC 24 7 25 : 31 99 120 166 197 210
REC 21 7 28 : 31 99 120 166 201
REC 24 7 25 : 31 99 120 166 201 210
REC 24 7 25 : 31 99 120 166 201 212
REC 21 7 28 : 31 99 120 166 202
REC 24 7 25 : 31 99 120 166 202 209
REC 24 7 25 : 31 99 120 166 202 212
REC 21 7 28 : 31 99 120 166 204
REC 24 7 25 : 31 99 120 166 204 209
REC 24 7 25 : 31 99 120 166 204 210
REC 21 7 28 : 31 99 120 166 209
REC 21 7 28 : 31 99 120 166 210
REC 21 7 28 : 31 99 120 166 212
REC 18 7 31 : 31 99 120 169
REC 21 7 28 : 31 99 120 169 178
REC 24 7 25 : 31 99 120 169 178 197
REC 27 7 22 : 31 99 120 169 178 197 202
REC 24 7 25 : 31 99 120 169 178 198
REC 27 7 22 : 31 99 120 169 178 198 209
REC 24 7 25 : 31 99 120 169 178 202
REC 27 7 22 : 31 99 120 169 178 202 209
REC 30 7 19 : 31 99 120 169 178 202 209 228
REC 27 7 22 : 31 99 120 169 178 202 212
REC 27 7 22 : 31 99 120 169 178 202 228
REC 24 7 25 : 31 99 120 169 178 204
REC 27 7 22 : 31 99 120 169 178 204 209
REC 24 7 25 : 31 99 120 169 178 209
REC 27 7 22 : 31 99 120 169 178 209 228
REC 24 7 25 : 31 99 120 169 178 212
REC 24 7 25 : 31 99 120 169 178 228
REC 21 7 28 : 31 99 120 169 180
REC 24 7 25 : 31 99 120 169 180 197
REC 27 7 22 : 31 99 120 169 180 197 202
REC 27 7 22 : 31 99 120 169 180 197 210
REC 24 7 25 : 31 99 120 169 180 198
REC 27 7 22 : 31 99 120 169 180 198 209
REC 24 7 25 : 31 99 120 169 180 202
REC 27 7 22 : 31 99 120 169 180 202 209
REC 24 7 25 : 31 99 120 169 180 204
REC 27 7 22 : 31 99 120 169 180 204 209
REC 27 7 22 : 31 99 120 169 180 204 210
REC 24 7 25 : 31 99 120 169 180 209
REC 24 7 25 : 31 99 120 169 180 210
REC 21 7 28 : 31 99 120 169 197
REC 24 7 25 : 31 99 120 169 197 202
REC 24 7 25 : 31 99 120 169 197 210
REC 21 7 28 : 31 99 120 169 198
REC 24 7 25 : 31 99 120 169 198 209
REC 21 7 28 : 31 99 120 169 202
REC 24 7 25 : 31 99 120 169 202 209
REC 27 7 22 : 31 99 120 169 202 209 228
REC 24 7 25 : 31 99 120 169 202 212
REC 24 7 25 : 31 99 120 169 202 228
REC 21 7 28 : 31 99 120 169 204
REC 24 7 25 : 31 99 120 169 204 209
REC 24 7 25 : 31 99 120 169 204 210
REC 21 7 28 : 31 99 120 169 209
REC 24 7 25 : 31 99 120 169 209 228
REC 21 7 28 : 31 99 120 169 210
REC 24 7 25 : 31 99 120 169 210 228
REC 21 7 28 : 31 99 120 169 212
REC 21 7 28 : 31 99 120 169 228
REC 18 7 31 : 31 99 120 170
REC 21 7 28 : 31 99 120 170 177
REC 24 7 25 : 31 99 120 170 177 197
REC 27 7 22 : 31 99 120 170 177 197 210
REC 24 7 25 : 31 99 120 170 177 198
REC 27 7 22 : 31 99 120 170 177 198 201
REC 24 7 25 : 31 99 120 170 177 201
REC 27 7 22 : 31 99 120 170 177 201 210
REC 30 7 19 : 31 99 120 170 177 201 210 228
REC 27 7 22 : 31 99 120 170 177 201 212
REC 27 7 22 : 31 99 120 170 177 201 228
REC 24 7 25 : 31 99 120 170 177 204
REC 27 7 22 : 31 99 120 170 177 204 210
REC 24 7 25 : 31 99 120 170 177 210
REC 27 7 22 : 31 99 120 170 177 210 228
REC 24 7 25 : 31 99 120 170 177 212
REC 24 7 25 : 31 99 120 170 177 228
REC 21 7 28 : 31 99 120 170 180
REC 24 7 25 : 31 99 120 170 180 197
REC 27 7 22 : 31 99 120 170 180 197 210
REC 24 7 25 : 31 99 120 170 180 198
REC 27 7 22 : 31 99 120 170 180 198 201
REC 27 7 22 : 31 99 120 170 180 198 209
REC 24 7 25 : 31 99 120 170 180 201
REC 27 7 22 : 31 99 120 170 180 201 210
REC 24 7 25 : 31 99 120 170 180 204
REC 27 7 22 : 31 99 120 170 180 204 209
REC 27 7 22 : 31 99 120 170 180 204 210
REC 24 7 25 : 31 99 120 170 180 209
REC 24 7 25 : 31 99 120 170 180 210
REC 21 7 28 : 31 99 120 170 197
REC 24 7 25 : 31 99 120 170 197 210
REC 21 7 28 : 31 99 120 170 198
REC 24 7 25 : 31 99 120 170 198 201
REC 24 7 25 : 31 99 120 170 198 209
REC 21 7 28 : 31 99 120 170 201
REC 24 7 25 : 31 99 120 170 201 210
REC 27 7 22 : 31 99 120 170 201 210 228
REC 24 7 25 : 31 99 120 170 201 212
REC 24 7 25 : 31 99 120 170 201 228
REC 21 7 28 : 31 99 120 170 204
REC 24 7 25 : 31 99 120 170 204 209
REC 24 7 25 : 31 99 120 170 204 210
REC 21 7 28 : 31 99 120 170 209
REC 24 7 25 : 31 99 120 170 209 228
REC 21 7 28 : 31 99 120 170 210
REC 24 7 25 : 31 99 120 170 210 228
REC 21 7 28 : 31 99 120 170 212
REC 21 7 28 : 31 99 120 170 228
REC 18 7 31 : 31 99 120 172
REC 21 7 28 : 31 99 120 172 177
REC 24 7 25 : 31 99 120 172 177 197
REC 27 7 22 : 31 99 120 172 177 197 202
REC 27 7 22 : 31 99 120 172 177 197 210
REC 24 7 25 : 31 99 120 172 177 198
REC 27 7 22 : 31 99 120 172 177 198 201
REC 24 7 25 : 31 99 120 172 177 201
REC 27 7 22 : 31 99 120 172 177 201 210
REC 27 7 22 : 31 99 120 172 177 201 212
REC 24 7 25 : 31 99 120 172 177 202
REC 27 7 22 : 31 99 120 172 177 202 212
REC 24 7 25 : 31 99 120 172 177 210
REC 24 7 25 : 31 99 120 172 177 212
REC 21 7 28 : 31 99 120 172 178
REC 24 7 25 : 31 99 120 172 178 197
REC 27 7 22 : 31 99 120 172 178 197 202
REC 24 7 25 : 31 99 120 172 178 198
REC 27 7 22 : 31 99 120 172 178 198 201
REC 27 7 22 : 31 99 120 172 178 198 209
REC 24 7 25 : 31 99 120 172 178 201
REC 27 7 22 : 31 99 120 172 178 201 212
REC 24 7 25 : 31 99 120 172 178 202
REC 27 7 22 : 31 99 120 172 178 202 209
REC 27 7 22 : 31 99 120 172 178 202 212
REC 24 7 25 : 31 99 120 172 178 209
REC 24 7 25 : 31 99 120 172 178 212
REC 21 7 28 : 31 99 120 172 197
REC 24 7 25 : 31 99 120 172 197 202
REC 24 7 25 : 31 99 120 172 197 210
REC 21 7 28 : 31 99 120 172 198
REC 24 7 25 : 31 99 120 172 198 201
REC 24 7 25 : 31 99 120 172 198 209
REC 21 7 28 : 31 99 120 172 201
REC 24 7 25 : 31 99 120 172 201 210
REC 24 7 25 : 31 99 120 172 201 212
REC 21 7 28 : 31 99 120 172 202
REC 24 7 25 : 31 99 120 172 202 209
REC 24 7 25 : 31 99 120 172 202 212
REC 21 7 28 : 31 99 120 172 209
REC 21 7 28 : 31 99 120 172 210
REC 21 7 28 : 31 99 120 172 212
REC 18 7 31 : 31 99 120 177
REC 21 7 28 : 31 99 120 177 197
REC 24 7 25 : 31 99 120 177 197 202
REC 24 7 25 : 31 99 120 177 197 210
REC 21 7 28 : 31 99 120 177 198
REC 24 7 25 : 31 99 120 177 198 201
REC 21 7 28 : 31 99 120 177 201
REC 24 7 25 : 31 99 120 177 201 210
REC 27 7 22 : 31 99 120 177 201 210 228
REC 24 7 25 : 31 99 120 177 201 212
REC 24 7 25 : 31 99 120 177 201 228
REC 21 7 28 : 31 99 120 177 202
REC 24 7 25 : 31 99 120 177 202 212
REC 24 7 25 : 31 99 120 177 202 228
REC 21 7 28 : 31 99 120 177 204
REC 24 7 25 : 31 99 120 177 204 210
REC 21 7 28 : 31 99 120 177 210
REC 24 7 25 : 31 99 120 177 210 228
REC 21 7 28 : 31 99 120 177 212
REC 21 7 28 : 31 99 120 177 228
REC 18 7 31 : 31 99 120 178
REC 21 7 28 : 31 99 120 178 197
REC 24 7 25 : 31 99 120 178 197 202
REC 21 7 28 : 31 99 120 178 198
REC 24 7 25 : 31 99 120 178 198 201
REC 24 7 25 : 31 99 120 178 198 209
REC 21 7 28 : 31 99 120 178 201
REC 24 7 25 : 31 99 120 178 201 212
REC 24 7 25 : 31 99 120 178 201 228
REC 21 7 28 : 31 99 120 178 202
REC 24 7 25 : 31 99 120 178 202 209
REC 27 7 22 : 31 99 120 178 202 209 228
REC 24 7 25 : 31 99 120 178 202 212
REC 24 7 25 : 31 99 120 178 202 228
REC 21 7 28 : 31 99 120 178 204
REC 24 7 25 : 31 99 120 178 204 209
REC 21 7 28 : 31 99 120 178 209
REC 24 7 25 : 31 99 120 178 209 228
REC 21 7 28 : 31 99 120 178 212
REC 21 7 28 : 31 99 120 178 228
REC 18 7 31 : 31 99 120 180
REC 21 7 28 : 31 99 120 180 197
REC 24 7 25 : 31 99 120 180 197 202
REC 24 7 25 : 31 99 120 180 197 210
REC 21 7 28 : 31 99 120 180 198
REC 24 7 25 : 31 99 120 180 198 201
REC 24 7 25 : 31 99 120 180 198 209
REC 21 7 28 : 31 99 120 180 201
REC 24 7 25 : 31 99 120 180 201 210
REC 21 7 28 : 31 99 120 180 202
REC 24 7 25 : 31 99 120 180 202 209
REC 21 7 28 : 31 99 120 180 204
REC 24 7 25 : 31 99 120 180 204 209
REC 24 7 25 : 31 99 120 180 204 210
REC 21 7 28 : 31 99 120 180 209
REC 21 7 28 : 31 99 120 180 210
REC 18 7 31 : 31 99 120 197
REC 21 7 28 : 31 99 120 197 202
REC 21 7 28 : 31 99 120 197 210
REC 18 7 31 : 31 99 120 198
REC 21 7 28 : 31 99 120 198 201
REC 21 7 28 : 31 99 120 198 209
REC 18 7 31 : 31 99 120 201
REC 21 7 28 : 31 99 120 201 210
REC 24 7 25 : 31 99 120 201 210 228
REC 21 7 28 : 31 99 120 201 212
REC 21 7 28 : 31 99 120 201 228
REC 18 7 31 : 31 99 120 202
REC 21 7 28 : 31 99 120 202 209
REC 24 7 25 : 31 99 120 202 209 228
REC 21 7 28 : 31 99 120 202 212
REC 21 7 28 : 31 99 120 202 228
REC 18 7 31 : 31 99 120 204
REC 21 7 28 : 31 99 120 204 209
REC 21 7 28 : 31 99 120 204 210
REC 18 7 31 : 31 99 120 209
REC 21 7 28 : 31 99 120 209 228
REC 18 7 31 : 31 99 120 210
REC 21 7 28 : 31 99 120 210 228
REC 18 7 31 : 31 99 120 212
REC 18 7 31 : 31 99 120 228
REC 15 7 34 : 31 99 165
REC 18 7 31 : 31 99 165 170
REC 21 7 28 : 31 99 165 170 198
REC 24 7 25 : 31 99 165 170 198 201
REC 27 7 22 : 31 99 165 170 198 201 240
REC 24 7 25 : 31 99 165 170 198 209
REC 24 7 25 : 31 99 165 170 198 216
REC 24 7 25 : 31 99 165 170 198 240
REC 21 7 28 : 31 99 165 170 201
REC 24 7 25 : 31 99 165 170 201 210
REC 24 7 25 : 31 99 165 170 201 212
REC 24 7 25 : 31 99 165 170 201 240
REC 21 7 28 : 31 99 165 170 204
REC 24 7 25 : 31 99 165 170 204 209
REC 24 7 25 : 31 99 165 170 204 210
REC 24 7 25 : 31 99 165 170 204 240
REC 21 7 28 : 31 99 165 170 209
REC 21 7 28 : 31 99 165 170 210
REC 21 7 28 : 31 99 165 170 212
REC 21 7 28 : 31 99 165 170 216
REC 21 7 28 : 31 99 165 170 240
REC 18 7 31 : 31 99 165 178
REC 21 7 28 : 31 99 165 178 198
REC 24 7 25 : 31 99 165 178 198 201
REC 24 7 25 : 31 99 165 178 198 209
REC 27 7 22 : 31 99 165 178 198 209 232
REC 24 7 25 : 31 99 165 178 198 216
REC 24 7 25 : 31 99 165 178 198 232
REC 21 7 28 : 31 99 165 178 201
REC 24 7 25 : 31 99 165 178 201 212
REC 21 7 28 : 31 99 165 178 202
REC 24 7 25 : 31 99 165 178 202 209
REC 24 7 25 : 31 99 165 178 202 212
REC 21 7 28 : 31 99 165 178 204
REC 24 7 25 : 31 99 165 178 204 209
REC 21 7 28 : 31 99 165 178 209
REC 24 7 25 : 31 99 165 178 209 232
REC 21 7 28 : 31 99 165 178 212
REC 24 7 25 : 31 99 165 178 212 232
REC 21 7 28 : 31 99 165 178 216
REC 21 7 28 : 31 99 165 178 232
REC 18 7 31 : 31 99 165 184
REC 21 7 28 : 31 99 165 184 198
REC 24 7 25 : 31 99 165 184 198 201
REC 24 7 25 : 31 99 165 184 198 209
REC 21 7 28 : 31 99 165 184 201
REC 24 7 25 : 31 99 165 184 201 210
REC 24 7 25 : 31 99 165 184 201 212
REC 21 7 28 : 31 99 165 184 202
REC 24 7 25 : 31 99 165 184 202 209
REC 24 7 25 : 31 99 165 184 202 212
REC 21 7 28 : 31 99 165 184 204
REC 24 7 25 : 31 99 165 184 204 209
REC 24 7 25 : 31 99 165 184 204 210
REC 21 7 28 : 31 99 165 184 209
REC 21 7 28 : 31 99 165 184 210
REC 21 7 28 : 31 99 165 184 212
REC 18 7 31 : 31 99 165 198
REC 21 7 28 : 31 99 165 198 201
REC 24 7 25 : 31 99 165 198 201 240
REC 21 7 28 : 31 99 165 198 209
REC 24 7 25 : 31 99 165 198 209 232
REC 21 7 28 : 31 99 165 198 216
REC 21 7 28 : 31 99 165 198 232
REC 21 7 28 : 31 99 165 198 240
REC 27 7 22 : 31 99 165 198 248
REC 18 7 31 : 31 99 165 201
REC 21 7 28 : 31 99 165 201 210
REC 21 7 28 : 31 99 165 201 212
REC 21 7 28 : 31 99 165 201 240
REC 18 7 31 : 31 99 165 202
REC 21 7 28 : 31 99 165 202 209
REC 21 7 28 : 31 99 165 202 212
REC 21 7 28 : 31 99 165 202 240
REC 18 7 31 : 31 99 165 204
REC 21 7 28 : 31 99 165 204 209
REC 21 7 28 : 31 99 165 204 210
REC 21 7 28 : 31 99 165 204 240
REC 18 7 31 : 31 99 165 209
REC 21 7 28 : 31 99 165 209 232
REC 18 7 31 : 31 99 165 210
REC 21 7 28 : 31 99 165 210 232
REC 18 7 31 : 31 99 165 212
REC 21 7 28 : 31 99 165 212 232
REC 18 7 31 : 31 99 165 216
REC 18 7 31 : 31 99 165 232
REC 18 7 31 : 31 99 165 240
REC 24 7 25 : 31 99 165 248
REC 15 7 34 : 31 99 166
REC 18 7 31 : 31 99 166 169
REC 21 7 28 : 31 99 166 169 197
REC 24 7 25 : 31 99 166 169 197 202
REC 27 7 22 : 31 99 166 169 197 202 240
REC 24 7 25 : 31 99 166 169 197 210
REC 24 7 25 : 31 99 166 169 197 216
REC 24 7 25 : 31 99 166 169 197 240
REC 21 7 28 : 31 99 166 169 202
REC 24 7 25 : 31 99 166 169 202 209
REC 24 7 25 : 31 99 166 169 202 212
REC 24 7 25 : 31 99 166 169 202 240
REC 21 7 28 : 31 99 166 169 204
REC 24 7 25 : 31 99 166 169 204 209
REC 24 7 25 : 31 99 166 169 204 210
REC 24 7 25 : 31 99 166 169 204 240
REC 21 7 28 : 31 99 166 169 209
REC 21 7 28 : 31 99 166 169 210
REC 21 7 28 : 31 99 166 169 212
REC 21 7 28 : 31 99 166 169 216
REC 21 7 28 : 31 99 166 169 240
REC 18 7 31 : 31 99 166 177
REC 21 7 28 : 31 99 166 177 197
REC 24 7 25 : 31 99 166 177 197 202
REC 24 7 25 : 31 99 166 177 197 210
REC 27 7 22 : 31 99 166 177 197 210 232
REC 24 7 25 : 31 99 166 177 197 216
REC 24 7 25 : 31 99 166 177 197 232
REC 21 7 28 : 31 99 166 177 201
REC 24 7 25 : 31 99 166 177 201 210
REC 24 7 25 : 31 99 166 177 201 212
REC 21 7 28 : 31 99 166 177 202
REC 24 7 25 : 31 99 166 177 202 212
REC 21 7 28 : 31 99 166 177 204
REC 24 7 25 : 31 99 166 177 204 210
REC 21 7 28 : 31 99 166 177 210
REC 24 7 25 : 31 99 166 177 210 232
REC 21 7 28 : 31 99 166 177 212
REC 24 7 25 : 31 99 166 177 212 232
REC 21 7 28 : 31 99 166 177 216
REC 21 7 28 : 31 99 166 177 232
REC 18 7 31 : 31 99 166 184
REC 21 7 28 : 31 99 166 184 197
REC 24 7 25 : 31 99 166 184 197 202
REC 24 7 25 : 31 99 166 184 197 210
REC 21 7 28 : 31 99 166 184 201
REC 24 7 25 : 31 99 166 184 201 210
REC 24 7 25 : 31 99 166 184 201 212
REC 21 7 28 : 31 99 166 184 202
REC 24 7 25 : 31 99 166 184 202 209
REC 24 7 25 : 31 99 166 184 202 212
REC 21 7 28 : 31 99 166 184 204
REC 24 7 25 : 31 99 166 184 204 209
REC 24 7 25 : 31 99 166 184 204 210
REC 21 7 28 : 31 99 166 184 209
REC 21 7 28 : 31 99 166 184 210
REC 21 7 28 : 31 99 166 184 212
REC 18 7 31 : 31 99 166 197
REC 21 7 28 : 31 99 166 197 202
REC 24 7 25 : 31 99 166 197 202 240
REC 21 7 28 : 31 99 166 197 210
REC 24 7 25 : 31 99 166 197 210 232
REC 21 7 28 : 31 99 166 197 216
REC 21 7 28 : 31 99 166 197 232
REC 21 7 28 : 31 99 166 197 240
REC 27 7 22 : 31 99 166 197 248
REC 18 7 31 : 31 99 166 201
REC 21 7 28 : 31 99 166 201 210
REC 21 7 28 : 31 99 166 201 212
REC 21 7 28 : 31 99 166 201 240
REC 18 7 31 : 31 99 166 202
REC 21 7 28 : 31 99 166 202 209
REC 21 7 28 : 31 99 166 202 212
REC 21 7 28 : 31 99 166 202 240
REC 18 7 31 : 31 99 166 204
REC 21 7 28 : 31 99 166 204 209
REC 21 7 28 : 31 99 166 204 210
REC 21 7 28 : 31 99 166 204 240
REC 18 7 31 : 31 99 166 209
REC 21 7 28 : 31 99 166 209 232
REC 18 7 31 : 31 99 166 210
REC 21 7 28 : 31 99 166 210 232
REC 18 7 31 : 31 99 166 212
REC 21 7 28 : 31 99 166 212 232
REC 18 7 31 : 31 99 166 216
REC 18 7 31 : 31 99 166 232
REC 18 7 31 : 31 99 166 240
REC 24 7 25 : 31 99 166 248
REC 15 7 34 : 31 99 169
REC 18 7 31 : 31 99 169 178
REC 21 7 28 : 31 99 169 178 197
REC 24 7 25 : 31 99 169 178 197 202
REC 24 7 25 : 31 99 169 178 197 216
REC 21 7 28 : 31 99 169 178 198
REC 24 7 25 : 31 99 169 178 198 209
REC 24 7 25 : 31 99 169 178 198 216
REC 21 7 28 : 31 99 169 178 202
REC 24 7 25 : 31 99 169 178 202 209
REC 27 7 22 : 31 99 169 178 202 209 228
REC 24 7 25 : 31 99 169 178 202 212
REC 24 7 25 : 31 99 169 178 202 228
REC 21 7 28 : 31 99 169 178 204
REC 24 7 25 : 31 99 169 178 204 209
REC 21 7 28 : 31 99 169 178 209
REC 24 7 25 : 31 99 169 178 209 228
REC 21 7 28 : 31 99 169 178 212
REC 21 7 28 : 31 99 169 178 216
REC 24 7 25 : 31 99 169 178 216 228
REC 21 7 28 : 31 99 169 178 228
REC 18 7 31 : 31 99 169 180
REC 21 7 28 : 31 99 169 180 197
REC 24 7 25 : 31 99 169 180 197 202
REC 24 7 25 : 31 99 169 180 197 210
REC 24 7 25 : 31 99 169 180 197 216
REC 21 7 28 : 31 99 169 180 198
REC 24 7 25 : 31 99 169 180 198 209
REC 24 7 25 : 31 99 169 180 198 216
REC 21 7 28 : 31 99 169 180 202
REC 24 7 25 : 31 99 169 180 202 209
REC 21 7 28 : 31 99 169 180 204
REC 24 7 25 : 31 99 169 180 204 209
REC 24 7 25 : 31 99 169 180 204 210
REC 21 7 28 : 31 99 169 180 209
REC 21 7 28 : 31 99 169 180 210
REC 21 7 28 : 31 99 169 180 216
REC 18 7 31 : 31 99 169 197
REC 21 7 28 : 31 99 169 197 202
REC 24 7 25 : 31 99 169 197 202 240
REC 21 7 28 : 31 99 169 197 210
REC 21 7 28 : 31 99 169 197 216
REC 21 7 28 : 31 99 169 197 240
REC 18 7 31 : 31 99 169 198
REC 21 7 28 : 31 99 169 198 209
REC 21 7 28 : 31 99 169 198 216
REC 21 7 28 : 31 99 169 198 240
REC 18 7 31 : 31 99 169 202
REC 21 7 28 : 31 99 169 202 209
REC 24 7 25 : 31 99 169 202 209 228
REC 21 7 28 : 31 99 169 202 212
REC 21 7 28 : 31 99 169 202 228
REC 21 7 28 : 31 99 169 202 240
REC 27 7 22 : 31 99 169 202 244
REC 18 7 31 : 31 99 169 204
REC 21 7 28 : 31 99 169 204 209
REC 21 7 28 : 31 99 169 204 210
REC 21 7 28 : 31 99 169 204 240
REC 18 7 31 : 31 99 169 209
REC 21 7 28 : 31 99 169 209 228
REC 18 7 31 : 31 99 169 210
REC 21 7 28 : 31 99 169 210 228
REC 18 7 31 : 31 99 169 212
REC 18 7 31 : 31 99 169 216
REC 21 7 28 : 31 99 169 216 228
REC 18 7 31 : 31 99 169 228
REC 18 7 31 : 31 99 169 240
REC 24 7 25 : 31 99 169 244
REC 15 7 34 : 31 99 170
REC 18 7 31 : 31 99 170 177
REC 21 7 28 : 31 99 170 177 197
REC 24 7 25 : 31 99 170 177 197 210
REC 24 7 25 : 31 99 170 177 197 216
REC 21 7 28 : 31 99 170 177 198
REC 24 7 25 : 31 99 170 177 198 201
REC 24 7 25 : 31 99 170 177 198 216
REC 21 7 28 : 31 99 170 177 201
REC 24 7 25 : 31 99 170 177 201 210
REC 27 7 22 : 31 99 170 177 201 210 228
REC 24 7 25 : 31 99 170 177 201 212
REC 24 7 25 : 31 99 170 177 201 228
REC 21 7 28 : 31 99 170 177 204
REC 24 7 25 : 31 99 170 177 204 210
REC 21 7 28 : 31 99 170 177 210
REC 24 7 25 : 31 99 170 177 210 228
REC 21 7 28 : 31 99 170 177 212
REC 21 7 28 : 31 99 170 177 216
REC 24 7 25 : 31 99 170 177 216 228
REC 21 7 28 : 31 99 170 177 228
REC 18 7 31 : 31 99 170 180
REC 21 7 28 : 31 99 170 180 197
REC 24 7 25 : 31 99 170 180 197 210
REC 24 7 25 : 31 99 170 180 197 216
REC 21 7 28 : 31 99 170 180 198
REC 24 7 25 : 31 99 170 180 198 201
REC 24 7 25 : 31 99 170 180 198 209
REC 24 7 25 : 31 99 170 180 198 216
REC 21 7 28 : 31 99 170 180 201
REC 24 7 25 : 31 99 170 180 201 210
REC 21 7 28 : 31 99 170 180 204
REC 24 7 25 : 31 99 170 180 204 209
REC 24 7 25 : 31 99 170 180 204 210
REC 21 7 28 : 31 99 170 180 209
REC 21 7 28 : 31 99 170 180 210
REC 21 7 28 : 31 99 170 180 216
REC 18 7 31 : 31 99 170 197
REC 21 7 28 : 31 99 170 197 210
REC 21 7 28 : 31 99 170 197 216
REC 21 7 28 : 31 99 170 197 240
REC 18 7 31 : 31 99 170 198
REC 21 7 28 : 31 99 170 198 201
REC 24 7 25 : 31 99 170 198 201 240
REC 21 7 28 : 31 99 170 198 209
REC 21 7 28 : 31 99 170 198 216
REC 21 7 28 : 31 99 170 198 240
REC 18 7 31 : 31 99 170 201
REC 21 7 28 : 31 99 170 201 210
REC 24 7 25 : 31 99 170 201 210 228
REC 21 7 28 : 31 99 170 201 212
REC 21 7 28 : 31 99 170 201 228
REC 21 7 28 : 31 99 170 201 240
REC 27 7 22 : 31 99 170 201 244
REC 18 7 31 : 31 99 170 204
REC 21 7 28 : 31 99 170 204 209
REC 21 7 28 : 31 99 170 204 210
REC 21 7 28 : 31 99 170 204 240
REC 18 7 31 : 31 99 170 209
REC 21 7 28 : 31 99 170 209 228
REC 18 7 31 : 31 99 170 210
REC 21 7 28 : 31 99 170 210 228
REC 18 7 31 : 31 99 170 212
REC 18 7 31 : 31 99 170 216
REC 21 7 28 : 31 99 170 216 228
REC 18 7 31 : 31 99 170 228
REC 18 7 31 : 31 99 170 240
REC 24 7 25 : 31 99 170 244
REC 15 7 34 : 31 99 172
REC 18 7 31 : 31 99 172 177
REC 21 7 28 : 31 99 172 177 197
REC 24 7 25 : 31 99 172 177 197 202
REC 24 7 25 : 31 99 172 177 197 210
REC 24 7 25 : 31 99 172 177 197 216
REC 21 7 28 : 31 99 172 177 198
REC 24 7 25 : 31 99 172 177 198 201
REC 24 7 25 : 31 99 172 177 198 216
REC 21 7 28 : 31 99 172 177 201
REC 24 7 25 : 31 99 172 177 201 210
REC 24 7 25 : 31 99 172 177 201 212
REC 21 7 28 : 31 99 172 177 202
REC 24 7 25 : 31 99 172 177 202 212
REC 21 7 28 : 31 99 172 177 210
REC 21 7 28 : 31 99 172 177 212
REC 21 7 28 : 31 99 172 177 216
REC 18 7 31 : 31 99 172 178
REC 21 7 28 : 31 99 172 178 197
REC 24 7 25 : 31 99 172 178 197 202
REC 24 7 25 : 31 99 172 178 197 216
REC 21 7 28 : 31 99 172 178 198
REC 24 7 25 : 31 99 172 178 198 201
REC 24 7 25 : 31 99 172 178 198 209
REC 24 7 25 : 31 99 172 178 198 216
REC 21 7 28 : 31 99 172 178 201
REC 24 7 25 : 31 99 172 178 201 212
REC 21 7 28 : 31 99 172 178 202
REC 24 7 25 : 31 99 172 178 202 209
REC 24 7 25 : 31 99 172 178 202 212
REC 21 7 28 : 31 99 172 178 209
REC 21 7 28 : 31 99 172 178 212
REC 21 7 28 : 31 99 172 178 216
REC 18 7 31 : 31 99 172 197
REC 21 7 28 : 31 99 172 197 202
REC 24 7 25 : 31 99 172 197 202 240
REC 21 7 28 : 31 99 172 197 210
REC 21 7 28 : 31 99 172 197 216
REC 21 7 28 : 31 99 172 197 240
REC 18 7 31 : 31 99 172 198
REC 21 7 28 : 31 99 172 198 201
REC 24 7 25 : 31 99 172 198 201 240
REC 21 7 28 : 31 99 172 198 209
REC 21 7 28 : 31 99 172 198 216
REC 21 7 28 : 31 99 172 198 240
REC 18 7 31 : 31 99 172 201
REC 21 7 28 : 31 99 172 201 210
REC 21 7 28 : 31 99 172 201 212
REC 21 7 28 : 31 99 172 201 240
REC 18 7 31 : 31 99 172 202
REC 21 7 28 : 31 99 172 202 209
REC 21 7 28 : 31 99 172 202 212
REC 21 7 28 : 31 99 172 202 240
REC 18 7 31 : 31 99 172 209
REC 18 7 31 : 31 99 172 210
REC 18 7 31 : 31 99 172 212
REC 18 7 31 : 31 99 172 216
REC 18 7 31 : 31 99 172 240
REC 15 7 34 : 31 99 177
REC 18 7 31 : 31 99 177 197
REC 21 7 28 : 31 99 177 197 202
REC 21 7 28 : 31 99 177 197 210
REC 24 7 25 : 31 99 177 197 210 232
REC 21 7 28 : 31 99 177 197 216
REC 21 7 28 : 31 99 177 197 232
REC 18 7 31 : 31 99 177 198
REC 21 7 28 : 31 99 177 198 201
REC 21 7 28 : 31 99 177 198 216
REC 21 7 28 : 31 99 177 198 232
REC 18 7 31 : 31 99 177 201
REC 21 7 28 : 31 99 177 201 210
REC 24 7 25 : 31 99 177 201 210 228
REC 21 7 28 : 31 99 177 201 212
REC 21 7 28 : 31 99 177 201 228
REC 18 7 31 : 31 99 177 202
REC 21 7 28 : 31 99 177 202 212
REC 21 7 28 : 31 99 177 202 228
REC 18 7 31 : 31 99 177 204
REC 21 7 28 : 31 99 177 204 210
REC 18 7 31 : 31 99 177 210
REC 21 7 28 : 31 99 177 210 228
REC 21 7 28 : 31 99 177 210 232
REC 27 7 22 : 31 99 177 210 236
REC 18 7 31 : 31 99 177 212
REC 21 7 28 : 31 99 177 212 232
REC 18 7 31 : 31 99 177 216
REC 21 7 28 : 31 99 177 216 228
REC 18 7 31 : 31 99 177 228
REC 18 7 31 : 31 99 177 232
REC 24 7 25 : 31 99 177 236
REC 15 7 34 : 31 99 178
REC 18 7 31 : 31 99 178 197
REC 21 7 28 : 31 99 178 197 202
REC 21 7 28 : 31 99 178 197 216
REC 21 7 28 : 31 99 178 197 232
REC 18 7 31 : 31 99 178 198
REC 21 7 28 : 31 99 178 198 201
REC 21 7 28 : 31 99 178 198 209
REC 24 7 25 : 31 99 178 198 209 232
REC 21 7 28 : 31 99 178 198 216
REC 21 7 28 : 31 99 178 198 232
REC 18 7 31 : 31 99 178 201
REC 21 7 28 : 31 99 178 201 212
REC 21 7 28 : 31 99 178 201 228
REC 18 7 31 : 31 99 178 202
REC 21 7 28 : 31 99 178 202 209
REC 24 7 25 : 31 99 178 202 209 228
REC 21 7 28 : 31 99 178 202 212
REC 21 7 28 : 31 99 178 202 228
REC 18 7 31 : 31 99 178 204
REC 21 7 28 : 31 99 178 204 209
REC 18 7 31 : 31 99 178 209
REC 21 7 28 : 31 99 178 209 228
REC 21 7 28 : 31 99 178 209 232
REC 27 7 22 : 31 99 178 209 236
REC 18 7 31 : 31 99 178 212
REC 21 7 28 : 31 99 178 212 232
REC 18 7 31 : 31 99 178 216
REC 21 7 28 : 31 99 178 216 228
REC 18 7 31 : 31 99 178 228
REC 18 7 31 : 31 99 178 232
REC 24 7 25 : 31 99 178 236
REC 15 7 34 : 31 99 180
REC 18 7 31 : 31 99 180 197
REC 21 7 28 : 31 99 180 197 202
REC 21 7 28 : 31 99 180 197 210
REC 24 7 25 : 31 99 180 197 210 232
REC 21 7 28 : 31 99 180 197 216
REC 21 7 28 : 31 99 180 197 232
REC 18 7 31 : 31 99 180 198
REC 21 7 28 : 31 99 180 198 201
REC 21 7 28 : 31 99 180 198 209
REC 24 7 25 : 31 99 180 198 209 232
REC 21 7 28 : 31 99 180 198 216
REC 21 7 28 : 31 99 180 198 232
REC 18 7 31 : 31 99 180 201
REC 21 7 28 : 31 99 180 201 210
REC 18 7 31 : 31 99 180 202
REC 21 7 28 : 31 99 180 202 209
REC 18 7 31 : 31 99 180 204
REC 21 7 28 : 31 99 180 204 209
REC 21 7 28 : 31 99 180 204 210
REC 18 7 31 : 31 99 180 209
REC 21 7 28 : 31 99 180 209 232
REC 18 7 31 : 31 99 180 210
REC 21 7 28 : 31 99 180 210 232
REC 18 7 31 : 31 99 180 216
REC 18 7 31 : 31 99 180 232
REC 15 7 34 : 31 99 184
REC 18 7 31 : 31 99 184 197
REC 21 7 28 : 31 99 184 197 202
REC 21 7 28 : 31 99 184 197 210
REC 18 7 31 : 31 99 184 198
REC 21 7 28 : 31 99 184 198 201
REC 21 7 28 : 31 99 184 198 209
REC 18 7 31 : 31 99 184 201
REC 21 7 28 : 31 99 184 201 210
REC 24 7 25 : 31 99 184 201 210 228
REC 21 7 28 : 31 99 184 201 212
REC 21 7 28 : 31 99 184 201 228
REC 18 7 31 : 31 99 184 202
REC 21 7 28 : 31 99 184 202 209
REC 24 7 25 : 31 99 184 202 209 228
REC 21 7 28 : 31 99 184 202 212
REC 21 7 28 : 31 99 184 202 228
REC 18 7 31 : 31 99 184 204
REC 21 7 28 : 31 99 184 204 209
REC 21 7 28 : 31 99 184 204 210
REC 18 7 31 : 31 99 184 209
REC 21 7 28 : 31 99 184 209 228
REC 18 7 31 : 31 99 184 210
REC 21 7 28 : 31 99 184 210 228
REC 18 7 31 : 31 99 184 212
REC 18 7 31 : 31 99 184 228
REC 15 7 34 : 31 99 197
REC 18 7 31 : 31 99 197 202
REC 21 7 28 : 31 99 197 202 240
REC 18 7 31 : 31 99 197 210
REC 21 7 28 : 31 99 197 210 232
REC 18 7 31 : 31 99 197 216
REC 18 7 31 : 31 99 197 232
REC 18 7 31 : 31 99 197 240
REC 24 7 25 : 31 99 197 248
REC 15 7 34 : 31 99 198
REC 18 7 31 : 31 99 198 201
REC 21 7 28 : 31 99 198 201 240
REC 18 7 31 : 31 99 198 209
REC 21 7 28 : 31 99 198 209 232
REC 18 7 31 : 31 99 198 216
REC 18 7 31 : 31 99 198 232
REC 18 7 31 : 31 99 198 240
REC 24 7 25 : 31 99 198 248
REC 15 7 34 : 31 99 201
REC 18 7 31 : 31 99 201 210
REC 21 7 28 : 31 99 201 210 228
REC 18 7 31 : 31 99 201 212
REC 18 7 31 : 31 99 201 228
REC 18 7 31 : 31 99 201 240
REC 24 7 25 : 31 99 201 244
REC 15 7 34 : 31 99 202
REC 18 7 31 : 31 99 202 209
REC 21 7 28 : 31 99 202 209 228
REC 18 7 31 : 31 99 202 212
REC 18 7 31 : 31 99 202 228
REC 18 7 31 : 31 99 202 240
REC 24 7 25 : 31 99 202 244
REC 15 7 34 : 31 99 204
REC 18 7 31 : 31 99 204 209
REC 18 7 31 : 31 99 204 210
REC 18 7 31 : 31 99 204 240
REC 15 7 34 : 31 99 209
REC 18 7 31 : 31 99 209 228
REC 18 7 31 : 31 99 209 232
REC 24 7 25 : 31 99 209 236
REC 15 7 34 : 31 99 210
REC 18 7 31 : 31 99 210 228
REC 18 7 31 : 31 99 210 232
REC 24 7 25 : 31 99 210 236
REC 15 7 34 : 31 99 212
REC 18 7 31 : 31 99 212 232
REC 15 7 34 : 31 99 216
REC 18 7 31 : 31 99 216 228
REC 15 7 34 : 31 99 228
REC 15 7 34 : 31 99 232
REC 21 7 28 : 31 99 236
REC 15 7 34 : 31 99 240
REC 21 7 28 : 31 99 244
REC 21 7 28 : 31 99 248
REC 12 7 37 : 31 101
REC 15 7 34 : 31 101 106
REC 18 7 31 : 31 101 106 163
REC 21 7 28 : 31 101 106 163 172
REC 24 7 25 : 31 101 106 163 172 198
REC 27 7 22 : 31 101 106 163 172 198 201
REC 30 7 19 : 31 101 106 163 172 198 201 240
REC 27 7 22 : 31 101 106 163 172 198 209
REC 27 7 22 : 31 101 106 163 172 198 216
REC 27 7 22 : 31 101 106 163 172 198 240
REC 24 7 25 : 31 101 106 163 172 201
REC 27 7 22 : 31 101 106 163 172 201 210
REC 27 7 22 : 31 101 106 163 172 201 212
REC 27 7 22 : 31 101 106 163 172 201 240
REC 24 7 25 : 31 101 106 163 172 209
REC 24 7 25 : 31 101 106 163 172 210
REC 24 7 25 : 31 101 106 163 172 212
REC 24 7 25 : 31 101 106 163 172 216
REC 24 7 25 : 31 101 106 163 172 240
REC 21 7 28 : 31 101 106 163 180
REC 24 7 25 : 31 101 106 163 180 198
REC 27 7 22 : 31 101 106 163 180 198 201
REC 27 7 22 : 31 101 106 163 180 198 209
REC 27 7 22 : 31 101 106 163 180 198 216
REC 24 7 25 : 31 101 106 163 180 201
REC 27 7 22 : 31 101 106 163 180 201 210
REC 24 7 25 : 31 101 106 163 180 204
REC 27 7 22 : 31 101 106 163 180 204 209
REC 27 7 22 : 31 101 106 163 180 204 210
REC 24 7 25 : 31 101 106 163 180 209
REC 24 7 25 : 31 101 106 163 180 210
REC 24 7 25 : 31 101 106 163 180 216
REC 21 7 28 : 31 101 106 163 184
REC 24 7 25 : 31 101 106 163 184 198
REC 27 7 22 : 31 101 106 163 184 198 201
REC 27 7 22 : 31 101 106 163 184 198 209
REC 24 7 25 : 31 101 106 163 184 201
REC 27 7 22 : 31 101 106 163 184 201 210
REC 27 7 22 : 31 101 106 163 184 201 212
REC 24 7 25 : 31 101 106 163 184 204
REC 27 7 22 : 31 101 106 163 184 204 209
REC 27 7 22 : 31 101 106 163 184 204 210
REC 24 7 25 : 31 101 106 163 184 209
REC 24 7 25 : 31 101 106 163 184 210
REC 24 7 25 : 31 101 106 163 184 212
REC 21 7 28 : 31 101 106 163 198
REC 24 7 25 : 31 101 106 163 198 201
REC 27 7 22 : 31 101 106 163 198 201 240
REC 24 7 25 : 31 101 106 163 198 209
REC 24 7 25 : 31 101 106 163 198 216
REC 24 7 25 : 31 101 106 163 198 240
REC 21 7 28 : 31 101 106 163 201
REC 24 7 25 : 31 101 106 163 201 210
REC 24 7 25 : 31 101 106 163 201 212
REC 24 7 25 : 31 101 106 163 201 240
REC 21 7 28 : 31 101 106 163 204
REC 24 7 25 : 31 101 106 163 204 209
REC 24 7 25 : 31 101 106 163 204 210
REC 24 7 25 : 31 101 106 163 204 240
REC 21 7 28 : 31 101 106 163 209
REC 21 7 28 : 31 101 106 163 210
REC 21 7 28 : 31 101 106 163 212
REC 21 7 28 : 31 101 106 163 216
REC 21 7 28 : 31 101 106 163 240
REC 18 7 31 : 31 101 106 166
REC 21 7 28 : 31 101 106 166 169
REC 24 7 25 : 31 101 106 166 169 195
REC 27 7 22 : 31 101 106 166 169 195 204
REC 30 7 19 : 31 101 106 166 169 195 204 240
REC 27 7 22 : 31 101 106 166 169 195 212
REC 27 7 22 : 31 101 106 166 169 195 216
REC 27 7 22 : 31 101 106 166 169 195 240
REC 24 7 25 : 31 101 106 166 169 204
REC 27 7 22 : 31 101 106 166 169 204 209
REC 27 7 22 : 31 101 106 166 169 204 210
REC 27 7 22 : 31 101 106 166 169 204 240
REC 24 7 25 : 31 101 106 166 169 209
REC 24 7 25 : 31 101 106 166 169 210
REC 24 7 25 : 31 101 106 166 169 212
REC 24 7 25 : 31 101 106 166 169 216
REC 24 7 25 : 31 101 106 166 169 240
REC 21 7 28 : 31 101 106 166 177
REC 24 7 25 : 31 101 106 166 177 195
REC 27 7 22 : 31 101 106 166 177 195 204
REC 27 7 22 : 31 101 106 166 177 195 212
REC 27 7 22 : 31 101 106 166 177 195 216
REC 24 7 25 : 31 101 106 166 177 201
REC 27 7 22 : 31 101 106 166 177 201 210
REC 27 7 22 : 31 101 106 166 177 201 212
REC 24 7 25 : 31 101 106 166 177 204
REC 27 7 22 : 31 101 106 166 177 204 210
REC 24 7 25 : 31 101 106 166 177 210
REC 24 7 25 : 31 101 106 166 177 212
REC 24 7 25 : 31 101 106 166 177 216
REC 21 7 28 : 31 101 106 166 184
REC 24 7 25 : 31 101 106 166 184 195
REC 27 7 22 : 31 101 106 166 184 195 204
REC 27 7 22 : 31 101 106 166 184 195 212
REC 24 7 25 : 31 101 106 166 184 201
REC 27 7 22 : 31 101 106 166 184 201 210
REC 27 7 22 : 31 101 106 166 184 201 212
REC 24 7 25 : 31 101 106 166 184 204
REC 27 7 22 : 31 101 106 166 184 204 209
REC 27 7 22 : 31 101 106 166 184 204 210
REC 24 7 25 : 31 101 106 166 184 209
REC 24 7 25 : 31 101 106 166 184 210
REC 24 7 25 : 31 101 106 166 184 212
REC 21 7 28 : 31 101 106 166 195
REC 24 7 25 : 31 101 106 166 195 204
REC 27 7 22 : 31 101 106 166 195 204 240
REC 24 7 25 : 31 101 106 166 195 212
REC 24 7 25 : 31 101 106 166 195 216
REC 24 7 25 : 31 101 106 166 195 240
REC 21 7 28 : 31 101 106 166 201
REC 24 7 25 : 31 101 106 166 201 210
REC 24 7 25 : 31 101 106 166 201 212
REC 24 7 25 : 31 101 106 166 201 240
REC 21 7 28 : 31 101 106 166 204
REC 24 7 25 : 31 101 106 166 204 209
REC 24 7 25 : 31 101 106 166 204 210
REC 24 7 25 : 31 101 106 166 204 240
REC 21 7 28 : 31 101 106 166 209
REC 21 7 28 : 31 101 106 166 210
REC 21 7 28 : 31 101 106 166 212
REC 21 7 28 : 31 101 106 166 216
REC 21 7 28 : 31 101 106 166 240
REC 18 7 31 : 31 101 106 169
REC 21 7 28 : 31 101 106 169 178
REC 24 7 25 : 31 101 106 169 178 195
REC 27 7 22 : 31 101 106 169 178 195 204
REC 27 7 22 : 31 101 106 169 178 195 212
REC 27 7 22 : 31 101 106 169 178 195 216
REC 24 7 25 : 31 101 106 169 178 198
REC 27 7 22 : 31 101 106 169 178 198 209
REC 27 7 22 : 31 101 106 169 178 198 216
REC 24 7 25 : 31 101 106 169 178 204
REC 27 7 22 : 31 101 106 169 178 204 209
REC 24 7 25 : 31 101 106 169 178 209
REC 24 7 25 : 31 101 106 169 178 212
REC 24 7 25 : 31 101 106 169 178 216
REC 21 7 28 : 31 101 106 169 180
REC 24 7 25 : 31 101 106 169 180 195
REC 27 7 22 : 31 101 106 169 180 195 204
REC 27 7 22 : 31 101 106 169 180 195 216
REC 24 7 25 : 31 101 106 169 180 198
REC 27 7 22 : 31 101 106 169 180 198 209
REC 27 7 22 : 31 101 106 169 180 198 216
REC 24 7 25 : 31 101 106 169 180 204
REC 27 7 22 : 31 101 106 169 180 204 209
REC 27 7 22 : 31 101 106 169 180 204 210
REC 24 7 25 : 31 101 106 169 180 209
REC 24 7 25 : 31 101 106 169 180 210
REC 24 7 25 : 31 101 106 169 180 216
REC 21 7 28 : 31 101 106 169 195
REC 24 7 25 : 31 101 106 169 195 204
REC 27 7 22 : 31 101 106 169 195 204 240
REC 24 7 25 : 31 101 106 169 195 212
REC 24 7 25 : 31 101 106 169 195 216
REC 24 7 25 : 31 101 106 169 195 240
REC 21 7 28 : 31 101 106 169 198
REC 24 7 25 : 31 101 106 169 198 209
REC 24 7 25 : 31 101 106 169 198 216
REC 24 7 25 : 31 101 106 169 198 240
REC 21 7 28 : 31 101 106 169 204
REC 24 7 25 : 31 101 106 169 204 209
REC 24 7 25 : 31 101 106 169 204 210
REC 24 7 25 : 31 101 106 169 204 240
REC 21 7 28 : 31 101 106 169 209
REC 21 7 28 : 31 101 106 169 210
REC 21 7 28 : 31 101 106 169 212
REC 21 7 28 : 31 101 106 169 216
REC 21 7 28 : 31 101 106 169 240
REC 18 7 31 : 31 101 106 172
REC 21 7 28 : 31 101 106 172 177
REC 24 7 25 : 31 101 106 172 177 195
REC 27 7 22 : 31 101 106 172 177 195 212
REC 27 7 22 : 31 101 106 172 177 195 216
REC 24 7 25 : 31 101 106 172 177 198
REC 27 7 22 : 31 101 106 172 177 198 201
REC 27 7 22 : 31 101 106 172 177 198 216
REC 24 7 25 : 31 101 106 172 177 201
REC 27 7 22 : 31 101 106 172 177 201 210
REC 27 7 22 : 31 101 106 172 177 201 212
REC 24 7 25 : 31 101 106 172 177 210
REC 24 7 25 : 31 101 106 172 177 212
REC 24 7 25 : 31 101 106 172 177 216
REC 21 7 28 : 31 101 106 172 178
REC 24 7 25 : 31 101 106 172 178 195
REC 27 7 22 : 31 101 106 172 178 195 212
REC 27 7 22 : 31 101 106 172 178 195 216
REC 24 7 25 : 31 101 106 172 178 198
REC 27 7 22 : 31 101 106 172 178 198 201
REC 27 7 22 : 31 101 106 172 178 198 209
REC 27 7 22 : 31 101 106 172 178 198 216
REC 24 7 25 : 31 101 106 172 178 201
REC 27 7 22 : 31 101 106 172 178 201 212
REC 24 7 25 : 31 101 106 172 178 209
REC 24 7 25 : 31 101 106 172 178 212
REC 24 7 25 : 31 101 106 172 178 216
REC 21 7 28 : 31 101 106 172 195
REC 24 7 25 : 31 101 106 172 195 212
REC 24 7 25 : 31 101 106 172 195 216
REC 24 7 25 : 31 101 106 172 195 240
REC 21 7 28 : 31 101 106 172 198
REC 24 7 25 : 31 101 106 172 198 201
REC 27 7 22 : 31 101 106 172 198 201 240
REC 24 7 25 : 31 101 106 172 198 209
REC 24 7 25 : 31 101 106 172 198 216
REC 24 7 25 : 31 101 106 172 198 240
REC 21 7 28 : 31 101 106 172 201
REC 24 7 25 : 31 101 106 172 201 210
REC 24 7 25 : 31 101 106 172 201 212
REC 24 7 25 : 31 101 106 172 201 240
REC 21 7 28 : 31 101 106 172 209
REC 21 7 28 : 31 101 106 172 210
REC 21 7 28 : 31 101 106 172 212
REC 21 7 28 : 31 101 106 172 216
REC 21 7 28 : 31 101 106 172 240
REC 18 7 31 : 31 101 106 177
REC 21 7 28 : 31 101 106 177 195
REC 24 7 25 : 31 101 106 177 195 204
REC 24 7 25 : 31 101 106 177 195 212
REC 24 7 25 : 31 101 106 177 195 216
REC 21 7 28 : 31 101 106 177 198
REC 24 7 25 : 31 101 106 177 198 201
REC 24 7 25 : 31 101 106 177 198 216
REC 21 7 28 : 31 101 106 177 201
REC 24 7 25 : 31 101 106 177 201 210
REC 24 7 25 : 31 101 106 177 201 212
REC 21 7 28 : 31 101 106 177 204
REC 24 7 25 : 31 101 106 177 204 210
REC 21 7 28 : 31 101 106 177 210
REC 21 7 28 : 31 101 106 177 212
REC 21 7 28 : 31 101 106 177 216
REC 18 7 31 : 31 101 106 178
REC 21 7 28 : 31 101 106 178 195
REC 24 7 25 : 31 101 106 178 195 204
REC 24 7 25 : 31 101 106 178 195 212
REC 24 7 25 : 31 101 106 178 195 216
REC 21 7 28 : 31 101 106 178 198
REC 24 7 25 : 31 101 106 178 198 201
REC 24 7 25 : 31 101 106 178 198 209
REC 24 7 25 : 31 101 106 178 198 216
REC 21 7 28 : 31 101 106 178 201
REC 24 7 25 : 31 101 106 178 201 212
REC 21 7 28 : 31 101 106 178 204
REC 24 7 25 : 31 101 106 178 204 209
REC 21 7 28 : 31 101 106 178 209
REC 21 7 28 : 31 101 106 178 212
REC 21 7 28 : 31 101 106 178 216
REC 18 7 31 : 31 101 106 180
REC 21 7 28 : 31 101 106 180 195
REC 24 7 25 : 31 101 106 180 195 204
REC 24 7 25 : 31 101 106 180 195 216
REC 21 7 28 : 31 101 106 180 198
REC 24 7 25 : 31 101 106 180 198 201
REC 24 7 25 : 31 101 106 180 198 209
REC 24 7 25 : 31 101 106 180 198 216
REC 21 7 28 : 31 101 106 180 201
REC 24 7 25 : 31 101 106 180 201 210
REC 21 7 28 : 31 101 106 180 204
REC 24 7 25 : 31 101 106 180 204 209
REC 24 7 25 : 31 101 106 180 204 210
REC 21 7 28 : 31 101 106 180 209
REC 21 7 28 : 31 101 106 180 210
REC 21 7 28 : 31 101 106 180 216
REC 18 7 31 : 31 101 106 184
REC 21 7 28 : 31 101 106 184 195
REC 24 7 25 : 31 101 106 184 195 204
REC 24 7 25 : 31 101 106 184 195 212
REC 21 7 28 : 31 101 106 184 198
REC 24 7 25 : 31 101 106 184 198 201
REC 24 7 25 : 31 101 106 184 198 209
REC 21 7 28 : 31 101 106 184 201
REC 24 7 25 : 31 101 106 184 201 210
REC 24 7 25 : 31 101 106 184 201 212
REC 21 7 28 : 31 101 106 184 204
REC 24 7 25 : 31 101 106 184 204 209
REC 24 7 25 : 31 101 106 184 204 210
REC 21 7 28 : 31 101 106 184 209
REC 21 7 28 : 31 101 106 184 210
REC 21 7 28 : 31 101 106 184 212
REC 18 7 31 : 31 101 106 195
REC 21 7 28 : 31 101 106 195 204
REC 24 7 25 : 31 101 106 195 204 240
REC 21 7 28 : 31 101 106 195 212
REC 21 7 28 : 31 101 106 195 216
REC 21 7 28 : 31 101 106 195 240
REC 18 7 31 : 31 101 106 198
REC 21 7 28 : 31 101 106 198 201
REC 24 7 25 : 31 101 106 198 201 240
REC 21 7 28 : 31 101 106 198 209
REC 21 7 28 : 31 101 106 198 216
REC 21 7 28 : 31 101 106 198 240
REC 18 7 31 : 31 101 106 201
REC 21 7 28 : 31 101 106 201 210
REC 21 7 28 : 31 101 106 201 212
REC 21 7 28 : 31 101 106 201 240
REC 18 7 31 : 31 101 106 204
REC 21 7 28 : 31 101 106 204 209
REC 21 7 28 : 31 101 106 204 210
REC 21 7 28 : 31 101 106 204 240
REC 18 7 31 : 31 101 106 209
REC 18 7 31 : 31 101 106 210
REC 18 7 31 : 31 101 106 212
REC 18 7 31 : 31 101 106 216
REC 18 7 31 : 31 101 106 240
REC 15 7 34 : 31 101 114
REC 18 7 31 : 31 101 114 163
REC 21 7 28 : 31 101 114 163 172
REC 24 7 25 : 31 101 114 163 172 198
REC 27 7 22 : 31 101 114 163 172 198 201
REC 27 7 22 : 31 101 114 163 172 198 209
REC 27 7 22 : 31 101 114 163 172 198 216
REC 24 7 25 : 31 101 114 163 172 201
REC 27 7 22 : 31 101 114 163 172 201 212
REC 24 7 25 : 31 101 114 163 172 202
REC 27 7 22 : 31 101 114 163 172 202 209
REC 27 7 22 : 31 101 114 163 172 202 212
REC 24 7 25 : 31 101 114 163 172 209
REC 24 7 25 : 31 101 114 163 172 212
REC 24 7 25 : 31 101 114 163 172 216
REC 21 7 28 : 31 101 114 163 180
REC 24 7 25 : 31 101 114 163 180 198
REC 27 7 22 : 31 101 114 163 180 198 201
REC 27 7 22 : 31 101 114 163 180 198 209
REC 30 7 19 : 31 101 114 163 180 198 209 232
REC 27 7 22 : 31 101 114 163 180 198 216
REC 27 7 22 : 31 101 114 163 180 198 232
REC 24 7 25 : 31 101 114 163 180 201
REC 24 7 25 : 31 101 114 163 180 202
REC 27 7 22 : 31 101 114 163 180 202 209
REC 24 7 25 : 31 101 114 163 180 204
REC 27 7 22 : 31 101 114 163 180 204 209
REC 24 7 25 : 31 101 114 163 180 209
REC 27 7 22 : 31 101 114 163 180 209 232
REC 24 7 25 : 31 101 114 163 180 216
REC 24 7 25 : 31 101 114 163 180 232
REC 21 7 28 : 31 101 114 163 184
REC 24 7 25 : 31 101 114 163 184 198
REC 27 7 22 : 31 101 114 163 184 198 201
REC 27 7 22 : 31 101 114 163 184 198 209
REC 24 7 25 : 31 101 114 163 184 201
REC 27 7 22 : 31 101 114 163 184 201 212
REC 24 7 25 : 31 101 114 163 184 202
REC 27 7 22 : 31 101 114 163 184 202 209
REC 27 7 22 : 31 101 114 163 184 202 212
REC 24 7 25 : 31 101 114 163 184 204
REC 27 7 22 : 31 101 114 163 184 204 209
REC 24 7 25 : 31 101 114 163 184 209
REC 24 7 25 : 31 101 114 163 184 212
REC 21 7 28 : 31 101 114 163 198
REC 24 7 25 : 31 101 114 163 198 201
REC 24 7 25 : 31 101 114 163 198 209
REC 27 7 22 : 31 101 114 163 198 209 232
REC 24 7 25 : 31 101 114 163 198 216
REC 24 7 25 : 31 101 114 163 198 232
REC 21 7 28 : 31 101 114 163 201
REC 24 7 25 : 31 101 114 163 201 212
REC 21 7 28 : 31 101 114 163 202
REC 24 7 25 : 31 101 114 163 202 209
REC 24 7 25 : 31 101 114 163 202 212
REC 21 7 28 : 31 101 114 163 204
REC 24 7 25 : 31 101 114 163 204 209
REC 21 7 28 : 31 101 114 163 209
REC 24 7 25 : 31 101 114 163 209 232
REC 21 7 28 : 31 101 114 163 212
REC 24 7 25 : 31 101 114 163 212 232
REC 21 7 28 : 31 101 114 163 216
REC 21 7 28 : 31 101 114 163 232
REC 18 7 31 : 31 101 114 166
REC 21 7 28 : 31 101 114 166 169
REC 24 7 25 : 31 101 114 166 169 195
REC 27 7 22 : 31 101 114 166 169 195 204
REC 27 7 22 : 31 101 114 166 169 195 212
REC 27 7 22 : 31 101 114 166 169 195 216
REC 24 7 25 : 31 101 114 166 169 202
REC 27 7 22 : 31 101 114 166 169 202 209
REC 27 7 22 : 31 101 114 166 169 202 212
REC 24 7 25 : 31 101 114 166 169 204
REC 27 7 22 : 31 101 114 166 169 204 209
REC 24 7 25 : 31 101 114 166 169 209
REC 24 7 25 : 31 101 114 166 169 212
REC 24 7 25 : 31 101 114 166 169 216
REC 21 7 28 : 31 101 114 166 177
REC 24 7 25 : 31 101 114 166 177 195
REC 27 7 22 : 31 101 114 166 177 195 204
REC 27 7 22 : 31 101 114 166 177 195 212
REC 30 7 19 : 31 101 114 166 177 195 212 232
REC 27 7 22 : 31 101 114 166 177 195 216
REC 27 7 22 : 31 101 114 166 177 195 232
REC 24 7 25 : 31 101 114 166 177 201
REC 27 7 22 : 31 101 114 166 177 201 212
REC 24 7 25 : 31 101 114 166 177 202
REC 27 7 22 : 31 101 114 166 177 202 212
REC 24 7 25 : 31 101 114 166 177 204
REC 24 7 25 : 31 101 114 166 177 212
REC 27 7 22 : 31 101 114 166 177 212 232
REC 24 7 25 : 31 101 114 166 177 216
REC 24 7 25 : 31 101 114 166 177 232
REC 21 7 28 : 31 101 114 166 184
REC 24 7 25 : 31 101 114 166 184 195
REC 27 7 22 : 31 101 114 166 184 195 204
REC 27 7 22 : 31 101 114 166 184 195 212
REC 24 7 25 : 31 101 114 166 184 201
REC 27 7 22 : 31 101 114 166 184 201 212
REC 24 7 25 : 31 101 114 166 184 202
REC 27 7 22 : 31 101 114 166 184 202 209
REC 27 7 22 : 31 101 114 166 184 202 212
REC 24 7 25 : 31 101 114 166 184 204
REC 27 7 22 : 31 101 114 166 184 204 209
REC 24 7 25 : 31 101 114 166 184 209
REC 24 7 25 : 31 101 114 166 184 212
REC 21 7 28 : 31 101 114 166 195
REC 24 7 25 : 31 101 114 166 195 204
REC 24 7 25 : 31 101 114 166 195 212
REC 27 7 22 : 31 101 114 166 195 212 232
REC 24 7 25 : 31 101 114 166 195 216
REC 24 7 25 : 31 101 114 166 195 232
REC 21 7 28 : 31 101 114 166 201
REC 24 7 25 : 31 101 114 166 201 212
REC 21 7 28 : 31 101 114 166 202
REC 24 7 25 : 31 101 114 166 202 209
REC 24 7 25 : 31 101 114 166 202 212
REC 21 7 28 : 31 101 114 166 204
REC 24 7 25 : 31 101 114 166 204 209
REC 21 7 28 : 31 101 114 166 209
REC 24 7 25 : 31 101 114 166 209 232
REC 21 7 28 : 31 101 114 166 212
REC 24 7 25 : 31 101 114 166 212 232
REC 21 7 28 : 31 101 114 166 216
REC 21 7 28 : 31 101 114 166 232
REC 18 7 31 : 31 101 114 169
REC 21 7 28 : 31 101 114 169 180
REC 24 7 25 : 31 101 114 169 180 195
REC 27 7 22 : 31 101 114 169 180 195 204
REC 27 7 22 : 31 101 114 169 180 195 216
REC 24 7 25 : 31 101 114 169 180 198
REC 27 7 22 : 31 101 114 169 180 198 209
REC 27 7 22 : 31 101 114 169 180 198 216
REC 24 7 25 : 31 101 114 169 180 202
REC 27 7 22 : 31 101 114 169 180 202 209
REC 24 7 25 : 31 101 114 169 180 204
REC 27 7 22 : 31 101 114 169 180 204 209
REC 24 7 25 : 31 101 114 169 180 209
REC 24 7 25 : 31 101 114 169 180 216
REC 21 7 28 : 31 101 114 169 195
REC 24 7 25 : 31 101 114 169 195 204
REC 24 7 25 : 31 101 114 169 195 212
REC 24 7 25 : 31 101 114 169 195 216
REC 21 7 28 : 31 101 114 169 198
REC 24 7 25 : 31 101 114 169 198 209
REC 24 7 25 : 31 101 114 169 198 216
REC 21 7 28 : 31 101 114 169 202
REC 24 7 25 : 31 101 114 169 202 209
REC 24 7 25 : 31 101 114 169 202 212
REC 21 7 28 : 31 101 114 169 204
REC 24 7 25 : 31 101 114 169 204 209
REC 21 7 28 : 31 101 114 169 209
REC 21 7 28 : 31 101 114 169 212
REC 21 7 28 : 31 101 114 169 216
REC 18 7 31 : 31 101 114 170
REC 21 7 28 : 31 101 114 170 177
REC 24 7 25 : 31 101 114 170 177 195
REC 27 7 22 : 31 101 114 170 177 195 204
REC 27 7 22 : 31 101 114 170 177 195 212
REC 27 7 22 : 31 101 114 170 177 195 216
REC 24 7 25 : 31 101 114 170 177 198
REC 27 7 22 : 31 101 114 170 177 198 201
REC 27 7 22 : 31 101 114 170 177 198 216
REC 24 7 25 : 31 101 114 170 177 201
REC 27 7 22 : 31 101 114 170 177 201 212
REC 24 7 25 : 31 101 114 170 177 204
REC 24 7 25 : 31 101 114 170 177 212
REC 24 7 25 : 31 101 114 170 177 216
REC 21 7 28 : 31 101 114 170 180
REC 24 7 25 : 31 101 114 170 180 195
REC 27 7 22 : 31 101 114 170 180 195 204
REC 27 7 22 : 31 101 114 170 180 195 216
REC 24 7 25 : 31 101 114 170 180 198
REC 27 7 22 : 31 101 114 170 180 198 201
REC 27 7 22 : 31 101 114 170 180 198 209
REC 27 7 22 : 31 101 114 170 180 198 216
REC 24 7 25 : 31 101 114 170 180 201
REC 24 7 25 : 31 101 114 170 180 204
REC 27 7 22 : 31 101 114 170 180 204 209
REC 24 7 25 : 31 101 114 170 180 209
REC 24 7 25 : 31 101 114 170 180 216
REC 21 7 28 : 31 101 114 170 195
REC 24 7 25 : 31 101 114 170 195 204
REC 24 7 25 : 31 101 114 170 195 212
REC 24 7 25 : 31 101 114 170 195 216
REC 21 7 28 : 31 101 114 170 198
REC 24 7 25 : 31 101 114 170 198 201
REC 24 7 25 : 31 101 114 170 198 209
REC 24 7 25 : 31 101 114 170 198 216
REC 21 7 28 : 31 101 114 170 201
REC 24 7 25 : 31 101 114 170 201 212
REC 21 7 28 : 31 101 114 170 204
REC 24 7 25 : 31 101 114 170 204 209
REC 21 7 28 : 31 101 114 170 209
REC 21 7 28 : 31 101 114 170 212
REC 21 7 28 : 31 101 114 170 216
REC 18 7 31 : 31 101 114 172
REC 21 7 28 : 31 101 114 172 177
REC 24 7 25 : 31 101 114 172 177 195
REC 27 7 22 : 31 101 114 172 177 195 212
REC 27 7 22 : 31 101 114 172 177 195 216
REC 24 7 25 : 31 101 114 172 177 198
REC 27 7 22 : 31 101 114 172 177 198 201
REC 27 7 22 : 31 101 114 172 177 198 216
REC 24 7 25 : 31 101 114 172 177 201
REC 27 7 22 : 31 101 114 172 177 201 212
REC 24 7 25 : 31 101 114 172 177 202
REC 27 7 22 : 31 101 114 172 177 202 212
REC 24 7 25 : 31 101 114 172 177 212
REC 24 7 25 : 31 101 114 172 177 216
REC 21 7 28 : 31 101 114 172 195
REC 24 7 25 : 31 101 114 172 195 212
REC 24 7 25 : 31 101 114 172 195 216
REC 21 7 28 : 31 101 114 172 198
REC 24 7 25 : 31 101 114 172 198 201
REC 24 7 25 : 31 101 114 172 198 209
REC 24 7 25 : 31 101 114 172 198 216
REC 21 7 28 : 31 101 114 172 201
REC 24 7 25 : 31 101 114 172 201 212
REC 21 7 28 : 31 101 114 172 202
REC 24 7 25 : 31 101 114 172 202 209
REC 24 7 25 : 31 101 114 172 202 212
REC 21 7 28 : 31 101 114 172 209
REC 21 7 28 : 31 101 114 172 212
REC 21 7 28 : 31 101 114 172 216
REC 18 7 31 : 31 101 114 177
REC 21 7 28 : 31 101 114 177 195
REC 24 7 25 : 31 101 114 177 195 204
REC 24 7 25 : 31 101 114 177 195 212
REC 27 7 22 : 31 101 114 177 195 212 232
REC 24 7 25 : 31 101 114 177 195 216
REC 24 7 25 : 31 101 114 177 195 232
REC 21 7 28 : 31 101 114 177 198
REC 24 7 25 : 31 101 114 177 198 201
REC 24 7 25 : 31 101 114 177 198 216
REC 24 7 25 : 31 101 114 177 198 232
REC 21 7 28 : 31 101 114 177 201
REC 24 7 25 : 31 101 114 177 201 212
REC 21 7 28 : 31 101 114 177 202
REC 24 7 25 : 31 101 114 177 202 212
REC 21 7 28 : 31 101 114 177 204
REC 21 7 28 : 31 101 114 177 212
REC 24 7 25 : 31 101 114 177 212 232
REC 21 7 28 : 31 101 114 177 216
REC 21 7 28 : 31 101 114 177 232
REC 18 7 31 : 31 101 114 180
REC 21 7 28 : 31 101 114 180 195
REC 24 7 25 : 31 101 114 180 195 204
REC 24 7 25 : 31 101 114 180 195 216
REC 24 7 25 : 31 101 114 180 195 232
REC 21 7 28 : 31 101 114 180 198
REC 24 7 25 : 31 101 114 180 198 201
REC 24 7 25 : 31 101 114 180 198 209
REC 27 7 22 : 31 101 114 180 198 209 232
REC 24 7 25 : 31 101 114 180 198 216
REC 24 7 25 : 31 101 114 180 198 232
REC 21 7 28 : 31 101 114 180 201
REC 21 7 28 : 31 101 114 180 202
REC 24 7 25 : 31 101 114 180 202 209
REC 21 7 28 : 31 101 114 180 204
REC 24 7 25 : 31 101 114 180 204 209
REC 21 7 28 : 31 101 114 180 209
REC 24 7 25 : 31 101 114 180 209 232
REC 21 7 28 : 31 101 114 180 216
REC 21 7 28 : 31 101 114 180 232
REC 18 7 31 : 31 101 114 184
REC 21 7 28 : 31 101 114 184 195
REC 24 7 25 : 31 101 114 184 195 204
REC 24 7 25 : 31 101 114 184 195 212
REC 21 7 28 : 31 101 114 184 198
REC 24 7 25 : 31 101 114 184 198 201
REC 24 7 25 : 31 101 114 184 198 209
REC 21 7 28 : 31 101 114 184 201
REC 24 7 25 : 31 101 114 184 201 212
REC 21 7 28 : 31 101 114 184 202
REC 24 7 25 : 31 101 114 184 202 209
REC 24 7 25 : 31 101 114 184 202 212
REC 21 7 28 : 31 101 114 184 204
REC 24 7 25 : 31 101 114 184 204 209
REC 21 7 28 : 31 101 114 184 209
REC 21 7 28 : 31 101 114 184 212
REC 18 7 31 : 31 101 114 195
REC 21 7 28 : 31 101 114 195 204
REC 21 7 28 : 31 101 114 195 212
REC 24 7 25 : 31 101 114 195 212 232
REC 21 7 28 : 31 101 114 195 216
REC 21 7 28 : 31 101 114 195 232
REC 18 7 31 : 31 101 114 198
REC 21 7 28 : 31 101 114 198 201
REC 21 7 28 : 31 101 114 198 209
REC 24 7 25 : 31 101 114 198 209 232
REC 21 7 28 : 31 101 114 198 216
REC 21 7 28 : 31 101 114 198 232
REC 18 7 31 : 31 101 114 201
REC 21 7 28 : 31 101 114 201 212
REC 18 7 31 : 31 101 114 202
REC 21 7 28 : 31 101 114 202 209
REC 21 7 28 : 31 101 114 202 212
REC 18 7 31 : 31 101 114 204
REC 21 7 28 : 31 101 114 204 209
REC 18 7 31 : 31 101 114 209
REC 21 7 28 : 31 101 114 209 232
REC 18 7 31 : 31 101 114 212
REC 21 7 28 : 31 101 114 212 232
REC 18 7 31 : 31 101 114 216
REC 18 7 31 : 31 101 114 232
REC 15 7 34 : 31 101 120
REC 18 7 31 : 31 101 120 163
REC 21 7 28 : 31 101 120 163 172
REC 24 7 25 : 31 101 120 163 172 198
REC 27 7 22 : 31 101 120 163 172 198 201
REC 27 7 22 : 31 101 120 163 172 198 209
REC 24 7 25 : 31 101 120 163 172 201
REC 27 7 22 : 31 101 120 163 172 201 210
REC 27 7 22 : 31 101 120 163 172 201 212
REC 24 7 25 : 31 101 120 163 172 202
REC 27 7 22 : 31 101 120 163 172 202 209
REC 27 7 22 : 31 101 120 163 172 202 212
REC 24 7 25 : 31 101 120 163 172 209
REC 24 7 25 : 31 101 120 163 172 210
REC 24 7 25 : 31 101 120 163 172 212
REC 21 7 28 : 31 101 120 163 180
REC 24 7 25 : 31 101 120 163 180 198
REC 27 7 22 : 31 101 120 163 180 198 201
REC 27 7 22 : 31 101 120 163 180 198 209
REC 24 7 25 : 31 101 120 163 180 201
REC 27 7 22 : 31 101 120 163 180 201 210
REC 24 7 25 : 31 101 120 163 180 202
REC 27 7 22 : 31 101 120 163 180 202 209
REC 24 7 25 : 31 101 120 163 180 204
REC 27 7 22 : 31 101 120 163 180 204 209
REC 27 7 22 : 31 101 120 163 180 204 210
REC 24 7 25 : 31 101 120 163 180 209
REC 24 7 25 : 31 101 120 163 180 210
REC 21 7 28 : 31 101 120 163 198
REC 24 7 25 : 31 101 120 163 198 201
REC 24 7 25 : 31 101 120 163 198 209
REC 21 7 28 : 31 101 120 163 201
REC 24 7 25 : 31 101 120 163 201 210
REC 24 7 25 : 31 101 120 163 201 212
REC 21 7 28 : 31 101 120 163 202
REC 24 7 25 : 31 101 120 163 202 209
REC 24 7 25 : 31 101 120 163 202 212
REC 21 7 28 : 31 101 120 163 204
REC 24 7 25 : 31 101 120 163 204 209
REC 24 7 25 : 31 101 120 163 204 210
REC 21 7 28 : 31 101 120 163 209
REC 21 7 28 : 31 101 120 163 210
REC 21 7 28 : 31 101 120 163 212
REC 18 7 31 : 31 101 120 166
REC 21 7 28 : 31 101 120 166 169
REC 24 7 25 : 31 101 120 166 169 195
REC 27 7 22 : 31 101 120 166 169 195 204
REC 27 7 22 : 31 101 120 166 169 195 212
REC 24 7 25 : 31 101 120 166 169 202
REC 27 7 22 : 31 101 120 166 169 202 209
REC 27 7 22 : 31 101 120 166 169 202 212
REC 24 7 25 : 31 101 120 166 169 204
REC 27 7 22 : 31 101 120 166 169 204 209
REC 27 7 22 : 31 101 120 166 169 204 210
REC 24 7 25 : 31 101 120 166 169 209
REC 24 7 25 : 31 101 120 166 169 210
REC 24 7 25 : 31 101 120 166 169 212
REC 21 7 28 : 31 101 120 166 177
REC 24 7 25 : 31 101 120 166 177 195
REC 27 7 22 : 31 101 120 166 177 195 204
REC 27 7 22 : 31 101 120 166 177 195 212
REC 24 7 25 : 31 101 120 166 177 201
REC 27 7 22 : 31 101 120 166 177 201 210
REC 27 7 22 : 31 101 120 166 177 201 212
REC 24 7 25 : 31 101 120 166 177 202
REC 27 7 22 : 31 101 120 166 177 202 212
REC 24 7 25 : 31 101 120 166 177 204
REC 27 7 22 : 31 101 120 166 177 204 210
REC 24 7 25 : 31 101 120 166 177 210
REC 24 7 25 : 31 101 120 166 177 212
REC 21 7 28 : 31 101 120 166 195
REC 24 7 25 : 31 101 120 166 195 204
REC 24 7 25 : 31 101 120 166 195 212
REC 21 7 28 : 31 101 120 166 201
REC 24 7 25 : 31 101 120 166 201 210
REC 24 7 25 : 31 101 120 166 201 212
REC 21 7 28 : 31 101 120 166 202
REC 24 7 25 : 31 101 120 166 202 209
REC 24 7 25 : 31 101 120 166 202 212
REC 21 7 28 : 31 101 120 166 204
REC 24 7 25 : 31 101 120 166 204 209
REC 24 7 25 : 31 101 120 166 204 210
REC 21 7 28 : 31 101 120 166 209
REC 21 7 28 : 31 101 120 166 210
REC 21 7 28 : 31 101 120 166 212
REC 18 7 31 : 31 101 120 169
REC 21 7 28 : 31 101 120 169 178
REC 24 7 25 : 31 101 120 169 178 195
REC 27 7 22 : 31 101 120 169 178 195 204
REC 27 7 22 : 31 101 120 169 178 195 212
REC 24 7 25 : 31 101 120 169 178 198
REC 27 7 22 : 31 101 120 169 178 198 209
REC 24 7 25 : 31 101 120 169 178 202
REC 27 7 22 : 31 101 120 169 178 202 209
REC 27 7 22 : 31 101 120 169 178 202 212
REC 24 7 25 : 31 101 120 169 178 204
REC 27 7 22 : 31 101 120 169 178 204 209
REC 24 7 25 : 31 101 120 169 178 209
REC 24 7 25 : 31 101 120 169 178 212
REC 21 7 28 : 31 101 120 169 180
REC 24 7 25 : 31 101 120 169 180 195
REC 27 7 22 : 31 101 120 169 180 195 204
REC 24 7 25 : 31 101 120 169 180 198
REC 27 7 22 : 31 101 120 169 180 198 209
REC 24 7 25 : 31 101 120 169 180 202
REC 27 7 22 : 31 101 120 169 180 202 209
REC 24 7 25 : 31 101 120 169 180 204
REC 27 7 22 : 31 101 120 169 180 204 209
REC 30 7 19 : 31 101 120 169 180 204 209 226
REC 27 7 22 : 31 101 120 169 180 204 210
REC 27 7 22 : 31 101 120 169 180 204 226
REC 24 7 25 : 31 101 120 169 180 209
REC 27 7 22 : 31 101 120 169 180 209 226
REC 24 7 25 : 31 101 120 169 180 210
REC 24 7 25 : 31 101 120 169 180 226
REC 21 7 28 : 31 101 120 169 195
REC 24 7 25 : 31 101 120 169 195 204
REC 24 7 25 : 31 101 120 169 195 212
REC 21 7 28 : 31 101 120 169 198
REC 24 7 25 : 31 101 120 169 198 209
REC 21 7 28 : 31 101 120 169 202
REC 24 7 25 : 31 101 120 169 202 209
REC 24 7 25 : 31 101 120 169 202 212
REC 21 7 28 : 31 101 120 169 204
REC 24 7 25 : 31 101 120 169 204 209
REC 27 7 22 : 31 101 120 169 204 209 226
REC 24 7 25 : 31 101 120 169 204 210
REC 24 7 25 : 31 101 120 169 204 226
REC 21 7 28 : 31 101 120 169 209
REC 24 7 25 : 31 101 120 169 209 226
REC 21 7 28 : 31 101 120 169 210
REC 21 7 28 : 31 101 120 169 212
REC 24 7 25 : 31 101 120 169 212 226
REC 21 7 28 : 31 101 120 169 226
REC 18 7 31 : 31 101 120 170
REC 21 7 28 : 31 101 120 170 177
REC 24 7 25 : 31 101 120 170 177 195
REC 27 7 22 : 31 101 120 170 177 195 204
REC 27 7 22 : 31 101 120 170 177 195 212
REC 24 7 25 : 31 101 120 170 177 198
REC 27 7 22 : 31 101 120 170 177 198 201
REC 24 7 25 : 31 101 120 170 177 201
REC 27 7 22 : 31 101 120 170 177 201 210
REC 27 7 22 : 31 101 120 170 177 201 212
REC 24 7 25 : 31 101 120 170 177 204
REC 27 7 22 : 31 101 120 170 177 204 210
REC 24 7 25 : 31 101 120 170 177 210
REC 24 7 25 : 31 101 120 170 177 212
REC 21 7 28 : 31 101 120 170 180
REC 24 7 25 : 31 101 120 170 180 195
REC 27 7 22 : 31 101 120 170 180 195 204
REC 24 7 25 : 31 101 120 170 180 198
REC 27 7 22 : 31 101 120 170 180 198 201
REC 27 7 22 : 31 101 120 170 180 198 209
REC 24 7 25 : 31 101 120 170 180 201
REC 27 7 22 : 31 101 120 170 180 201 210
REC 24 7 25 : 31 101 120 170 180 204
REC 27 7 22 : 31 101 120 170 180 204 209
REC 27 7 22 : 31 101 120 170 180 204 210
REC 24 7 25 : 31 101 120 170 180 209
REC 24 7 25 : 31 101 120 170 180 210
REC 21 7 28 : 31 101 120 170 195
REC 24 7 25 : 31 101 120 170 195 204
REC 24 7 25 : 31 101 120 170 195 212
REC 21 7 28 : 31 101 120 170 198
REC 24 7 25 : 31 101 120 170 198 201
REC 24 7 25 : 31 101 120 170 198 209
REC 21 7 28 : 31 101 120 170 201
REC 24 7 25 : 31 101 120 170 201 210
REC 24 7 25 : 31 101 120 170 201 212
REC 21 7 28 : 31 101 120 170 204
REC 24 7 25 : 31 101 120 170 204 209
REC 24 7 25 : 31 101 120 170 204 210
REC 21 7 28 : 31 101 120 170 209
REC 21 7 28 : 31 101 120 170 210
REC 21 7 28 : 31 101 120 170 212
REC 18 7 31 : 31 101 120 172
REC 21 7 28 : 31 101 120 172 177
REC 24 7 25 : 31 101 120 172 177 195
REC 27 7 22 : 31 101 120 172 177 195 212
REC 24 7 25 : 31 101 120 172 177 198
REC 27 7 22 : 31 101 120 172 177 198 201
REC 24 7 25 : 31 101 120 172 177 201
REC 27 7 22 : 31 101 120 172 177 201 210
REC 27 7 22 : 31 101 120 172 177 201 212
REC 30 7 19 : 31 101 120 172 177 201 212 226
REC 27 7 22 : 31 101 120 172 177 201 226
REC 24 7 25 : 31 101 120 172 177 202
REC 27 7 22 : 31 101 120 172 177 202 212
REC 24 7 25 : 31 101 120 172 177 210
REC 24 7 25 : 31 101 120 172 177 212
REC 27 7 22 : 31 101 120 172 177 212 226
REC 24 7 25 : 31 101 120 172 177 226
REC 21 7 28 : 31 101 120 172 178
REC 24 7 25 : 31 101 120 172 178 195
REC 27 7 22 : 31 101 120 172 178 195 212
REC 24 7 25 : 31 101 120 172 178 198
REC 27 7 22 : 31 101 120 172 178 198 201
REC 27 7 22 : 31 101 120 172 178 198 209
REC 24 7 25 : 31 101 120 172 178 201
REC 27 7 22 : 31 101 120 172 178 201 212
REC 24 7 25 : 31 101 120 172 178 202
REC 27 7 22 : 31 101 120 172 178 202 209
REC 27 7 22 : 31 101 120 172 178 202 212
REC 24 7 25 : 31 101 120 172 178 209
REC 24 7 25 : 31 101 120 172 178 212
REC 21 7 28 : 31 101 120 172 195
REC 24 7 25 : 31 101 120 172 195 212
REC 21 7 28 : 31 101 120 172 198
REC 24 7 25 : 31 101 120 172 198 201
REC 24 7 25 : 31 101 120 172 198 209
REC 21 7 28 : 31 101 120 172 201
REC 24 7 25 : 31 101 120 172 201 210
REC 24 7 25 : 31 101 120 172 201 212
REC 27 7 22 : 31 101 120 172 201 212 226
REC 24 7 25 : 31 101 120 172 201 226
REC 21 7 28 : 31 101 120 172 202
REC 24 7 25 : 31 101 120 172 202 209
REC 24 7 25 : 31 101 120 172 202 212
REC 21 7 28 : 31 101 120 172 209
REC 24 7 25 : 31 101 120 172 209 226
REC 21 7 28 : 31 101 120 172 210
REC 21 7 28 : 31 101 120 172 212
REC 24 7 25 : 31 101 120 172 212 226
REC 21 7 28 : 31 101 120 172 226
REC 18 7 31 : 31 101 120 177
REC 21 7 28 : 31 101 120 177 195
REC 24 7 25 : 31 101 120 177 195 204
REC 24 7 25 : 31 101 120 177 195 212
REC 21 7 28 : 31 101 120 177 198
REC 24 7 25 : 31 101 120 177 198 201
REC 21 7 28 : 31 101 120 177 201
REC 24 7 25 : 31 101 120 177 201 210
REC 24 7 25 : 31 101 120 177 201 212
REC 27 7 22 : 31 101 120 177 201 212 226
REC 24 7 25 : 31 101 120 177 201 226
REC 21 7 28 : 31 101 120 177 202
REC 24 7 25 : 31 101 120 177 202 212
REC 21 7 28 : 31 101 120 177 204
REC 24 7 25 : 31 101 120 177 204 210
REC 24 7 25 : 31 101 120 177 204 226
REC 21 7 28 : 31 101 120 177 210
REC 21 7 28 : 31 101 120 177 212
REC 24 7 25 : 31 101 120 177 212 226
REC 21 7 28 : 31 101 120 177 226
REC 18 7 31 : 31 101 120 178
REC 21 7 28 : 31 101 120 178 195
REC 24 7 25 : 31 101 120 178 195 204
REC 24 7 25 : 31 101 120 178 195 212
REC 21 7 28 : 31 101 120 178 198
REC 24 7 25 : 31 101 120 178 198 201
REC 24 7 25 : 31 101 120 178 198 209
REC 21 7 28 : 31 101 120 178 201
REC 24 7 25 : 31 101 120 178 201 212
REC 21 7 28 : 31 101 120 178 202
REC 24 7 25 : 31 101 120 178 202 209
REC 24 7 25 : 31 101 120 178 202 212
REC 21 7 28 : 31 101 120 178 204
REC 24 7 25 : 31 101 120 178 204 209
REC 21 7 28 : 31 101 120 178 209
REC 21 7 28 : 31 101 120 178 212
REC 18 7 31 : 31 101 120 180
REC 21 7 28 : 31 101 120 180 195
REC 24 7 25 : 31 101 120 180 195 204
REC 21 7 28 : 31 101 120 180 198
REC 24 7 25 : 31 101 120 180 198 201
REC 24 7 25 : 31 101 120 180 198 209
REC 21 7 28 : 31 101 120 180 201
REC 24 7 25 : 31 101 120 180 201 210
REC 24 7 25 : 31 101 120 180 201 226
REC 21 7 28 : 31 101 120 180 202
REC 24 7 25 : 31 101 120 180 202 209
REC 21 7 28 : 31 101 120 180 204
REC 24 7 25 : 31 101 120 180 204 209
REC 27 7 22 : 31 101 120 180 204 209 226
REC 24 7 25 : 31 101 120 180 204 210
REC 24 7 25 : 31 101 120 180 204 226
REC 21 7 28 : 31 101 120 180 209
REC 24 7 25 : 31 101 120 180 209 226
REC 21 7 28 : 31 101 120 180 210
REC 21 7 28 : 31 101 120 180 226
REC 18 7 31 : 31 101 120 195
REC 21 7 28 : 31 101 120 195 204
REC 21 7 28 : 31 101 120 195 212
REC 18 7 31 : 31 101 120 198
REC 21 7 28 : 31 101 120 198 201
REC 21 7 28 : 31 101 120 198 209
REC 18 7 31 : 31 101 120 201
REC 21 7 28 : 31 101 120 201 210
REC 21 7 28 : 31 101 120 201 212
REC 24 7 25 : 31 101 120 201 212 226
REC 21 7 28 : 31 101 120 201 226
REC 18 7 31 : 31 101 120 202
REC 21 7 28 : 31 101 120 202 209
REC 21 7 28 : 31 101 120 202 212
REC 18 7 31 : 31 101 120 204
REC 21 7 28 : 31 101 120 204 209
REC 24 7 25 : 31 101 120 204 209 226
REC 21 7 28 : 31 101 120 204 210
REC 21 7 28 : 31 101 120 204 226
REC 18 7 31 : 31 101 120 209
REC 21 7 28 : 31 101 120 209 226
REC 18 7 31 : 31 101 120 210
REC 18 7 31 : 31 101 120 212
REC 21 7 28 : 31 101 120 212 226
REC 18 7 31 : 31 101 120 226
REC 15 7 34 : 31 101 163
REC 18 7 31 : 31 101 163 172
REC 21 7 28 : 31 101 163 172 198
REC 24 7 25 : 31 101 163 172 198 201
REC 27 7 22 : 31 101 163 172 198 201 240
REC 24 7 25 : 31 101 163 172 198 209
REC 24 7 25 : 31 101 163 172 198 216
REC 24 7 25 : 31 101 163 172 198 240
REC 21 7 28 : 31 101 163 172 201
REC 24 7 25 : 31 101 163 172 201 210
REC 24 7 25 : 31 101 163 172 201 212
REC 24 7 25 : 31 101 163 172 201 240
REC 21 7 28 : 31 101 163 172 202
REC 24 7 25 : 31 101 163 172 202 209
REC 24 7 25 : 31 101 163 172 202 212
REC 24 7 25 : 31 101 163 172 202 240
REC 21 7 28 : 31 101 163 172 209
REC 21 7 28 : 31 101 163 172 210
REC 21 7 28 : 31 101 163 172 212
REC 21 7 28 : 31 101 163 172 216
REC 21 7 28 : 31 101 163 172 240
REC 18 7 31 : 31 101 163 180
REC 21 7 28 : 31 101 163 180 198
REC 24 7 25 : 31 101 163 180 198 201
REC 24 7 25 : 31 101 163 180 198 209
REC 27 7 22 : 31 101 163 180 198 209 232
REC 24 7 25 : 31 101 163 180 198 216
REC 24 7 25 : 31 101 163 180 198 232
REC 21 7 28 : 31 101 163 180 201
REC 24 7 25 : 31 101 163 180 201 210
REC 21 7 28 : 31 101 163 180 202
REC 24 7 25 : 31 101 163 180 202 209
REC 21 7 28 : 31 101 163 180 204
REC 24 7 25 : 31 101 163 180 204 209
REC 24 7 25 : 31 101 163 180 204 210
REC 21 7 28 : 31 101 163 180 209
REC 24 7 25 : 31 101 163 180 209 232
REC 21 7 28 : 31 101 163 180 210
REC 24 7 25 : 31 101 163 180 210 232
REC 21 7 28 : 31 101 163 180 216
REC 21 7 28 : 31 101 163 180 232
REC 18 7 31 : 31 101 163 184
REC 21 7 28 : 31 101 163 184 198
REC 24 7 25 : 31 101 163 184 198 201
REC 24 7 25 : 31 101 163 184 198 209
REC 21 7 28 : 31 101 163 184 201
REC 24 7 25 : 31 101 163 184 201 210
REC 24 7 25 : 31 101 163 184 201 212
REC 21 7 28 : 31 101 163 184 202
REC 24 7 25 : 31 101 163 184 202 209
REC 24 7 25 : 31 101 163 184 202 212
REC 21 7 28 : 31 101 163 184 204
REC 24 7 25 : 31 101 163 184 204 209
REC 24 7 25 : 31 101 163 184 204 210
REC 21 7 28 : 31 101 163 184 209
REC 21 7 28 : 31 101 163 184 210
REC 21 7 28 : 31 101 163 184 212
REC 18 7 31 : 31 101 163 198
REC 21 7 28 : 31 101 163 198 201
REC 24 7 25 : 31 101 163 198 201 240
REC 21 7 28 : 31 101 163 198 209
REC 24 7 25 : 31 101 163 198 209 232
REC 21 7 28 : 31 101 163 198 216
REC 21 7 28 : 31 101 163 198 232
REC 21 7 28 : 31 101 163 198 240
REC 27 7 22 : 31 101 163 198 248
REC 18 7 31 : 31 101 163 201
REC 21 7 28 : 31 101 163 201 210
REC 21 7 28 : 31 101 163 201 212
REC 21 7 28 : 31 101 163 201 240
REC 18 7 31 : 31 101 163 202
REC 21 7 28 : 31 101 163 202 209
REC 21 7 28 : 31 101 163 202 212
REC 21 7 28 : 31 101 163 202 240
REC 18 7 31 : 31 101 163 204
REC 21 7 28 : 31 101 163 204 209
REC 21 7 28 : 31 101 163 204 210
REC 21 7 28 : 31 101 163 204 240
REC 18 7 31 : 31 101 163 209
REC 21 7 28 : 31 101 163 209 232
REC 18 7 31 : 31 101 163 210
REC 21 7 28 : 31 101 163 210 232
REC 18 7 31 : 31 101 163 212
REC 21 7 28 : 31 101 163 212 232
REC 18 7 31 : 31 101 163 216
REC 18 7 31 : 31 101 163 232
REC 18 7 31 : 31 101 163 240
REC 24 7 25 : 31 101 163 248
REC 15 7 34 : 31 101 166
REC 18 7 31 : 31 101 166 169
REC 21 7 28 : 31 101 166 169 195
REC 24 7 25 : 31 101 166 169 195 204
REC 27 7 22 : 31 101 166 169 195 204 240
REC 24 7 25 : 31 101 166 169 195 212
REC 24 7 25 : 31 101 166 169 195 216
REC 24 7 25 : 31 101 166 169 195 240
REC 21 7 28 : 31 101 166 169 202
REC 24 7 25 : 31 101 166 169 202 209
REC 24 7 25 : 31 101 166 169 202 212
REC 24 7 25 : 31 101 166 169 202 240
REC 21 7 28 : 31 101 166 169 204
REC 24 7 25 : 31 101 166 169 204 209
REC 24 7 25 : 31 101 166 169 204 210
REC 24 7 25 : 31 101 166 169 204 240
REC 21 7 28 : 31 101 166 169 209
REC 21 7 28 : 31 101 166 169 210
REC 21 7 28 : 31 101 166 169 212
REC 21 7 28 : 31 101 166 169 216
REC 21 7 28 : 31 101 166 169 240
REC 18 7 31 : 31 101 166 177
REC 21 7 28 : 31 101 166 177 195
REC 24 7 25 : 31 101 166 177 195 204
REC 24 7 25 : 31 101 166 177 195 212
REC 27 7 22 : 31 101 166 177 195 212 232
REC 24 7 25 : 31 101 166 177 195 216
REC 24 7 25 : 31 101 166 177 195 232
REC 21 7 28 : 31 101 166 177 201
REC 24 7 25 : 31 101 166 177 201 210
REC 24 7 25 : 31 101 166 177 201 212
REC 21 7 28 : 31 101 166 177 202
REC 24 7 25 : 31 101 166 177 202 212
REC 21 7 28 : 31 101 166 177 204
REC 24 7 25 : 31 101 166 177 204 210
REC 21 7 28 : 31 101 166 177 210
REC 24 7 25 : 31 101 166 177 210 232
REC 21 7 28 : 31 101 166 177 212
REC 24 7 25 : 31 101 166 177 212 232
REC 21 7 28 : 31 101 166 177 216
REC 21 7 28 : 31 101 166 177 232
REC 18 7 31 : 31 101 166 184
REC 21 7 28 : 31 101 166 184 195
REC 24 7 25 : 31 101 166 184 195 204
REC 24 7 25 : 31 101 166 184 195 212
REC 21 7 28 : 31 101 166 184 201
REC 24 7 25 : 31 101 166 184 201 210
REC 24 7 25 : 31 101 166 184 201 212
REC 21 7 28 : 31 101 166 184 202
REC 24 7 25 : 31 101 166 184 202 209
REC 24 7 25 : 31 101 166 184 202 212
REC 21 7 28 : 31 101 166 184 204
REC 24 7 25 : 31 101 166 184 204 209
REC 24 7 25 : 31 101 166 184 204 210
REC 21 7 28 : 31 101 166 184 209
REC 21 7 28 : 31 101 166 184 210
REC 21 7 28 : 31 101 166 184 212
REC 18 7 31 : 31 101 166 195
REC 21 7 28 : 31 101 166 195 204
REC 24 7 25 : 31 101 166 195 204 240
REC 21 7 28 : 31 101 166 195 212
REC 24 7 25 : 31 101 166 195 212 232
REC 21 7 28 : 31 101 166 195 216
REC 21 7 28 : 31 101 166 195 232
REC 21 7 28 : 31 101 166 195 240
REC 27 7 22 : 31 101 166 195 248
REC 18 7 31 : 31 101 166 201
REC 21 7 28 : 31 101 166 201 210
REC 21 7 28 : 31 101 166 201 212
REC 21 7 28 : 31 101 166 201 240
REC 18 7 31 : 31 101 166 202
REC 21 7 28 : 31 101 166 202 209
REC 21 7 28 : 31 101 166 202 212
REC 21 7 28 : 31 101 166 202 240
REC 18 7 31 : 31 101 166 204
REC 21 7 28 : 31 101 166 204 209
REC 21 7 28 : 31 101 166 204 210
REC 21 7 28 : 31 101 166 204 240
REC 18 7 31 : 31 101 166 209
REC 21 7 28 : 31 101 166 209 232
REC 18 7 31 : 31 101 166 210
REC 21 7 28 : 31 101 166 210 232
REC 18 7 31 : 31 101 166 212
REC 21 7 28 : 31 101 166 212 232
REC 18 7 31 : 31 101 166 216
REC 18 7 31 : 31 101 166 232
REC 18 7 31 : 31 101 166 240
REC 24 7 25 : 31 101 166 248
REC 15 7 34 : 31 101 169
REC 18 7 31 : 31 101 169 178
REC 21 7 28 : 31 101 169 178 195
REC 24 7 25 : 31 101 169 178 195 204
REC 24 7 25 : 31 101 169 178 195 212
REC 24 7 25 : 31 101 169 178 195 216
REC 21 7 28 : 31 101 169 178 198
REC 24 7 25 : 31 101 169 178 198 209
REC 24 7 25 : 31 101 169 178 198 216
REC 21 7 28 : 31 101 169 178 202
REC 24 7 25 : 31 101 169 178 202 209
REC 24 7 25 : 31 101 169 178 202 212
REC 21 7 28 : 31 101 169 178 204
REC 24 7 25 : 31 101 169 178 204 209
REC 21 7 28 : 31 101 169 178 209
REC 21 7 28 : 31 101 169 178 212
REC 21 7 28 : 31 101 169 178 216
REC 18 7 31 : 31 101 169 180
REC 21 7 28 : 31 101 169 180 195
REC 24 7 25 : 31 101 169 180 195 204
REC 24 7 25 : 31 101 169 180 195 216
REC 21 7 28 : 31 101 169 180 198
REC 24 7 25 : 31 101 169 180 198 209
REC 24 7 25 : 31 101 169 180 198 216
REC 21 7 28 : 31 101 169 180 202
REC 24 7 25 : 31 101 169 180 202 209
REC 21 7 28 : 31 101 169 180 204
REC 24 7 25 : 31 101 169 180 204 209
REC 27 7 22 : 31 101 169 180 204 209 226
REC 24 7 25 : 31 101 169 180 204 210
REC 24 7 25 : 31 101 169 180 204 226
REC 21 7 28 : 31 101 169 180 209
REC 24 7 25 : 31 101 169 180 209 226
REC 21 7 28 : 31 101 169 180 210
REC 21 7 28 : 31 101 169 180 216
REC 24 7 25 : 31 101 169 180 216 226
REC 21 7 28 : 31 101 169 180 226
REC 18 7 31 : 31 101 169 195
REC 21 7 28 : 31 101 169 195 204
REC 24 7 25 : 31 101 169 195 204 240
REC 21 7 28 : 31 101 169 195 212
REC 21 7 28 : 31 101 169 195 216
REC 21 7 28 : 31 101 169 195 240
REC 18 7 31 : 31 101 169 198
REC 21 7 28 : 31 101 169 198 209
REC 21 7 28 : 31 101 169 198 216
REC 21 7 28 : 31 101 169 198 240
REC 18 7 31 : 31 101 169 202
REC 21 7 28 : 31 101 169 202 209
REC 21 7 28 : 31 101 169 202 212
REC 21 7 28 : 31 101 169 202 240
REC 18 7 31 : 31 101 169 204
REC 21 7 28 : 31 101 169 204 209
REC 24 7 25 : 31 101 169 204 209 226
REC 21 7 28 : 31 101 169 204 210
REC 21 7 28 : 31 101 169 204 226
REC 21 7 28 : 31 101 169 204 240
REC 27 7 22 : 31 101 169 204 242
REC 18 7 31 : 31 101 169 209
REC 21 7 28 : 31 101 169 209 226
REC 18 7 31 : 31 101 169 210
REC 18 7 31 : 31 101 169 212
REC 21 7 28 : 31 101 169 212 226
REC 18 7 31 : 31 101 169 216
REC 21 7 28 : 31 101 169 216 226
REC 18 7 31 : 31 101 169 226
REC 18 7 31 : 31 101 169 240
REC 24 7 25 : 31 101 169 242
REC 15 7 34 : 31 101 170
REC 18 7 31 : 31 101 170 177
REC 21 7 28 : 31 101 170 177 195
REC 24 7 25 : 31 101 170 177 195 204
REC 24 7 25 : 31 101 170 177 195 212
REC 24 7 25 : 31 101 170 177 195 216
REC 21 7 28 : 31 101 170 177 198
REC 24 7 25 : 31 101 170 177 198 201
REC 24 7 25 : 31 101 170 177 198 216
REC 21 7 28 : 31 101 170 177 201
REC 24 7 25 : 31 101 170 177 201 210
REC 24 7 25 : 31 101 170 177 201 212
REC 21 7 28 : 31 101 170 177 204
REC 24 7 25 : 31 101 170 177 204 210
REC 21 7 28 : 31 101 170 177 210
REC 21 7 28 : 31 101 170 177 212
REC 21 7 28 : 31 101 170 177 216
REC 18 7 31 : 31 101 170 180
REC 21 7 28 : 31 101 170 180 195
REC 24 7 25 : 31 101 170 180 195 204
REC 24 7 25 : 31 101 170 180 195 216
REC 21 7 28 : 31 101 170 180 198
REC 24 7 25 : 31 101 170 180 198 201
REC 24 7 25 : 31 101 170 180 198 209
REC 24 7 25 : 31 101 170 180 198 216
REC 21 7 28 : 31 101 170 180 201
REC 24 7 25 : 31 101 170 180 201 210
REC 21 7 28 : 31 101 170 180 204
REC 24 7 25 : 31 101 170 180 204 209
REC 24 7 25 : 31 101 170 180 204 210
REC 21 7 28 : 31 101 170 180 209
REC 21 7 28 : 31 101 170 180 210
REC 21 7 28 : 31 101 170 180 216
REC 18 7 31 : 31 101 170 195
REC 21 7 28 : 31 101 170 195 204
REC 24 7 25 : 31 101 170 195 204 240
REC 21 7 28 : 31 101 170 195 212
REC 21 7 28 : 31 101 170 195 216
REC 21 7 28 : 31 101 170 195 240
REC 18 7 31 : 31 101 170 198
REC 21 7 28 : 31 101 170 198 201
REC 24 7 25 : 31 101 170 198 201 240
REC 21 7 28 : 31 101 170 198 209
REC 21 7 28 : 31 101 170 198 216
REC 21 7 28 : 31 101 170 198 240
REC 18 7 31 : 31 101 170 201
REC 21 7 28 : 31 101 170 201 210
REC 21 7 28 : 31 101 170 201 212
REC 21 7 28 : 31 101 170 201 240
REC 18 7 31 : 31 101 170 204
REC 21 7 28 : 31 101 170 204 209
REC 21 7 28 : 31 101 170 204 210
REC 21 7 28 : 31 101 170 204 240
REC 18 7 31 : 31 101 170 209
REC 18 7 31 : 31 101 170 210
REC 18 7 31 : 31 101 170 212
REC 18 7 31 : 31 101 170 216
REC 18 7 31 : 31 101 170 240
REC 15 7 34 : 31 101 172
REC 18 7 31 : 31 101 172 177
REC 21 7 28 : 31 101 172 177 195
REC 24 7 25 : 31 101 172 177 195 212
REC 24 7 25 : 31 101 172 177 195 216
REC 21 7 28 : 31 101 172 177 198
REC 24 7 25 : 31 101 172 177 198 201
REC 24 7 25 : 31 101 172 177 198 216
REC 21 7 28 : 31 101 172 177 201
REC 24 7 25 : 31 101 172 177 201 210
REC 24 7 25 : 31 101 172 177 201 212
REC 27 7 22 : 31 101 172 177 201 212 226
REC 24 7 25 : 31 101 172 177 201 226
REC 21 7 28 : 31 101 172 177 202
REC 24 7 25 : 31 101 172 177 202 212
REC 21 7 28 : 31 101 172 177 210
REC 21 7 28 : 31 101 172 177 212
REC 24 7 25 : 31 101 172 177 212 226
REC 21 7 28 : 31 101 172 177 216
REC 24 7 25 : 31 101 172 177 216 226
REC 21 7 28 : 31 101 172 177 226
REC 18 7 31 : 31 101 172 178
REC 21 7 28 : 31 101 172 178 195
REC 24 7 25 : 31 101 172 178 195 212
REC 24 7 25 : 31 101 172 178 195 216
REC 21 7 28 : 31 101 172 178 198
REC 24 7 25 : 31 101 172 178 198 201
REC 24 7 25 : 31 101 172 178 198 209
REC 24 7 25 : 31 101 172 178 198 216
REC 21 7 28 : 31 101 172 178 201
REC 24 7 25 : 31 101 172 178 201 212
REC 21 7 28 : 31 101 172 178 202
REC 24 7 25 : 31 101 172 178 202 209
REC 24 7 25 : 31 101 172 178 202 212
REC 21 7 28 : 31 101 172 178 209
REC 21 7 28 : 31 101 172 178 212
REC 21 7 28 : 31 101 172 178 216
REC 18 7 31 : 31 101 172 195
REC 21 7 28 : 31 101 172 195 212
REC 21 7 28 : 31 101 172 195 216
REC 21 7 28 : 31 101 172 195 240
REC 18 7 31 : 31 101 172 198
REC 21 7 28 : 31 101 172 198 201
REC 24 7 25 : 31 101 172 198 201 240
REC 21 7 28 : 31 101 172 198 209
REC 21 7 28 : 31 101 172 198 216
REC 21 7 28 : 31 101 172 198 240
REC 18 7 31 : 31 101 172 201
REC 21 7 28 : 31 101 172 201 210
REC 21 7 28 : 31 101 172 201 212
REC 24 7 25 : 31 101 172 201 212 226
REC 21 7 28 : 31 101 172 201 226
REC 21 7 28 : 31 101 172 201 240
REC 27 7 22 : 31 101 172 201 242
REC 18 7 31 : 31 101 172 202
REC 21 7 28 : 31 101 172 202 209
REC 21 7 28 : 31 101 172 202 212
REC 21 7 28 : 31 101 172 202 240
REC 18 7 31 : 31 101 172 209
REC 21 7 28 : 31 101 172 209 226
REC 18 7 31 : 31 101 172 210
REC 18 7 31 : 31 101 172 212
REC 21 7 28 : 31 101 172 212 226
REC 18 7 31 : 31 101 172 216
REC 21 7 28 : 31 101 172 216 226
REC 18 7 31 : 31 101 172 226
REC 18 7 31 : 31 101 172 240
REC 24 7 25 : 31 101 172 242
REC 15 7 34 : 31 101 177
REC 18 7 31 : 31 101 177 195
REC 21 7 28 : 31 101 177 195 204
REC 21 7 28 : 31 101 177 195 212
REC 24 7 25 : 31 101 177 195 212 232
REC 21 7 28 : 31 101 177 195 216
REC 21 7 28 : 31 101 177 195 232
REC 18 7 31 : 31 101 177 198
REC 21 7 28 : 31 101 177 198 201
REC 21 7 28 : 31 101 177 198 216
REC 21 7 28 : 31 101 177 198 232
REC 18 7 31 : 31 101 177 201
REC 21 7 28 : 31 101 177 201 210
REC 21 7 28 : 31 101 177 201 212
REC 24 7 25 : 31 101 177 201 212 226
REC 21 7 28 : 31 101 177 201 226
REC 18 7 31 : 31 101 177 202
REC 21 7 28 : 31 101 177 202 212
REC 18 7 31 : 31 101 177 204
REC 21 7 28 : 31 101 177 204 210
REC 21 7 28 : 31 101 177 204 226
REC 18 7 31 : 31 101 177 210
REC 21 7 28 : 31 101 177 210 232
REC 18 7 31 : 31 101 177 212
REC 21 7 28 : 31 101 177 212 226
REC 21 7 28 : 31 101 177 212 232
REC 27 7 22 : 31 101 177 212 234
REC 18 7 31 : 31 101 177 216
REC 21 7 28 : 31 101 177 216 226
REC 18 7 31 : 31 101 177 226
REC 18 7 31 : 31 101 177 232
REC 24 7 25 : 31 101 177 234
REC 15 7 34 : 31 101 178
REC 18 7 31 : 31 101 178 195
REC 21 7 28 : 31 101 178 195 204
REC 21 7 28 : 31 101 178 195 212
REC 24 7 25 : 31 101 178 195 212 232
REC 21 7 28 : 31 101 178 195 216
REC 21 7 28 : 31 101 178 195 232
REC 18 7 31 : 31 101 178 198
REC 21 7 28 : 31 101 178 198 201
REC 21 7 28 : 31 101 178 198 209
REC 24 7 25 : 31 101 178 198 209 232
REC 21 7 28 : 31 101 178 198 216
REC 21 7 28 : 31 101 178 198 232
REC 18 7 31 : 31 101 178 201
REC 21 7 28 : 31 101 178 201 212
REC 18 7 31 : 31 101 178 202
REC 21 7 28 : 31 101 178 202 209
REC 21 7 28 : 31 101 178 202 212
REC 18 7 31 : 31 101 178 204
REC 21 7 28 : 31 101 178 204 209
REC 18 7 31 : 31 101 178 209
REC 21 7 28 : 31 101 178 209 232
REC 18 7 31 : 31 101 178 212
REC 21 7 28 : 31 101 178 212 232
REC 18 7 31 : 31 101 178 216
REC 18 7 31 : 31 101 178 232
REC 15 7 34 : 31 101 180
REC 18 7 31 : 31 101 180 195
REC 21 7 28 : 31 101 180 195 204
REC 21 7 28 : 31 101 180 195 216
REC 21 7 28 : 31 101 180 195 232
REC 18 7 31 : 31 101 180 198
REC 21 7 28 : 31 101 180 198 201
REC 21 7 28 : 31 101 180 198 209
REC 24 7 25 : 31 101 180 198 209 232
REC 21 7 28 : 31 101 180 198 216
REC 21 7 28 : 31 101 180 198 232
REC 18 7 31 : 31 101 180 201
REC 21 7 28 : 31 101 180 201 210
REC 21 7 28 : 31 101 180 201 226
REC 18 7 31 : 31 101 180 202
REC 21 7 28 : 31 101 180 202 209
REC 18 7 31 : 31 101 180 204
REC 21 7 28 : 31 101 180 204 209
REC 24 7 25 : 31 101 180 204 209 226
REC 21 7 28 : 31 101 180 204 210
REC 21 7 28 : 31 101 180 204 226
REC 18 7 31 : 31 101 180 209
REC 21 7 28 : 31 101 180 209 226
REC 21 7 28 : 31 101 180 209 232
REC 27 7 22 : 31 101 180 209 234
REC 18 7 31 : 31 101 180 210
REC 21 7 28 : 31 101 180 210 232
REC 18 7 31 : 31 101 180 216
REC 21 7 28 : 31 101 180 216 226
REC 18 7 31 : 31 101 180 226
REC 18 7 31 : 31 101 180 232
REC 24 7 25 : 31 101 180 234
REC 15 7 34 : 31 101 184
REC 18 7 31 : 31 101 184 195
REC 21 7 28 : 31 101 184 195 204
REC 21 7 28 : 31 101 184 195 212
REC 18 7 31 : 31 101 184 198
REC 21 7 28 : 31 101 184 198 201
REC 21 7 28 : 31 101 184 198 209
REC 18 7 31 : 31 101 184 201
REC 21 7 28 : 31 101 184 201 210
REC 21 7 28 : 31 101 184 201 212
REC 24 7 25 : 31 101 184 201 212 226
REC 21 7 28 : 31 101 184 201 226
REC 18 7 31 : 31 101 184 202
REC 21 7 28 : 31 101 184 202 209
REC 21 7 28 : 31 101 184 202 212
REC 18 7 31 : 31 101 184 204
REC 21 7 28 : 31 101 184 204 209
REC 24 7 25 : 31 101 184 204 209 226
REC 21 7 28 : 31 101 184 204 210
REC 21 7 28 : 31 101 184 204 226
REC 18 7 31 : 31 101 184 209
REC 21 7 28 : 31 101 184 209 226
REC 18 7 31 : 31 101 184 210
REC 18 7 31 : 31 101 184 212
REC 21 7 28 : 31 101 184 212 226
REC 18 7 31 : 31 101 184 226
REC 15 7 34 : 31 101 195
REC 18 7 31 : 31 101 195 204
REC 21 7 28 : 31 101 195 204 240
REC 18 7 31 : 31 101 195 212
REC 21 7 28 : 31 101 195 212 232
REC 18 7 31 : 31 101 195 216
REC 18 7 31 : 31 101 195 232
REC 18 7 31 : 31 101 195 240
REC 24 7 25 : 31 101 195 248
REC 15 7 34 : 31 101 198
REC 18 7 31 : 31 101 198 201
REC 21 7 28 : 31 101 198 201 240
REC 18 7 31 : 31 101 198 209
REC 21 7 28 : 31 101 198 209 232
REC 18 7 31 : 31 101 198 216
REC 18 7 31 : 31 101 198 232
REC 18 7 31 : 31 101 198 240
REC 24 7 25 : 31 101 198 248
REC 15 7 34 : 31 101 201
REC 18 7 31 : 31 101 201 210
REC 18 7 31 : 31 101 201 212
REC 21 7 28 : 31 101 201 212 226
REC 18 7 31 : 31 101 201 226
REC 18 7 31 : 31 101 201 240
REC 24 7 25 : 31 101 201 242
REC 15 7 34 : 31 101 202
REC 18 7 31 : 31 101 202 209
REC 18 7 31 : 31 101 202 212
REC 18 7 31 : 31 101 202 240
REC 15 7 34 : 31 101 204
REC 18 7 31 : 31 101 204 209
REC 21 7 28 : 31 101 204 209 226
REC 18 7 31 : 31 101 204 210
REC 18 7 31 : 31 101 204 226
REC 18 7 31 : 31 101 204 240
REC 24 7 25 : 31 101 204 242
REC 15 7 34 : 31 101 209
REC 18 7 31 : 31 101 209 226
REC 18 7 31 : 31 101 209 232
REC 24 7 25 : 31 101 209 234
REC 15 7 34 : 31 101 210
REC 18 7 31 : 31 101 210 232
REC 15 7 34 : 31 101 212
REC 18 7 31 : 31 101 212 226
REC 18 7 31 : 31 101 212 232
REC 24 7 25 : 31 101 212 234
REC 15 7 34 : 31 101 216
REC 18 7 31 : 31 101 216 226
REC 15 7 34 : 31 101 226
REC 15 7 34 : 31 101 232
REC 21 7 28 : 31 101 234
REC 15 7 34 : 31 101 240
REC 21 7 28 : 31 101 242
REC 21 7 28 : 31 101 248
REC 12 7 37 : 31 102
REC 15 7 34 : 31 102 105
REC 18 7 31 : 31 102 105 163
REC 21 7 28 : 31 102 105 163 172
REC 24 7 25 : 31 102 105 163 172 197
REC 27 7 22 : 31 102 105 163 172 197 202
REC 30 7 19 : 31 102 105 163 172 197 202 240
REC 27 7 22 : 31 102 105 163 172 197 210
REC 27 7 22 : 31 102 105 163 172 197 216
REC 27 7 22 : 31 102 105 163 172 197 240
REC 24 7 25 : 31 102 105 163 172 202
REC 27 7 22 : 31 102 105 163 172 202 209
REC 27 7 22 : 31 102 105 163 172 202 212
REC 27 7 22 : 31 102 105 163 172 202 240
REC 24 7 25 : 31 102 105 163 172 209
REC 24 7 25 : 31 102 105 163 172 210
REC 24 7 25 : 31 102 105 163 172 212
REC 24 7 25 : 31 102 105 163 172 216
REC 24 7 25 : 31 102 105 163 172 240
REC 21 7 28 : 31 102 105 163 180
REC 24 7 25 : 31 102 105 163 180 197
REC 27 7 22 : 31 102 105 163 180 197 202
REC 27 7 22 : 31 102 105 163 180 197 210
REC 27 7 22 : 31 102 105 163 180 197 216
REC 24 7 25 : 31 102 105 163 180 202
REC 27 7 22 : 31 102 105 163 180 202 209
REC 24 7 25 : 31 102 105 163 180 204
REC 27 7 22 : 31 102 105 163 180 204 209
REC 27 7 22 : 31 102 105 163 180 204 210
REC 24 7 25 : 31 102 105 163 180 209
REC 24 7 25 : 31 102 105 163 180 210
REC 24 7 25 : 31 102 105 163 180 216
REC 21 7 28 : 31 102 105 163 184
REC 24 7 25 : 31 102 105 163 184 197
REC 27 7 22 : 31 102 105 163 184 197 202
REC 27 7 22 : 31 102 105 163 184 197 210
REC 24 7 25 : 31 102 105 163 184 202
REC 27 7 22 : 31 102 105 163 184 202 209
REC 27 7 22 : 31 102 105 163 184 202 212
REC 24 7 25 : 31 102 105 163 184 204
REC 27 7 22 : 31 102 105 163 184 204 209
REC 27 7 22 : 31 102 105 163 184 204 210
REC 24 7 25 : 31 102 105 163 184 209
REC 24 7 25 : 31 102 105 163 184 210
REC 24 7 25 : 31 102 105 163 184 212
REC 21 7 28 : 31 102 105 163 197
REC 24 7 25 : 31 102 105 163 197 202
REC 27 7 22 : 31 102 105 163 197 202 240
REC 24 7 25 : 31 102 105 163 197 210
REC 24 7 25 : 31 102 105 163 197 216
REC 24 7 25 : 31 102 105 163 197 240
REC 21 7 28 : 31 102 105 163 202
REC 24 7 25 : 31 102 105 163 202 209
REC 24 7 25 : 31 102 105 163 202 212
REC 24 7 25 : 31 102 105 163 202 240
REC 21 7 28 : 31 102 105 163 204
REC 24 7 25 : 31 102 105 163 204 209
REC 24 7 25 : 31 102 105 163 204 210
REC 24 7 25 : 31 102 105 163 204 240
REC 21 7 28 : 31 102 105 163 209
REC 21 7 28 : 31 102 105 163 210
REC 21 7 28 : 31 102 105 163 212
REC 21 7 28 : 31 102 105 163 216
REC 21 7 28 : 31 102 105 163 240
REC 18 7 31 : 31 102 105 165
REC 21 7 28 : 31 102 105 165 170
REC 24 7 25 : 31 102 105 165 170 195
REC 27 7 22 : 31 102 105 165 170 195 204
REC 30 7 19 : 31 102 105 165 170 195 204 240
REC 27 7 22 : 31 102 105 165 170 195 212
REC 27 7 22 : 31 102 105 165 170 195 216
REC 27 7 22 : 31 102 105 165 170 195 240
REC 24 7 25 : 31 102 105 165 170 204
REC 27 7 22 : 31 102 105 165 170 204 209
REC 27 7 22 : 31 102 105 165 170 204 210
REC 27 7 22 : 31 102 105 165 170 204 240
REC 24 7 25 : 31 102 105 165 170 209
REC 24 7 25 : 31 102 105 165 170 210
REC 24 7 25 : 31 102 105 165 170 212
REC 24 7 25 : 31 102 105 165 170 216
REC 24 7 25 : 31 102 105 165 170 240
REC 21 7 28 : 31 102 105 165 178
REC 24 7 25 : 31 102 105 165 178 195
REC 27 7 22 : 31 102 105 165 178 195 204
REC 27 7 22 : 31 102 105 165 178 195 212
REC 27 7 22 : 31 102 105 165 178 195 216
REC 24 7 25 : 31 102 105 165 178 202
REC 27 7 22 : 31 102 105 165 178 202 209
REC 27 7 22 : 31 102 105 165 178 202 212
REC 24 7 25 : 31 102 105 165 178 204
REC 27 7 22 : 31 102 105 165 178 204 209
REC 24 7 25 : 31 102 105 165 178 209
REC 24 7 25 : 31 102 105 165 178 212
REC 24 7 25 : 31 102 105 165 178 216
REC 21 7 28 : 31 102 105 165 184
REC 24 7 25 : 31 102 105 165 184 195
REC 27 7 22 : 31 102 105 165 184 195 204
REC 27 7 22 : 31 102 105 165 184 195 212
REC 24 7 25 : 31 102 105 165 184 202
REC 27 7 22 : 31 102 105 165 184 202 209
REC 27 7 22 : 31 102 105 165 184 202 212
REC 24 7 25 : 31 102 105 165 184 204
REC 27 7 22 : 31 102 105 165 184 204 209
REC 27 7 22 : 31 102 105 165 184 204 210
REC 24 7 25 : 31 102 105 165 184 209
REC 24 7 25 : 31 102 105 165 184 210
REC 24 7 25 : 31 102 105 165 184 212
REC 21 7 28 : 31 102 105 165 195
REC 24 7 25 : 31 102 105 165 195 204
REC 27 7 22 : 31 102 105 165 195 204 240
REC 24 7 25 : 31 102 105 165 195 212
REC 24 7 25 : 31 102 105 165 195 216
REC 24 7 25 : 31 102 105 165 195 240
REC 21 7 28 : 31 102 105 165 202
REC 24 7 25 : 31 102 105 165 202 209
REC 24 7 25 : 31 102 105 165 202 212
REC 24 7 25 : 31 102 105 165 202 240
REC 21 7 28 : 31 102 105 165 204
REC 24 7 25 : 31 102 105 165 204 209
REC 24 7 25 : 31 102 105 165 204 210
REC 24 7 25 : 31 102 105 165 204 240
REC 21 7 28 : 31 102 105 165 209
REC 21 7 28 : 31 102 105 165 210
REC 21 7 28 : 31 102 105 165 212
REC 21 7 28 : 31 102 105 165 216
REC 21 7 28 : 31 102 105 165 240
REC 18 7 31 : 31 102 105 170
REC 21 7 28 : 31 102 105 170 177
REC 24 7 25 : 31 102 105 170 177 195
REC 27 7 22 : 31 102 105 170 177 195 204
REC 27 7 22 : 31 102 105 170 177 195 212
REC 27 7 22 : 31 102 105 170 177 195 216
REC 24 7 25 : 31 102 105 170 177 197
REC 27 7 22 : 31 102 105 170 177 197 210
REC 27 7 22 : 31 102 105 170 177 197 216
REC 24 7 25 : 31 102 105 170 177 204
REC 27 7 22 : 31 102 105 170 177 204 210
REC 24 7 25 : 31 102 105 170 177 210
REC 24 7 25 : 31 102 105 170 177 212
REC 24 7 25 : 31 102 105 170 177 216
REC 21 7 28 : 31 102 105 170 180
REC 24 7 25 : 31 102 105 170 180 195
REC 27 7 22 : 31 102 105 170 180 195 204
REC 27 7 22 : 31 102 105 170 180 195 216
REC 24 7 25 : 31 102 105 170 180 197
REC 27 7 22 : 31 102 105 170 180 197 210
REC 27 7 22 : 31 102 105 170 180 197 216
REC 24 7 25 : 31 102 105 170 180 204
REC 27 7 22 : 31 102 105 170 180 204 209
REC 27 7 22 : 31 102 105 170 180 204 210
REC 24 7 25 : 31 102 105 170 180 209
REC 24 7 25 : 31 102 105 170 180 210
REC 24 7 25 : 31 102 105 170 180 216
REC 21 7 28 : 31 102 105 170 195
REC 24 7 25 : 31 102 105 170 195 204
REC 27 7 22 : 31 102 105 170 195 204 240
REC 24 7 25 : 31 102 105 170 195 212
REC 24 7 25 : 31 102 105 170 195 216
REC 24 7 25 : 31 102 105 170 195 240
REC 21 7 28 : 31 102 105 170 197
REC 24 7 25 : 31 102 105 170 197 210
REC 24 7 25 : 31 102 105 170 197 216
REC 24 7 25 : 31 102 105 170 197 240
REC 21 7 28 : 31 102 105 170 204
REC 24 7 25 : 31 102 105 170 204 209
REC 24 7 25 : 31 102 105 170 204 210
REC 24 7 25 : 31 102 105 170 204 240
REC 21 7 28 : 31 102 105 170 209
REC 21 7 28 : 31 102 105 170 210
REC 21 7 28 : 31 102 105 170 212
REC 21 7 28 : 31 102 105 170 216
REC 21 7 28 : 31 102 105 170 240
REC 18 7 31 : 31 102 105 172
REC 21 7 28 : 31 102 105 172 177
REC 24 7 25 : 31 102 105 172 177 195
REC 27 7 22 : 31 102 105 172 177 195 212
REC 27 7 22 : 31 102 105 172 177 195 216
REC 24 7 25 : 31 102 105 172 177 197
REC 27 7 22 : 31 102 105 172 177 197 202
REC 27 7 22 : 31 102 105 172 177 197 210
REC 27 7 22 : 31 102 105 172 177 197 216
REC 24 7 25 : 31 102 105 172 177 202
REC 27 7 22 : 31 102 105 172 177 202 212
REC 24 7 25 : 31 102 105 172 177 210
REC 24 7 25 : 31 102 105 172 177 212
REC 24 7 25 : 31 102 105 172 177 216
REC 21 7 28 : 31 102 105 172 178
REC 24 7 25 : 31 102 105 172 178 195
REC 27 7 22 : 31 102 105 172 178 195 212
REC 27 7 22 : 31 102 105 172 178 195 216
REC 24 7 25 : 31 102 105 172 178 197
REC 27 7 22 : 31 102 105 172 178 197 202
REC 27 7 22 : 31 102 105 172 178 197 216
REC 24 7 25 : 31 102 105 172 178 202
REC 27 7 22 : 31 102 105 172 178 202 209
REC 27 7 22 : 31 102 105 172 178 202 212
REC 24 7 25 : 31 102 105 172 178 209
REC 24 7 25 : 31 102 105 172 178 212
REC 24 7 25 : 31 102 105 172 178 216
REC 21 7 28 : 31 102 105 172 195
REC 24 7 25 : 31 102 105 172 195 212
REC 24 7 25 : 31 102 105 172 195 216
REC 24 7 25 : 31 102 105 172 195 240
REC 21 7 28 : 31 102 105 172 197
REC 24 7 25 : 31 102 105 172 197 202
REC 27 7 22 : 31 102 105 172 197 202 240
REC 24 7 25 : 31 102 105 172 197 210
REC 24 7 25 : 31 102 105 172 197 216
REC 24 7 25 : 31 102 105 172 197 240
REC 21 7 28 : 31 102 105 172 202
REC 24 7 25 : 31 102 105 172 202 209
REC 24 7 25 : 31 102 105 172 202 212
REC 24 7 25 : 31 102 105 172 202 240
REC 21 7 28 : 31 102 105 172 209
REC 21 7 28 : 31 102 105 172 210
REC 21 7 28 : 31 102 105 172 212
REC 21 7 28 : 31 102 105 172 216
REC 21 7 28 : 31 102 105 172 240
REC 18 7 31 : 31 102 105 177
REC 21 7 28 : 31 102 105 177 195
REC 24 7 25 : 31 102 105 177 195 204
REC 24 7 25 : 31 102 105 177 195 212
REC 24 7 25 : 31 102 105 177 195 216
REC 21 7 28 : 31 102 105 177 197
REC 24 7 25 : 31 102 105 177 197 202
REC 24 7 25 : 31 102 105 177 197 210
REC 24 7 25 : 31 102 105 177 197 216
REC 21 7 28 : 31 102 105 177 202
REC 24 7 25 : 31 102 105 177 202 212
REC 21 7 28 : 31 102 105 177 204
REC 24 7 25 : 31 102 105 177 204 210
REC 21 7 28 : 31 102 105 177 210
REC 21 7 28 : 31 102 105 177 212
REC 21 7 28 : 31 102 105 177 216
REC 18 7 31 : 31 102 105 178
REC 21 7 28 : 31 102 105 178 195
REC 24 7 25 : 31 102 105 178 195 204
REC 24 7 25 : 31 102 105 178 195 212
REC 24 7 25 : 31 102 105 178 195 216
REC 21 7 28 : 31 102 105 178 197
REC 24 7 25 : 31 102 105 178 197 202
REC 24 7 25 : 31 102 105 178 197 216
REC 21 7 28 : 31 102 105 178 202
REC 24 7 25 : 31 102 105 178 202 209
REC 24 7 25 : 31 102 105 178 202 212
REC 21 7 28 : 31 102 105 178 204
REC 24 7 25 : 31 102 105 178 204 209
REC 21 7 28 : 31 102 105 178 209
REC 21 7 28 : 31 102 105 178 212
REC 21 7 28 : 31 102 105 178 216
REC 18 7 31 : 31 102 105 180
REC 21 7 28 : 31 102 105 180 195
REC 24 7 25 : 31 102 105 180 195 204
REC 24 7 25 : 31 102 105 180 195 216
REC 21 7 28 : 31 102 105 180 197
REC 24 7 25 : 31 102 105 180 197 202
REC 24 7 25 : 31 102 105 180 197 210
REC 24 7 25 : 31 102 105 180 197 216
REC 21 7 28 : 31 102 105 180 202
REC 24 7 25 : 31 102 105 180 202 209
REC 21 7 28 : 31 102 105 180 204
REC 24 7 25 : 31 102 105 180 204 209
REC 24 7 25 : 31 102 105 180 204 210
REC 21 7 28 : 31 102 105 180 209
REC 21 7 28 : 31 102 105 180 210
REC 21 7 28 : 31 102 105 180 216
REC 18 7 31 : 31 102 105 184
REC 21 7 28 : 31 102 105 184 195
REC 24 7 25 : 31 102 105 184 195 204
REC 24 7 25 : 31 102 105 184 195 212
REC 21 7 28 : 31 102 105 184 197
REC 24 7 25 : 31 102 105 184 197 202
REC 24 7 25 : 31 102 105 184 197 210
REC 21 7 28 : 31 102 105 184 202
REC 24 7 25 : 31 102 105 184 202 209
REC 24 7 25 : 31 102 105 184 202 212
REC 21 7 28 : 31 102 105 184 204
REC 24 7 25 : 31 102 105 184 204 209
REC 24 7 25 : 31 102 105 184 204 210
REC 21 7 28 : 31 102 105 184 209
REC 21 7 28 : 31 102 105 184 210
REC 21 7 28 : 31 102 105 184 212
REC 18 7 31 : 31 102 105 195
REC 21 7 28 : 31 102 105 195 204
REC 24 7 25 : 31 102 105 195 204 240
REC 21 7 28 : 31 102 105 195 212
REC 21 7 28 : 31 102 105 195 216
REC 21 7 28 : 31 102 105 195 240
REC 18 7 31 : 31 102 105 197
REC 21 7 28 : 31 102 105 197 202
REC 24 7 25 : 31 102 105 197 202 240
REC 21 7 28 : 31 102 105 197 210
REC 21 7 28 : 31 102 105 197 216
REC 21 7 28 : 31 102 105 197 240
REC 18 7 31 : 31 102 105 202
REC 21 7 28 : 31 102 105 202 209
REC 21 7 28 : 31 102 105 202 212
REC 21 7 28 : 31 102 105 202 240
REC 18 7 31 : 31 102 105 204
REC 21 7 28 : 31 102 105 204 209
REC 21 7 28 : 31 102 105 204 210
REC 21 7 28 : 31 102 105 204 240
REC 18 7 31 : 31 102 105 209
REC 18 7 31 : 31 102 105 210
REC 18 7 31 : 31 102 105 212
REC 18 7 31 : 31 102 105 216
REC 18 7 31 : 31 102 105 240
REC 15 7 34 : 31 102 113
REC 18 7 31 : 31 102 113 163
REC 21 7 28 : 31 102 113 163 172
REC 24 7 25 : 31 102 113 163 172 197
REC 27 7 22 : 31 102 113 163 172 197 202
REC 27 7 22 : 31 102 113 163 172 197 210
REC 27 7 22 : 31 102 113 163 172 197 216
REC 24 7 25 : 31 102 113 163 172 201
REC 27 7 22 : 31 102 113 163 172 201 210
REC 27 7 22 : 31 102 113 163 172 201 212
REC 24 7 25 : 31 102 113 163 172 202
REC 27 7 22 : 31 102 113 163 172 202 212
REC 24 7 25 : 31 102 113 163 172 210
REC 24 7 25 : 31 102 113 163 172 212
REC 24 7 25 : 31 102 113 163 172 216
REC 21 7 28 : 31 102 113 163 180
REC 24 7 25 : 31 102 113 163 180 197
REC 27 7 22 : 31 102 113 163 180 197 202
REC 27 7 22 : 31 102 113 163 180 197 210
REC 30 7 19 : 31 102 113 163 180 197 210 232
REC 27 7 22 : 31 102 113 163 180 197 216
REC 27 7 22 : 31 102 113 163 180 197 232
REC 24 7 25 : 31 102 113 163 180 201
REC 27 7 22 : 31 102 113 163 180 201 210
REC 24 7 25 : 31 102 113 163 180 202
REC 24 7 25 : 31 102 113 163 180 204
REC 27 7 22 : 31 102 113 163 180 204 210
REC 24 7 25 : 31 102 113 163 180 210
REC 27 7 22 : 31 102 113 163 180 210 232
REC 24 7 25 : 31 102 113 163 180 216
REC 24 7 25 : 31 102 113 163 180 232
REC 21 7 28 : 31 102 113 163 184
REC 24 7 25 : 31 102 113 163 184 197
REC 27 7 22 : 31 102 113 163 184 197 202
REC 27 7 22 : 31 102 113 163 184 197 210
REC 24 7 25 : 31 102 113 163 184 201
REC 27 7 22 : 31 102 113 163 184 201 210
REC 27 7 22 : 31 102 113 163 184 201 212
REC 24 7 25 : 31 102 113 163 184 202
REC 27 7 22 : 31 102 113 163 184 202 212
REC 24 7 25 : 31 102 113 163 184 204
REC 27 7 22 : 31 102 113 163 184 204 210
REC 24 7 25 : 31 102 113 163 184 210
REC 24 7 25 : 31 102 113 163 184 212
REC 21 7 28 : 31 102 113 163 197
REC 24 7 25 : 31 102 113 163 197 202
REC 24 7 25 : 31 102 113 163 197 210
REC 27 7 22 : 31 102 113 163 197 210 232
REC 24 7 25 : 31 102 113 163 197 216
REC 24 7 25 : 31 102 113 163 197 232
REC 21 7 28 : 31 102 113 163 201
REC 24 7 25 : 31 102 113 163 201 210
REC 24 7 25 : 31 102 113 163 201 212
REC 21 7 28 : 31 102 113 163 202
REC 24 7 25 : 31 102 113 163 202 212
REC 21 7 28 : 31 102 113 163 204
REC 24 7 25 : 31 102 113 163 204 210
REC 21 7 28 : 31 102 113 163 210
REC 24 7 25 : 31 102 113 163 210 232
REC 21 7 28 : 31 102 113 163 212
REC 24 7 25 : 31 102 113 163 212 232
REC 21 7 28 : 31 102 113 163 216
REC 21 7 28 : 31 102 113 163 232
REC 18 7 31 : 31 102 113 165
REC 21 7 28 : 31 102 113 165 170
REC 24 7 25 : 31 102 113 165 170 195
REC 27 7 22 : 31 102 113 165 170 195 204
REC 27 7 22 : 31 102 113 165 170 195 212
REC 27 7 22 : 31 102 113 165 170 195 216
REC 24 7 25 : 31 102 113 165 170 201
REC 27 7 22 : 31 102 113 165 170 201 210
REC 27 7 22 : 31 102 113 165 170 201 212
REC 24 7 25 : 31 102 113 165 170 204
REC 27 7 22 : 31 102 113 165 170 204 210
REC 24 7 25 : 31 102 113 165 170 210
REC 24 7 25 : 31 102 113 165 170 212
REC 24 7 25 : 31 102 113 165 170 216
REC 21 7 28 : 31 102 113 165 178
REC 24 7 25 : 31 102 113 165 178 195
REC 27 7 22 : 31 102 113 165 178 195 204
REC 27 7 22 : 31 102 113 165 178 195 212
REC 30 7 19 : 31 102 113 165 178 195 212 232
REC 27 7 22 : 31 102 113 165 178 195 216
REC 27 7 22 : 31 102 113 165 178 195 232
REC 24 7 25 : 31 102 113 165 178 201
REC 27 7 22 : 31 102 113 165 178 201 212
REC 24 7 25 : 31 102 113 165 178 202
REC 27 7 22 : 31 102 113 165 178 202 212
REC 24 7 25 : 31 102 113 165 178 204
REC 24 7 25 : 31 102 113 165 178 212
REC 27 7 22 : 31 102 113 165 178 212 232
REC 24 7 25 : 31 102 113 165 178 216
REC 24 7 25 : 31 102 113 165 178 232
REC 21 7 28 : 31 102 113 165 184
REC 24 7 25 : 31 102 113 165 184 195
REC 27 7 22 : 31 102 113 165 184 195 204
REC 27 7 22 : 31 102 113 165 184 195 212
REC 24 7 25 : 31 102 113 165 184 201
REC 27 7 22 : 31 102 113 165 184 201 210
REC 27 7 22 : 31 102 113 165 184 201 212
REC 24 7 25 : 31 102 113 165 184 202
REC 27 7 22 : 31 102 113 165 184 202 212
REC 24 7 25 : 31 102 113 165 184 204
REC 27 7 22 : 31 102 113 165 184 204 210
REC 24 7 25 : 31 102 113 165 184 210
REC 24 7 25 : 31 102 113 165 184 212
REC 21 7 28 : 31 102 113 165 195
REC 24 7 25 : 31 102 113 165 195 204
REC 24 7 25 : 31 102 113 165 195 212
REC 27 7 22 : 31 102 113 165 195 212 232
REC 24 7 25 : 31 102 113 165 195 216
REC 24 7 25 : 31 102 113 165 195 232
REC 21 7 28 : 31 102 113 165 201
REC 24 7 25 : 31 102 113 165 201 210
REC 24 7 25 : 31 102 113 165 201 212
REC 21 7 28 : 31 102 113 165 202
REC 24 7 25 : 31 102 113 165 202 212
REC 21 7 28 : 31 102 113 165 204
REC 24 7 25 : 31 102 113 165 204 210
REC 21 7 28 : 31 102 113 165 210
REC 24 7 25 : 31 102 113 165 210 232
REC 21 7 28 : 31 102 113 165 212
REC 24 7 25 : 31 102 113 165 212 232
REC 21 7 28 : 31 102 113 165 216
REC 21 7 28 : 31 102 113 165 232
REC 18 7 31 : 31 102 113 169
REC 21 7 28 : 31 102 113 169 178
REC 24 7 25 : 31 102 113 169 178 195
REC 27 7 22 : 31 102 113 169 178 195 204
REC 27 7 22 : 31 102 113 169 178 195 212
REC 27 7 22 : 31 102 113 169 178 195 216
REC 24 7 25 : 31 102 113 169 178 197
REC 27 7 22 : 31 102 113 169 178 197 202
REC 27 7 22 : 31 102 113 169 178 197 216
REC 24 7 25 : 31 102 113 169 178 202
REC 27 7 22 : 31 102 113 169 178 202 212
REC 24 7 25 : 31 102 113 169 178 204
REC 24 7 25 : 31 102 113 169 178 212
REC 24 7 25 : 31 102 113 169 178 216
REC 21 7 28 : 31 102 113 169 180
REC 24 7 25 : 31 102 113 169 180 195
REC 27 7 22 : 31 102 113 169 180 195 204
REC 27 7 22 : 31 102 113 169 180 195 216
REC 24 7 25 : 31 102 113 169 180 197
REC 27 7 22 : 31 102 113 169 180 197 202
REC 27 7 22 : 31 102 113 169 180 197 210
REC 27 7 22 : 31 102 113 169 180 197 216
REC 24 7 25 : 31 102 113 169 180 202
REC 24 7 25 : 31 102 113 169 180 204
REC 27 7 22 : 31 102 113 169 180 204 210
REC 24 7 25 : 31 102 113 169 180 210
REC 24 7 25 : 31 102 113 169 180 216
REC 21 7 28 : 31 102 113 169 195
REC 24 7 25 : 31 102 113 169 195 204
REC 24 7 25 : 31 102 113 169 195 212
REC 24 7 25 : 31 102 113 169 195 216
REC 21 7 28 : 31 102 113 169 197
REC 24 7 25 : 31 102 113 169 197 202
REC 24 7 25 : 31 102 113 169 197 210
REC 24 7 25 : 31 102 113 169 197 216
REC 21 7 28 : 31 102 113 169 202
REC 24 7 25 : 31 102 113 169 202 212
REC 21 7 28 : 31 102 113 169 204
REC 24 7 25 : 31 102 113 169 204 210
REC 21 7 28 : 31 102 113 169 210
REC 21 7 28 : 31 102 113 169 212
REC 21 7 28 : 31 102 113 169 216
REC 18 7 31 : 31 102 113 170
REC 21 7 28 : 31 102 113 170 180
REC 24 7 25 : 31 102 113 170 180 195
REC 27 7 22 : 31 102 113 170 180 195 204
REC 27 7 22 : 31 102 113 170 180 195 216
REC 24 7 25 : 31 102 113 170 180 197
REC 27 7 22 : 31 102 113 170 180 197 210
REC 27 7 22 : 31 102 113 170 180 197 216
REC 24 7 25 : 31 102 113 170 180 201
REC 27 7 22 : 31 102 113 170 180 201 210
REC 24 7 25 : 31 102 113 170 180 204
REC 27 7 22 : 31 102 113 170 180 204 210
REC 24 7 25 : 31 102 113 170 180 210
REC 24 7 25 : 31 102 113 170 180 216
REC 21 7 28 : 31 102 113 170 195
REC 24 7 25 : 31 102 113 170 195 204
REC 24 7 25 : 31 102 113 170 195 212
REC 24 7 25 : 31 102 113 170 195 216
REC 21 7 28 : 31 102 113 170 197
REC 24 7 25 : 31 102 113 170 197 210
REC 24 7 25 : 31 102 113 170 197 216
REC 21 7 28 : 31 102 113 170 201
REC 24 7 25 : 31 102 113 170 201 210
REC 24 7 25 : 31 102 113 170 201 212
REC 21 7 28 : 31 102 113 170 204
REC 24 7 25 : 31 102 113 170 204 210
REC 21 7 28 : 31 102 113 170 210
REC 21 7 28 : 31 102 113 170 212
REC 21 7 28 : 31 102 113 170 216
REC 18 7 31 : 31 102 113 172
REC 21 7 28 : 31 102 113 172 178
REC 24 7 25 : 31 102 113 172 178 195
REC 27 7 22 : 31 102 113 172 178 195 212
REC 27 7 22 : 31 102 113 172 178 195 216
REC 24 7 25 : 31 102 113 172 178 197
REC 27 7 22 : 31 102 113 172 178 197 202
REC 27 7 22 : 31 102 113 172 178 197 216
REC 24 7 25 : 31 102 113 172 178 201
REC 27 7 22 : 31 102 113 172 178 201 212
REC 24 7 25 : 31 102 113 172 178 202
REC 27 7 22 : 31 102 113 172 178 202 212
REC 24 7 25 : 31 102 113 172 178 212
REC 24 7 25 : 31 102 113 172 178 216
REC 21 7 28 : 31 102 113 172 195
REC 24 7 25 : 31 102 113 172 195 212
REC 24 7 25 : 31 102 113 172 195 216
REC 21 7 28 : 31 102 113 172 197
REC 24 7 25 : 31 102 113 172 197 202
REC 24 7 25 : 31 102 113 172 197 210
REC 24 7 25 : 31 102 113 172 197 216
REC 21 7 28 : 31 102 113 172 201
REC 24 7 25 : 31 102 113 172 201 210
REC 24 7 25 : 31 102 113 172 201 212
REC 21 7 28 : 31 102 113 172 202
REC 24 7 25 : 31 102 113 172 202 212
REC 21 7 28 : 31 102 113 172 210
REC 21 7 28 : 31 102 113 172 212
REC 21 7 28 : 31 102 113 172 216
REC 18 7 31 : 31 102 113 178
REC 21 7 28 : 31 102 113 178 195
REC 24 7 25 : 31 102 113 178 195 204
REC 24 7 25 : 31 102 113 178 195 212
REC 27 7 22 : 31 102 113 178 195 212 232
REC 24 7 25 : 31 102 113 178 195 216
REC 24 7 25 : 31 102 113 178 195 232
REC 21 7 28 : 31 102 113 178 197
REC 24 7 25 : 31 102 113 178 197 202
REC 24 7 25 : 31 102 113 178 197 216
REC 24 7 25 : 31 102 113 178 197 232
REC 21 7 28 : 31 102 113 178 201
REC 24 7 25 : 31 102 113 178 201 212
REC 21 7 28 : 31 102 113 178 202
REC 24 7 25 : 31 102 113 178 202 212
REC 21 7 28 : 31 102 113 178 204
REC 21 7 28 : 31 102 113 178 212
REC 24 7 25 : 31 102 113 178 212 232
REC 21 7 28 : 31 102 113 178 216
REC 21 7 28 : 31 102 113 178 232
REC 18 7 31 : 31 102 113 180
REC 21 7 28 : 31 102 113 180 195
REC 24 7 25 : 31 102 113 180 195 204
REC 24 7 25 : 31 102 113 180 195 216
REC 24 7 25 : 31 102 113 180 195 232
REC 21 7 28 : 31 102 113 180 197
REC 24 7 25 : 31 102 113 180 197 202
REC 24 7 25 : 31 102 113 180 197 210
REC 27 7 22 : 31 102 113 180 197 210 232
REC 24 7 25 : 31 102 113 180 197 216
REC 24 7 25 : 31 102 113 180 197 232
REC 21 7 28 : 31 102 113 180 201
REC 24 7 25 : 31 102 113 180 201 210
REC 21 7 28 : 31 102 113 180 202
REC 21 7 28 : 31 102 113 180 204
REC 24 7 25 : 31 102 113 180 204 210
REC 21 7 28 : 31 102 113 180 210
REC 24 7 25 : 31 102 113 180 210 232
REC 21 7 28 : 31 102 113 180 216
REC 21 7 28 : 31 102 113 180 232
REC 18 7 31 : 31 102 113 184
REC 21 7 28 : 31 102 113 184 195
REC 24 7 25 : 31 102 113 184 195 204
REC 24 7 25 : 31 102 113 184 195 212
REC 21 7 28 : 31 102 113 184 197
REC 24 7 25 : 31 102 113 184 197 202
REC 24 7 25 : 31 102 113 184 197 210
REC 21 7 28 : 31 102 113 184 201
REC 24 7 25 : 31 102 113 184 201 210
REC 24 7 25 : 31 102 113 184 201 212
REC 21 7 28 : 31 102 113 184 202
REC 24 7 25 : 31 102 113 184 202 212
REC 21 7 28 : 31 102 113 184 204
REC 24 7 25 : 31 102 113 184 204 210
REC 21 7 28 : 31 102 113 184 210
REC 21 7 28 : 31 102 113 184 212
REC 18 7 31 : 31 102 113 195
REC 21 7 28 : 31 102 113 195 204
REC 21 7 28 : 31 102 113 195 212
REC 24 7 25 : 31 102 113 195 212 232
REC 21 7 28 : 31 102 113 195 216
REC 21 7 28 : 31 102 113 195 232
REC 18 7 31 : 31 102 113 197
REC 21 7 28 : 31 102 113 197 202
REC 21 7 28 : 31 102 113 197 210
REC 24 7 25 : 31 102 113 197 210 232
REC 21 7 28 : 31 102 113 197 216
REC 21 7 28 : 31 102 113 197 232
REC 18 7 31 : 31 102 113 201
REC 21 7 28 : 31 102 113 201 210
REC 21 7 28 : 31 102 113 201 212
REC 18 7 31 : 31 102 113 202
REC 21 7 28 : 31 102 113 202 212
REC 18 7 31 : 31 102 113 204
REC 21 7 28 : 31 102 113 204 210
REC 18 7 31 : 31 102 113 210
REC 21 7 28 : 31 102 113 210 232
REC 18 7 31 : 31 102 113 212
REC 21 7 28 : 31 102 113 212 232
REC 18 7 31 : 31 102 113 216
REC 18 7 31 : 31 102 113 232
REC 15 7 34 : 31 102 120
REC 18 7 31 : 31 102 120 163
REC 21 7 28 : 31 102 120 163 172
REC 24 7 25 : 31 102 120 163 172 197
REC 27 7 22 : 31 102 120 163 172 197 202
REC 27 7 22 : 31 102 120 163 172 197 210
REC 24 7 25 : 31 102 120 163 172 201
REC 27 7 22 : 31 102 120 163 172 201 210
REC 27 7 22 : 31 102 120 163 172 201 212
REC 24 7 25 : 31 102 120 163 172 202
REC 27 7 22 : 31 102 120 163 172 202 209
REC 27 7 22 : 31 102 120 163 172 202 212
REC 24 7 25 : 31 102 120 163 172 209
REC 24 7 25 : 31 102 120 163 172 210
REC 24 7 25 : 31 102 120 163 172 212
REC 21 7 28 : 31 102 120 163 180
REC 24 7 25 : 31 102 120 163 180 197
REC 27 7 22 : 31 102 120 163 180 197 202
REC 27 7 22 : 31 102 120 163 180 197 210
REC 24 7 25 : 31 102 120 163 180 201
REC 27 7 22 : 31 102 120 163 180 201 210
REC 24 7 25 : 31 102 120 163 180 202
REC 27 7 22 : 31 102 120 163 180 202 209
REC 24 7 25 : 31 102 120 163 180 204
REC 27 7 22 : 31 102 120 163 180 204 209
REC 27 7 22 : 31 102 120 163 180 204 210
REC 24 7 25 : 31 102 120 163 180 209
REC 24 7 25 : 31 102 120 163 180 210
REC 21 7 28 : 31 102 120 163 197
REC 24 7 25 : 31 102 120 163 197 202
REC 24 7 25 : 31 102 120 163 197 210
REC 21 7 28 : 31 102 120 163 201
REC 24 7 25 : 31 102 120 163 201 210
REC 24 7 25 : 31 102 120 163 201 212
REC 21 7 28 : 31 102 120 163 202
REC 24 7 25 : 31 102 120 163 202 209
REC 24 7 25 : 31 102 120 163 202 212
REC 21 7 28 : 31 102 120 163 204
REC 24 7 25 : 31 102 120 163 204 209
REC 24 7 25 : 31 102 120 163 204 210
REC 21 7 28 : 31 102 120 163 209
REC 21 7 28 : 31 102 120 163 210
REC 21 7 28 : 31 102 120 163 212
REC 18 7 31 : 31 102 120 165
REC 21 7 28 : 31 102 120 165 170
REC 24 7 25 : 31 102 120 165 170 195
REC 27 7 22 : 31 102 120 165 170 195 204
REC 27 7 22 : 31 102 120 165 170 195 212
REC 24 7 25 : 31 102 120 165 170 201
REC 27 7 22 : 31 102 120 165 170 201 210
REC 27 7 22 : 31 102 120 165 170 201 212
REC 24 7 25 : 31 102 120 165 170 204
REC 27 7 22 : 31 102 120 165 170 204 209
REC 27 7 22 : 31 102 120 165 170 204 210
REC 24 7 25 : 31 102 120 165 170 209
REC 24 7 25 : 31 102 120 165 170 210
REC 24 7 25 : 31 102 120 165 170 212
REC 21 7 28 : 31 102 120 165 178
REC 24 7 25 : 31 102 120 165 178 195
REC 27 7 22 : 31 102 120 165 178 195 204
REC 27 7 22 : 31 102 120 165 178 195 212
REC 24 7 25 : 31 102 120 165 178 201
REC 27 7 22 : 31 102 120 165 178 201 212
REC 24 7 25 : 31 102 120 165 178 202
REC 27 7 22 : 31 102 120 165 178 202 209
REC 27 7 22 : 31 102 120 165 178 202 212
REC 24 7 25 : 31 102 120 165 178 204
REC 27 7 22 : 31 102 120 165 178 204 209
REC 24 7 25 : 31 102 120 165 178 209
REC 24 7 25 : 31 102 120 165 178 212
REC 21 7 28 : 31 102 120 165 195
REC 24 7 25 : 31 102 120 165 195 204
REC 24 7 25 : 31 102 120 165 195 212
REC 21 7 28 : 31 102 120 165 201
REC 24 7 25 : 31 102 120 165 201 210
REC 24 7 25 : 31 102 120 165 201 212
REC 21 7 28 : 31 102 120 165 202
REC 24 7 25 : 31 102 120 165 202 209
REC 24 7 25 : 31 102 120 165 202 212
REC 21 7 28 : 31 102 120 165 204
REC 24 7 25 : 31 102 120 165 204 209
REC 24 7 25 : 31 102 120 165 204 210
REC 21 7 28 : 31 102 120 165 209
REC 21 7 28 : 31 102 120 165 210
REC 21 7 28 : 31 102 120 165 212
REC 18 7 31 : 31 102 120 169
REC 21 7 28 : 31 102 120 169 178
REC 24 7 25 : 31 102 120 169 178 195
REC 27 7 22 : 31 102 120 169 178 195 204
REC 27 7 22 : 31 102 120 169 178 195 212
REC 24 7 25 : 31 102 120 169 178 197
REC 27 7 22 : 31 102 120 169 178 197 202
REC 24 7 25 : 31 102 120 169 178 202
REC 27 7 22 : 31 102 120 169 178 202 209
REC 27 7 22 : 31 102 120 169 178 202 212
REC 24 7 25 : 31 102 120 169 178 204
REC 27 7 22 : 31 102 120 169 178 204 209
REC 24 7 25 : 31 102 120 169 178 209
REC 24 7 25 : 31 102 120 169 178 212
REC 21 7 28 : 31 102 120 169 180
REC 24 7 25 : 31 102 120 169 180 195
REC 27 7 22 : 31 102 120 169 180 195 204
REC 24 7 25 : 31 102 120 169 180 197
REC 27 7 22 : 31 102 120 169 180 197 202
REC 27 7 22 : 31 102 120 169 180 197 210
REC 24 7 25 : 31 102 120 169 180 202
REC 27 7 22 : 31 102 120 169 180 202 209
REC 24 7 25 : 31 102 120 169 180 204
REC 27 7 22 : 31 102 120 169 180 204 209
REC 27 7 22 : 31 102 120 169 180 204 210
REC 24 7 25 : 31 102 120 169 180 209
REC 24 7 25 : 31 102 120 169 180 210
REC 21 7 28 : 31 102 120 169 195
REC 24 7 25 : 31 102 120 169 195 204
REC 24 7 25 : 31 102 120 169 195 212
REC 21 7 28 : 31 102 120 169 197
REC 24 7 25 : 31 102 120 169 197 202
REC 24 7 25 : 31 102 120 169 197 210
REC 21 7 28 : 31 102 120 169 202
REC 24 7 25 : 31 102 120 169 202 209
REC 24 7 25 : 31 102 120 169 202 212
REC 21 7 28 : 31 102 120 169 204
REC 24 7 25 : 31 102 120 169 204 209
REC 24 7 25 : 31 102 120 169 204 210
REC 21 7 28 : 31 102 120 169 209
REC 21 7 28 : 31 102 120 169 210
REC 21 7 28 : 31 102 120 169 212
REC 18 7 31 : 31 102 120 170
REC 21 7 28 : 31 102 120 170 177
REC 24 7 25 : 31 102 120 170 177 195
REC 27 7 22 : 31 102 120 170 177 195 204
REC 27 7 22 : 31 102 120 170 177 195 212
REC 24 7 25 : 31 102 120 170 177 197
REC 27 7 22 : 31 102 120 170 177 197 210
REC 24 7 25 : 31 102 120 170 177 201
REC 27 7 22 : 31 102 120 170 177 201 210
REC 27 7 22 : 31 102 120 170 177 201 212
REC 24 7 25 : 31 102 120 170 177 204
REC 27 7 22 : 31 102 120 170 177 204 210
REC 24 7 25 : 31 102 120 170 177 210
REC 24 7 25 : 31 102 120 170 177 212
REC 21 7 28 : 31 102 120 170 180
REC 24 7 25 : 31 102 120 170 180 195
REC 27 7 22 : 31 102 120 170 180 195 204
REC 24 7 25 : 31 102 120 170 180 197
REC 27 7 22 : 31 102 120 170 180 197 210
REC 24 7 25 : 31 102 120 170 180 201
REC 27 7 22 : 31 102 120 170 180 201 210
REC 24 7 25 : 31 102 120 170 180 204
REC 27 7 22 : 31 102 120 170 180 204 209
REC 27 7 22 : 31 102 120 170 180 204 210
REC 30 7 19 : 31 102 120 170 180 204 210 225
REC 27 7 22 : 31 102 120 170 180 204 225
REC 24 7 25 : 31 102 120 170 180 209
REC 24 7 25 : 31 102 120 170 180 210
REC 27 7 22 : 31 102 120 170 180 210 225
REC 24 7 25 : 31 102 120 170 180 225
REC 21 7 28 : 31 102 120 170 195
REC 24 7 25 : 31 102 120 170 195 204
REC 24 7 25 : 31 102 120 170 195 212
REC 21 7 28 : 31 102 120 170 197
REC 24 7 25 : 31 102 120 170 197 210
REC 21 7 28 : 31 102 120 170 201
REC 24 7 25 : 31 102 120 170 201 210
REC 24 7 25 : 31 102 120 170 201 212
REC 21 7 28 : 31 102 120 170 204
REC 24 7 25 : 31 102 120 170 204 209
REC 24 7 25 : 31 102 120 170 204 210
REC 27 7 22 : 31 102 120 170 204 210 225
REC 24 7 25 : 31 102 120 170 204 225
REC 21 7 28 : 31 102 120 170 209
REC 21 7 28 : 31 102 120 170 210
REC 24 7 25 : 31 102 120 170 210 225
REC 21 7 28 : 31 102 120 170 212
REC 24 7 25 : 31 102 120 170 212 225
REC 21 7 28 : 31 102 120 170 225
REC 18 7 31 : 31 102 120 172
REC 21 7 28 : 31 102 120 172 177
REC 24 7 25 : 31 102 120 172 177 195
REC 27 7 22 : 31 102 120 172 177 195 212
REC 24 7 25 : 31 102 120 172 177 197
REC 27 7 22 : 31 102 120 172 177 197 202
REC 27 7 22 : 31 102 120 172 177 197 210
REC 24 7 25 : 31 102 120 172 177 201
REC 27 7 22 : 31 102 120 172 177 201 210
REC 27 7 22 : 31 102 120 172 177 201 212
REC 24 7 25 : 31 102 120 172 177 202
REC 27 7 22 : 31 102 120 172 177 202 212
REC 24 7 25 : 31 102 120 172 177 210
REC 24 7 25 : 31 102 120 172 177 212
REC 21 7 28 : 31 102 120 172 178
REC 24 7 25 : 31 102 120 172 178 195
REC 27 7 22 : 31 102 120 172 178 195 212
REC 24 7 25 : 31 102 120 172 178 197
REC 27 7 22 : 31 102 120 172 178 197 202
REC 24 7 25 : 31 102 120 172 178 201
REC 27 7 22 : 31 102 120 172 178 201 212
REC 24 7 25 : 31 102 120 172 178 202
REC 27 7 22 : 31 102 120 172 178 202 209
REC 27 7 22 : 31 102 120 172 178 202 212
REC 30 7 19 : 31 102 120 172 178 202 212 225
REC 27 7 22 : 31 102 120 172 178 202 225
REC 24 7 25 : 31 102 120 172 178 209
REC 24 7 25 : 31 102 120 172 178 212
REC 27 7 22 : 31 102 120 172 178 212 225
REC 24 7 25 : 31 102 120 172 178 225
REC 21 7 28 : 31 102 120 172 195
REC 24 7 25 : 31 102 120 172 195 212
REC 21 7 28 : 31 102 120 172 197
REC 24 7 25 : 31 102 120 172 197 202
REC 24 7 25 : 31 102 120 172 197 210
REC 21 7 28 : 31 102 120 172 201
REC 24 7 25 : 31 102 120 172 201 210
REC 24 7 25 : 31 102 120 172 201 212
REC 21 7 28 : 31 102 120 172 202
REC 24 7 25 : 31 102 120 172 202 209
REC 24 7 25 : 31 102 120 172 202 212
REC 27 7 22 : 31 102 120 172 202 212 225
REC 24 7 25 : 31 102 120 172 202 225
REC 21 7 28 : 31 102 120 172 209
REC 21 7 28 : 31 102 120 172 210
REC 24 7 25 : 31 102 120 172 210 225
REC 21 7 28 : 31 102 120 172 212
REC 24 7 25 : 31 102 120 172 212 225
REC 21 7 28 : 31 102 120 172 225
REC 18 7 31 : 31 102 120 177
REC 21 7 28 : 31 102 120 177 195
REC 24 7 25 : 31 102 120 177 195 204
REC 24 7 25 : 31 102 120 177 195 212
REC 21 7 28 : 31 102 120 177 197
REC 24 7 25 : 31 102 120 177 197 202
REC 24 7 25 : 31 102 120 177 197 210
REC 21 7 28 : 31 102 120 177 201
REC 24 7 25 : 31 102 120 177 201 210
REC 24 7 25 : 31 102 120 177 201 212
REC 21 7 28 : 31 102 120 177 202
REC 24 7 25 : 31 102 120 177 202 212
REC 21 7 28 : 31 102 120 177 204
REC 24 7 25 : 31 102 120 177 204 210
REC 21 7 28 : 31 102 120 177 210
REC 21 7 28 : 31 102 120 177 212
REC 18 7 31 : 31 102 120 178
REC 21 7 28 : 31 102 120 178 195
REC 24 7 25 : 31 102 120 178 195 204
REC 24 7 25 : 31 102 120 178 195 212
REC 21 7 28 : 31 102 120 178 197
REC 24 7 25 : 31 102 120 178 197 202
REC 21 7 28 : 31 102 120 178 201
REC 24 7 25 : 31 102 120 178 201 212
REC 21 7 28 : 31 102 120 178 202
REC 24 7 25 : 31 102 120 178 202 209
REC 24 7 25 : 31 102 120 178 202 212
REC 27 7 22 : 31 102 120 178 202 212 225
REC 24 7 25 : 31 102 120 178 202 225
REC 21 7 28 : 31 102 120 178 204
REC 24 7 25 : 31 102 120 178 204 209
REC 24 7 25 : 31 102 120 178 204 225
REC 21 7 28 : 31 102 120 178 209
REC 21 7 28 : 31 102 120 178 212
REC 24 7 25 : 31 102 120 178 212 225
REC 21 7 28 : 31 102 120 178 225
REC 18 7 31 : 31 102 120 180
REC 21 7 28 : 31 102 120 180 195
REC 24 7 25 : 31 102 120 180 195 204
REC 21 7 28 : 31 102 120 180 197
REC 24 7 25 : 31 102 120 180 197 202
REC 24 7 25 : 31 102 120 180 197 210
REC 21 7 28 : 31 102 120 180 201
REC 24 7 25 : 31 102 120 180 201 210
REC 21 7 28 : 31 102 120 180 202
REC 24 7 25 : 31 102 120 180 202 209
REC 24 7 25 : 31 102 120 180 202 225
REC 21 7 28 : 31 102 120 180 204
REC 24 7 25 : 31 102 120 180 204 209
REC 24 7 25 : 31 102 120 180 204 210
REC 27 7 22 : 31 102 120 180 204 210 225
REC 24 7 25 : 31 102 120 180 204 225
REC 21 7 28 : 31 102 120 180 209
REC 21 7 28 : 31 102 120 180 210
REC 24 7 25 : 31 102 120 180 210 225
REC 21 7 28 : 31 102 120 180 225
REC 18 7 31 : 31 102 120 195
REC 21 7 28 : 31 102 120 195 204
REC 21 7 28 : 31 102 120 195 212
REC 18 7 31 : 31 102 120 197
REC 21 7 28 : 31 102 120 197 202
REC 21 7 28 : 31 102 120 197 210
REC 18 7 31 : 31 102 120 201
REC 21 7 28 : 31 102 120 201 210
REC 21 7 28 : 31 102 120 201 212
REC 18 7 31 : 31 102 120 202
REC 21 7 28 : 31 102 120 202 209
REC 21 7 28 : 31 102 120 202 212
REC 24 7 25 : 31 102 120 202 212 225
REC 21 7 28 : 31 102 120 202 225
REC 18 7 31 : 31 102 120 204
REC 21 7 28 : 31 102 120 204 209
REC 21 7 28 : 31 102 120 204 210
REC 24 7 25 : 31 102 120 204 210 225
REC 21 7 28 : 31 102 120 204 225
REC 18 7 31 : 31 102 120 209
REC 18 7 31 : 31 102 120 210
REC 21 7 28 : 31 102 120 210 225
REC 18 7 31 : 31 102 120 212
REC 21 7 28 : 31 102 120 212 225
REC 18 7 31 : 31 102 120 225
REC 15 7 34 : 31 102 163
REC 18 7 31 : 31 102 163 172
REC 21 7 28 : 31 102 163 172 197
REC 24 7 25 : 31 102 163 172 197 202
REC 27 7 22 : 31 102 163 172 197 202 240
REC 24 7 25 : 31 102 163 172 197 210
REC 24 7 25 : 31 102 163 172 197 216
REC 24 7 25 : 31 102 163 172 197 240
REC 21 7 28 : 31 102 163 172 201
REC 24 7 25 : 31 102 163 172 201 210
REC 24 7 25 : 31 102 163 172 201 212
REC 24 7 25 : 31 102 163 172 201 240
REC 21 7 28 : 31 102 163 172 202
REC 24 7 25 : 31 102 163 172 202 209
REC 24 7 25 : 31 102 163 172 202 212
REC 24 7 25 : 31 102 163 172 202 240
REC 21 7 28 : 31 102 163 172 209
REC 21 7 28 : 31 102 163 172 210
REC 21 7 28 : 31 102 163 172 212
REC 21 7 28 : 31 102 163 172 216
REC 21 7 28 : 31 102 163 172 240
REC 18 7 31 : 31 102 163 180
REC 21 7 28 : 31 102 163 180 197
REC 24 7 25 : 31 102 163 180 197 202
REC 24 7 25 : 31 102 163 180 197 210
REC 27 7 22 : 31 102 163 180 197 210 232
REC 24 7 25 : 31 102 163 180 197 216
REC 24 7 25 : 31 102 163 180 197 232
REC 21 7 28 : 31 102 163 180 201
REC 24 7 25 : 31 102 163 180 201 210
REC 21 7 28 : 31 102 163 180 202
REC 24 7 25 : 31 102 163 180 202 209
REC 21 7 28 : 31 102 163 180 204
REC 24 7 25 : 31 102 163 180 204 209
REC 24 7 25 : 31 102 163 180 204 210
REC 21 7 28 : 31 102 163 180 209
REC 24 7 25 : 31 102 163 180 209 232
REC 21 7 28 : 31 102 163 180 210
REC 24 7 25 : 31 102 163 180 210 232
REC 21 7 28 : 31 102 163 180 216
REC 21 7 28 : 31 102 163 180 232
REC 18 7 31 : 31 102 163 184
REC 21 7 28 : 31 102 163 184 197
REC 24 7 25 : 31 102 163 184 197 202
REC 24 7 25 : 31 102 163 184 197 210
REC 21 7 28 : 31 102 163 184 201
REC 24 7 25 : 31 102 163 184 201 210
REC 24 7 25 : 31 102 163 184 201 212
REC 21 7 28 : 31 102 163 184 202
REC 24 7 25 : 31 102 163 184 202 209
REC 24 7 25 : 31 102 163 184 202 212
REC 21 7 28 : 31 102 163 184 204
REC 24 7 25 : 31 102 163 184 204 209
REC 24 7 25 : 31 102 163 184 204 210
REC 21 7 28 : 31 102 163 184 209
REC 21 7 28 : 31 102 163 184 210
REC 21 7 28 : 31 102 163 184 212
REC 18 7 31 : 31 102 163 197
REC 21 7 28 : 31 102 163 197 202
REC 24 7 25 : 31 102 163 197 202 240
REC 21 7 28 : 31 102 163 197 210
REC 24 7 25 : 31 102 163 197 210 232
REC 21 7 28 : 31 102 163 197 216
REC 21 7 28 : 31 102 163 197 232
REC 21 7 28 : 31 102 163 197 240
REC 27 7 22 : 31 102 163 197 248
REC 18 7 31 : 31 102 163 201
REC 21 7 28 : 31 102 163 201 210
REC 21 7 28 : 31 102 163 201 212
REC 21 7 28 : 31 102 163 201 240
REC 18 7 31 : 31 102 163 202
REC 21 7 28 : 31 102 163 202 209
REC 21 7 28 : 31 102 163 202 212
REC 21 7 28 : 31 102 163 202 240
REC 18 7 31 : 31 102 163 204
REC 21 7 28 : 31 102 163 204 209
REC 21 7 28 : 31 102 163 204 210
REC 21 7 28 : 31 102 163 204 240
REC 18 7 31 : 31 102 163 209
REC 21 7 28 : 31 102 163 209 232
REC 18 7 31 : 31 102 163 210
REC 21 7 28 : 31 102 163 210 232
REC 18 7 31 : 31 102 163 212
REC 21 7 28 : 31 102 163 212 232
REC 18 7 31 : 31 102 163 216
REC 18 7 31 : 31 102 163 232
REC 18 7 31 : 31 102 163 240
REC 24 7 25 : 31 102 163 248
REC 15 7 34 : 31 102 165
REC 18 7 31 : 31 102 165 170
REC 21 7 28 : 31 102 165 170 195
REC 24 7 25 : 31 102 165 170 195 204
REC 27 7 22 : 31 102 165 170 195 204 240
REC 24 7 25 : 31 102 165 170 195 212
REC 24 7 25 : 31 102 165 170 195 216
REC 24 7 25 : 31 102 165 170 195 240
REC 21 7 28 : 31 102 165 170 201
REC 24 7 25 : 31 102 165 170 201 210
REC 24 7 25 : 31 102 165 170 201 212
REC 24 7 25 : 31 102 165 170 201 240
REC 21 7 28 : 31 102 165 170 204
REC 24 7 25 : 31 102 165 170 204 209
REC 24 7 25 : 31 102 165 170 204 210
REC 24 7 25 : 31 102 165 170 204 240
REC 21 7 28 : 31 102 165 170 209
REC 21 7 28 : 31 102 165 170 210
REC 21 7 28 : 31 102 165 170 212
REC 21 7 28 : 31 102 165 170 216
REC 21 7 28 : 31 102 165 170 240
REC 18 7 31 : 31 102 165 178
REC 21 7 28 : 31 102 165 178 195
REC 24 7 25 : 31 102 165 178 195 204
REC 24 7 25 : 31 102 165 178 195 212
REC 27 7 22 : 31 102 165 178 195 212 232
REC 24 7 25 : 31 102 165 178 195 216
REC 24 7 25 : 31 102 165 178 195 232
REC 21 7 28 : 31 102 165 178 201
REC 24 7 25 : 31 102 165 178 201 212
REC 21 7 28 : 31 102 165 178 202
REC 24 7 25 : 31 102 165 178 202 209
REC 24 7 25 : 31 102 165 178 202 212
REC 21 7 28 : 31 102 165 178 204
REC 24 7 25 : 31 102 165 178 204 209
REC 21 7 28 : 31 102 165 178 209
REC 24 7 25 : 31 102 165 178 209 232
REC 21 7 28 : 31 102 165 178 212
REC 24 7 25 : 31 102 165 178 212 232
REC 21 7 28 : 31 102 165 178 216
REC 21 7 28 : 31 102 165 178 232
REC 18 7 31 : 31 102 165 184
REC 21 7 28 : 31 102 165 184 195
REC 24 7 25 : 31 102 165 184 195 204
REC 24 7 25 : 31 102 165 184 195 212
REC 21 7 28 : 31 102 165 184 201
REC 24 7 25 : 31 102 165 184 201 210
REC 24 7 25 : 31 102 165 184 201 212
REC 21 7 28 : 31 102 165 184 202
REC 24 7 25 : 31 102 165 184 202 209
REC 24 7 25 : 31 102 165 184 202 212
REC 21 7 28 : 31 102 165 184 204
REC 24 7 25 : 31 102 165 184 204 209
REC 24 7 25 : 31 102 165 184 204 210
REC 21 7 28 : 31 102 165 184 209
REC 21 7 28 : 31 102 165 184 210
REC 21 7 28 : 31 102 165 184 212
REC 18 7 31 : 31 102 165 195
REC 21 7 28 : 31 102 165 195 204
REC 24 7 25 : 31 102 165 195 204 240
REC 21 7 28 : 31 102 165 195 212
REC 24 7 25 : 31 102 165 195 212 232
REC 21 7 28 : 31 102 165 195 216
REC 21 7 28 : 31 102 165 195 232
REC 21 7 28 : 31 102 165 195 240
REC 27 7 22 : 31 102 165 195 248
REC 18 7 31 : 31 102 165 201
REC 21 7 28 : 31 102 165 201 210
REC 21 7 28 : 31 102 165 201 212
REC 21 7 28 : 31 102 165 201 240
REC 18 7 31 : 31 102 165 202
REC 21 7 28 : 31 102 165 202 209
REC 21 7 28 : 31 102 165 202 212
REC 21 7 28 : 31 102 165 202 240
REC 18 7 31 : 31 102 165 204
REC 21 7 28 : 31 102 165 204 209
REC 21 7 28 : 31 102 165 204 210
REC 21 7 28 : 31 102 165 204 240
REC 18 7 31 : 31 102 165 209
REC 21 7 28 : 31 102 165 209 232
REC 18 7 31 : 31 102 165 210
REC 21 7 28 : 31 102 165 210 232
REC 18 7 31 : 31 102 165 212
REC 21 7 28 : 31 102 165 212 232
REC 18 7 31 : 31 102 165 216
REC 18 7 31 : 31 102 165 232
REC 18 7 31 : 31 102 165 240
REC 24 7 25 : 31 102 165 248
REC 15 7 34 : 31 102 169
REC 18 7 31 : 31 102 169 178
REC 21 7 28 : 31 102 169 178 195
REC 24 7 25 : 31 102 169 178 195 204
REC 24 7 25 : 31 102 169 178 195 212
REC 24 7 25 : 31 102 169 178 195 216
REC 21 7 28 : 31 102 169 178 197
REC 24 7 25 : 31 102 169 178 197 202
REC 24 7 25 : 31 102 169 178 197 216
REC 21 7 28 : 31 102 169 178 202
REC 24 7 25 : 31 102 169 178 202 209
REC 24 7 25 : 31 102 169 178 202 212
REC 21 7 28 : 31 102 169 178 204
REC 24 7 25 : 31 102 169 178 204 209
REC 21 7 28 : 31 102 169 178 209
REC 21 7 28 : 31 102 169 178 212
REC 21 7 28 : 31 102 169 178 216
REC 18 7 31 : 31 102 169 180
REC 21 7 28 : 31 102 169 180 195
REC 24 7 25 : 31 102 169 180 195 204
REC 24 7 25 : 31 102 169 180 195 216
REC 21 7 28 : 31 102 169 180 197
REC 24 7 25 : 31 102 169 180 197 202
REC 24 7 25 : 31 102 169 180 197 210
REC 24 7 25 : 31 102 169 180 197 216
REC 21 7 28 : 31 102 169 180 202
REC 24 7 25 : 31 102 169 180 202 209
REC 21 7 28 : 31 102 169 180 204
REC 24 7 25 : 31 102 169 180 204 209
REC 24 7 25 : 31 102 169 180 204 210
REC 21 7 28 : 31 102 169 180 209
REC 21 7 28 : 31 102 169 180 210
REC 21 7 28 : 31 102 169 180 216
REC 18 7 31 : 31 102 169 195
REC 21 7 28 : 31 102 169 195 204
REC 24 7 25 : 31 102 169 195 204 240
REC 21 7 28 : 31 102 169 195 212
REC 21 7 28 : 31 102 169 195 216
REC 21 7 28 : 31 102 169 195 240
REC 18 7 31 : 31 102 169 197
REC 21 7 28 : 31 102 169 197 202
REC 24 7 25 : 31 102 169 197 202 240
REC 21 7 28 : 31 102 169 197 210
REC 21 7 28 : 31 102 169 197 216
REC 21 7 28 : 31 102 169 197 240
REC 18 7 31 : 31 102 169 202
REC 21 7 28 : 31 102 169 202 209
REC 21 7 28 : 31 102 169 202 212
REC 21 7 28 : 31 102 169 202 240
REC 18 7 31 : 31 102 169 204
REC 21 7 28 : 31 102 169 204 209
REC 21 7 28 : 31 102 169 204 210
REC 21 7 28 : 31 102 169 204 240
REC 18 7 31 : 31 102 169 209
REC 18 7 31 : 31 102 169 210
REC 18 7 31 : 31 102 169 212
REC 18 7 31 : 31 102 169 216
REC 18 7 31 : 31 102 169 240
REC 15 7 34 : 31 102 170
REC 18 7 31 : 31 102 170 177
REC 21 7 28 : 31 102 170 177 195
REC 24 7 25 : 31 102 170 177 195 204
REC 24 7 25 : 31 102 170 177 195 212
REC 24 7 25 : 31 102 170 177 195 216
REC 21 7 28 : 31 102 170 177 197
REC 24 7 25 : 31 102 170 177 197 210
REC 24 7 25 : 31 102 170 177 197 216
REC 21 7 28 : 31 102 170 177 201
REC 24 7 25 : 31 102 170 177 201 210
REC 24 7 25 : 31 102 170 177 201 212
REC 21 7 28 : 31 102 170 177 204
REC 24 7 25 : 31 102 170 177 204 210
REC 21 7 28 : 31 102 170 177 210
REC 21 7 28 : 31 102 170 177 212
REC 21 7 28 : 31 102 170 177 216
REC 18 7 31 : 31 102 170 180
REC 21 7 28 : 31 102 170 180 195
REC 24 7 25 : 31 102 170 180 195 204
REC 24 7 25 : 31 102 170 180 195 216
REC 21 7 28 : 31 102 170 180 197
REC 24 7 25 : 31 102 170 180 197 210
REC 24 7 25 : 31 102 170 180 197 216
REC 21 7 28 : 31 102 170 180 201
REC 24 7 25 : 31 102 170 180 201 210
REC 21 7 28 : 31 102 170 180 204
REC 24 7 25 : 31 102 170 180 204 209
REC 24 7 25 : 31 102 170 180 204 210
REC 27 7 22 : 31 102 170 180 204 210 225
REC 24 7 25 : 31 102 170 180 204 225
REC 21 7 28 : 31 102 170 180 209
REC 21 7 28 : 31 102 170 180 210
REC 24 7 25 : 31 102 170 180 210 225
REC 21 7 28 : 31 102 170 180 216
REC 24 7 25 : 31 102 170 180 216 225
REC 21 7 28 : 31 102 170 180 225
REC 18 7 31 : 31 102 170 195
REC 21 7 28 : 31 102 170 195 204
REC 24 7 25 : 31 102 170 195 204 240
REC 21 7 28 : 31 102 170 195 212
REC 21 7 28 : 31 102 170 195 216
REC 21 7 28 : 31 102 170 195 240
REC 18 7 31 : 31 102 170 197
REC 21 7 28 : 31 102 170 197 210
REC 21 7 28 : 31 102 170 197 216
REC 21 7 28 : 31 102 170 197 240
REC 18 7 31 : 31 102 170 201
REC 21 7 28 : 31 102 170 201 210
REC 21 7 28 : 31 102 170 201 212
REC 21 7 28 : 31 102 170 201 240
REC 18 7 31 : 31 102 170 204
REC 21 7 28 : 31 102 170 204 209
REC 21 7 28 : 31 102 170 204 210
REC 24 7 25 : 31 102 170 204 210 225
REC 21 7 28 : 31 102 170 204 225
REC 21 7 28 : 31 102 170 204 240
REC 27 7 22 : 31 102 170 204 241
REC 18 7 31 : 31 102 170 209
REC 18 7 31 : 31 102 170 210
REC 21 7 28 : 31 102 170 210 225
REC 18 7 31 : 31 102 170 212
REC 21 7 28 : 31 102 170 212 225
REC 18 7 31 : 31 102 170 216
REC 21 7 28 : 31 102 170 216 225
REC 18 7 31 : 31 102 170 225
REC 18 7 31 : 31 102 170 240
REC 24 7 25 : 31 102 170 241
REC 15 7 34 : 31 102 172
REC 18 7 31 : 31 102 172 177
REC 21 7 28 : 31 102 172 177 195
REC 24 7 25 : 31 102 172 177 195 212
REC 24 7 25 : 31 102 172 177 195 216
REC 21 7 28 : 31 102 172 177 197
REC 24 7 25 : 31 102 172 177 197 202
REC 24 7 25 : 31 102 172 177 197 210
REC 24 7 25 : 31 102 172 177 197 216
REC 21 7 28 : 31 102 172 177 201
REC 24 7 25 : 31 102 172 177 201 210
REC 24 7 25 : 31 102 172 177 201 212
REC 21 7 28 : 31 102 172 177 202
REC 24 7 25 : 31 102 172 177 202 212
REC 21 7 28 : 31 102 172 177 210
REC 21 7 28 : 31 102 172 177 212
REC 21 7 28 : 31 102 172 177 216
REC 18 7 31 : 31 102 172 178
REC 21 7 28 : 31 102 172 178 195
REC 24 7 25 : 31 102 172 178 195 212
REC 24 7 25 : 31 102 172 178 195 216
REC 21 7 28 : 31 102 172 178 197
REC 24 7 25 : 31 102 172 178 197 202
REC 24 7 25 : 31 102 172 178 197 216
REC 21 7 28 : 31 102 172 178 201
REC 24 7 25 : 31 102 172 178 201 212
REC 21 7 28 : 31 102 172 178 202
REC 24 7 25 : 31 102 172 178 202 209
REC 24 7 25 : 31 102 172 178 202 212
REC 27 7 22 : 31 102 172 178 202 212 225
REC 24 7 25 : 31 102 172 178 202 225
REC 21 7 28 : 31 102 172 178 209
REC 21 7 28 : 31 102 172 178 212
REC 24 7 25 : 31 102 172 178 212 225
REC 21 7 28 : 31 102 172 178 216
REC 24 7 25 : 31 102 172 178 216 225
REC 21 7 28 : 31 102 172 178 225
REC 18 7 31 : 31 102 172 195
REC 21 7 28 : 31 102 172 195 212
REC 21 7 28 : 31 102 172 195 216
REC 21 7 28 : 31 102 172 195 240
REC 18 7 31 : 31 102 172 197
REC 21 7 28 : 31 102 172 197 202
REC 24 7 25 : 31 102 172 197 202 240
REC 21 7 28 : 31 102 172 197 210
REC 21 7 28 : 31 102 172 197 216
REC 21 7 28 : 31 102 172 197 240
REC 18 7 31 : 31 102 172 201
REC 21 7 28 : 31 102 172 201 210
REC 21 7 28 : 31 102 172 201 212
REC 21 7 28 : 31 102 172 201 240
REC 18 7 31 : 31 102 172 202
REC 21 7 28 : 31 102 172 202 209
REC 21 7 28 : 31 102 172 202 212
REC 24 7 25 : 31 102 172 202 212 225
REC 21 7 28 : 31 102 172 202 225
REC 21 7 28 : 31 102 172 202 240
REC 27 7 22 : 31 102 172 202 241
REC 18 7 31 : 31 102 172 209
REC 18 7 31 : 31 102 172 210
REC 21 7 28 : 31 102 172 210 225
REC 18 7 31 : 31 102 172 212
REC 21 7 28 : 31 102 172 212 225
REC 18 7 31 : 31 102 172 216
REC 21 7 28 : 31 102 172 216 225
REC 18 7 31 : 31 102 172 225
REC 18 7 31 : 31 102 172 240
REC 24 7 25 : 31 102 172 241
REC 15 7 34 : 31 102 177
REC 18 7 31 : 31 102 177 195
REC 21 7 28 : 31 102 177 195 204
REC 21 7 28 : 31 102 177 195 212
REC 24 7 25 : 31 102 177 195 212 232
REC 21 7 28 : 31 102 177 195 216
REC 21 7 28 : 31 102 177 195 232
REC 18 7 31 : 31 102 177 197
REC 21 7 28 : 31 102 177 197 202
REC 21 7 28 : 31 102 177 197 210
REC 24 7 25 : 31 102 177 197 210 232
REC 21 7 28 : 31 102 177 197 216
REC 21 7 28 : 31 102 177 197 232
REC 18 7 31 : 31 102 177 201
REC 21 7 28 : 31 102 177 201 210
REC 21 7 28 : 31 102 177 201 212
REC 18 7 31 : 31 102 177 202
REC 21 7 28 : 31 102 177 202 212
REC 18 7 31 : 31 102 177 204
REC 21 7 28 : 31 102 177 204 210
REC 18 7 31 : 31 102 177 210
REC 21 7 28 : 31 102 177 210 232
REC 18 7 31 : 31 102 177 212
REC 21 7 28 : 31 102 177 212 232
REC 18 7 31 : 31 102 177 216
REC 18 7 31 : 31 102 177 232
REC 15 7 34 : 31 102 178
REC 18 7 31 : 31 102 178 195
REC 21 7 28 : 31 102 178 195 204
REC 21 7 28 : 31 102 178 195 212
REC 24 7 25 : 31 102 178 195 212 232
REC 21 7 28 : 31 102 178 195 216
REC 21 7 28 : 31 102 178 195 232
REC 18 7 31 : 31 102 178 197
REC 21 7 28 : 31 102 178 197 202
REC 21 7 28 : 31 102 178 197 216
REC 21 7 28 : 31 102 178 197 232
REC 18 7 31 : 31 102 178 201
REC 21 7 28 : 31 102 178 201 212
REC 18 7 31 : 31 102 178 202
REC 21 7 28 : 31 102 178 202 209
REC 21 7 28 : 31 102 178 202 212
REC 24 7 25 : 31 102 178 202 212 225
REC 21 7 28 : 31 102 178 202 225
REC 18 7 31 : 31 102 178 204
REC 21 7 28 : 31 102 178 204 209
REC 21 7 28 : 31 102 178 204 225
REC 18 7 31 : 31 102 178 209
REC 21 7 28 : 31 102 178 209 232
REC 18 7 31 : 31 102 178 212
REC 21 7 28 : 31 102 178 212 225
REC 21 7 28 : 31 102 178 212 232
REC 27 7 22 : 31 102 178 212 233
REC 18 7 31 : 31 102 178 216
REC 21 7 28 : 31 102 178 216 225
REC 18 7 31 : 31 102 178 225
REC 18 7 31 : 31 102 178 232
REC 24 7 25 : 31 102 178 233
REC 15 7 34 : 31 102 180
REC 18 7 31 : 31 102 180 195
REC 21 7 28 : 31 102 180 195 204
REC 21 7 28 : 31 102 180 195 216
REC 21 7 28 : 31 102 180 195 232
REC 18 7 31 : 31 102 180 197
REC 21 7 28 : 31 102 180 197 202
REC 21 7 28 : 31 102 180 197 210
REC 24 7 25 : 31 102 180 197 210 232
REC 21 7 28 : 31 102 180 197 216
REC 21 7 28 : 31 102 180 197 232
REC 18 7 31 : 31 102 180 201
REC 21 7 28 : 31 102 180 201 210
REC 18 7 31 : 31 102 180 202
REC 21 7 28 : 31 102 180 202 209
REC 21 7 28 : 31 102 180 202 225
REC 18 7 31 : 31 102 180 204
REC 21 7 28 : 31 102 180 204 209
REC 21 7 28 : 31 102 180 204 210
REC 24 7 25 : 31 102 180 204 210 225
REC 21 7 28 : 31 102 180 204 225
REC 18 7 31 : 31 102 180 209
REC 21 7 28 : 31 102 180 209 232
REC 18 7 31 : 31 102 180 210
REC 21 7 28 : 31 102 180 210 225
REC 21 7 28 : 31 102 180 210 232
REC 27 7 22 : 31 102 180 210 233
REC 18 7 31 : 31 102 180 216
REC 21 7 28 : 31 102 180 216 225
REC 18 7 31 : 31 102 180 225
REC 18 7 31 : 31 102 180 232
REC 24 7 25 : 31 102 180 233
REC 15 7 34 : 31 102 184
REC 18 7 31 : 31 102 184 195
REC 21 7 28 : 31 102 184 195 204
REC 21 7 28 : 31 102 184 195 212
REC 18 7 31 : 31 102 184 197
REC 21 7 28 : 31 102 184 197 202
REC 21 7 28 : 31 102 184 197 210
REC 18 7 31 : 31 102 184 201
REC 21 7 28 : 31 102 184 201 210
REC 21 7 28 : 31 102 184 201 212
REC 18 7 31 : 31 102 184 202
REC 21 7 28 : 31 102 184 202 209
REC 21 7 28 : 31 102 184 202 212
REC 24 7 25 : 31 102 184 202 212 225
REC 21 7 28 : 31 102 184 202 225
REC 18 7 31 : 31 102 184 204
REC 21 7 28 : 31 102 184 204 209
REC 21 7 28 : 31 102 184 204 210
REC 24 7 25 : 31 102 184 204 210 225
REC 21 7 28 : 31 102 184 204 225
REC 18 7 31 : 31 102 184 209
REC 18 7 31 : 31 102 184 210
REC 21 7 28 : 31 102 184 210 225
REC 18 7 31 : 31 102 184 212
REC 21 7 28 : 31 102 184 212 225
REC 18 7 31 : 31 102 184 225
REC 15 7 34 : 31 102 195
REC 18 7 31 : 31 102 195 204
REC 21 7 28 : 31 102 195 204 240
REC 18 7 31 : 31 102 195 212
REC 21 7 28 : 31 102 195 212 232
REC 18 7 31 : 31 102 195 216
REC 18 7 31 : 31 102 195 232
REC 18 7 31 : 31 102 195 240
REC 24 7 25 : 31 102 195 248
REC 15 7 34 : 31 102 197
REC 18 7 31 : 31 102 197 202
REC 21 7 28 : 31 102 197 202 240
REC 18 7 31 : 31 102 197 210
REC 21 7 28 : 31 102 197 210 232
REC 18 7 31 : 31 102 197 216
REC 18 7 31 : 31 102 197 232
REC 18 7 31 : 31 102 197 240
REC 24 7 25 : 31 102 197 248
REC 15 7 34 : 31 102 201
REC 18 7 31 : 31 102 201 210
REC 18 7 31 : 31 102 201 212
REC 18 7 31 : 31 102 201 240
REC 15 7 34 : 31 102 202
REC 18 7 31 : 31 102 202 209
REC 18 7 31 : 31 102 202 212
REC 21 7 28 : 31 102 202 212 225
REC 18 7 31 : 31 102 202 225
REC 18 7 31 : 31 102 202 240
REC 24 7 25 : 31 102 202 241
REC 15 7 34 : 31 102 204
REC 18 7 31 : 31 102 204 209
REC 18 7 31 : 31 102 204 210
REC 21 7 28 : 31 102 204 210 225
REC 18 7 31 : 31 102 204 225
REC 18 7 31 : 31 102 204 240
REC 24 7 25 : 31 102 204 241
REC 15 7 34 : 31 102 209
REC 18 7 31 : 31 102 209 232
REC 15 7 34 : 31 102 210
REC 18 7 31 : 31 102 210 225
REC 18 7 31 : 31 102 210 232
REC 24 7 25 : 31 102 210 233
REC 15 7 34 : 31 102 212
REC 18 7 31 : 31 102 212 225
REC 18 7 31 : 31 102 212 232
REC 24 7 25 : 31 102 212 233
REC 15 7 34 : 31 102 216
REC 18 7 31 : 31 102 216 225
REC 15 7 34 : 31 102 225
REC 15 7 34 : 31 102 232
REC 21 7 28 : 31 102 233
REC 15 7 34 : 31 102 240
REC 21 7 28 : 31 102 241
REC 21 7 28 : 31 102 248
REC 12 7 37 : 31 105
REC 15 7 34 : 31 105 114
REC 18 7 31 : 31 105 114 163
REC 21 7 28 : 31 105 114 163 172
REC 24 7 25 : 31 105 114 163 172 197
REC 27 7 22 : 31 105 114 163 172 197 202
REC 27 7 22 : 31 105 114 163 172 197 216
REC 24 7 25 : 31 105 114 163 172 198
REC 27 7 22 : 31 105 114 163 172 198 209
REC 27 7 22 : 31 105 114 163 172 198 216
REC 24 7 25 : 31 105 114 163 172 202
REC 27 7 22 : 31 105 114 163 172 202 209
REC 27 7 22 : 31 105 114 163 172 202 212
REC 24 7 25 : 31 105 114 163 172 209
REC 24 7 25 : 31 105 114 163 172 212
REC 24 7 25 : 31 105 114 163 172 216
REC 21 7 28 : 31 105 114 163 180
REC 24 7 25 : 31 105 114 163 180 197
REC 27 7 22 : 31 105 114 163 180 197 202
REC 27 7 22 : 31 105 114 163 180 197 216
REC 24 7 25 : 31 105 114 163 180 198
REC 27 7 22 : 31 105 114 163 180 198 209
REC 27 7 22 : 31 105 114 163 180 198 216
REC 24 7 25 : 31 105 114 163 180 202
REC 27 7 22 : 31 105 114 163 180 202 209
REC 24 7 25 : 31 105 114 163 180 204
REC 27 7 22 : 31 105 114 163 180 204 209
REC 24 7 25 : 31 105 114 163 180 209
REC 24 7 25 : 31 105 114 163 180 216
REC 21 7 28 : 31 105 114 163 184
REC 24 7 25 : 31 105 114 163 184 197
REC 27 7 22 : 31 105 114 163 184 197 202
REC 24 7 25 : 31 105 114 163 184 198
REC 27 7 22 : 31 105 114 163 184 198 209
REC 24 7 25 : 31 105 114 163 184 202
REC 27 7 22 : 31 105 114 163 184 202 209
REC 30 7 19 : 31 105 114 163 184 202 209 228
REC 27 7 22 : 31 105 114 163 184 202 212
REC 27 7 22 : 31 105 114 163 184 202 228
REC 24 7 25 : 31 105 114 163 184 204
REC 27 7 22 : 31 105 114 163 184 204 209
REC 24 7 25 : 31 105 114 163 184 209
REC 27 7 22 : 31 105 114 163 184 209 228
REC 24 7 25 : 31 105 114 163 184 212
REC 24 7 25 : 31 105 114 163 184 228
REC 21 7 28 : 31 105 114 163 197
REC 24 7 25 : 31 105 114 163 197 202
REC 24 7 25 : 31 105 114 163 197 216
REC 21 7 28 : 31 105 114 163 198
REC 24 7 25 : 31 105 114 163 198 209
REC 24 7 25 : 31 105 114 163 198 216
REC 21 7 28 : 31 105 114 163 202
REC 24 7 25 : 31 105 114 163 202 209
REC 27 7 22 : 31 105 114 163 202 209 228
REC 24 7 25 : 31 105 114 163 202 212
REC 24 7 25 : 31 105 114 163 202 228
REC 21 7 28 : 31 105 114 163 204
REC 24 7 25 : 31 105 114 163 204 209
REC 21 7 28 : 31 105 114 163 209
REC 24 7 25 : 31 105 114 163 209 228
REC 21 7 28 : 31 105 114 163 212
REC 21 7 28 : 31 105 114 163 216
REC 24 7 25 : 31 105 114 163 216 228
REC 21 7 28 : 31 105 114 163 228
REC 18 7 31 : 31 105 114 165
REC 21 7 28 : 31 105 114 165 170
REC 24 7 25 : 31 105 114 165 170 195
REC 27 7 22 : 31 105 114 165 170 195 204
REC 27 7 22 : 31 105 114 165 170 195 212
REC 27 7 22 : 31 105 114 165 170 195 216
REC 24 7 25 : 31 105 114 165 170 198
REC 27 7 22 : 31 105 114 165 170 198 209
REC 27 7 22 : 31 105 114 165 170 198 216
REC 24 7 25 : 31 105 114 165 170 204
REC 27 7 22 : 31 105 114 165 170 204 209
REC 24 7 25 : 31 105 114 165 170 209
REC 24 7 25 : 31 105 114 165 170 212
REC 24 7 25 : 31 105 114 165 170 216
REC 21 7 28 : 31 105 114 165 184
REC 24 7 25 : 31 105 114 165 184 195
REC 27 7 22 : 31 105 114 165 184 195 204
REC 27 7 22 : 31 105 114 165 184 195 212
REC 24 7 25 : 31 105 114 165 184 198
REC 27 7 22 : 31 105 114 165 184 198 209
REC 24 7 25 : 31 105 114 165 184 202
REC 27 7 22 : 31 105 114 165 184 202 209
REC 27 7 22 : 31 105 114 165 184 202 212
REC 24 7 25 : 31 105 114 165 184 204
REC 27 7 22 : 31 105 114 165 184 204 209
REC 24 7 25 : 31 105 114 165 184 209
REC 24 7 25 : 31 105 114 165 184 212
REC 21 7 28 : 31 105 114 165 195
REC 24 7 25 : 31 105 114 165 195 204
REC 24 7 25 : 31 105 114 165 195 212
REC 24 7 25 : 31 105 114 165 195 216
REC 21 7 28 : 31 105 114 165 198
REC 24 7 25 : 31 105 114 165 198 209
REC 24 7 25 : 31 105 114 165 198 216
REC 21 7 28 : 31 105 114 165 202
REC 24 7 25 : 31 105 114 165 202 209
REC 24 7 25 : 31 105 114 165 202 212
REC 21 7 28 : 31 105 114 165 204
REC 24 7 25 : 31 105 114 165 204 209
REC 21 7 28 : 31 105 114 165 209
REC 21 7 28 : 31 105 114 165 212
REC 21 7 28 : 31 105 114 165 216
REC 18 7 31 : 31 105 114 166
REC 21 7 28 : 31 105 114 166 177
REC 24 7 25 : 31 105 114 166 177 195
REC 27 7 22 : 31 105 114 166 177 195 204
REC 27 7 22 : 31 105 114 166 177 195 212
REC 27 7 22 : 31 105 114 166 177 195 216
REC 24 7 25 : 31 105 114 166 177 197
REC 27 7 22 : 31 105 114 166 177 197 202
REC 27 7 22 : 31 105 114 166 177 197 216
REC 24 7 25 : 31 105 114 166 177 202
REC 27 7 22 : 31 105 114 166 177 202 212
REC 24 7 25 : 31 105 114 166 177 204
REC 24 7 25 : 31 105 114 166 177 212
REC 24 7 25 : 31 105 114 166 177 216
REC 21 7 28 : 31 105 114 166 184
REC 24 7 25 : 31 105 114 166 184 195
REC 27 7 22 : 31 105 114 166 184 195 204
REC 27 7 22 : 31 105 114 166 184 195 212
REC 24 7 25 : 31 105 114 166 184 197
REC 27 7 22 : 31 105 114 166 184 197 202
REC 24 7 25 : 31 105 114 166 184 202
REC 27 7 22 : 31 105 114 166 184 202 209
REC 27 7 22 : 31 105 114 166 184 202 212
REC 24 7 25 : 31 105 114 166 184 204
REC 27 7 22 : 31 105 114 166 184 204 209
REC 24 7 25 : 31 105 114 166 184 209
REC 24 7 25 : 31 105 114 166 184 212
REC 21 7 28 : 31 105 114 166 195
REC 24 7 25 : 31 105 114 166 195 204
REC 24 7 25 : 31 105 114 166 195 212
REC 24 7 25 : 31 105 114 166 195 216
REC 21 7 28 : 31 105 114 166 197
REC 24 7 25 : 31 105 114 166 197 202
REC 24 7 25 : 31 105 114 166 197 216
REC 21 7 28 : 31 105 114 166 202
REC 24 7 25 : 31 105 114 166 202 209
REC 24 7 25 : 31 105 114 166 202 212
REC 21 7 28 : 31 105 114 166 204
REC 24 7 25 : 31 105 114 166 204 209
REC 21 7 28 : 31 105 114 166 209
REC 21 7 28 : 31 105 114 166 212
REC 21 7 28 : 31 105 114 166 216
REC 18 7 31 : 31 105 114 170
REC 21 7 28 : 31 105 114 170 177
REC 24 7 25 : 31 105 114 170 177 195
REC 27 7 22 : 31 105 114 170 177 195 204
REC 27 7 22 : 31 105 114 170 177 195 212
REC 27 7 22 : 31 105 114 170 177 195 216
REC 30 7 19 : 31 105 114 170 177 195 216 228
REC 27 7 22 : 31 105 114 170 177 195 228
REC 24 7 25 : 31 105 114 170 177 197
REC 27 7 22 : 31 105 114 170 177 197 216
REC 24 7 25 : 31 105 114 170 177 198
REC 27 7 22 : 31 105 114 170 177 198 216
REC 24 7 25 : 31 105 114 170 177 204
REC 24 7 25 : 31 105 114 170 177 212
REC 24 7 25 : 31 105 114 170 177 216
REC 27 7 22 : 31 105 114 170 177 216 228
REC 24 7 25 : 31 105 114 170 177 228
REC 21 7 28 : 31 105 114 170 180
REC 24 7 25 : 31 105 114 170 180 195
REC 27 7 22 : 31 105 114 170 180 195 204
REC 27 7 22 : 31 105 114 170 180 195 216
REC 24 7 25 : 31 105 114 170 180 197
REC 27 7 22 : 31 105 114 170 180 197 216
REC 24 7 25 : 31 105 114 170 180 198
REC 27 7 22 : 31 105 114 170 180 198 209
REC 27 7 22 : 31 105 114 170 180 198 216
REC 24 7 25 : 31 105 114 170 180 204
REC 27 7 22 : 31 105 114 170 180 204 209
REC 24 7 25 : 31 105 114 170 180 209
REC 24 7 25 : 31 105 114 170 180 216
REC 21 7 28 : 31 105 114 170 195
REC 24 7 25 : 31 105 114 170 195 204
REC 24 7 25 : 31 105 114 170 195 212
REC 24 7 25 : 31 105 114 170 195 216
REC 27 7 22 : 31 105 114 170 195 216 228
REC 24 7 25 : 31 105 114 170 195 228
REC 21 7 28 : 31 105 114 170 197
REC 24 7 25 : 31 105 114 170 197 216
REC 21 7 28 : 31 105 114 170 198
REC 24 7 25 : 31 105 114 170 198 209
REC 24 7 25 : 31 105 114 170 198 216
REC 21 7 28 : 31 105 114 170 204
REC 24 7 25 : 31 105 114 170 204 209
REC 21 7 28 : 31 105 114 170 209
REC 24 7 25 : 31 105 114 170 209 228
REC 21 7 28 : 31 105 114 170 212
REC 21 7 28 : 31 105 114 170 216
REC 24 7 25 : 31 105 114 170 216 228
REC 21 7 28 : 31 105 114 170 228
REC 18 7 31 : 31 105 114 172
REC 21 7 28 : 31 105 114 172 177
REC 24 7 25 : 31 105 114 172 177 195
REC 27 7 22 : 31 105 114 172 177 195 212
REC 27 7 22 : 31 105 114 172 177 195 216
REC 24 7 25 : 31 105 114 172 177 197
REC 27 7 22 : 31 105 114 172 177 197 202
REC 27 7 22 : 31 105 114 172 177 197 216
REC 24 7 25 : 31 105 114 172 177 198
REC 27 7 22 : 31 105 114 172 177 198 216
REC 24 7 25 : 31 105 114 172 177 202
REC 27 7 22 : 31 105 114 172 177 202 212
REC 24 7 25 : 31 105 114 172 177 212
REC 24 7 25 : 31 105 114 172 177 216
REC 21 7 28 : 31 105 114 172 195
REC 24 7 25 : 31 105 114 172 195 212
REC 24 7 25 : 31 105 114 172 195 216
REC 21 7 28 : 31 105 114 172 197
REC 24 7 25 : 31 105 114 172 197 202
REC 24 7 25 : 31 105 114 172 197 216
REC 21 7 28 : 31 105 114 172 198
REC 24 7 25 : 31 105 114 172 198 209
REC 24 7 25 : 31 105 114 172 198 216
REC 21 7 28 : 31 105 114 172 202
REC 24 7 25 : 31 105 114 172 202 209
REC 24 7 25 : 31 105 114 172 202 212
REC 21 7 28 : 31 105 114 172 209
REC 21 7 28 : 31 105 114 172 212
REC 21 7 28 : 31 105 114 172 216
REC 18 7 31 : 31 105 114 177
REC 21 7 28 : 31 105 114 177 195
REC 24 7 25 : 31 105 114 177 195 204
REC 24 7 25 : 31 105 114 177 195 212
REC 24 7 25 : 31 105 114 177 195 216
REC 27 7 22 : 31 105 114 177 195 216 228
REC 24 7 25 : 31 105 114 177 195 228
REC 21 7 28 : 31 105 114 177 197
REC 24 7 25 : 31 105 114 177 197 202
REC 24 7 25 : 31 105 114 177 197 216
REC 21 7 28 : 31 105 114 177 198
REC 24 7 25 : 31 105 114 177 198 216
REC 21 7 28 : 31 105 114 177 202
REC 24 7 25 : 31 105 114 177 202 212
REC 24 7 25 : 31 105 114 177 202 228
REC 21 7 28 : 31 105 114 177 204
REC 21 7 28 : 31 105 114 177 212
REC 21 7 28 : 31 105 114 177 216
REC 24 7 25 : 31 105 114 177 216 228
REC 21 7 28 : 31 105 114 177 228
REC 18 7 31 : 31 105 114 180
REC 21 7 28 : 31 105 114 180 195
REC 24 7 25 : 31 105 114 180 195 204
REC 24 7 25 : 31 105 114 180 195 216
REC 21 7 28 : 31 105 114 180 197
REC 24 7 25 : 31 105 114 180 197 202
REC 24 7 25 : 31 105 114 180 197 216
REC 21 7 28 : 31 105 114 180 198
REC 24 7 25 : 31 105 114 180 198 209
REC 24 7 25 : 31 105 114 180 198 216
REC 21 7 28 : 31 105 114 180 202
REC 24 7 25 : 31 105 114 180 202 209
REC 21 7 28 : 31 105 114 180 204
REC 24 7 25 : 31 105 114 180 204 209
REC 21 7 28 : 31 105 114 180 209
REC 21 7 28 : 31 105 114 180 216
REC 18 7 31 : 31 105 114 184
REC 21 7 28 : 31 105 114 184 195
REC 24 7 25 : 31 105 114 184 195 204
REC 24 7 25 : 31 105 114 184 195 212
REC 24 7 25 : 31 105 114 184 195 228
REC 21 7 28 : 31 105 114 184 197
REC 24 7 25 : 31 105 114 184 197 202
REC 21 7 28 : 31 105 114 184 198
REC 24 7 25 : 31 105 114 184 198 209
REC 21 7 28 : 31 105 114 184 202
REC 24 7 25 : 31 105 114 184 202 209
REC 27 7 22 : 31 105 114 184 202 209 228
REC 24 7 25 : 31 105 114 184 202 212
REC 24 7 25 : 31 105 114 184 202 228
REC 21 7 28 : 31 105 114 184 204
REC 24 7 25 : 31 105 114 184 204 209
REC 21 7 28 : 31 105 114 184 209
REC 24 7 25 : 31 105 114 184 209 228
REC 21 7 28 : 31 105 114 184 212
REC 21 7 28 : 31 105 114 184 228
REC 18 7 31 : 31 105 114 195
REC 21 7 28 : 31 105 114 195 204
REC 21 7 28 : 31 105 114 195 212
REC 21 7 28 : 31 105 114 195 216
REC 24 7 25 : 31 105 114 195 216 228
REC 21 7 28 : 31 105 114 195 228
REC 18 7 31 : 31 105 114 197
REC 21 7 28 : 31 105 114 197 202
REC 21 7 28 : 31 105 114 197 216
REC 18 7 31 : 31 105 114 198
REC 21 7 28 : 31 105 114 198 209
REC 21 7 28 : 31 105 114 198 216
REC 18 7 31 : 31 105 114 202
REC 21 7 28 : 31 105 114 202 209
REC 24 7 25 : 31 105 114 202 209 228
REC 21 7 28 : 31 105 114 202 212
REC 21 7 28 : 31 105 114 202 228
REC 18 7 31 : 31 105 114 204
REC 21 7 28 : 31 105 114 204 209
REC 18 7 31 : 31 105 114 209
REC 21 7 28 : 31 105 114 209 228
REC 18 7 31 : 31 105 114 212
REC 18 7 31 : 31 105 114 216
REC 21 7 28 : 31 105 114 216 228
REC 18 7 31 : 31 105 114 228
REC 15 7 34 : 31 105 116
REC 18 7 31 : 31 105 116 163
REC 21 7 28 : 31 105 116 163 172
REC 24 7 25 : 31 105 116 163 172 197
REC 27 7 22 : 31 105 116 163 172 197 202
REC 27 7 22 : 31 105 116 163 172 197 210
REC 27 7 22 : 31 105 116 163 172 197 216
REC 24 7 25 : 31 105 116 163 172 198
REC 27 7 22 : 31 105 116 163 172 198 209
REC 27 7 22 : 31 105 116 163 172 198 216
REC 24 7 25 : 31 105 116 163 172 202
REC 27 7 22 : 31 105 116 163 172 202 209
REC 24 7 25 : 31 105 116 163 172 209
REC 24 7 25 : 31 105 116 163 172 210
REC 24 7 25 : 31 105 116 163 172 216
REC 21 7 28 : 31 105 116 163 184
REC 24 7 25 : 31 105 116 163 184 197
REC 27 7 22 : 31 105 116 163 184 197 202
REC 27 7 22 : 31 105 116 163 184 197 210
REC 24 7 25 : 31 105 116 163 184 198
REC 27 7 22 : 31 105 116 163 184 198 209
REC 24 7 25 : 31 105 116 163 184 202
REC 27 7 22 : 31 105 116 163 184 202 209
REC 24 7 25 : 31 105 116 163 184 204
REC 27 7 22 : 31 105 116 163 184 204 209
REC 27 7 22 : 31 105 116 163 184 204 210
REC 24 7 25 : 31 105 116 163 184 209
REC 24 7 25 : 31 105 116 163 184 210
REC 21 7 28 : 31 105 116 163 197
REC 24 7 25 : 31 105 116 163 197 202
REC 24 7 25 : 31 105 116 163 197 210
REC 24 7 25 : 31 105 116 163 197 216
REC 21 7 28 : 31 105 116 163 198
REC 24 7 25 : 31 105 116 163 198 209
REC 24 7 25 : 31 105 116 163 198 216
REC 21 7 28 : 31 105 116 163 202
REC 24 7 25 : 31 105 116 163 202 209
REC 21 7 28 : 31 105 116 163 204
REC 24 7 25 : 31 105 116 163 204 209
REC 24 7 25 : 31 105 116 163 204 210
REC 21 7 28 : 31 105 116 163 209
REC 21 7 28 : 31 105 116 163 210
REC 21 7 28 : 31 105 116 163 216
REC 18 7 31 : 31 105 116 165
REC 21 7 28 : 31 105 116 165 170
REC 24 7 25 : 31 105 116 165 170 195
REC 27 7 22 : 31 105 116 165 170 195 204
REC 27 7 22 : 31 105 116 165 170 195 216
REC 24 7 25 : 31 105 116 165 170 198
REC 27 7 22 : 31 105 116 165 170 198 209
REC 27 7 22 : 31 105 116 165 170 198 216
REC 24 7 25 : 31 105 116 165 170 204
REC 27 7 22 : 31 105 116 165 170 204 209
REC 27 7 22 : 31 105 116 165 170 204 210
REC 24 7 25 : 31 105 116 165 170 209
REC 24 7 25 : 31 105 116 165 170 210
REC 24 7 25 : 31 105 116 165 170 216
REC 21 7 28 : 31 105 116 165 178
REC 24 7 25 : 31 105 116 165 178 195
REC 27 7 22 : 31 105 116 165 178 195 204
REC 27 7 22 : 31 105 116 165 178 195 216
REC 24 7 25 : 31 105 116 165 178 198
REC 27 7 22 : 31 105 116 165 178 198 209
REC 27 7 22 : 31 105 116 165 178 198 216
REC 24 7 25 : 31 105 116 165 178 202
REC 27 7 22 : 31 105 116 165 178 202 209
REC 24 7 25 : 31 105 116 165 178 204
REC 27 7 22 : 31 105 116 165 178 204 209
REC 24 7 25 : 31 105 116 165 178 209
REC 24 7 25 : 31 105 116 165 178 216
REC 21 7 28 : 31 105 116 165 184
REC 24 7 25 : 31 105 116 165 184 195
REC 27 7 22 : 31 105 116 165 184 195 204
REC 24 7 25 : 31 105 116 165 184 198
REC 27 7 22 : 31 105 116 165 184 198 209
REC 24 7 25 : 31 105 116 165 184 202
REC 27 7 22 : 31 105 116 165 184 202 209
REC 24 7 25 : 31 105 116 165 184 204
REC 27 7 22 : 31 105 116 165 184 204 209
REC 30 7 19 : 31 105 116 165 184 204 209 226
REC 27 7 22 : 31 105 116 165 184 204 210
REC 27 7 22 : 31 105 116 165 184 204 226
REC 24 7 25 : 31 105 116 165 184 209
REC 27 7 22 : 31 105 116 165 184 209 226
REC 24 7 25 : 31 105 116 165 184 210
REC 24 7 25 : 31 105 116 165 184 226
REC 21 7 28 : 31 105 116 165 195
REC 24 7 25 : 31 105 116 165 195 204
REC 24 7 25 : 31 105 116 165 195 216
REC 21 7 28 : 31 105 116 165 198
REC 24 7 25 : 31 105 116 165 198 209
REC 24 7 25 : 31 105 116 165 198 216
REC 21 7 28 : 31 105 116 165 202
REC 24 7 25 : 31 105 116 165 202 209
REC 21 7 28 : 31 105 116 165 204
REC 24 7 25 : 31 105 116 165 204 209
REC 27 7 22 : 31 105 116 165 204 209 226
REC 24 7 25 : 31 105 116 165 204 210
REC 24 7 25 : 31 105 116 165 204 226
REC 21 7 28 : 31 105 116 165 209
REC 24 7 25 : 31 105 116 165 209 226
REC 21 7 28 : 31 105 116 165 210
REC 21 7 28 : 31 105 116 165 216
REC 24 7 25 : 31 105 116 165 216 226
REC 21 7 28 : 31 105 116 165 226
REC 18 7 31 : 31 105 116 166
REC 21 7 28 : 31 105 116 166 177
REC 24 7 25 : 31 105 116 166 177 195
REC 27 7 22 : 31 105 116 166 177 195 204
REC 27 7 22 : 31 105 116 166 177 195 216
REC 24 7 25 : 31 105 116 166 177 197
REC 27 7 22 : 31 105 116 166 177 197 202
REC 27 7 22 : 31 105 116 166 177 197 210
REC 27 7 22 : 31 105 116 166 177 197 216
REC 24 7 25 : 31 105 116 166 177 202
REC 24 7 25 : 31 105 116 166 177 204
REC 27 7 22 : 31 105 116 166 177 204 210
REC 24 7 25 : 31 105 116 166 177 210
REC 24 7 25 : 31 105 116 166 177 216
REC 21 7 28 : 31 105 116 166 184
REC 24 7 25 : 31 105 116 166 184 195
REC 27 7 22 : 31 105 116 166 184 195 204
REC 24 7 25 : 31 105 116 166 184 197
REC 27 7 22 : 31 105 116 166 184 197 202
REC 27 7 22 : 31 105 116 166 184 197 210
REC 24 7 25 : 31 105 116 166 184 202
REC 27 7 22 : 31 105 116 166 184 202 209
REC 24 7 25 : 31 105 116 166 184 204
REC 27 7 22 : 31 105 116 166 184 204 209
REC 27 7 22 : 31 105 116 166 184 204 210
REC 24 7 25 : 31 105 116 166 184 209
REC 24 7 25 : 31 105 116 166 184 210
REC 21 7 28 : 31 105 116 166 195
REC 24 7 25 : 31 105 116 166 195 204
REC 24 7 25 : 31 105 116 166 195 216
REC 21 7 28 : 31 105 116 166 197
REC 24 7 25 : 31 105 116 166 197 202
REC 24 7 25 : 31 105 116 166 197 210
REC 24 7 25 : 31 105 116 166 197 216
REC 21 7 28 : 31 105 116 166 202
REC 24 7 25 : 31 105 116 166 202 209
REC 21 7 28 : 31 105 116 166 204
REC 24 7 25 : 31 105 116 166 204 209
REC 24 7 25 : 31 105 116 166 204 210
REC 21 7 28 : 31 105 116 166 209
REC 21 7 28 : 31 105 116 166 210
REC 21 7 28 : 31 105 116 166 216
REC 18 7 31 : 31 105 116 170
REC 21 7 28 : 31 105 116 170 177
REC 24 7 25 : 31 105 116 170 177 195
REC 27 7 22 : 31 105 116 170 177 195 204
REC 27 7 22 : 31 105 116 170 177 195 216
REC 24 7 25 : 31 105 116 170 177 197
REC 27 7 22 : 31 105 116 170 177 197 210
REC 27 7 22 : 31 105 116 170 177 197 216
REC 24 7 25 : 31 105 116 170 177 198
REC 27 7 22 : 31 105 116 170 177 198 216
REC 24 7 25 : 31 105 116 170 177 204
REC 27 7 22 : 31 105 116 170 177 204 210
REC 24 7 25 : 31 105 116 170 177 210
REC 24 7 25 : 31 105 116 170 177 216
REC 21 7 28 : 31 105 116 170 195
REC 24 7 25 : 31 105 116 170 195 204
REC 24 7 25 : 31 105 116 170 195 216
REC 21 7 28 : 31 105 116 170 197
REC 24 7 25 : 31 105 116 170 197 210
REC 24 7 25 : 31 105 116 170 197 216
REC 21 7 28 : 31 105 116 170 198
REC 24 7 25 : 31 105 116 170 198 209
REC 24 7 25 : 31 105 116 170 198 216
REC 21 7 28 : 31 105 116 170 204
REC 24 7 25 : 31 105 116 170 204 209
REC 24 7 25 : 31 105 116 170 204 210
REC 21 7 28 : 31 105 116 170 209
REC 21 7 28 : 31 105 116 170 210
REC 21 7 28 : 31 105 116 170 216
REC 18 7 31 : 31 105 116 172
REC 21 7 28 : 31 105 116 172 177
REC 24 7 25 : 31 105 116 172 177 195
REC 27 7 22 : 31 105 116 172 177 195 216
REC 24 7 25 : 31 105 116 172 177 197
REC 27 7 22 : 31 105 116 172 177 197 202
REC 27 7 22 : 31 105 116 172 177 197 210
REC 27 7 22 : 31 105 116 172 177 197 216
REC 30 7 19 : 31 105 116 172 177 197 216 226
REC 27 7 22 : 31 105 116 172 177 197 226
REC 24 7 25 : 31 105 116 172 177 198
REC 27 7 22 : 31 105 116 172 177 198 216
REC 24 7 25 : 31 105 116 172 177 202
REC 24 7 25 : 31 105 116 172 177 210
REC 24 7 25 : 31 105 116 172 177 216
REC 27 7 22 : 31 105 116 172 177 216 226
REC 24 7 25 : 31 105 116 172 177 226
REC 21 7 28 : 31 105 116 172 178
REC 24 7 25 : 31 105 116 172 178 195
REC 27 7 22 : 31 105 116 172 178 195 216
REC 24 7 25 : 31 105 116 172 178 197
REC 27 7 22 : 31 105 116 172 178 197 202
REC 27 7 22 : 31 105 116 172 178 197 216
REC 24 7 25 : 31 105 116 172 178 198
REC 27 7 22 : 31 105 116 172 178 198 209
REC 27 7 22 : 31 105 116 172 178 198 216
REC 24 7 25 : 31 105 116 172 178 202
REC 27 7 22 : 31 105 116 172 178 202 209
REC 24 7 25 : 31 105 116 172 178 209
REC 24 7 25 : 31 105 116 172 178 216
REC 21 7 28 : 31 105 116 172 195
REC 24 7 25 : 31 105 116 172 195 216
REC 21 7 28 : 31 105 116 172 197
REC 24 7 25 : 31 105 116 172 197 202
REC 24 7 25 : 31 105 116 172 197 210
REC 24 7 25 : 31 105 116 172 197 216
REC 27 7 22 : 31 105 116 172 197 216 226
REC 24 7 25 : 31 105 116 172 197 226
REC 21 7 28 : 31 105 116 172 198
REC 24 7 25 : 31 105 116 172 198 209
REC 24 7 25 : 31 105 116 172 198 216
REC 21 7 28 : 31 105 116 172 202
REC 24 7 25 : 31 105 116 172 202 209
REC 21 7 28 : 31 105 116 172 209
REC 24 7 25 : 31 105 116 172 209 226
REC 21 7 28 : 31 105 116 172 210
REC 21 7 28 : 31 105 116 172 216
REC 24 7 25 : 31 105 116 172 216 226
REC 21 7 28 : 31 105 116 172 226
REC 18 7 31 : 31 105 116 177
REC 21 7 28 : 31 105 116 177 195
REC 24 7 25 : 31 105 116 177 195 204
REC 24 7 25 : 31 105 116 177 195 216
REC 21 7 28 : 31 105 116 177 197
REC 24 7 25 : 31 105 116 177 197 202
REC 24 7 25 : 31 105 116 177 197 210
REC 24 7 25 : 31 105 116 177 197 216
REC 27 7 22 : 31 105 116 177 197 216 226
REC 24 7 25 : 31 105 116 177 197 226
REC 21 7 28 : 31 105 116 177 198
REC 24 7 25 : 31 105 116 177 198 216
REC 21 7 28 : 31 105 116 177 202
REC 21 7 28 : 31 105 116 177 204
REC 24 7 25 : 31 105 116 177 204 210
REC 24 7 25 : 31 105 116 177 204 226
REC 21 7 28 : 31 105 116 177 210
REC 21 7 28 : 31 105 116 177 216
REC 24 7 25 : 31 105 116 177 216 226
REC 21 7 28 : 31 105 116 177 226
REC 18 7 31 : 31 105 116 178
REC 21 7 28 : 31 105 116 178 195
REC 24 7 25 : 31 105 116 178 195 204
REC 24 7 25 : 31 105 116 178 195 216
REC 21 7 28 : 31 105 116 178 197
REC 24 7 25 : 31 105 116 178 197 202
REC 24 7 25 : 31 105 116 178 197 216
REC 21 7 28 : 31 105 116 178 198
REC 24 7 25 : 31 105 116 178 198 209
REC 24 7 25 : 31 105 116 178 198 216
REC 21 7 28 : 31 105 116 178 202
REC 24 7 25 : 31 105 116 178 202 209
REC 21 7 28 : 31 105 116 178 204
REC 24 7 25 : 31 105 116 178 204 209
REC 21 7 28 : 31 105 116 178 209
REC 21 7 28 : 31 105 116 178 216
REC 18 7 31 : 31 105 116 184
REC 21 7 28 : 31 105 116 184 195
REC 24 7 25 : 31 105 116 184 195 204
REC 21 7 28 : 31 105 116 184 197
REC 24 7 25 : 31 105 116 184 197 202
REC 24 7 25 : 31 105 116 184 197 210
REC 24 7 25 : 31 105 116 184 197 226
REC 21 7 28 : 31 105 116 184 198
REC 24 7 25 : 31 105 116 184 198 209
REC 21 7 28 : 31 105 116 184 202
REC 24 7 25 : 31 105 116 184 202 209
REC 21 7 28 : 31 105 116 184 204
REC 24 7 25 : 31 105 116 184 204 209
REC 27 7 22 : 31 105 116 184 204 209 226
REC 24 7 25 : 31 105 116 184 204 210
REC 24 7 25 : 31 105 116 184 204 226
REC 21 7 28 : 31 105 116 184 209
REC 24 7 25 : 31 105 116 184 209 226
REC 21 7 28 : 31 105 116 184 210
REC 21 7 28 : 31 105 116 184 226
REC 18 7 31 : 31 105 116 195
REC 21 7 28 : 31 105 116 195 204
REC 21 7 28 : 31 105 116 195 216
REC 18 7 31 : 31 105 116 197
REC 21 7 28 : 31 105 116 197 202
REC 21 7 28 : 31 105 116 197 210
REC 21 7 28 : 31 105 116 197 216
REC 24 7 25 : 31 105 116 197 216 226
REC 21 7 28 : 31 105 116 197 226
REC 18 7 31 : 31 105 116 198
REC 21 7 28 : 31 105 116 198 209
REC 21 7 28 : 31 105 116 198 216
REC 18 7 31 : 31 105 116 202
REC 21 7 28 : 31 105 116 202 209
REC 18 7 31 : 31 105 116 204
REC 21 7 28 : 31 105 116 204 209
REC 24 7 25 : 31 105 116 204 209 226
REC 21 7 28 : 31 105 116 204 210
REC 21 7 28 : 31 105 116 204 226
REC 18 7 31 : 31 105 116 209
REC 21 7 28 : 31 105 116 209 226
REC 18 7 31 : 31 105 116 210
REC 18 7 31 : 31 105 116 216
REC 21 7 28 : 31 105 116 216 226
REC 18 7 31 : 31 105 116 226
REC 15 7 34 : 31 105 163
REC 18 7 31 : 31 105 163 172
REC 21 7 28 : 31 105 163 172 197
REC 24 7 25 : 31 105 163 172 197 202
REC 27 7 22 : 31 105 163 172 197 202 240
REC 24 7 25 : 31 105 163 172 197 210
REC 24 7 25 : 31 105 163 172 197 216
REC 24 7 25 : 31 105 163 172 197 240
REC 21 7 28 : 31 105 163 172 198
REC 24 7 25 : 31 105 163 172 198 209
REC 24 7 25 : 31 105 163 172 198 216
REC 24 7 25 : 31 105 163 172 198 240
REC 21 7 28 : 31 105 163 172 202
REC 24 7 25 : 31 105 163 172 202 209
REC 24 7 25 : 31 105 163 172 202 212
REC 24 7 25 : 31 105 163 172 202 240
REC 21 7 28 : 31 105 163 172 209
REC 21 7 28 : 31 105 163 172 210
REC 21 7 28 : 31 105 163 172 212
REC 21 7 28 : 31 105 163 172 216
REC 21 7 28 : 31 105 163 172 240
REC 18 7 31 : 31 105 163 180
REC 21 7 28 : 31 105 163 180 197
REC 24 7 25 : 31 105 163 180 197 202
REC 24 7 25 : 31 105 163 180 197 210
REC 24 7 25 : 31 105 163 180 197 216
REC 21 7 28 : 31 105 163 180 198
REC 24 7 25 : 31 105 163 180 198 209
REC 24 7 25 : 31 105 163 180 198 216
REC 21 7 28 : 31 105 163 180 202
REC 24 7 25 : 31 105 163 180 202 209
REC 21 7 28 : 31 105 163 180 204
REC 24 7 25 : 31 105 163 180 204 209
REC 24 7 25 : 31 105 163 180 204 210
REC 21 7 28 : 31 105 163 180 209
REC 21 7 28 : 31 105 163 180 210
REC 21 7 28 : 31 105 163 180 216
REC 18 7 31 : 31 105 163 184
REC 21 7 28 : 31 105 163 184 197
REC 24 7 25 : 31 105 163 184 197 202
REC 24 7 25 : 31 105 163 184 197 210
REC 21 7 28 : 31 105 163 184 198
REC 24 7 25 : 31 105 163 184 198 209
REC 21 7 28 : 31 105 163 184 202
REC 24 7 25 : 31 105 163 184 202 209
REC 27 7 22 : 31 105 163 184 202 209 228
REC 24 7 25 : 31 105 163 184 202 212
REC 24 7 25 : 31 105 163 184 202 228
REC 21 7 28 : 31 105 163 184 204
REC 24 7 25 : 31 105 163 184 204 209
REC 24 7 25 : 31 105 163 184 204 210
REC 21 7 28 : 31 105 163 184 209
REC 24 7 25 : 31 105 163 184 209 228
REC 21 7 28 : 31 105 163 184 210
REC 24 7 25 : 31 105 163 184 210 228
REC 21 7 28 : 31 105 163 184 212
REC 21 7 28 : 31 105 163 184 228
REC 18 7 31 : 31 105 163 197
REC 21 7 28 : 31 105 163 197 202
REC 24 7 25 : 31 105 163 197 202 240
REC 21 7 28 : 31 105 163 197 210
REC 21 7 28 : 31 105 163 197 216
REC 21 7 28 : 31 105 163 197 240
REC 18 7 31 : 31 105 163 198
REC 21 7 28 : 31 105 163 198 209
REC 21 7 28 : 31 105 163 198 216
REC 21 7 28 : 31 105 163 198 240
REC 18 7 31 : 31 105 163 202
REC 21 7 28 : 31 105 163 202 209
REC 24 7 25 : 31 105 163 202 209 228
REC 21 7 28 : 31 105 163 202 212
REC 21 7 28 : 31 105 163 202 228
REC 21 7 28 : 31 105 163 202 240
REC 27 7 22 : 31 105 163 202 244
REC 18 7 31 : 31 105 163 204
REC 21 7 28 : 31 105 163 204 209
REC 21 7 28 : 31 105 163 204 210
REC 21 7 28 : 31 105 163 204 240
REC 18 7 31 : 31 105 163 209
REC 21 7 28 : 31 105 163 209 228
REC 18 7 31 : 31 105 163 210
REC 21 7 28 : 31 105 163 210 228
REC 18 7 31 : 31 105 163 212
REC 18 7 31 : 31 105 163 216
REC 21 7 28 : 31 105 163 216 228
REC 18 7 31 : 31 105 163 228
REC 18 7 31 : 31 105 163 240
REC 24 7 25 : 31 105 163 244
REC 15 7 34 : 31 105 165
REC 18 7 31 : 31 105 165 170
REC 21 7 28 : 31 105 165 170 195
REC 24 7 25 : 31 105 165 170 195 204
REC 27 7 22 : 31 105 165 170 195 204 240
REC 24 7 25 : 31 105 165 170 195 212
REC 24 7 25 : 31 105 165 170 195 216
REC 24 7 25 : 31 105 165 170 195 240
REC 21 7 28 : 31 105 165 170 198
REC 24 7 25 : 31 105 165 170 198 209
REC 24 7 25 : 31 105 165 170 198 216
REC 24 7 25 : 31 105 165 170 198 240
REC 21 7 28 : 31 105 165 170 204
REC 24 7 25 : 31 105 165 170 204 209
REC 24 7 25 : 31 105 165 170 204 210
REC 24 7 25 : 31 105 165 170 204 240
REC 21 7 28 : 31 105 165 170 209
REC 21 7 28 : 31 105 165 170 210
REC 21 7 28 : 31 105 165 170 212
REC 21 7 28 : 31 105 165 170 216
REC 21 7 28 : 31 105 165 170 240
REC 18 7 31 : 31 105 165 178
REC 21 7 28 : 31 105 165 178 195
REC 24 7 25 : 31 105 165 178 195 204
REC 24 7 25 : 31 105 165 178 195 212
REC 24 7 25 : 31 105 165 178 195 216
REC 21 7 28 : 31 105 165 178 198
REC 24 7 25 : 31 105 165 178 198 209
REC 24 7 25 : 31 105 165 178 198 216
REC 21 7 28 : 31 105 165 178 202
REC 24 7 25 : 31 105 165 178 202 209
REC 24 7 25 : 31 105 165 178 202 212
REC 21 7 28 : 31 105 165 178 204
REC 24 7 25 : 31 105 165 178 204 209
REC 21 7 28 : 31 105 165 178 209
REC 21 7 28 : 31 105 165 178 212
REC 21 7 28 : 31 105 165 178 216
REC 18 7 31 : 31 105 165 184
REC 21 7 28 : 31 105 165 184 195
REC 24 7 25 : 31 105 165 184 195 204
REC 24 7 25 : 31 105 165 184 195 212
REC 21 7 28 : 31 105 165 184 198
REC 24 7 25 : 31 105 165 184 198 209
REC 21 7 28 : 31 105 165 184 202
REC 24 7 25 : 31 105 165 184 202 209
REC 24 7 25 : 31 105 165 184 202 212
REC 21 7 28 : 31 105 165 184 204
REC 24 7 25 : 31 105 165 184 204 209
REC 27 7 22 : 31 105 165 184 204 209 226
REC 24 7 25 : 31 105 165 184 204 210
REC 24 7 25 : 31 105 165 184 204 226
REC 21 7 28 : 31 105 165 184 209
REC 24 7 25 : 31 105 165 184 209 226
REC 21 7 28 : 31 105 165 184 210
REC 21 7 28 : 31 105 165 184 212
REC 24 7 25 : 31 105 165 184 212 226
REC 21 7 28 : 31 105 165 184 226
REC 18 7 31 : 31 105 165 195
REC 21 7 28 : 31 105 165 195 204
REC 24 7 25 : 31 105 165 195 204 240
REC 21 7 28 : 31 105 165 195 212
REC 21 7 28 : 31 105 165 195 216
REC 21 7 28 : 31 105 165 195 240
REC 18 7 31 : 31 105 165 198
REC 21 7 28 : 31 105 165 198 209
REC 21 7 28 : 31 105 165 198 216
REC 21 7 28 : 31 105 165 198 240
REC 18 7 31 : 31 105 165 202
REC 21 7 28 : 31 105 165 202 209
REC 21 7 28 : 31 105 165 202 212
REC 21 7 28 : 31 105 165 202 240
REC 18 7 31 : 31 105 165 204
REC 21 7 28 : 31 105 165 204 209
REC 24 7 25 : 31 105 165 204 209 226
REC 21 7 28 : 31 105 165 204 210
REC 21 7 28 : 31 105 165 204 226
REC 21 7 28 : 31 105 165 204 240
REC 27 7 22 : 31 105 165 204 242
REC 18 7 31 : 31 105 165 209
REC 21 7 28 : 31 105 165 209 226
REC 18 7 31 : 31 105 165 210
REC 18 7 31 : 31 105 165 212
REC 21 7 28 : 31 105 165 212 226
REC 18 7 31 : 31 105 165 216
REC 21 7 28 : 31 105 165 216 226
REC 18 7 31 : 31 105 165 226
REC 18 7 31 : 31 105 165 240
REC 24 7 25 : 31 105 165 242
REC 15 7 34 : 31 105 166
REC 18 7 31 : 31 105 166 177
REC 21 7 28 : 31 105 166 177 195
REC 24 7 25 : 31 105 166 177 195 204
REC 24 7 25 : 31 105 166 177 195 212
REC 24 7 25 : 31 105 166 177 195 216
REC 21 7 28 : 31 105 166 177 197
REC 24 7 25 : 31 105 166 177 197 202
REC 24 7 25 : 31 105 166 177 197 210
REC 24 7 25 : 31 105 166 177 197 216
REC 21 7 28 : 31 105 166 177 202
REC 24 7 25 : 31 105 166 177 202 212
REC 21 7 28 : 31 105 166 177 204
REC 24 7 25 : 31 105 166 177 204 210
REC 21 7 28 : 31 105 166 177 210
REC 21 7 28 : 31 105 166 177 212
REC 21 7 28 : 31 105 166 177 216
REC 18 7 31 : 31 105 166 184
REC 21 7 28 : 31 105 166 184 195
REC 24 7 25 : 31 105 166 184 195 204
REC 24 7 25 : 31 105 166 184 195 212
REC 21 7 28 : 31 105 166 184 197
REC 24 7 25 : 31 105 166 184 197 202
REC 24 7 25 : 31 105 166 184 197 210
REC 21 7 28 : 31 105 166 184 202
REC 24 7 25 : 31 105 166 184 202 209
REC 24 7 25 : 31 105 166 184 202 212
REC 21 7 28 : 31 105 166 184 204
REC 24 7 25 : 31 105 166 184 204 209
REC 24 7 25 : 31 105 166 184 204 210
REC 21 7 28 : 31 105 166 184 209
REC 21 7 28 : 31 105 166 184 210
REC 21 7 28 : 31 105 166 184 212
REC 18 7 31 : 31 105 166 195
REC 21 7 28 : 31 105 166 195 204
REC 24 7 25 : 31 105 166 195 204 240
REC 21 7 28 : 31 105 166 195 212
REC 21 7 28 : 31 105 166 195 216
REC 21 7 28 : 31 105 166 195 240
REC 18 7 31 : 31 105 166 197
REC 21 7 28 : 31 105 166 197 202
REC 24 7 25 : 31 105 166 197 202 240
REC 21 7 28 : 31 105 166 197 210
REC 21 7 28 : 31 105 166 197 216
REC 21 7 28 : 31 105 166 197 240
REC 18 7 31 : 31 105 166 202
REC 21 7 28 : 31 105 166 202 209
REC 21 7 28 : 31 105 166 202 212
REC 21 7 28 : 31 105 166 202 240
REC 18 7 31 : 31 105 166 204
REC 21 7 28 : 31 105 166 204 209
REC 21 7 28 : 31 105 166 204 210
REC 21 7 28 : 31 105 166 204 240
REC 18 7 31 : 31 105 166 209
REC 18 7 31 : 31 105 166 210
REC 18 7 31 : 31 105 166 212
REC 18 7 31 : 31 105 166 216
REC 18 7 31 : 31 105 166 240
REC 15 7 34 : 31 105 170
REC 18 7 31 : 31 105 170 177
REC 21 7 28 : 31 105 170 177 195
REC 24 7 25 : 31 105 170 177 195 204
REC 24 7 25 : 31 105 170 177 195 212
REC 24 7 25 : 31 105 170 177 195 216
REC 27 7 22 : 31 105 170 177 195 216 228
REC 24 7 25 : 31 105 170 177 195 228
REC 21 7 28 : 31 105 170 177 197
REC 24 7 25 : 31 105 170 177 197 210
REC 24 7 25 : 31 105 170 177 197 216
REC 21 7 28 : 31 105 170 177 198
REC 24 7 25 : 31 105 170 177 198 216
REC 21 7 28 : 31 105 170 177 204
REC 24 7 25 : 31 105 170 177 204 210
REC 21 7 28 : 31 105 170 177 210
REC 24 7 25 : 31 105 170 177 210 228
REC 21 7 28 : 31 105 170 177 212
REC 21 7 28 : 31 105 170 177 216
REC 24 7 25 : 31 105 170 177 216 228
REC 21 7 28 : 31 105 170 177 228
REC 18 7 31 : 31 105 170 180
REC 21 7 28 : 31 105 170 180 195
REC 24 7 25 : 31 105 170 180 195 204
REC 24 7 25 : 31 105 170 180 195 216
REC 21 7 28 : 31 105 170 180 197
REC 24 7 25 : 31 105 170 180 197 210
REC 24 7 25 : 31 105 170 180 197 216
REC 21 7 28 : 31 105 170 180 198
REC 24 7 25 : 31 105 170 180 198 209
REC 24 7 25 : 31 105 170 180 198 216
REC 21 7 28 : 31 105 170 180 204
REC 24 7 25 : 31 105 170 180 204 209
REC 24 7 25 : 31 105 170 180 204 210
REC 21 7 28 : 31 105 170 180 209
REC 21 7 28 : 31 105 170 180 210
REC 21 7 28 : 31 105 170 180 216
REC 18 7 31 : 31 105 170 195
REC 21 7 28 : 31 105 170 195 204
REC 24 7 25 : 31 105 170 195 204 240
REC 21 7 28 : 31 105 170 195 212
REC 21 7 28 : 31 105 170 195 216
REC 24 7 25 : 31 105 170 195 216 228
REC 21 7 28 : 31 105 170 195 228
REC 21 7 28 : 31 105 170 195 240
REC 27 7 22 : 31 105 170 195 244
REC 18 7 31 : 31 105 170 197
REC 21 7 28 : 31 105 170 197 210
REC 21 7 28 : 31 105 170 197 216
REC 21 7 28 : 31 105 170 197 240
REC 18 7 31 : 31 105 170 198
REC 21 7 28 : 31 105 170 198 209
REC 21 7 28 : 31 105 170 198 216
REC 21 7 28 : 31 105 170 198 240
REC 18 7 31 : 31 105 170 204
REC 21 7 28 : 31 105 170 204 209
REC 21 7 28 : 31 105 170 204 210
REC 21 7 28 : 31 105 170 204 240
REC 18 7 31 : 31 105 170 209
REC 21 7 28 : 31 105 170 209 228
REC 18 7 31 : 31 105 170 210
REC 21 7 28 : 31 105 170 210 228
REC 18 7 31 : 31 105 170 212
REC 18 7 31 : 31 105 170 216
REC 21 7 28 : 31 105 170 216 228
REC 18 7 31 : 31 105 170 228
REC 18 7 31 : 31 105 170 240
REC 24 7 25 : 31 105 170 244
REC 15 7 34 : 31 105 172
REC 18 7 31 : 31 105 172 177
REC 21 7 28 : 31 105 172 177 195
REC 24 7 25 : 31 105 172 177 195 212
REC 24 7 25 : 31 105 172 177 195 216
REC 21 7 28 : 31 105 172 177 197
REC 24 7 25 : 31 105 172 177 197 202
REC 24 7 25 : 31 105 172 177 197 210
REC 24 7 25 : 31 105 172 177 197 216
REC 27 7 22 : 31 105 172 177 197 216 226
REC 24 7 25 : 31 105 172 177 197 226
REC 21 7 28 : 31 105 172 177 198
REC 24 7 25 : 31 105 172 177 198 216
REC 21 7 28 : 31 105 172 177 202
REC 24 7 25 : 31 105 172 177 202 212
REC 21 7 28 : 31 105 172 177 210
REC 21 7 28 : 31 105 172 177 212
REC 24 7 25 : 31 105 172 177 212 226
REC 21 7 28 : 31 105 172 177 216
REC 24 7 25 : 31 105 172 177 216 226
REC 21 7 28 : 31 105 172 177 226
REC 18 7 31 : 31 105 172 178
REC 21 7 28 : 31 105 172 178 195
REC 24 7 25 : 31 105 172 178 195 212
REC 24 7 25 : 31 105 172 178 195 216
REC 21 7 28 : 31 105 172 178 197
REC 24 7 25 : 31 105 172 178 197 202
REC 24 7 25 : 31 105 172 178 197 216
REC 21 7 28 : 31 105 172 178 198
REC 24 7 25 : 31 105 172 178 198 209
REC 24 7 25 : 31 105 172 178 198 216
REC 21 7 28 : 31 105 172 178 202
REC 24 7 25 : 31 105 172 178 202 209
REC 24 7 25 : 31 105 172 178 202 212
REC 21 7 28 : 31 105 172 178 209
REC 21 7 28 : 31 105 172 178 212
REC 21 7 28 : 31 105 172 178 216
REC 18 7 31 : 31 105 172 195
REC 21 7 28 : 31 105 172 195 212
REC 21 7 28 : 31 105 172 195 216
REC 21 7 28 : 31 105 172 195 240
REC 18 7 31 : 31 105 172 197
REC 21 7 28 : 31 105 172 197 202
REC 24 7 25 : 31 105 172 197 202 240
REC 21 7 28 : 31 105 172 197 210
REC 21 7 28 : 31 105 172 197 216
REC 24 7 25 : 31 105 172 197 216 226
REC 21 7 28 : 31 105 172 197 226
REC 21 7 28 : 31 105 172 197 240
REC 27 7 22 : 31 105 172 197 242
REC 18 7 31 : 31 105 172 198
REC 21 7 28 : 31 105 172 198 209
REC 21 7 28 : 31 105 172 198 216
REC 21 7 28 : 31 105 172 198 240
REC 18 7 31 : 31 105 172 202
REC 21 7 28 : 31 105 172 202 209
REC 21 7 28 : 31 105 172 202 212
REC 21 7 28 : 31 105 172 202 240
REC 18 7 31 : 31 105 172 209
REC 21 7 28 : 31 105 172 209 226
REC 18 7 31 : 31 105 172 210
REC 18 7 31 : 31 105 172 212
REC 21 7 28 : 31 105 172 212 226
REC 18 7 31 : 31 105 172 216
REC 21 7 28 : 31 105 172 216 226
REC 18 7 31 : 31 105 172 226
REC 18 7 31 : 31 105 172 240
REC 24 7 25 : 31 105 172 242
REC 15 7 34 : 31 105 177
REC 18 7 31 : 31 105 177 195
REC 21 7 28 : 31 105 177 195 204
REC 21 7 28 : 31 105 177 195 212
REC 21 7 28 : 31 105 177 195 216
REC 24 7 25 : 31 105 177 195 216 228
REC 21 7 28 : 31 105 177 195 228
REC 18 7 31 : 31 105 177 197
REC 21 7 28 : 31 105 177 197 202
REC 21 7 28 : 31 105 177 197 210
REC 21 7 28 : 31 105 177 197 216
REC 24 7 25 : 31 105 177 197 216 226
REC 21 7 28 : 31 105 177 197 226
REC 18 7 31 : 31 105 177 198
REC 21 7 28 : 31 105 177 198 216
REC 18 7 31 : 31 105 177 202
REC 21 7 28 : 31 105 177 202 212
REC 21 7 28 : 31 105 177 202 228
REC 18 7 31 : 31 105 177 204
REC 21 7 28 : 31 105 177 204 210
REC 21 7 28 : 31 105 177 204 226
REC 18 7 31 : 31 105 177 210
REC 21 7 28 : 31 105 177 210 228
REC 18 7 31 : 31 105 177 212
REC 21 7 28 : 31 105 177 212 226
REC 18 7 31 : 31 105 177 216
REC 21 7 28 : 31 105 177 216 226
REC 21 7 28 : 31 105 177 216 228
REC 27 7 22 : 31 105 177 216 230
REC 18 7 31 : 31 105 177 226
REC 18 7 31 : 31 105 177 228
REC 24 7 25 : 31 105 177 230
REC 15 7 34 : 31 105 178
REC 18 7 31 : 31 105 178 195
REC 21 7 28 : 31 105 178 195 204
REC 21 7 28 : 31 105 178 195 212
REC 21 7 28 : 31 105 178 195 216
REC 24 7 25 : 31 105 178 195 216 228
REC 21 7 28 : 31 105 178 195 228
REC 18 7 31 : 31 105 178 197
REC 21 7 28 : 31 105 178 197 202
REC 21 7 28 : 31 105 178 197 216
REC 18 7 31 : 31 105 178 198
REC 21 7 28 : 31 105 178 198 209
REC 21 7 28 : 31 105 178 198 216
REC 18 7 31 : 31 105 178 202
REC 21 7 28 : 31 105 178 202 209
REC 24 7 25 : 31 105 178 202 209 228
REC 21 7 28 : 31 105 178 202 212
REC 21 7 28 : 31 105 178 202 228
REC 18 7 31 : 31 105 178 204
REC 21 7 28 : 31 105 178 204 209
REC 18 7 31 : 31 105 178 209
REC 21 7 28 : 31 105 178 209 228
REC 18 7 31 : 31 105 178 212
REC 18 7 31 : 31 105 178 216
REC 21 7 28 : 31 105 178 216 228
REC 18 7 31 : 31 105 178 228
REC 15 7 34 : 31 105 180
REC 18 7 31 : 31 105 180 195
REC 21 7 28 : 31 105 180 195 204
REC 21 7 28 : 31 105 180 195 216
REC 18 7 31 : 31 105 180 197
REC 21 7 28 : 31 105 180 197 202
REC 21 7 28 : 31 105 180 197 210
REC 21 7 28 : 31 105 180 197 216
REC 24 7 25 : 31 105 180 197 216 226
REC 21 7 28 : 31 105 180 197 226
REC 18 7 31 : 31 105 180 198
REC 21 7 28 : 31 105 180 198 209
REC 21 7 28 : 31 105 180 198 216
REC 18 7 31 : 31 105 180 202
REC 21 7 28 : 31 105 180 202 209
REC 18 7 31 : 31 105 180 204
REC 21 7 28 : 31 105 180 204 209
REC 24 7 25 : 31 105 180 204 209 226
REC 21 7 28 : 31 105 180 204 210
REC 21 7 28 : 31 105 180 204 226
REC 18 7 31 : 31 105 180 209
REC 21 7 28 : 31 105 180 209 226
REC 18 7 31 : 31 105 180 210
REC 18 7 31 : 31 105 180 216
REC 21 7 28 : 31 105 180 216 226
REC 18 7 31 : 31 105 180 226
REC 15 7 34 : 31 105 184
REC 18 7 31 : 31 105 184 195
REC 21 7 28 : 31 105 184 195 204
REC 21 7 28 : 31 105 184 195 212
REC 21 7 28 : 31 105 184 195 228
REC 18 7 31 : 31 105 184 197
REC 21 7 28 : 31 105 184 197 202
REC 21 7 28 : 31 105 184 197 210
REC 21 7 28 : 31 105 184 197 226
REC 18 7 31 : 31 105 184 198
REC 21 7 28 : 31 105 184 198 209
REC 18 7 31 : 31 105 184 202
REC 21 7 28 : 31 105 184 202 209
REC 24 7 25 : 31 105 184 202 209 228
REC 21 7 28 : 31 105 184 202 212
REC 21 7 28 : 31 105 184 202 228
REC 18 7 31 : 31 105 184 204
REC 21 7 28 : 31 105 184 204 209
REC 24 7 25 : 31 105 184 204 209 226
REC 21 7 28 : 31 105 184 204 210
REC 21 7 28 : 31 105 184 204 226
REC 18 7 31 : 31 105 184 209
REC 21 7 28 : 31 105 184 209 226
REC 21 7 28 : 31 105 184 209 228
REC 27 7 22 : 31 105 184 209 230
REC 18 7 31 : 31 105 184 210
REC 21 7 28 : 31 105 184 210 228
REC 18 7 31 : 31 105 184 212
REC 21 7 28 : 31 105 184 212 226
REC 18 7 31 : 31 105 184 226
REC 18 7 31 : 31 105 184 228
REC 24 7 25 : 31 105 184 230
REC 15 7 34 : 31 105 195
REC 18 7 31 : 31 105 195 204
REC 21 7 28 : 31 105 195 204 240
REC 18 7 31 : 31 105 195 212
REC 18 7 31 : 31 105 195 216
REC 21 7 28 : 31 105 195 216 228
REC 18 7 31 : 31 105 195 228
REC 18 7 31 : 31 105 195 240
REC 24 7 25 : 31 105 195 244
REC 15 7 34 : 31 105 197
REC 18 7 31 : 31 105 197 202
REC 21 7 28 : 31 105 197 202 240
REC 18 7 31 : 31 105 197 210
REC 18 7 31 : 31 105 197 216
REC 21 7 28 : 31 105 197 216 226
REC 18 7 31 : 31 105 197 226
REC 18 7 31 : 31 105 197 240
REC 24 7 25 : 31 105 197 242
REC 15 7 34 : 31 105 198
REC 18 7 31 : 31 105 198 209
REC 18 7 31 : 31 105 198 216
REC 18 7 31 : 31 105 198 240
REC 15 7 34 : 31 105 202
REC 18 7 31 : 31 105 202 209
REC 21 7 28 : 31 105 202 209 228
REC 18 7 31 : 31 105 202 212
REC 18 7 31 : 31 105 202 228
REC 18 7 31 : 31 105 202 240
REC 24 7 25 : 31 105 202 244
REC 15 7 34 : 31 105 204
REC 18 7 31 : 31 105 204 209
REC 21 7 28 : 31 105 204 209 226
REC 18 7 31 : 31 105 204 210
REC 18 7 31 : 31 105 204 226
REC 18 7 31 : 31 105 204 240
REC 24 7 25 : 31 105 204 242
REC 15 7 34 : 31 105 209
REC 18 7 31 : 31 105 209 226
REC 18 7 31 : 31 105 209 228
REC 24 7 25 : 31 105 209 230
REC 15 7 34 : 31 105 210
REC 18 7 31 : 31 105 210 228
REC 15 7 34 : 31 105 212
REC 18 7 31 : 31 105 212 226
REC 15 7 34 : 31 105 216
REC 18 7 31 : 31 105 216 226
REC 18 7 31 : 31 105 216 228
REC 24 7 25 : 31 105 216 230
REC 15 7 34 : 31 105 226
REC 15 7 34 : 31 105 228
REC 21 7 28 : 31 105 230
REC 15 7 34 : 31 105 240
REC 21 7 28 : 31 105 242
REC 21 7 28 : 31 105 244
REC 12 7 37 : 31 106
REC 15 7 34 : 31 106 113
REC 18 7 31 : 31 106 113 163
REC 21 7 28 : 31 106 113 163 172
REC 24 7 25 : 31 106 113 163 172 197
REC 27 7 22 : 31 106 113 163 172 197 210
REC 27 7 22 : 31 106 113 163 172 197 216
REC 24 7 25 : 31 106 113 163 172 198
REC 27 7 22 : 31 106 113 163 172 198 201
REC 27 7 22 : 31 106 113 163 172 198 216
REC 24 7 25 : 31 106 113 163 172 201
REC 27 7 22 : 31 106 113 163 172 201 210
REC 27 7 22 : 31 106 113 163 172 201 212
REC 24 7 25 : 31 106 113 163 172 210
REC 24 7 25 : 31 106 113 163 172 212
REC 24 7 25 : 31 106 113 163 172 216
REC 21 7 28 : 31 106 113 163 180
REC 24 7 25 : 31 106 113 163 180 197
REC 27 7 22 : 31 106 113 163 180 197 210
REC 27 7 22 : 31 106 113 163 180 197 216
REC 24 7 25 : 31 106 113 163 180 198
REC 27 7 22 : 31 106 113 163 180 198 201
REC 27 7 22 : 31 106 113 163 180 198 216
REC 24 7 25 : 31 106 113 163 180 201
REC 27 7 22 : 31 106 113 163 180 201 210
REC 24 7 25 : 31 106 113 163 180 204
REC 27 7 22 : 31 106 113 163 180 204 210
REC 24 7 25 : 31 106 113 163 180 210
REC 24 7 25 : 31 106 113 163 180 216
REC 21 7 28 : 31 106 113 163 184
REC 24 7 25 : 31 106 113 163 184 197
REC 27 7 22 : 31 106 113 163 184 197 210
REC 24 7 25 : 31 106 113 163 184 198
REC 27 7 22 : 31 106 113 163 184 198 201
REC 24 7 25 : 31 106 113 163 184 201
REC 27 7 22 : 31 106 113 163 184 201 210
REC 30 7 19 : 31 106 113 163 184 201 210 228
REC 27 7 22 : 31 106 113 163 184 201 212
REC 27 7 22 : 31 106 113 163 184 201 228
REC 24 7 25 : 31 106 113 163 184 204
REC 27 7 22 : 31 106 113 163 184 204 210
REC 24 7 25 : 31 106 113 163 184 210
REC 27 7 22 : 31 106 113 163 184 210 228
REC 24 7 25 : 31 106 113 163 184 212
REC 24 7 25 : 31 106 113 163 184 228
REC 21 7 28 : 31 106 113 163 197
REC 24 7 25 : 31 106 113 163 197 210
REC 24 7 25 : 31 106 113 163 197 216
REC 21 7 28 : 31 106 113 163 198
REC 24 7 25 : 31 106 113 163 198 201
REC 24 7 25 : 31 106 113 163 198 216
REC 21 7 28 : 31 106 113 163 201
REC 24 7 25 : 31 106 113 163 201 210
REC 27 7 22 : 31 106 113 163 201 210 228
REC 24 7 25 : 31 106 113 163 201 212
REC 24 7 25 : 31 106 113 163 201 228
REC 21 7 28 : 31 106 113 163 204
REC 24 7 25 : 31 106 113 163 204 210
REC 21 7 28 : 31 106 113 163 210
REC 24 7 25 : 31 106 113 163 210 228
REC 21 7 28 : 31 106 113 163 212
REC 21 7 28 : 31 106 113 163 216
REC 24 7 25 : 31 106 113 163 216 228
REC 21 7 28 : 31 106 113 163 228
REC 18 7 31 : 31 106 113 165
REC 21 7 28 : 31 106 113 165 178
REC 24 7 25 : 31 106 113 165 178 195
REC 27 7 22 : 31 106 113 165 178 195 204
REC 27 7 22 : 31 106 113 165 178 195 212
REC 27 7 22 : 31 106 113 165 178 195 216
REC 24 7 25 : 31 106 113 165 178 198
REC 27 7 22 : 31 106 113 165 178 198 201
REC 27 7 22 : 31 106 113 165 178 198 216
REC 24 7 25 : 31 106 113 165 178 201
REC 27 7 22 : 31 106 113 165 178 201 212
REC 24 7 25 : 31 106 113 165 178 204
REC 24 7 25 : 31 106 113 165 178 212
REC 24 7 25 : 31 106 113 165 178 216
REC 21 7 28 : 31 106 113 165 184
REC 24 7 25 : 31 106 113 165 184 195
REC 27 7 22 : 31 106 113 165 184 195 204
REC 27 7 22 : 31 106 113 165 184 195 212
REC 24 7 25 : 31 106 113 165 184 198
REC 27 7 22 : 31 106 113 165 184 198 201
REC 24 7 25 : 31 106 113 165 184 201
REC 27 7 22 : 31 106 113 165 184 201 210
REC 27 7 22 : 31 106 113 165 184 201 212
REC 24 7 25 : 31 106 113 165 184 204
REC 27 7 22 : 31 106 113 165 184 204 210
REC 24 7 25 : 31 106 113 165 184 210
REC 24 7 25 : 31 106 113 165 184 212
REC 21 7 28 : 31 106 113 165 195
REC 24 7 25 : 31 106 113 165 195 204
REC 24 7 25 : 31 106 113 165 195 212
REC 24 7 25 : 31 106 113 165 195 216
REC 21 7 28 : 31 106 113 165 198
REC 24 7 25 : 31 106 113 165 198 201
REC 24 7 25 : 31 106 113 165 198 216
REC 21 7 28 : 31 106 113 165 201
REC 24 7 25 : 31 106 113 165 201 210
REC 24 7 25 : 31 106 113 165 201 212
REC 21 7 28 : 31 106 113 165 204
REC 24 7 25 : 31 106 113 165 204 210
REC 21 7 28 : 31 106 113 165 210
REC 21 7 28 : 31 106 113 165 212
REC 21 7 28 : 31 106 113 165 216
REC 18 7 31 : 31 106 113 166
REC 21 7 28 : 31 106 113 166 169
REC 24 7 25 : 31 106 113 166 169 195
REC 27 7 22 : 31 106 113 166 169 195 204
REC 27 7 22 : 31 106 113 166 169 195 212
REC 27 7 22 : 31 106 113 166 169 195 216
REC 24 7 25 : 31 106 113 166 169 197
REC 27 7 22 : 31 106 113 166 169 197 210
REC 27 7 22 : 31 106 113 166 169 197 216
REC 24 7 25 : 31 106 113 166 169 204
REC 27 7 22 : 31 106 113 166 169 204 210
REC 24 7 25 : 31 106 113 166 169 210
REC 24 7 25 : 31 106 113 166 169 212
REC 24 7 25 : 31 106 113 166 169 216
REC 21 7 28 : 31 106 113 166 184
REC 24 7 25 : 31 106 113 166 184 195
REC 27 7 22 : 31 106 113 166 184 195 204
REC 27 7 22 : 31 106 113 166 184 195 212
REC 24 7 25 : 31 106 113 166 184 197
REC 27 7 22 : 31 106 113 166 184 197 210
REC 24 7 25 : 31 106 113 166 184 201
REC 27 7 22 : 31 106 113 166 184 201 210
REC 27 7 22 : 31 106 113 166 184 201 212
REC 24 7 25 : 31 106 113 166 184 204
REC 27 7 22 : 31 106 113 166 184 204 210
REC 24 7 25 : 31 106 113 166 184 210
REC 24 7 25 : 31 106 113 166 184 212
REC 21 7 28 : 31 106 113 166 195
REC 24 7 25 : 31 106 113 166 195 204
REC 24 7 25 : 31 106 113 166 195 212
REC 24 7 25 : 31 106 113 166 195 216
REC 21 7 28 : 31 106 113 166 197
REC 24 7 25 : 31 106 113 166 197 210
REC 24 7 25 : 31 106 113 166 197 216
REC 21 7 28 : 31 106 113 166 201
REC 24 7 25 : 31 106 113 166 201 210
REC 24 7 25 : 31 106 113 166 201 212
REC 21 7 28 : 31 106 113 166 204
REC 24 7 25 : 31 106 113 166 204 210
REC 21 7 28 : 31 106 113 166 210
REC 21 7 28 : 31 106 113 166 212
REC 21 7 28 : 31 106 113 166 216
REC 18 7 31 : 31 106 113 169
REC 21 7 28 : 31 106 113 169 178
REC 24 7 25 : 31 106 113 169 178 195
REC 27 7 22 : 31 106 113 169 178 195 204
REC 27 7 22 : 31 106 113 169 178 195 212
REC 27 7 22 : 31 106 113 169 178 195 216
REC 30 7 19 : 31 106 113 169 178 195 216 228
REC 27 7 22 : 31 106 113 169 178 195 228
REC 24 7 25 : 31 106 113 169 178 197
REC 27 7 22 : 31 106 113 169 178 197 216
REC 24 7 25 : 31 106 113 169 178 198
REC 27 7 22 : 31 106 113 169 178 198 216
REC 24 7 25 : 31 106 113 169 178 204
REC 24 7 25 : 31 106 113 169 178 212
REC 24 7 25 : 31 106 113 169 178 216
REC 27 7 22 : 31 106 113 169 178 216 228
REC 24 7 25 : 31 106 113 169 178 228
REC 21 7 28 : 31 106 113 169 180
REC 24 7 25 : 31 106 113 169 180 195
REC 27 7 22 : 31 106 113 169 180 195 204
REC 27 7 22 : 31 106 113 169 180 195 216
REC 24 7 25 : 31 106 113 169 180 197
REC 27 7 22 : 31 106 113 169 180 197 210
REC 27 7 22 : 31 106 113 169 180 197 216
REC 24 7 25 : 31 106 113 169 180 198
REC 27 7 22 : 31 106 113 169 180 198 216
REC 24 7 25 : 31 106 113 169 180 204
REC 27 7 22 : 31 106 113 169 180 204 210
REC 24 7 25 : 31 106 113 169 180 210
REC 24 7 25 : 31 106 113 169 180 216
REC 21 7 28 : 31 106 113 169 195
REC 24 7 25 : 31 106 113 169 195 204
REC 24 7 25 : 31 106 113 169 195 212
REC 24 7 25 : 31 106 113 169 195 216
REC 27 7 22 : 31 106 113 169 195 216 228
REC 24 7 25 : 31 106 113 169 195 228
REC 21 7 28 : 31 106 113 169 197
REC 24 7 25 : 31 106 113 169 197 210
REC 24 7 25 : 31 106 113 169 197 216
REC 21 7 28 : 31 106 113 169 198
REC 24 7 25 : 31 106 113 169 198 216
REC 21 7 28 : 31 106 113 169 204
REC 24 7 25 : 31 106 113 169 204 210
REC 21 7 28 : 31 106 113 169 210
REC 24 7 25 : 31 106 113 169 210 228
REC 21 7 28 : 31 106 113 169 212
REC 21 7 28 : 31 106 113 169 216
REC 24 7 25 : 31 106 113 169 216 228
REC 21 7 28 : 31 106 113 169 228
REC 18 7 31 : 31 106 113 172
REC 21 7 28 : 31 106 113 172 178
REC 24 7 25 : 31 106 113 172 178 195
REC 27 7 22 : 31 106 113 172 178 195 212
REC 27 7 22 : 31 106 113 172 178 195 216
REC 24 7 25 : 31 106 113 172 178 197
REC 27 7 22 : 31 106 113 172 178 197 216
REC 24 7 25 : 31 106 113 172 178 198
REC 27 7 22 : 31 106 113 172 178 198 201
REC 27 7 22 : 31 106 113 172 178 198 216
REC 24 7 25 : 31 106 113 172 178 201
REC 27 7 22 : 31 106 113 172 178 201 212
REC 24 7 25 : 31 106 113 172 178 212
REC 24 7 25 : 31 106 113 172 178 216
REC 21 7 28 : 31 106 113 172 195
REC 24 7 25 : 31 106 113 172 195 212
REC 24 7 25 : 31 106 113 172 195 216
REC 21 7 28 : 31 106 113 172 197
REC 24 7 25 : 31 106 113 172 197 210
REC 24 7 25 : 31 106 113 172 197 216
REC 21 7 28 : 31 106 113 172 198
REC 24 7 25 : 31 106 113 172 198 201
REC 24 7 25 : 31 106 113 172 198 216
REC 21 7 28 : 31 106 113 172 201
REC 24 7 25 : 31 106 113 172 201 210
REC 24 7 25 : 31 106 113 172 201 212
REC 21 7 28 : 31 106 113 172 210
REC 21 7 28 : 31 106 113 172 212
REC 21 7 28 : 31 106 113 172 216
REC 18 7 31 : 31 106 113 178
REC 21 7 28 : 31 106 113 178 195
REC 24 7 25 : 31 106 113 178 195 204
REC 24 7 25 : 31 106 113 178 195 212
REC 24 7 25 : 31 106 113 178 195 216
REC 27 7 22 : 31 106 113 178 195 216 228
REC 24 7 25 : 31 106 113 178 195 228
REC 21 7 28 : 31 106 113 178 197
REC 24 7 25 : 31 106 113 178 197 216
REC 21 7 28 : 31 106 113 178 198
REC 24 7 25 : 31 106 113 178 198 201
REC 24 7 25 : 31 106 113 178 198 216
REC 21 7 28 : 31 106 113 178 201
REC 24 7 25 : 31 106 113 178 201 212
REC 24 7 25 : 31 106 113 178 201 228
REC 21 7 28 : 31 106 113 178 204
REC 21 7 28 : 31 106 113 178 212
REC 21 7 28 : 31 106 113 178 216
REC 24 7 25 : 31 106 113 178 216 228
REC 21 7 28 : 31 106 113 178 228
REC 18 7 31 : 31 106 113 180
REC 21 7 28 : 31 106 113 180 195
REC 24 7 25 : 31 106 113 180 195 204
REC 24 7 25 : 31 106 113 180 195 216
REC 21 7 28 : 31 106 113 180 197
REC 24 7 25 : 31 106 113 180 197 210
REC 24 7 25 : 31 106 113 180 197 216
REC 21 7 28 : 31 106 113 180 198
REC 24 7 25 : 31 106 113 180 198 201
REC 24 7 25 : 31 106 113 180 198 216
REC 21 7 28 : 31 106 113 180 201
REC 24 7 25 : 31 106 113 180 201 210
REC 21 7 28 : 31 106 113 180 204
REC 24 7 25 : 31 106 113 180 204 210
REC 21 7 28 : 31 106 113 180 210
REC 21 7 28 : 31 106 113 180 216
REC 18 7 31 : 31 106 113 184
REC 21 7 28 : 31 106 113 184 195
REC 24 7 25 : 31 106 113 184 195 204
REC 24 7 25 : 31 106 113 184 195 212
REC 24 7 25 : 31 106 113 184 195 228
REC 21 7 28 : 31 106 113 184 197
REC 24 7 25 : 31 106 113 184 197 210
REC 21 7 28 : 31 106 113 184 198
REC 24 7 25 : 31 106 113 184 198 201
REC 21 7 28 : 31 106 113 184 201
REC 24 7 25 : 31 106 113 184 201 210
REC 27 7 22 : 31 106 113 184 201 210 228
REC 24 7 25 : 31 106 113 184 201 212
REC 24 7 25 : 31 106 113 184 201 228
REC 21 7 28 : 31 106 113 184 204
REC 24 7 25 : 31 106 113 184 204 210
REC 21 7 28 : 31 106 113 184 210
REC 24 7 25 : 31 106 113 184 210 228
REC 21 7 28 : 31 106 113 184 212
REC 21 7 28 : 31 106 113 184 228
REC 18 7 31 : 31 106 113 195
REC 21 7 28 : 31 106 113 195 204
REC 21 7 28 : 31 106 113 195 212
REC 21 7 28 : 31 106 113 195 216
REC 24 7 25 : 31 106 113 195 216 228
REC 21 7 28 : 31 106 113 195 228
REC 18 7 31 : 31 106 113 197
REC 21 7 28 : 31 106 113 197 210
REC 21 7 28 : 31 106 113 197 216
REC 18 7 31 : 31 106 113 198
REC 21 7 28 : 31 106 113 198 201
REC 21 7 28 : 31 106 113 198 216
REC 18 7 31 : 31 106 113 201
REC 21 7 28 : 31 106 113 201 210
REC 24 7 25 : 31 106 113 201 210 228
REC 21 7 28 : 31 106 113 201 212
REC 21 7 28 : 31 106 113 201 228
REC 18 7 31 : 31 106 113 204
REC 21 7 28 : 31 106 113 204 210
REC 18 7 31 : 31 106 113 210
REC 21 7 28 : 31 106 113 210 228
REC 18 7 31 : 31 106 113 212
REC 18 7 31 : 31 106 113 216
REC 21 7 28 : 31 106 113 216 228
REC 18 7 31 : 31 106 113 228
REC 15 7 34 : 31 106 116
REC 18 7 31 : 31 106 116 163
REC 21 7 28 : 31 106 116 163 172
REC 24 7 25 : 31 106 116 163 172 197
REC 27 7 22 : 31 106 116 163 172 197 210
REC 27 7 22 : 31 106 116 163 172 197 216
REC 24 7 25 : 31 106 116 163 172 198
REC 27 7 22 : 31 106 116 163 172 198 201
REC 27 7 22 : 31 106 116 163 172 198 209
REC 27 7 22 : 31 106 116 163 172 198 216
REC 24 7 25 : 31 106 116 163 172 201
REC 27 7 22 : 31 106 116 163 172 201 210
REC 24 7 25 : 31 106 116 163 172 209
REC 24 7 25 : 31 106 116 163 172 210
REC 24 7 25 : 31 106 116 163 172 216
REC 21 7 28 : 31 106 116 163 184
REC 24 7 25 : 31 106 116 163 184 197
REC 27 7 22 : 31 106 116 163 184 197 210
REC 24 7 25 : 31 106 116 163 184 198
REC 27 7 22 : 31 106 116 163 184 198 201
REC 27 7 22 : 31 106 116 163 184 198 209
REC 24 7 25 : 31 106 116 163 184 201
REC 27 7 22 : 31 106 116 163 184 201 210
REC 24 7 25 : 31 106 116 163 184 204
REC 27 7 22 : 31 106 116 163 184 204 209
REC 27 7 22 : 31 106 116 163 184 204 210
REC 24 7 25 : 31 106 116 163 184 209
REC 24 7 25 : 31 106 116 163 184 210
REC 21 7 28 : 31 106 116 163 197
REC 24 7 25 : 31 106 116 163 197 210
REC 24 7 25 : 31 106 116 163 197 216
REC 21 7 28 : 31 106 116 163 198
REC 24 7 25 : 31 106 116 163 198 201
REC 24 7 25 : 31 106 116 163 198 209
REC 24 7 25 : 31 106 116 163 198 216
REC 21 7 28 : 31 106 116 163 201
REC 24 7 25 : 31 106 116 163 201 210
REC 21 7 28 : 31 106 116 163 204
REC 24 7 25 : 31 106 116 163 204 209
REC 24 7 25 : 31 106 116 163 204 210
REC 21 7 28 : 31 106 116 163 209
REC 21 7 28 : 31 106 116 163 210
REC 21 7 28 : 31 106 116 163 216
REC 18 7 31 : 31 106 116 165
REC 21 7 28 : 31 106 116 165 178
REC 24 7 25 : 31 106 116 165 178 195
REC 27 7 22 : 31 106 116 165 178 195 204
REC 27 7 22 : 31 106 116 165 178 195 216
REC 24 7 25 : 31 106 116 165 178 198
REC 27 7 22 : 31 106 116 165 178 198 201
REC 27 7 22 : 31 106 116 165 178 198 209
REC 27 7 22 : 31 106 116 165 178 198 216
REC 24 7 25 : 31 106 116 165 178 201
REC 24 7 25 : 31 106 116 165 178 204
REC 27 7 22 : 31 106 116 165 178 204 209
REC 24 7 25 : 31 106 116 165 178 209
REC 24 7 25 : 31 106 116 165 178 216
REC 21 7 28 : 31 106 116 165 184
REC 24 7 25 : 31 106 116 165 184 195
REC 27 7 22 : 31 106 116 165 184 195 204
REC 24 7 25 : 31 106 116 165 184 198
REC 27 7 22 : 31 106 116 165 184 198 201
REC 27 7 22 : 31 106 116 165 184 198 209
REC 24 7 25 : 31 106 116 165 184 201
REC 27 7 22 : 31 106 116 165 184 201 210
REC 24 7 25 : 31 106 116 165 184 204
REC 27 7 22 : 31 106 116 165 184 204 209
REC 27 7 22 : 31 106 116 165 184 204 210
REC 24 7 25 : 31 106 116 165 184 209
REC 24 7 25 : 31 106 116 165 184 210
REC 21 7 28 : 31 106 116 165 195
REC 24 7 25 : 31 106 116 165 195 204
REC 24 7 25 : 31 106 116 165 195 216
REC 21 7 28 : 31 106 116 165 198
REC 24 7 25 : 31 106 116 165 198 201
REC 24 7 25 : 31 106 116 165 198 209
REC 24 7 25 : 31 106 116 165 198 216
REC 21 7 28 : 31 106 116 165 201
REC 24 7 25 : 31 106 116 165 201 210
REC 21 7 28 : 31 106 116 165 204
REC 24 7 25 : 31 106 116 165 204 209
REC 24 7 25 : 31 106 116 165 204 210
REC 21 7 28 : 31 106 116 165 209
REC 21 7 28 : 31 106 116 165 210
REC 21 7 28 : 31 106 116 165 216
REC 18 7 31 : 31 106 116 166
REC 21 7 28 : 31 106 116 166 169
REC 24 7 25 : 31 106 116 166 169 195
REC 27 7 22 : 31 106 116 166 169 195 204
REC 27 7 22 : 31 106 116 166 169 195 216
REC 24 7 25 : 31 106 116 166 169 197
REC 27 7 22 : 31 106 116 166 169 197 210
REC 27 7 22 : 31 106 116 166 169 197 216
REC 24 7 25 : 31 106 116 166 169 204
REC 27 7 22 : 31 106 116 166 169 204 209
REC 27 7 22 : 31 106 116 166 169 204 210
REC 24 7 25 : 31 106 116 166 169 209
REC 24 7 25 : 31 106 116 166 169 210
REC 24 7 25 : 31 106 116 166 169 216
REC 21 7 28 : 31 106 116 166 177
REC 24 7 25 : 31 106 116 166 177 195
REC 27 7 22 : 31 106 116 166 177 195 204
REC 27 7 22 : 31 106 116 166 177 195 216
REC 24 7 25 : 31 106 116 166 177 197
REC 27 7 22 : 31 106 116 166 177 197 210
REC 27 7 22 : 31 106 116 166 177 197 216
REC 24 7 25 : 31 106 116 166 177 201
REC 27 7 22 : 31 106 116 166 177 201 210
REC 24 7 25 : 31 106 116 166 177 204
REC 27 7 22 : 31 106 116 166 177 204 210
REC 24 7 25 : 31 106 116 166 177 210
REC 24 7 25 : 31 106 116 166 177 216
REC 21 7 28 : 31 106 116 166 184
REC 24 7 25 : 31 106 116 166 184 195
REC 27 7 22 : 31 106 116 166 184 195 204
REC 24 7 25 : 31 106 116 166 184 197
REC 27 7 22 : 31 106 116 166 184 197 210
REC 24 7 25 : 31 106 116 166 184 201
REC 27 7 22 : 31 106 116 166 184 201 210
REC 24 7 25 : 31 106 116 166 184 204
REC 27 7 22 : 31 106 116 166 184 204 209
REC 27 7 22 : 31 106 116 166 184 204 210
REC 30 7 19 : 31 106 116 166 184 204 210 225
REC 27 7 22 : 31 106 116 166 184 204 225
REC 24 7 25 : 31 106 116 166 184 209
REC 24 7 25 : 31 106 116 166 184 210
REC 27 7 22 : 31 106 116 166 184 210 225
REC 24 7 25 : 31 106 116 166 184 225
REC 21 7 28 : 31 106 116 166 195
REC 24 7 25 : 31 106 116 166 195 204
REC 24 7 25 : 31 106 116 166 195 216
REC 21 7 28 : 31 106 116 166 197
REC 24 7 25 : 31 106 116 166 197 210
REC 24 7 25 : 31 106 116 166 197 216
REC 21 7 28 : 31 106 116 166 201
REC 24 7 25 : 31 106 116 166 201 210
REC 21 7 28 : 31 106 116 166 204
REC 24 7 25 : 31 106 116 166 204 209
REC 24 7 25 : 31 106 116 166 204 210
REC 27 7 22 : 31 106 116 166 204 210 225
REC 24 7 25 : 31 106 116 166 204 225
REC 21 7 28 : 31 106 116 166 209
REC 21 7 28 : 31 106 116 166 210
REC 24 7 25 : 31 106 116 166 210 225
REC 21 7 28 : 31 106 116 166 216
REC 24 7 25 : 31 106 116 166 216 225
REC 21 7 28 : 31 106 116 166 225
REC 18 7 31 : 31 106 116 169
REC 21 7 28 : 31 106 116 169 178
REC 24 7 25 : 31 106 116 169 178 195
REC 27 7 22 : 31 106 116 169 178 195 204
REC 27 7 22 : 31 106 116 169 178 195 216
REC 24 7 25 : 31 106 116 169 178 197
REC 27 7 22 : 31 106 116 169 178 197 216
REC 24 7 25 : 31 106 116 169 178 198
REC 27 7 22 : 31 106 116 169 178 198 209
REC 27 7 22 : 31 106 116 169 178 198 216
REC 24 7 25 : 31 106 116 169 178 204
REC 27 7 22 : 31 106 116 169 178 204 209
REC 24 7 25 : 31 106 116 169 178 209
REC 24 7 25 : 31 106 116 169 178 216
REC 21 7 28 : 31 106 116 169 195
REC 24 7 25 : 31 106 116 169 195 204
REC 24 7 25 : 31 106 116 169 195 216
REC 21 7 28 : 31 106 116 169 197
REC 24 7 25 : 31 106 116 169 197 210
REC 24 7 25 : 31 106 116 169 197 216
REC 21 7 28 : 31 106 116 169 198
REC 24 7 25 : 31 106 116 169 198 209
REC 24 7 25 : 31 106 116 169 198 216
REC 21 7 28 : 31 106 116 169 204
REC 24 7 25 : 31 106 116 169 204 209
REC 24 7 25 : 31 106 116 169 204 210
REC 21 7 28 : 31 106 116 169 209
REC 21 7 28 : 31 106 116 169 210
REC 21 7 28 : 31 106 116 169 216
REC 18 7 31 : 31 106 116 172
REC 21 7 28 : 31 106 116 172 177
REC 24 7 25 : 31 106 116 172 177 195
REC 27 7 22 : 31 106 116 172 177 195 216
REC 24 7 25 : 31 106 116 172 177 197
REC 27 7 22 : 31 106 116 172 177 197 210
REC 27 7 22 : 31 106 116 172 177 197 216
REC 24 7 25 : 31 106 116 172 177 198
REC 27 7 22 : 31 106 116 172 177 198 201
REC 27 7 22 : 31 106 116 172 177 198 216
REC 24 7 25 : 31 106 116 172 177 201
REC 27 7 22 : 31 106 116 172 177 201 210
REC 24 7 25 : 31 106 116 172 177 210
REC 24 7 25 : 31 106 116 172 177 216
REC 21 7 28 : 31 106 116 172 178
REC 24 7 25 : 31 106 116 172 178 195
REC 27 7 22 : 31 106 116 172 178 195 216
REC 24 7 25 : 31 106 116 172 178 197
REC 27 7 22 : 31 106 116 172 178 197 216
REC 24 7 25 : 31 106 116 172 178 198
REC 27 7 22 : 31 106 116 172 178 198 201
REC 27 7 22 : 31 106 116 172 178 198 209
REC 27 7 22 : 31 106 116 172 178 198 216
REC 30 7 19 : 31 106 116 172 178 198 216 225
REC 27 7 22 : 31 106 116 172 178 198 225
REC 24 7 25 : 31 106 116 172 178 201
REC 24 7 25 : 31 106 116 172 178 209
REC 24 7 25 : 31 106 116 172 178 216
REC 27 7 22 : 31 106 116 172 178 216 225
REC 24 7 25 : 31 106 116 172 178 225
REC 21 7 28 : 31 106 116 172 195
REC 24 7 25 : 31 106 116 172 195 216
REC 21 7 28 : 31 106 116 172 197
REC 24 7 25 : 31 106 116 172 197 210
REC 24 7 25 : 31 106 116 172 197 216
REC 21 7 28 : 31 106 116 172 198
REC 24 7 25 : 31 106 116 172 198 201
REC 24 7 25 : 31 106 116 172 198 209
REC 24 7 25 : 31 106 116 172 198 216
REC 27 7 22 : 31 106 116 172 198 216 225
REC 24 7 25 : 31 106 116 172 198 225
REC 21 7 28 : 31 106 116 172 201
REC 24 7 25 : 31 106 116 172 201 210
REC 21 7 28 : 31 106 116 172 209
REC 21 7 28 : 31 106 116 172 210
REC 24 7 25 : 31 106 116 172 210 225
REC 21 7 28 : 31 106 116 172 216
REC 24 7 25 : 31 106 116 172 216 225
REC 21 7 28 : 31 106 116 172 225
REC 18 7 31 : 31 106 116 177
REC 21 7 28 : 31 106 116 177 195
REC 24 7 25 : 31 106 116 177 195 204
REC 24 7 25 : 31 106 116 177 195 216
REC 21 7 28 : 31 106 116 177 197
REC 24 7 25 : 31 106 116 177 197 210
REC 24 7 25 : 31 106 116 177 197 216
REC 21 7 28 : 31 106 116 177 198
REC 24 7 25 : 31 106 116 177 198 201
REC 24 7 25 : 31 106 116 177 198 216
REC 21 7 28 : 31 106 116 177 201
REC 24 7 25 : 31 106 116 177 201 210
REC 21 7 28 : 31 106 116 177 204
REC 24 7 25 : 31 106 116 177 204 210
REC 21 7 28 : 31 106 116 177 210
REC 21 7 28 : 31 106 116 177 216
REC 18 7 31 : 31 106 116 178
REC 21 7 28 : 31 106 116 178 195
REC 24 7 25 : 31 106 116 178 195 204
REC 24 7 25 : 31 106 116 178 195 216
REC 21 7 28 : 31 106 116 178 197
REC 24 7 25 : 31 106 116 178 197 216
REC 21 7 28 : 31 106 116 178 198
REC 24 7 25 : 31 106 116 178 198 201
REC 24 7 25 : 31 106 116 178 198 209
REC 24 7 25 : 31 106 116 178 198 216
REC 27 7 22 : 31 106 116 178 198 216 225
REC 24 7 25 : 31 106 116 178 198 225
REC 21 7 28 : 31 106 116 178 201
REC 21 7 28 : 31 106 116 178 204
REC 24 7 25 : 31 106 116 178 204 209
REC 24 7 25 : 31 106 116 178 204 225
REC 21 7 28 : 31 106 116 178 209
REC 21 7 28 : 31 106 116 178 216
REC 24 7 25 : 31 106 116 178 216 225
REC 21 7 28 : 31 106 116 178 225
REC 18 7 31 : 31 106 116 184
REC 21 7 28 : 31 106 116 184 195
REC 24 7 25 : 31 106 116 184 195 204
REC 21 7 28 : 31 106 116 184 197
REC 24 7 25 : 31 106 116 184 197 210
REC 21 7 28 : 31 106 116 184 198
REC 24 7 25 : 31 106 116 184 198 201
REC 24 7 25 : 31 106 116 184 198 209
REC 24 7 25 : 31 106 116 184 198 225
REC 21 7 28 : 31 106 116 184 201
REC 24 7 25 : 31 106 116 184 201 210
REC 21 7 28 : 31 106 116 184 204
REC 24 7 25 : 31 106 116 184 204 209
REC 24 7 25 : 31 106 116 184 204 210
REC 27 7 22 : 31 106 116 184 204 210 225
REC 24 7 25 : 31 106 116 184 204 225
REC 21 7 28 : 31 106 116 184 209
REC 21 7 28 : 31 106 116 184 210
REC 24 7 25 : 31 106 116 184 210 225
REC 21 7 28 : 31 106 116 184 225
REC 18 7 31 : 31 106 116 195
REC 21 7 28 : 31 106 116 195 204
REC 21 7 28 : 31 106 116 195 216
REC 18 7 31 : 31 106 116 197
REC 21 7 28 : 31 106 116 197 210
REC 21 7 28 : 31 106 116 197 216
REC 18 7 31 : 31 106 116 198
REC 21 7 28 : 31 106 116 198 201
REC 21 7 28 : 31 106 116 198 209
REC 21 7 28 : 31 106 116 198 216
REC 24 7 25 : 31 106 116 198 216 225
REC 21 7 28 : 31 106 116 198 225
REC 18 7 31 : 31 106 116 201
REC 21 7 28 : 31 106 116 201 210
REC 18 7 31 : 31 106 116 204
REC 21 7 28 : 31 106 116 204 209
REC 21 7 28 : 31 106 116 204 210
REC 24 7 25 : 31 106 116 204 210 225
REC 21 7 28 : 31 106 116 204 225
REC 18 7 31 : 31 106 116 209
REC 18 7 31 : 31 106 116 210
REC 21 7 28 : 31 106 116 210 225
REC 18 7 31 : 31 106 116 216
REC 21 7 28 : 31 106 116 216 225
REC 18 7 31 : 31 106 116 225
REC 15 7 34 : 31 106 163
REC 18 7 31 : 31 106 163 172
REC 21 7 28 : 31 106 163 172 197
REC 24 7 25 : 31 106 163 172 197 210
REC 24 7 25 : 31 106 163 172 197 216
REC 24 7 25 : 31 106 163 172 197 240
REC 21 7 28 : 31 106 163 172 198
REC 24 7 25 : 31 106 163 172 198 201
REC 27 7 22 : 31 106 163 172 198 201 240
REC 24 7 25 : 31 106 163 172 198 209
REC 24 7 25 : 31 106 163 172 198 216
REC 24 7 25 : 31 106 163 172 198 240
REC 21 7 28 : 31 106 163 172 201
REC 24 7 25 : 31 106 163 172 201 210
REC 24 7 25 : 31 106 163 172 201 212
REC 24 7 25 : 31 106 163 172 201 240
REC 21 7 28 : 31 106 163 172 209
REC 21 7 28 : 31 106 163 172 210
REC 21 7 28 : 31 106 163 172 212
REC 21 7 28 : 31 106 163 172 216
REC 21 7 28 : 31 106 163 172 240
REC 18 7 31 : 31 106 163 180
REC 21 7 28 : 31 106 163 180 197
REC 24 7 25 : 31 106 163 180 197 210
REC 24 7 25 : 31 106 163 180 197 216
REC 21 7 28 : 31 106 163 180 198
REC 24 7 25 : 31 106 163 180 198 201
REC 24 7 25 : 31 106 163 180 198 209
REC 24 7 25 : 31 106 163 180 198 216
REC 21 7 28 : 31 106 163 180 201
REC 24 7 25 : 31 106 163 180 201 210
REC 21 7 28 : 31 106 163 180 204
REC 24 7 25 : 31 106 163 180 204 209
REC 24 7 25 : 31 106 163 180 204 210
REC 21 7 28 : 31 106 163 180 209
REC 21 7 28 : 31 106 163 180 210
REC 21 7 28 : 31 106 163 180 216
REC 18 7 31 : 31 106 163 184
REC 21 7 28 : 31 106 163 184 197
REC 24 7 25 : 31 106 163 184 197 210
REC 21 7 28 : 31 106 163 184 198
REC 24 7 25 : 31 106 163 184 198 201
REC 24 7 25 : 31 106 163 184 198 209
REC 21 7 28 : 31 106 163 184 201
REC 24 7 25 : 31 106 163 184 201 210
REC 27 7 22 : 31 106 163 184 201 210 228
REC 24 7 25 : 31 106 163 184 201 212
REC 24 7 25 : 31 106 163 184 201 228
REC 21 7 28 : 31 106 163 184 204
REC 24 7 25 : 31 106 163 184 204 209
REC 24 7 25 : 31 106 163 184 204 210
REC 21 7 28 : 31 106 163 184 209
REC 24 7 25 : 31 106 163 184 209 228
REC 21 7 28 : 31 106 163 184 210
REC 24 7 25 : 31 106 163 184 210 228
REC 21 7 28 : 31 106 163 184 212
REC 21 7 28 : 31 106 163 184 228
REC 18 7 31 : 31 106 163 197
REC 21 7 28 : 31 106 163 197 210
REC 21 7 28 : 31 106 163 197 216
REC 21 7 28 : 31 106 163 197 240
REC 18 7 31 : 31 106 163 198
REC 21 7 28 : 31 106 163 198 201
REC 24 7 25 : 31 106 163 198 201 240
REC 21 7 28 : 31 106 163 198 209
REC 21 7 28 : 31 106 163 198 216
REC 21 7 28 : 31 106 163 198 240
REC 18 7 31 : 31 106 163 201
REC 21 7 28 : 31 106 163 201 210
REC 24 7 25 : 31 106 163 201 210 228
REC 21 7 28 : 31 106 163 201 212
REC 21 7 28 : 31 106 163 201 228
REC 21 7 28 : 31 106 163 201 240
REC 27 7 22 : 31 106 163 201 244
REC 18 7 31 : 31 106 163 204
REC 21 7 28 : 31 106 163 204 209
REC 21 7 28 : 31 106 163 204 210
REC 21 7 28 : 31 106 163 204 240
REC 18 7 31 : 31 106 163 209
REC 21 7 28 : 31 106 163 209 228
REC 18 7 31 : 31 106 163 210
REC 21 7 28 : 31 106 163 210 228
REC 18 7 31 : 31 106 163 212
REC 18 7 31 : 31 106 163 216
REC 21 7 28 : 31 106 163 216 228
REC 18 7 31 : 31 106 163 228
REC 18 7 31 : 31 106 163 240
REC 24 7 25 : 31 106 163 244
REC 15 7 34 : 31 106 165
REC 18 7 31 : 31 106 165 178
REC 21 7 28 : 31 106 165 178 195
REC 24 7 25 : 31 106 165 178 195 204
REC 24 7 25 : 31 106 165 178 195 212
REC 24 7 25 : 31 106 165 178 195 216
REC 21 7 28 : 31 106 165 178 198
REC 24 7 25 : 31 106 165 178 198 201
REC 24 7 25 : 31 106 165 178 198 209
REC 24 7 25 : 31 106 165 178 198 216
REC 21 7 28 : 31 106 165 178 201
REC 24 7 25 : 31 106 165 178 201 212
REC 21 7 28 : 31 106 165 178 204
REC 24 7 25 : 31 106 165 178 204 209
REC 21 7 28 : 31 106 165 178 209
REC 21 7 28 : 31 106 165 178 212
REC 21 7 28 : 31 106 165 178 216
REC 18 7 31 : 31 106 165 184
REC 21 7 28 : 31 106 165 184 195
REC 24 7 25 : 31 106 165 184 195 204
REC 24 7 25 : 31 106 165 184 195 212
REC 21 7 28 : 31 106 165 184 198
REC 24 7 25 : 31 106 165 184 198 201
REC 24 7 25 : 31 106 165 184 198 209
REC 21 7 28 : 31 106 165 184 201
REC 24 7 25 : 31 106 165 184 201 210
REC 24 7 25 : 31 106 165 184 201 212
REC 21 7 28 : 31 106 165 184 204
REC 24 7 25 : 31 106 165 184 204 209
REC 24 7 25 : 31 106 165 184 204 210
REC 21 7 28 : 31 106 165 184 209
REC 21 7 28 : 31 106 165 184 210
REC 21 7 28 : 31 106 165 184 212
REC 18 7 31 : 31 106 165 195
REC 21 7 28 : 31 106 165 195 204
REC 24 7 25 : 31 106 165 195 204 240
REC 21 7 28 : 31 106 165 195 212
REC 21 7 28 : 31 106 165 195 216
REC 21 7 28 : 31 106 165 195 240
REC 18 7 31 : 31 106 165 198
REC 21 7 28 : 31 106 165 198 201
REC 24 7 25 : 31 106 165 198 201 240
REC 21 7 28 : 31 106 165 198 209
REC 21 7 28 : 31 106 165 198 216
REC 21 7 28 : 31 106 165 198 240
REC 18 7 31 : 31 106 165 201
REC 21 7 28 : 31 106 165 201 210
REC 21 7 28 : 31 106 165 201 212
REC 21 7 28 : 31 106 165 201 240
REC 18 7 31 : 31 106 165 204
REC 21 7 28 : 31 106 165 204 209
REC 21 7 28 : 31 106 165 204 210
REC 21 7 28 : 31 106 165 204 240
REC 18 7 31 : 31 106 165 209
REC 18 7 31 : 31 106 165 210
REC 18 7 31 : 31 106 165 212
REC 18 7 31 : 31 106 165 216
REC 18 7 31 : 31 106 165 240
REC 15 7 34 : 31 106 166
REC 18 7 31 : 31 106 166 169
REC 21 7 28 : 31 106 166 169 195
REC 24 7 25 : 31 106 166 169 195 204
REC 27 7 22 : 31 106 166 169 195 204 240
REC 24 7 25 : 31 106 166 169 195 212
REC 24 7 25 : 31 106 166 169 195 216
REC 24 7 25 : 31 106 166 169 195 240
REC 21 7 28 : 31 106 166 169 197
REC 24 7 25 : 31 106 166 169 197 210
REC 24 7 25 : 31 106 166 169 197 216
REC 24 7 25 : 31 106 166 169 197 240
REC 21 7 28 : 31 106 166 169 204
REC 24 7 25 : 31 106 166 169 204 209
REC 24 7 25 : 31 106 166 169 204 210
REC 24 7 25 : 31 106 166 169 204 240
REC 21 7 28 : 31 106 166 169 209
REC 21 7 28 : 31 106 166 169 210
REC 21 7 28 : 31 106 166 169 212
REC 21 7 28 : 31 106 166 169 216
REC 21 7 28 : 31 106 166 169 240
REC 18 7 31 : 31 106 166 177
REC 21 7 28 : 31 106 166 177 195
REC 24 7 25 : 31 106 166 177 195 204
REC 24 7 25 : 31 106 166 177 195 212
REC 24 7 25 : 31 106 166 177 195 216
REC 21 7 28 : 31 106 166 177 197
REC 24 7 25 : 31 106 166 177 197 210
REC 24 7 25 : 31 106 166 177 197 216
REC 21 7 28 : 31 106 166 177 201
REC 24 7 25 : 31 106 166 177 201 210
REC 24 7 25 : 31 106 166 177 201 212
REC 21 7 28 : 31 106 166 177 204
REC 24 7 25 : 31 106 166 177 204 210
REC 21 7 28 : 31 106 166 177 210
REC 21 7 28 : 31 106 166 177 212
REC 21 7 28 : 31 106 166 177 216
REC 18 7 31 : 31 106 166 184
REC 21 7 28 : 31 106 166 184 195
REC 24 7 25 : 31 106 166 184 195 204
REC 24 7 25 : 31 106 166 184 195 212
REC 21 7 28 : 31 106 166 184 197
REC 24 7 25 : 31 106 166 184 197 210
REC 21 7 28 : 31 106 166 184 201
REC 24 7 25 : 31 106 166 184 201 210
REC 24 7 25 : 31 106 166 184 201 212
REC 21 7 28 : 31 106 166 184 204
REC 24 7 25 : 31 106 166 184 204 209
REC 24 7 25 : 31 106 166 184 204 210
REC 27 7 22 : 31 106 166 184 204 210 225
REC 24 7 25 : 31 106 166 184 204 225
REC 21 7 28 : 31 106 166 184 209
REC 21 7 28 : 31 106 166 184 210
REC 24 7 25 : 31 106 166 184 210 225
REC 21 7 28 : 31 106 166 184 212
REC 24 7 25 : 31 106 166 184 212 225
REC 21 7 28 : 31 106 166 184 225
REC 18 7 31 : 31 106 166 195
REC 21 7 28 : 31 106 166 195 204
REC 24 7 25 : 31 106 166 195 204 240
REC 21 7 28 : 31 106 166 195 212
REC 21 7 28 : 31 106 166 195 216
REC 21 7 28 : 31 106 166 195 240
REC 18 7 31 : 31 106 166 197
REC 21 7 28 : 31 106 166 197 210
REC 21 7 28 : 31 106 166 197 216
REC 21 7 28 : 31 106 166 197 240
REC 18 7 31 : 31 106 166 201
REC 21 7 28 : 31 106 166 201 210
REC 21 7 28 : 31 106 166 201 212
REC 21 7 28 : 31 106 166 201 240
REC 18 7 31 : 31 106 166 204
REC 21 7 28 : 31 106 166 204 209
REC 21 7 28 : 31 106 166 204 210
REC 24 7 25 : 31 106 166 204 210 225
REC 21 7 28 : 31 106 166 204 225
REC 21 7 28 : 31 106 166 204 240
REC 27 7 22 : 31 106 166 204 241
REC 18 7 31 : 31 106 166 209
REC 18 7 31 : 31 106 166 210
REC 21 7 28 : 31 106 166 210 225
REC 18 7 31 : 31 106 166 212
REC 21 7 28 : 31 106 166 212 225
REC 18 7 31 : 31 106 166 216
REC 21 7 28 : 31 106 166 216 225
REC 18 7 31 : 31 106 166 225
REC 18 7 31 : 31 106 166 240
REC 24 7 25 : 31 106 166 241
REC 15 7 34 : 31 106 169
REC 18 7 31 : 31 106 169 178
REC 21 7 28 : 31 106 169 178 195
REC 24 7 25 : 31 106 169 178 195 204
REC 24 7 25 : 31 106 169 178 195 212
REC 24 7 25 : 31 106 169 178 195 216
REC 27 7 22 : 31 106 169 178 195 216 228
REC 24 7 25 : 31 106 169 178 195 228
REC 21 7 28 : 31 106 169 178 197
REC 24 7 25 : 31 106 169 178 197 216
REC 21 7 28 : 31 106 169 178 198
REC 24 7 25 : 31 106 169 178 198 209
REC 24 7 25 : 31 106 169 178 198 216
REC 21 7 28 : 31 106 169 178 204
REC 24 7 25 : 31 106 169 178 204 209
REC 21 7 28 : 31 106 169 178 209
REC 24 7 25 : 31 106 169 178 209 228
REC 21 7 28 : 31 106 169 178 212
REC 21 7 28 : 31 106 169 178 216
REC 24 7 25 : 31 106 169 178 216 228
REC 21 7 28 : 31 106 169 178 228
REC 18 7 31 : 31 106 169 180
REC 21 7 28 : 31 106 169 180 195
REC 24 7 25 : 31 106 169 180 195 204
REC 24 7 25 : 31 106 169 180 195 216
REC 21 7 28 : 31 106 169 180 197
REC 24 7 25 : 31 106 169 180 197 210
REC 24 7 25 : 31 106 169 180 197 216
REC 21 7 28 : 31 106 169 180 198
REC 24 7 25 : 31 106 169 180 198 209
REC 24 7 25 : 31 106 169 180 198 216
REC 21 7 28 : 31 106 169 180 204
REC 24 7 25 : 31 106 169 180 204 209
REC 24 7 25 : 31 106 169 180 204 210
REC 21 7 28 : 31 106 169 180 209
REC 21 7 28 : 31 106 169 180 210
REC 21 7 28 : 31 106 169 180 216
REC 18 7 31 : 31 106 169 195
REC 21 7 28 : 31 106 169 195 204
REC 24 7 25 : 31 106 169 195 204 240
REC 21 7 28 : 31 106 169 195 212
REC 21 7 28 : 31 106 169 195 216
REC 24 7 25 : 31 106 169 195 216 228
REC 21 7 28 : 31 106 169 195 228
REC 21 7 28 : 31 106 169 195 240
REC 27 7 22 : 31 106 169 195 244
REC 18 7 31 : 31 106 169 197
REC 21 7 28 : 31 106 169 197 210
REC 21 7 28 : 31 106 169 197 216
REC 21 7 28 : 31 106 169 197 240
REC 18 7 31 : 31 106 169 198
REC 21 7 28 : 31 106 169 198 209
REC 21 7 28 : 31 106 169 198 216
REC 21 7 28 : 31 106 169 198 240
REC 18 7 31 : 31 106 169 204
REC 21 7 28 : 31 106 169 204 209
REC 21 7 28 : 31 106 169 204 210
REC 21 7 28 : 31 106 169 204 240
REC 18 7 31 : 31 106 169 209
REC 21 7 28 : 31 106 169 209 228
REC 18 7 31 : 31 106 169 210
REC 21 7 28 : 31 106 169 210 228
REC 18 7 31 : 31 106 169 212
REC 18 7 31 : 31 106 169 216
REC 21 7 28 : 31 106 169 216 228
REC 18 7 31 : 31 106 169 228
REC 18 7 31 : 31 106 169 240
REC 24 7 25 : 31 106 169 244
REC 15 7 34 : 31 106 172
REC 18 7 31 : 31 106 172 177
REC 21 7 28 : 31 106 172 177 195
REC 24 7 25 : 31 106 172 177 195 212
REC 24 7 25 : 31 106 172 177 195 216
REC 21 7 28 : 31 106 172 177 197
REC 24 7 25 : 31 106 172 177 197 210
REC 24 7 25 : 31 106 172 177 197 216
REC 21 7 28 : 31 106 172 177 198
REC 24 7 25 : 31 106 172 177 198 201
REC 24 7 25 : 31 106 172 177 198 216
REC 21 7 28 : 31 106 172 177 201
REC 24 7 25 : 31 106 172 177 201 210
REC 24 7 25 : 31 106 172 177 201 212
REC 21 7 28 : 31 106 172 177 210
REC 21 7 28 : 31 106 172 177 212
REC 21 7 28 : 31 106 172 177 216
REC 18 7 31 : 31 106 172 178
REC 21 7 28 : 31 106 172 178 195
REC 24 7 25 : 31 106 172 178 195 212
REC 24 7 25 : 31 106 172 178 195 216
REC 21 7 28 : 31 106 172 178 197
REC 24 7 25 : 31 106 172 178 197 216
REC 21 7 28 : 31 106 172 178 198
REC 24 7 25 : 31 106 172 178 198 201
REC 24 7 25 : 31 106 172 178 198 209
REC 24 7 25 : 31 106 172 178 198 216
REC 27 7 22 : 31 106 172 178 198 216 225
REC 24 7 25 : 31 106 172 178 198 225
REC 21 7 28 : 31 106 172 178 201
REC 24 7 25 : 31 106 172 178 201 212
REC 21 7 28 : 31 106 172 178 209
REC 21 7 28 : 31 106 172 178 212
REC 24 7 25 : 31 106 172 178 212 225
REC 21 7 28 : 31 106 172 178 216
REC 24 7 25 : 31 106 172 178 216 225
REC 21 7 28 : 31 106 172 178 225
REC 18 7 31 : 31 106 172 195
REC 21 7 28 : 31 106 172 195 212
REC 21 7 28 : 31 106 172 195 216
REC 21 7 28 : 31 106 172 195 240
REC 18 7 31 : 31 106 172 197
REC 21 7 28 : 31 106 172 197 210
REC 21 7 28 : 31 106 172 197 216
REC 21 7 28 : 31 106 172 197 240
REC 18 7 31 : 31 106 172 198
REC 21 7 28 : 31 106 172 198 201
REC 24 7 25 : 31 106 172 198 201 240
REC 21 7 28 : 31 106 172 198 209
REC 21 7 28 : 31 106 172 198 216
REC 24 7 25 : 31 106 172 198 216 225
REC 21 7 28 : 31 106 172 198 225
REC 21 7 28 : 31 106 172 198 240
REC 27 7 22 : 31 106 172 198 241
REC 18 7 31 : 31 106 172 201
REC 21 7 28 : 31 106 172 201 210
REC 21 7 28 : 31 106 172 201 212
REC 21 7 28 : 31 106 172 201 240
REC 18 7 31 : 31 106 172 209
REC 18 7 31 : 31 106 172 210
REC 21 7 28 : 31 106 172 210 225
REC 18 7 31 : 31 106 172 212
REC 21 7 28 : 31 106 172 212 225
REC 18 7 31 : 31 106 172 216
REC 21 7 28 : 31 106 172 216 225
REC 18 7 31 : 31 106 172 225
REC 18 7 31 : 31 106 172 240
REC 24 7 25 : 31 106 172 241
REC 15 7 34 : 31 106 177
REC 18 7 31 : 31 106 177 195
REC 21 7 28 : 31 106 177 195 204
REC 21 7 28 : 31 106 177 195 212
REC 21 7 28 : 31 106 177 195 216
REC 24 7 25 : 31 106 177 195 216 228
REC 21 7 28 : 31 106 177 195 228
REC 18 7 31 : 31 106 177 197
REC 21 7 28 : 31 106 177 197 210
REC 21 7 28 : 31 106 177 197 216
REC 18 7 31 : 31 106 177 198
REC 21 7 28 : 31 106 177 198 201
REC 21 7 28 : 31 106 177 198 216
REC 18 7 31 : 31 106 177 201
REC 21 7 28 : 31 106 177 201 210
REC 24 7 25 : 31 106 177 201 210 228
REC 21 7 28 : 31 106 177 201 212
REC 21 7 28 : 31 106 177 201 228
REC 18 7 31 : 31 106 177 204
REC 21 7 28 : 31 106 177 204 210
REC 18 7 31 : 31 106 177 210
REC 21 7 28 : 31 106 177 210 228
REC 18 7 31 : 31 106 177 212
REC 18 7 31 : 31 106 177 216
REC 21 7 28 : 31 106 177 216 228
REC 18 7 31 : 31 106 177 228
REC 15 7 34 : 31 106 178
REC 18 7 31 : 31 106 178 195
REC 21 7 28 : 31 106 178 195 204
REC 21 7 28 : 31 106 178 195 212
REC 21 7 28 : 31 106 178 195 216
REC 24 7 25 : 31 106 178 195 216 228
REC 21 7 28 : 31 106 178 195 228
REC 18 7 31 : 31 106 178 197
REC 21 7 28 : 31 106 178 197 216
REC 18 7 31 : 31 106 178 198
REC 21 7 28 : 31 106 178 198 201
REC 21 7 28 : 31 106 178 198 209
REC 21 7 28 : 31 106 178 198 216
REC 24 7 25 : 31 106 178 198 216 225
REC 21 7 28 : 31 106 178 198 225
REC 18 7 31 : 31 106 178 201
REC 21 7 28 : 31 106 178 201 212
REC 21 7 28 : 31 106 178 201 228
REC 18 7 31 : 31 106 178 204
REC 21 7 28 : 31 106 178 204 209
REC 21 7 28 : 31 106 178 204 225
REC 18 7 31 : 31 106 178 209
REC 21 7 28 : 31 106 178 209 228
REC 18 7 31 : 31 106 178 212
REC 21 7 28 : 31 106 178 212 225
REC 18 7 31 : 31 106 178 216
REC 21 7 28 : 31 106 178 216 225
REC 21 7 28 : 31 106 178 216 228
REC 27 7 22 : 31 106 178 216 229
REC 18 7 31 : 31 106 178 225
REC 18 7 31 : 31 106 178 228
REC 24 7 25 : 31 106 178 229
REC 15 7 34 : 31 106 180
REC 18 7 31 : 31 106 180 195
REC 21 7 28 : 31 106 180 195 204
REC 21 7 28 : 31 106 180 195 216
REC 18 7 31 : 31 106 180 197
REC 21 7 28 : 31 106 180 197 210
REC 21 7 28 : 31 106 180 197 216
REC 18 7 31 : 31 106 180 198
REC 21 7 28 : 31 106 180 198 201
REC 21 7 28 : 31 106 180 198 209
REC 21 7 28 : 31 106 180 198 216
REC 24 7 25 : 31 106 180 198 216 225
REC 21 7 28 : 31 106 180 198 225
REC 18 7 31 : 31 106 180 201
REC 21 7 28 : 31 106 180 201 210
REC 18 7 31 : 31 106 180 204
REC 21 7 28 : 31 106 180 204 209
REC 21 7 28 : 31 106 180 204 210
REC 24 7 25 : 31 106 180 204 210 225
REC 21 7 28 : 31 106 180 204 225
REC 18 7 31 : 31 106 180 209
REC 18 7 31 : 31 106 180 210
REC 21 7 28 : 31 106 180 210 225
REC 18 7 31 : 31 106 180 216
REC 21 7 28 : 31 106 180 216 225
REC 18 7 31 : 31 106 180 225
REC 15 7 34 : 31 106 184
REC 18 7 31 : 31 106 184 195
REC 21 7 28 : 31 106 184 195 204
REC 21 7 28 : 31 106 184 195 212
REC 21 7 28 : 31 106 184 195 228
REC 18 7 31 : 31 106 184 197
REC 21 7 28 : 31 106 184 197 210
REC 18 7 31 : 31 106 184 198
REC 21 7 28 : 31 106 184 198 201
REC 21 7 28 : 31 106 184 198 209
REC 21 7 28 : 31 106 184 198 225
REC 18 7 31 : 31 106 184 201
REC 21 7 28 : 31 106 184 201 210
REC 24 7 25 : 31 106 184 201 210 228
REC 21 7 28 : 31 106 184 201 212
REC 21 7 28 : 31 106 184 201 228
REC 18 7 31 : 31 106 184 204
REC 21 7 28 : 31 106 184 204 209
REC 21 7 28 : 31 106 184 204 210
REC 24 7 25 : 31 106 184 204 210 225
REC 21 7 28 : 31 106 184 204 225
REC 18 7 31 : 31 106 184 209
REC 21 7 28 : 31 106 184 209 228
REC 18 7 31 : 31 106 184 210
REC 21 7 28 : 31 106 184 210 225
REC 21 7 28 : 31 106 184 210 228
REC 27 7 22 : 31 106 184 210 229
REC 18 7 31 : 31 106 184 212
REC 21 7 28 : 31 106 184 212 225
REC 18 7 31 : 31 106 184 225
REC 18 7 31 : 31 106 184 228
REC 24 7 25 : 31 106 184 229
REC 15 7 34 : 31 106 195
REC 18 7 31 : 31 106 195 204
REC 21 7 28 : 31 106 195 204 240
REC 18 7 31 : 31 106 195 212
REC 18 7 31 : 31 106 195 216
REC 21 7 28 : 31 106 195 216 228
REC 18 7 31 : 31 106 195 228
REC 18 7 31 : 31 106 195 240
REC 24 7 25 : 31 106 195 244
REC 15 7 34 : 31 106 197
REC 18 7 31 : 31 106 197 210
REC 18 7 31 : 31 106 197 216
REC 18 7 31 : 31 106 197 240
REC 15 7 34 : 31 106 198
REC 18 7 31 : 31 106 198 201
REC 21 7 28 : 31 106 198 201 240
REC 18 7 31 : 31 106 198 209
REC 18 7 31 : 31 106 198 216
REC 21 7 28 : 31 106 198 216 225
REC 18 7 31 : 31 106 198 225
REC 18 7 31 : 31 106 198 240
REC 24 7 25 : 31 106 198 241
REC 15 7 34 : 31 106 201
REC 18 7 31 : 31 106 201 210
REC 21 7 28 : 31 106 201 210 228
REC 18 7 31 : 31 106 201 212
REC 18 7 31 : 31 106 201 228
REC 18 7 31 : 31 106 201 240
REC 24 7 25 : 31 106 201 244
REC 15 7 34 : 31 106 204
REC 18 7 31 : 31 106 204 209
REC 18 7 31 : 31 106 204 210
REC 21 7 28 : 31 106 204 210 225
REC 18 7 31 : 31 106 204 225
REC 18 7 31 : 31 106 204 240
REC 24 7 25 : 31 106 204 241
REC 15 7 34 : 31 106 209
REC 18 7 31 : 31 106 209 228
REC 15 7 34 : 31 106 210
REC 18 7 31 : 31 106 210 225
REC 18 7 31 : 31 106 210 228
REC 24 7 25 : 31 106 210 229
REC 15 7 34 : 31 106 212
REC 18 7 31 : 31 106 212 225
REC 15 7 34 : 31 106 216
REC 18 7 31 : 31 106 216 225
REC 18 7 31 : 31 106 216 228
REC 24 7 25 : 31 106 216 229
REC 15 7 34 : 31 106 225
REC 15 7 34 : 31 106 228
REC 21 7 28 : 31 106 229
REC 15 7 34 : 31 106 240
REC 21 7 28 : 31 106 241
REC 21 7 28 : 31 106 244
REC 12 7 37 : 31 108
REC 15 7 34 : 31 108 113
REC 18 7 31 : 31 108 113 163
REC 21 7 28 : 31 108 113 163 180
REC 24 7 25 : 31 108 113 163 180 197
REC 27 7 22 : 31 108 113 163 180 197 202
REC 27 7 22 : 31 108 113 163 180 197 210
REC 27 7 22 : 31 108 113 163 180 197 216
REC 24 7 25 : 31 108 113 163 180 198
REC 27 7 22 : 31 108 113 163 180 198 201
REC 27 7 22 : 31 108 113 163 180 198 216
REC 24 7 25 : 31 108 113 163 180 201
REC 27 7 22 : 31 108 113 163 180 201 210
REC 24 7 25 : 31 108 113 163 180 202
REC 24 7 25 : 31 108 113 163 180 210
REC 24 7 25 : 31 108 113 163 180 216
REC 21 7 28 : 31 108 113 163 184
REC 24 7 25 : 31 108 113 163 184 197
REC 27 7 22 : 31 108 113 163 184 197 202
REC 27 7 22 : 31 108 113 163 184 197 210
REC 24 7 25 : 31 108 113 163 184 198
REC 27 7 22 : 31 108 113 163 184 198 201
REC 24 7 25 : 31 108 113 163 184 201
REC 27 7 22 : 31 108 113 163 184 201 210
REC 27 7 22 : 31 108 113 163 184 201 212
REC 24 7 25 : 31 108 113 163 184 202
REC 27 7 22 : 31 108 113 163 184 202 212
REC 24 7 25 : 31 108 113 163 184 210
REC 24 7 25 : 31 108 113 163 184 212
REC 21 7 28 : 31 108 113 163 197
REC 24 7 25 : 31 108 113 163 197 202
REC 24 7 25 : 31 108 113 163 197 210
REC 24 7 25 : 31 108 113 163 197 216
REC 21 7 28 : 31 108 113 163 198
REC 24 7 25 : 31 108 113 163 198 201
REC 24 7 25 : 31 108 113 163 198 216
REC 21 7 28 : 31 108 113 163 201
REC 24 7 25 : 31 108 113 163 201 210
REC 24 7 25 : 31 108 113 163 201 212
REC 21 7 28 : 31 108 113 163 202
REC 24 7 25 : 31 108 113 163 202 212
REC 21 7 28 : 31 108 113 163 210
REC 21 7 28 : 31 108 113 163 212
REC 21 7 28 : 31 108 113 163 216
REC 18 7 31 : 31 108 113 165
REC 21 7 28 : 31 108 113 165 170
REC 24 7 25 : 31 108 113 165 170 195
REC 27 7 22 : 31 108 113 165 170 195 212
REC 27 7 22 : 31 108 113 165 170 195 216
REC 24 7 25 : 31 108 113 165 170 198
REC 27 7 22 : 31 108 113 165 170 198 201
REC 27 7 22 : 31 108 113 165 170 198 216
REC 24 7 25 : 31 108 113 165 170 201
REC 27 7 22 : 31 108 113 165 170 201 210
REC 27 7 22 : 31 108 113 165 170 201 212
REC 24 7 25 : 31 108 113 165 170 210
REC 24 7 25 : 31 108 113 165 170 212
REC 24 7 25 : 31 108 113 165 170 216
REC 21 7 28 : 31 108 113 165 178
REC 24 7 25 : 31 108 113 165 178 195
REC 27 7 22 : 31 108 113 165 178 195 212
REC 27 7 22 : 31 108 113 165 178 195 216
REC 24 7 25 : 31 108 113 165 178 198
REC 27 7 22 : 31 108 113 165 178 198 201
REC 27 7 22 : 31 108 113 165 178 198 216
REC 24 7 25 : 31 108 113 165 178 201
REC 27 7 22 : 31 108 113 165 178 201 212
REC 24 7 25 : 31 108 113 165 178 202
REC 27 7 22 : 31 108 113 165 178 202 212
REC 24 7 25 : 31 108 113 165 178 212
REC 24 7 25 : 31 108 113 165 178 216
REC 21 7 28 : 31 108 113 165 184
REC 24 7 25 : 31 108 113 165 184 195
REC 27 7 22 : 31 108 113 165 184 195 212
REC 24 7 25 : 31 108 113 165 184 198
REC 27 7 22 : 31 108 113 165 184 198 201
REC 24 7 25 : 31 108 113 165 184 201
REC 27 7 22 : 31 108 113 165 184 201 210
REC 27 7 22 : 31 108 113 165 184 201 212
REC 30 7 19 : 31 108 113 165 184 201 212 226
REC 27 7 22 : 31 108 113 165 184 201 226
REC 24 7 25 : 31 108 113 165 184 202
REC 27 7 22 : 31 108 113 165 184 202 212
REC 24 7 25 : 31 108 113 165 184 210
REC 24 7 25 : 31 108 113 165 184 212
REC 27 7 22 : 31 108 113 165 184 212 226
REC 24 7 25 : 31 108 113 165 184 226
REC 21 7 28 : 31 108 113 165 195
REC 24 7 25 : 31 108 113 165 195 212
REC 24 7 25 : 31 108 113 165 195 216
REC 21 7 28 : 31 108 113 165 198
REC 24 7 25 : 31 108 113 165 198 201
REC 24 7 25 : 31 108 113 165 198 216
REC 21 7 28 : 31 108 113 165 201
REC 24 7 25 : 31 108 113 165 201 210
REC 24 7 25 : 31 108 113 165 201 212
REC 27 7 22 : 31 108 113 165 201 212 226
REC 24 7 25 : 31 108 113 165 201 226
REC 21 7 28 : 31 108 113 165 202
REC 24 7 25 : 31 108 113 165 202 212
REC 21 7 28 : 31 108 113 165 210
REC 21 7 28 : 31 108 113 165 212
REC 24 7 25 : 31 108 113 165 212 226
REC 21 7 28 : 31 108 113 165 216
REC 24 7 25 : 31 108 113 165 216 226
REC 21 7 28 : 31 108 113 165 226
REC 18 7 31 : 31 108 113 166
REC 21 7 28 : 31 108 113 166 169
REC 24 7 25 : 31 108 113 166 169 195
REC 27 7 22 : 31 108 113 166 169 195 212
REC 27 7 22 : 31 108 113 166 169 195 216
REC 24 7 25 : 31 108 113 166 169 197
REC 27 7 22 : 31 108 113 166 169 197 202
REC 27 7 22 : 31 108 113 166 169 197 210
REC 27 7 22 : 31 108 113 166 169 197 216
REC 24 7 25 : 31 108 113 166 169 202
REC 27 7 22 : 31 108 113 166 169 202 212
REC 24 7 25 : 31 108 113 166 169 210
REC 24 7 25 : 31 108 113 166 169 212
REC 24 7 25 : 31 108 113 166 169 216
REC 21 7 28 : 31 108 113 166 184
REC 24 7 25 : 31 108 113 166 184 195
REC 27 7 22 : 31 108 113 166 184 195 212
REC 24 7 25 : 31 108 113 166 184 197
REC 27 7 22 : 31 108 113 166 184 197 202
REC 27 7 22 : 31 108 113 166 184 197 210
REC 24 7 25 : 31 108 113 166 184 201
REC 27 7 22 : 31 108 113 166 184 201 210
REC 27 7 22 : 31 108 113 166 184 201 212
REC 24 7 25 : 31 108 113 166 184 202
REC 27 7 22 : 31 108 113 166 184 202 212
REC 24 7 25 : 31 108 113 166 184 210
REC 24 7 25 : 31 108 113 166 184 212
REC 21 7 28 : 31 108 113 166 195
REC 24 7 25 : 31 108 113 166 195 212
REC 24 7 25 : 31 108 113 166 195 216
REC 21 7 28 : 31 108 113 166 197
REC 24 7 25 : 31 108 113 166 197 202
REC 24 7 25 : 31 108 113 166 197 210
REC 24 7 25 : 31 108 113 166 197 216
REC 21 7 28 : 31 108 113 166 201
REC 24 7 25 : 31 108 113 166 201 210
REC 24 7 25 : 31 108 113 166 201 212
REC 21 7 28 : 31 108 113 166 202
REC 24 7 25 : 31 108 113 166 202 212
REC 21 7 28 : 31 108 113 166 210
REC 21 7 28 : 31 108 113 166 212
REC 21 7 28 : 31 108 113 166 216
REC 18 7 31 : 31 108 113 169
REC 21 7 28 : 31 108 113 169 178
REC 24 7 25 : 31 108 113 169 178 195
REC 27 7 22 : 31 108 113 169 178 195 212
REC 27 7 22 : 31 108 113 169 178 195 216
REC 24 7 25 : 31 108 113 169 178 197
REC 27 7 22 : 31 108 113 169 178 197 202
REC 27 7 22 : 31 108 113 169 178 197 216
REC 24 7 25 : 31 108 113 169 178 198
REC 27 7 22 : 31 108 113 169 178 198 216
REC 24 7 25 : 31 108 113 169 178 202
REC 27 7 22 : 31 108 113 169 178 202 212
REC 24 7 25 : 31 108 113 169 178 212
REC 24 7 25 : 31 108 113 169 178 216
REC 21 7 28 : 31 108 113 169 180
REC 24 7 25 : 31 108 113 169 180 195
REC 27 7 22 : 31 108 113 169 180 195 216
REC 24 7 25 : 31 108 113 169 180 197
REC 27 7 22 : 31 108 113 169 180 197 202
REC 27 7 22 : 31 108 113 169 180 197 210
REC 27 7 22 : 31 108 113 169 180 197 216
REC 30 7 19 : 31 108 113 169 180 197 216 226
REC 27 7 22 : 31 108 113 169 180 197 226
REC 24 7 25 : 31 108 113 169 180 198
REC 27 7 22 : 31 108 113 169 180 198 216
REC 24 7 25 : 31 108 113 169 180 202
REC 24 7 25 : 31 108 113 169 180 210
REC 24 7 25 : 31 108 113 169 180 216
REC 27 7 22 : 31 108 113 169 180 216 226
REC 24 7 25 : 31 108 113 169 180 226
REC 21 7 28 : 31 108 113 169 195
REC 24 7 25 : 31 108 113 169 195 212
REC 24 7 25 : 31 108 113 169 195 216
REC 21 7 28 : 31 108 113 169 197
REC 24 7 25 : 31 108 113 169 197 202
REC 24 7 25 : 31 108 113 169 197 210
REC 24 7 25 : 31 108 113 169 197 216
REC 27 7 22 : 31 108 113 169 197 216 226
REC 24 7 25 : 31 108 113 169 197 226
REC 21 7 28 : 31 108 113 169 198
REC 24 7 25 : 31 108 113 169 198 216
REC 21 7 28 : 31 108 113 169 202
REC 24 7 25 : 31 108 113 169 202 212
REC 21 7 28 : 31 108 113 169 210
REC 21 7 28 : 31 108 113 169 212
REC 24 7 25 : 31 108 113 169 212 226
REC 21 7 28 : 31 108 113 169 216
REC 24 7 25 : 31 108 113 169 216 226
REC 21 7 28 : 31 108 113 169 226
REC 18 7 31 : 31 108 113 170
REC 21 7 28 : 31 108 113 170 180
REC 24 7 25 : 31 108 113 170 180 195
REC 27 7 22 : 31 108 113 170 180 195 216
REC 24 7 25 : 31 108 113 170 180 197
REC 27 7 22 : 31 108 113 170 180 197 210
REC 27 7 22 : 31 108 113 170 180 197 216
REC 24 7 25 : 31 108 113 170 180 198
REC 27 7 22 : 31 108 113 170 180 198 201
REC 27 7 22 : 31 108 113 170 180 198 216
REC 24 7 25 : 31 108 113 170 180 201
REC 27 7 22 : 31 108 113 170 180 201 210
REC 24 7 25 : 31 108 113 170 180 210
REC 24 7 25 : 31 108 113 170 180 216
REC 21 7 28 : 31 108 113 170 195
REC 24 7 25 : 31 108 113 170 195 212
REC 24 7 25 : 31 108 113 170 195 216
REC 21 7 28 : 31 108 113 170 197
REC 24 7 25 : 31 108 113 170 197 210
REC 24 7 25 : 31 108 113 170 197 216
REC 21 7 28 : 31 108 113 170 198
REC 24 7 25 : 31 108 113 170 198 201
REC 24 7 25 : 31 108 113 170 198 216
REC 21 7 28 : 31 108 113 170 201
REC 24 7 25 : 31 108 113 170 201 210
REC 24 7 25 : 31 108 113 170 201 212
REC 21 7 28 : 31 108 113 170 210
REC 21 7 28 : 31 108 113 170 212
REC 21 7 28 : 31 108 113 170 216
REC 18 7 31 : 31 108 113 178
REC 21 7 28 : 31 108 113 178 195
REC 24 7 25 : 31 108 113 178 195 212
REC 24 7 25 : 31 108 113 178 195 216
REC 21 7 28 : 31 108 113 178 197
REC 24 7 25 : 31 108 113 178 197 202
REC 24 7 25 : 31 108 113 178 197 216
REC 21 7 28 : 31 108 113 178 198
REC 24 7 25 : 31 108 113 178 198 201
REC 24 7 25 : 31 108 113 178 198 216
REC 21 7 28 : 31 108 113 178 201
REC 24 7 25 : 31 108 113 178 201 212
REC 21 7 28 : 31 108 113 178 202
REC 24 7 25 : 31 108 113 178 202 212
REC 21 7 28 : 31 108 113 178 212
REC 21 7 28 : 31 108 113 178 216
REC 18 7 31 : 31 108 113 180
REC 21 7 28 : 31 108 113 180 195
REC 24 7 25 : 31 108 113 180 195 216
REC 21 7 28 : 31 108 113 180 197
REC 24 7 25 : 31 108 113 180 197 202
REC 24 7 25 : 31 108 113 180 197 210
REC 24 7 25 : 31 108 113 180 197 216
REC 27 7 22 : 31 108 113 180 197 216 226
REC 24 7 25 : 31 108 113 180 197 226
REC 21 7 28 : 31 108 113 180 198
REC 24 7 25 : 31 108 113 180 198 201
REC 24 7 25 : 31 108 113 180 198 216
REC 21 7 28 : 31 108 113 180 201
REC 24 7 25 : 31 108 113 180 201 210
REC 24 7 25 : 31 108 113 180 201 226
REC 21 7 28 : 31 108 113 180 202
REC 21 7 28 : 31 108 113 180 210
REC 21 7 28 : 31 108 113 180 216
REC 24 7 25 : 31 108 113 180 216 226
REC 21 7 28 : 31 108 113 180 226
REC 18 7 31 : 31 108 113 184
REC 21 7 28 : 31 108 113 184 195
REC 24 7 25 : 31 108 113 184 195 212
REC 21 7 28 : 31 108 113 184 197
REC 24 7 25 : 31 108 113 184 197 202
REC 24 7 25 : 31 108 113 184 197 210
REC 24 7 25 : 31 108 113 184 197 226
REC 21 7 28 : 31 108 113 184 198
REC 24 7 25 : 31 108 113 184 198 201
REC 21 7 28 : 31 108 113 184 201
REC 24 7 25 : 31 108 113 184 201 210
REC 24 7 25 : 31 108 113 184 201 212
REC 27 7 22 : 31 108 113 184 201 212 226
REC 24 7 25 : 31 108 113 184 201 226
REC 21 7 28 : 31 108 113 184 202
REC 24 7 25 : 31 108 113 184 202 212
REC 21 7 28 : 31 108 113 184 210
REC 21 7 28 : 31 108 113 184 212
REC 24 7 25 : 31 108 113 184 212 226
REC 21 7 28 : 31 108 113 184 226
REC 18 7 31 : 31 108 113 195
REC 21 7 28 : 31 108 113 195 212
REC 21 7 28 : 31 108 113 195 216
REC 18 7 31 : 31 108 113 197
REC 21 7 28 : 31 108 113 197 202
REC 21 7 28 : 31 108 113 197 210
REC 21 7 28 : 31 108 113 197 216
REC 24 7 25 : 31 108 113 197 216 226
REC 21 7 28 : 31 108 113 197 226
REC 18 7 31 : 31 108 113 198
REC 21 7 28 : 31 108 113 198 201
REC 21 7 28 : 31 108 113 198 216
REC 18 7 31 : 31 108 113 201
REC 21 7 28 : 31 108 113 201 210
REC 21 7 28 : 31 108 113 201 212
REC 24 7 25 : 31 108 113 201 212 226
REC 21 7 28 : 31 108 113 201 226
REC 18 7 31 : 31 108 113 202
REC 21 7 28 : 31 108 113 202 212
REC 18 7 31 : 31 108 113 210
REC 18 7 31 : 31 108 113 212
REC 21 7 28 : 31 108 113 212 226
REC 18 7 31 : 31 108 113 216
REC 21 7 28 : 31 108 113 216 226
REC 18 7 31 : 31 108 113 226
REC 15 7 34 : 31 108 114
REC 18 7 31 : 31 108 114 163
REC 21 7 28 : 31 108 114 163 180
REC 24 7 25 : 31 108 114 163 180 197
REC 27 7 22 : 31 108 114 163 180 197 202
REC 27 7 22 : 31 108 114 163 180 197 216
REC 24 7 25 : 31 108 114 163 180 198
REC 27 7 22 : 31 108 114 163 180 198 201
REC 27 7 22 : 31 108 114 163 180 198 209
REC 27 7 22 : 31 108 114 163 180 198 216
REC 24 7 25 : 31 108 114 163 180 201
REC 24 7 25 : 31 108 114 163 180 202
REC 27 7 22 : 31 108 114 163 180 202 209
REC 24 7 25 : 31 108 114 163 180 209
REC 24 7 25 : 31 108 114 163 180 216
REC 21 7 28 : 31 108 114 163 184
REC 24 7 25 : 31 108 114 163 184 197
REC 27 7 22 : 31 108 114 163 184 197 202
REC 24 7 25 : 31 108 114 163 184 198
REC 27 7 22 : 31 108 114 163 184 198 201
REC 27 7 22 : 31 108 114 163 184 198 209
REC 24 7 25 : 31 108 114 163 184 201
REC 27 7 22 : 31 108 114 163 184 201 212
REC 24 7 25 : 31 108 114 163 184 202
REC 27 7 22 : 31 108 114 163 184 202 209
REC 27 7 22 : 31 108 114 163 184 202 212
REC 24 7 25 : 31 108 114 163 184 209
REC 24 7 25 : 31 108 114 163 184 212
REC 21 7 28 : 31 108 114 163 197
REC 24 7 25 : 31 108 114 163 197 202
REC 24 7 25 : 31 108 114 163 197 216
REC 21 7 28 : 31 108 114 163 198
REC 24 7 25 : 31 108 114 163 198 201
REC 24 7 25 : 31 108 114 163 198 209
REC 24 7 25 : 31 108 114 163 198 216
REC 21 7 28 : 31 108 114 163 201
REC 24 7 25 : 31 108 114 163 201 212
REC 21 7 28 : 31 108 114 163 202
REC 24 7 25 : 31 108 114 163 202 209
REC 24 7 25 : 31 108 114 163 202 212
REC 21 7 28 : 31 108 114 163 209
REC 21 7 28 : 31 108 114 163 212
REC 21 7 28 : 31 108 114 163 216
REC 18 7 31 : 31 108 114 165
REC 21 7 28 : 31 108 114 165 170
REC 24 7 25 : 31 108 114 165 170 195
REC 27 7 22 : 31 108 114 165 170 195 212
REC 27 7 22 : 31 108 114 165 170 195 216
REC 24 7 25 : 31 108 114 165 170 198
REC 27 7 22 : 31 108 114 165 170 198 201
REC 27 7 22 : 31 108 114 165 170 198 209
REC 27 7 22 : 31 108 114 165 170 198 216
REC 24 7 25 : 31 108 114 165 170 201
REC 27 7 22 : 31 108 114 165 170 201 212
REC 24 7 25 : 31 108 114 165 170 209
REC 24 7 25 : 31 108 114 165 170 212
REC 24 7 25 : 31 108 114 165 170 216
REC 21 7 28 : 31 108 114 165 184
REC 24 7 25 : 31 108 114 165 184 195
REC 27 7 22 : 31 108 114 165 184 195 212
REC 24 7 25 : 31 108 114 165 184 198
REC 27 7 22 : 31 108 114 165 184 198 201
REC 27 7 22 : 31 108 114 165 184 198 209
REC 24 7 25 : 31 108 114 165 184 201
REC 27 7 22 : 31 108 114 165 184 201 212
REC 24 7 25 : 31 108 114 165 184 202
REC 27 7 22 : 31 108 114 165 184 202 209
REC 27 7 22 : 31 108 114 165 184 202 212
REC 24 7 25 : 31 108 114 165 184 209
REC 24 7 25 : 31 108 114 165 184 212
REC 21 7 28 : 31 108 114 165 195
REC 24 7 25 : 31 108 114 165 195 212
REC 24 7 25 : 31 108 114 165 195 216
REC 21 7 28 : 31 108 114 165 198
REC 24 7 25 : 31 108 114 165 198 201
REC 24 7 25 : 31 108 114 165 198 209
REC 24 7 25 : 31 108 114 165 198 216
REC 21 7 28 : 31 108 114 165 201
REC 24 7 25 : 31 108 114 165 201 212
REC 21 7 28 : 31 108 114 165 202
REC 24 7 25 : 31 108 114 165 202 209
REC 24 7 25 : 31 108 114 165 202 212
REC 21 7 28 : 31 108 114 165 209
REC 21 7 28 : 31 108 114 165 212
REC 21 7 28 : 31 108 114 165 216
REC 18 7 31 : 31 108 114 166
REC 21 7 28 : 31 108 114 166 169
REC 24 7 25 : 31 108 114 166 169 195
REC 27 7 22 : 31 108 114 166 169 195 212
REC 27 7 22 : 31 108 114 166 169 195 216
REC 24 7 25 : 31 108 114 166 169 197
REC 27 7 22 : 31 108 114 166 169 197 202
REC 27 7 22 : 31 108 114 166 169 197 216
REC 24 7 25 : 31 108 114 166 169 202
REC 27 7 22 : 31 108 114 166 169 202 209
REC 27 7 22 : 31 108 114 166 169 202 212
REC 24 7 25 : 31 108 114 166 169 209
REC 24 7 25 : 31 108 114 166 169 212
REC 24 7 25 : 31 108 114 166 169 216
REC 21 7 28 : 31 108 114 166 177
REC 24 7 25 : 31 108 114 166 177 195
REC 27 7 22 : 31 108 114 166 177 195 212
REC 27 7 22 : 31 108 114 166 177 195 216
REC 24 7 25 : 31 108 114 166 177 197
REC 27 7 22 : 31 108 114 166 177 197 202
REC 27 7 22 : 31 108 114 166 177 197 216
REC 24 7 25 : 31 108 114 166 177 201
REC 27 7 22 : 31 108 114 166 177 201 212
REC 24 7 25 : 31 108 114 166 177 202
REC 27 7 22 : 31 108 114 166 177 202 212
REC 24 7 25 : 31 108 114 166 177 212
REC 24 7 25 : 31 108 114 166 177 216
REC 21 7 28 : 31 108 114 166 184
REC 24 7 25 : 31 108 114 166 184 195
REC 27 7 22 : 31 108 114 166 184 195 212
REC 24 7 25 : 31 108 114 166 184 197
REC 27 7 22 : 31 108 114 166 184 197 202
REC 24 7 25 : 31 108 114 166 184 201
REC 27 7 22 : 31 108 114 166 184 201 212
REC 24 7 25 : 31 108 114 166 184 202
REC 27 7 22 : 31 108 114 166 184 202 209
REC 27 7 22 : 31 108 114 166 184 202 212
REC 30 7 19 : 31 108 114 166 184 202 212 225
REC 27 7 22 : 31 108 114 166 184 202 225
REC 24 7 25 : 31 108 114 166 184 209
REC 24 7 25 : 31 108 114 166 184 212
REC 27 7 22 : 31 108 114 166 184 212 225
REC 24 7 25 : 31 108 114 166 184 225
REC 21 7 28 : 31 108 114 166 195
REC 24 7 25 : 31 108 114 166 195 212
REC 24 7 25 : 31 108 114 166 195 216
REC 21 7 28 : 31 108 114 166 197
REC 24 7 25 : 31 108 114 166 197 202
REC 24 7 25 : 31 108 114 166 197 216
REC 21 7 28 : 31 108 114 166 201
REC 24 7 25 : 31 108 114 166 201 212
REC 21 7 28 : 31 108 114 166 202
REC 24 7 25 : 31 108 114 166 202 209
REC 24 7 25 : 31 108 114 166 202 212
REC 27 7 22 : 31 108 114 166 202 212 225
REC 24 7 25 : 31 108 114 166 202 225
REC 21 7 28 : 31 108 114 166 209
REC 21 7 28 : 31 108 114 166 212
REC 24 7 25 : 31 108 114 166 212 225
REC 21 7 28 : 31 108 114 166 216
REC 24 7 25 : 31 108 114 166 216 225
REC 21 7 28 : 31 108 114 166 225
REC 18 7 31 : 31 108 114 169
REC 21 7 28 : 31 108 114 169 180
REC 24 7 25 : 31 108 114 169 180 195
REC 27 7 22 : 31 108 114 169 180 195 216
REC 24 7 25 : 31 108 114 169 180 197
REC 27 7 22 : 31 108 114 169 180 197 202
REC 27 7 22 : 31 108 114 169 180 197 216
REC 24 7 25 : 31 108 114 169 180 198
REC 27 7 22 : 31 108 114 169 180 198 209
REC 27 7 22 : 31 108 114 169 180 198 216
REC 24 7 25 : 31 108 114 169 180 202
REC 27 7 22 : 31 108 114 169 180 202 209
REC 24 7 25 : 31 108 114 169 180 209
REC 24 7 25 : 31 108 114 169 180 216
REC 21 7 28 : 31 108 114 169 195
REC 24 7 25 : 31 108 114 169 195 212
REC 24 7 25 : 31 108 114 169 195 216
REC 21 7 28 : 31 108 114 169 197
REC 24 7 25 : 31 108 114 169 197 202
REC 24 7 25 : 31 108 114 169 197 216
REC 21 7 28 : 31 108 114 169 198
REC 24 7 25 : 31 108 114 169 198 209
REC 24 7 25 : 31 108 114 169 198 216
REC 21 7 28 : 31 108 114 169 202
REC 24 7 25 : 31 108 114 169 202 209
REC 24 7 25 : 31 108 114 169 202 212
REC 21 7 28 : 31 108 114 169 209
REC 21 7 28 : 31 108 114 169 212
REC 21 7 28 : 31 108 114 169 216
REC 18 7 31 : 31 108 114 170
REC 21 7 28 : 31 108 114 170 177
REC 24 7 25 : 31 108 114 170 177 195
REC 27 7 22 : 31 108 114 170 177 195 212
REC 27 7 22 : 31 108 114 170 177 195 216
REC 24 7 25 : 31 108 114 170 177 197
REC 27 7 22 : 31 108 114 170 177 197 216
REC 24 7 25 : 31 108 114 170 177 198
REC 27 7 22 : 31 108 114 170 177 198 201
REC 27 7 22 : 31 108 114 170 177 198 216
REC 24 7 25 : 31 108 114 170 177 201
REC 27 7 22 : 31 108 114 170 177 201 212
REC 24 7 25 : 31 108 114 170 177 212
REC 24 7 25 : 31 108 114 170 177 216
REC 21 7 28 : 31 108 114 170 180
REC 24 7 25 : 31 108 114 170 180 195
REC 27 7 22 : 31 108 114 170 180 195 216
REC 24 7 25 : 31 108 114 170 180 197
REC 27 7 22 : 31 108 114 170 180 197 216
REC 24 7 25 : 31 108 114 170 180 198
REC 27 7 22 : 31 108 114 170 180 198 201
REC 27 7 22 : 31 108 114 170 180 198 209
REC 27 7 22 : 31 108 114 170 180 198 216
REC 30 7 19 : 31 108 114 170 180 198 216 225
REC 27 7 22 : 31 108 114 170 180 198 225
REC 24 7 25 : 31 108 114 170 180 201
REC 24 7 25 : 31 108 114 170 180 209
REC 24 7 25 : 31 108 114 170 180 216
REC 27 7 22 : 31 108 114 170 180 216 225
REC 24 7 25 : 31 108 114 170 180 225
REC 21 7 28 : 31 108 114 170 195
REC 24 7 25 : 31 108 114 170 195 212
REC 24 7 25 : 31 108 114 170 195 216
REC 21 7 28 : 31 108 114 170 197
REC 24 7 25 : 31 108 114 170 197 216
REC 21 7 28 : 31 108 114 170 198
REC 24 7 25 : 31 108 114 170 198 201
REC 24 7 25 : 31 108 114 170 198 209
REC 24 7 25 : 31 108 114 170 198 216
REC 27 7 22 : 31 108 114 170 198 216 225
REC 24 7 25 : 31 108 114 170 198 225
REC 21 7 28 : 31 108 114 170 201
REC 24 7 25 : 31 108 114 170 201 212
REC 21 7 28 : 31 108 114 170 209
REC 21 7 28 : 31 108 114 170 212
REC 24 7 25 : 31 108 114 170 212 225
REC 21 7 28 : 31 108 114 170 216
REC 24 7 25 : 31 108 114 170 216 225
REC 21 7 28 : 31 108 114 170 225
REC 18 7 31 : 31 108 114 177
REC 21 7 28 : 31 108 114 177 195
REC 24 7 25 : 31 108 114 177 195 212
REC 24 7 25 : 31 108 114 177 195 216
REC 21 7 28 : 31 108 114 177 197
REC 24 7 25 : 31 108 114 177 197 202
REC 24 7 25 : 31 108 114 177 197 216
REC 21 7 28 : 31 108 114 177 198
REC 24 7 25 : 31 108 114 177 198 201
REC 24 7 25 : 31 108 114 177 198 216
REC 21 7 28 : 31 108 114 177 201
REC 24 7 25 : 31 108 114 177 201 212
REC 21 7 28 : 31 108 114 177 202
REC 24 7 25 : 31 108 114 177 202 212
REC 21 7 28 : 31 108 114 177 212
REC 21 7 28 : 31 108 114 177 216
REC 18 7 31 : 31 108 114 180
REC 21 7 28 : 31 108 114 180 195
REC 24 7 25 : 31 108 114 180 195 216
REC 21 7 28 : 31 108 114 180 197
REC 24 7 25 : 31 108 114 180 197 202
REC 24 7 25 : 31 108 114 180 197 216
REC 21 7 28 : 31 108 114 180 198
REC 24 7 25 : 31 108 114 180 198 201
REC 24 7 25 : 31 108 114 180 198 209
REC 24 7 25 : 31 108 114 180 198 216
REC 27 7 22 : 31 108 114 180 198 216 225
REC 24 7 25 : 31 108 114 180 198 225
REC 21 7 28 : 31 108 114 180 201
REC 21 7 28 : 31 108 114 180 202
REC 24 7 25 : 31 108 114 180 202 209
REC 24 7 25 : 31 108 114 180 202 225
REC 21 7 28 : 31 108 114 180 209
REC 21 7 28 : 31 108 114 180 216
REC 24 7 25 : 31 108 114 180 216 225
REC 21 7 28 : 31 108 114 180 225
REC 18 7 31 : 31 108 114 184
REC 21 7 28 : 31 108 114 184 195
REC 24 7 25 : 31 108 114 184 195 212
REC 21 7 28 : 31 108 114 184 197
REC 24 7 25 : 31 108 114 184 197 202
REC 21 7 28 : 31 108 114 184 198
REC 24 7 25 : 31 108 114 184 198 201
REC 24 7 25 : 31 108 114 184 198 209
REC 24 7 25 : 31 108 114 184 198 225
REC 21 7 28 : 31 108 114 184 201
REC 24 7 25 : 31 108 114 184 201 212
REC 21 7 28 : 31 108 114 184 202
REC 24 7 25 : 31 108 114 184 202 209
REC 24 7 25 : 31 108 114 184 202 212
REC 27 7 22 : 31 108 114 184 202 212 225
REC 24 7 25 : 31 108 114 184 202 225
REC 21 7 28 : 31 108 114 184 209
REC 21 7 28 : 31 108 114 184 212
REC 24 7 25 : 31 108 114 184 212 225
REC 21 7 28 : 31 108 114 184 225
REC 18 7 31 : 31 108 114 195
REC 21 7 28 : 31 108 114 195 212
REC 21 7 28 : 31 108 114 195 216
REC 18 7 31 : 31 108 114 197
REC 21 7 28 : 31 108 114 197 202
REC 21 7 28 : 31 108 114 197 216
REC 18 7 31 : 31 108 114 198
REC 21 7 28 : 31 108 114 198 201
REC 21 7 28 : 31 108 114 198 209
REC 21 7 28 : 31 108 114 198 216
REC 24 7 25 : 31 108 114 198 216 225
REC 21 7 28 : 31 108 114 198 225
REC 18 7 31 : 31 108 114 201
REC 21 7 28 : 31 108 114 201 212
REC 18 7 31 : 31 108 114 202
REC 21 7 28 : 31 108 114 202 209
REC 21 7 28 : 31 108 114 202 212
REC 24 7 25 : 31 108 114 202 212 225
REC 21 7 28 : 31 108 114 202 225
REC 18 7 31 : 31 108 114 209
REC 18 7 31 : 31 108 114 212
REC 21 7 28 : 31 108 114 212 225
REC 18 7 31 : 31 108 114 216
REC 21 7 28 : 31 108 114 216 225
REC 18 7 31 : 31 108 114 225
REC 15 7 34 : 31 108 163
REC 18 7 31 : 31 108 163 180
REC 21 7 28 : 31 108 163 180 197
REC 24 7 25 : 31 108 163 180 197 202
REC 24 7 25 : 31 108 163 180 197 210
REC 24 7 25 : 31 108 163 180 197 216
REC 21 7 28 : 31 108 163 180 198
REC 24 7 25 : 31 108 163 180 198 201
REC 24 7 25 : 31 108 163 180 198 209
REC 24 7 25 : 31 108 163 180 198 216
REC 21 7 28 : 31 108 163 180 201
REC 24 7 25 : 31 108 163 180 201 210
REC 21 7 28 : 31 108 163 180 202
REC 24 7 25 : 31 108 163 180 202 209
REC 21 7 28 : 31 108 163 180 209
REC 21 7 28 : 31 108 163 180 210
REC 21 7 28 : 31 108 163 180 216
REC 18 7 31 : 31 108 163 184
REC 21 7 28 : 31 108 163 184 197
REC 24 7 25 : 31 108 163 184 197 202
REC 24 7 25 : 31 108 163 184 197 210
REC 21 7 28 : 31 108 163 184 198
REC 24 7 25 : 31 108 163 184 198 201
REC 24 7 25 : 31 108 163 184 198 209
REC 21 7 28 : 31 108 163 184 201
REC 24 7 25 : 31 108 163 184 201 210
REC 24 7 25 : 31 108 163 184 201 212
REC 21 7 28 : 31 108 163 184 202
REC 24 7 25 : 31 108 163 184 202 209
REC 24 7 25 : 31 108 163 184 202 212
REC 21 7 28 : 31 108 163 184 209
REC 21 7 28 : 31 108 163 184 210
REC 21 7 28 : 31 108 163 184 212
REC 18 7 31 : 31 108 163 197
REC 21 7 28 : 31 108 163 197 202
REC 24 7 25 : 31 108 163 197 202 240
REC 21 7 28 : 31 108 163 197 210
REC 21 7 28 : 31 108 163 197 216
REC 21 7 28 : 31 108 163 197 240
REC 18 7 31 : 31 108 163 198
REC 21 7 28 : 31 108 163 198 201
REC 24 7 25 : 31 108 163 198 201 240
REC 21 7 28 : 31 108 163 198 209
REC 21 7 28 : 31 108 163 198 216
REC 21 7 28 : 31 108 163 198 240
REC 18 7 31 : 31 108 163 201
REC 21 7 28 : 31 108 163 201 210
REC 21 7 28 : 31 108 163 201 212
REC 21 7 28 : 31 108 163 201 240
REC 18 7 31 : 31 108 163 202
REC 21 7 28 : 31 108 163 202 209
REC 21 7 28 : 31 108 163 202 212
REC 21 7 28 : 31 108 163 202 240
REC 18 7 31 : 31 108 163 209
REC 18 7 31 : 31 108 163 210
REC 18 7 31 : 31 108 163 212
REC 18 7 31 : 31 108 163 216
REC 18 7 31 : 31 108 163 240
REC 15 7 34 : 31 108 165
REC 18 7 31 : 31 108 165 170
REC 21 7 28 : 31 108 165 170 195
REC 24 7 25 : 31 108 165 170 195 212
REC 24 7 25 : 31 108 165 170 195 216
REC 24 7 25 : 31 108 165 170 195 240
REC 21 7 28 : 31 108 165 170 198
REC 24 7 25 : 31 108 165 170 198 201
REC 27 7 22 : 31 108 165 170 198 201 240
REC 24 7 25 : 31 108 165 170 198 209
REC 24 7 25 : 31 108 165 170 198 216
REC 24 7 25 : 31 108 165 170 198 240
REC 21 7 28 : 31 108 165 170 201
REC 24 7 25 : 31 108 165 170 201 210
REC 24 7 25 : 31 108 165 170 201 212
REC 24 7 25 : 31 108 165 170 201 240
REC 21 7 28 : 31 108 165 170 209
REC 21 7 28 : 31 108 165 170 210
REC 21 7 28 : 31 108 165 170 212
REC 21 7 28 : 31 108 165 170 216
REC 21 7 28 : 31 108 165 170 240
REC 18 7 31 : 31 108 165 178
REC 21 7 28 : 31 108 165 178 195
REC 24 7 25 : 31 108 165 178 195 212
REC 24 7 25 : 31 108 165 178 195 216
REC 21 7 28 : 31 108 165 178 198
REC 24 7 25 : 31 108 165 178 198 201
REC 24 7 25 : 31 108 165 178 198 209
REC 24 7 25 : 31 108 165 178 198 216
REC 21 7 28 : 31 108 165 178 201
REC 24 7 25 : 31 108 165 178 201 212
REC 21 7 28 : 31 108 165 178 202
REC 24 7 25 : 31 108 165 178 202 209
REC 24 7 25 : 31 108 165 178 202 212
REC 21 7 28 : 31 108 165 178 209
REC 21 7 28 : 31 108 165 178 212
REC 21 7 28 : 31 108 165 178 216
REC 18 7 31 : 31 108 165 184
REC 21 7 28 : 31 108 165 184 195
REC 24 7 25 : 31 108 165 184 195 212
REC 21 7 28 : 31 108 165 184 198
REC 24 7 25 : 31 108 165 184 198 201
REC 24 7 25 : 31 108 165 184 198 209
REC 21 7 28 : 31 108 165 184 201
REC 24 7 25 : 31 108 165 184 201 210
REC 24 7 25 : 31 108 165 184 201 212
REC 27 7 22 : 31 108 165 184 201 212 226
REC 24 7 25 : 31 108 165 184 201 226
REC 21 7 28 : 31 108 165 184 202
REC 24 7 25 : 31 108 165 184 202 209
REC 24 7 25 : 31 108 165 184 202 212
REC 21 7 28 : 31 108 165 184 209
REC 24 7 25 : 31 108 165 184 209 226
REC 21 7 28 : 31 108 165 184 210
REC 21 7 28 : 31 108 165 184 212
REC 24 7 25 : 31 108 165 184 212 226
REC 21 7 28 : 31 108 165 184 226
REC 18 7 31 : 31 108 165 195
REC 21 7 28 : 31 108 165 195 212
REC 21 7 28 : 31 108 165 195 216
REC 21 7 28 : 31 108 165 195 240
REC 18 7 31 : 31 108 165 198
REC 21 7 28 : 31 108 165 198 201
REC 24 7 25 : 31 108 165 198 201 240
REC 21 7 28 : 31 108 165 198 209
REC 21 7 28 : 31 108 165 198 216
REC 21 7 28 : 31 108 165 198 240
REC 18 7 31 : 31 108 165 201
REC 21 7 28 : 31 108 165 201 210
REC 21 7 28 : 31 108 165 201 212
REC 24 7 25 : 31 108 165 201 212 226
REC 21 7 28 : 31 108 165 201 226
REC 21 7 28 : 31 108 165 201 240
REC 27 7 22 : 31 108 165 201 242
REC 18 7 31 : 31 108 165 202
REC 21 7 28 : 31 108 165 202 209
REC 21 7 28 : 31 108 165 202 212
REC 21 7 28 : 31 108 165 202 240
REC 18 7 31 : 31 108 165 209
REC 21 7 28 : 31 108 165 209 226
REC 18 7 31 : 31 108 165 210
REC 18 7 31 : 31 108 165 212
REC 21 7 28 : 31 108 165 212 226
REC 18 7 31 : 31 108 165 216
REC 21 7 28 : 31 108 165 216 226
REC 18 7 31 : 31 108 165 226
REC 18 7 31 : 31 108 165 240
REC 24 7 25 : 31 108 165 242
REC 15 7 34 : 31 108 166
REC 18 7 31 : 31 108 166 169
REC 21 7 28 : 31 108 166 169 195
REC 24 7 25 : 31 108 166 169 195 212
REC 24 7 25 : 31 108 166 169 195 216
REC 24 7 25 : 31 108 166 169 195 240
REC 21 7 28 : 31 108 166 169 197
REC 24 7 25 : 31 108 166 169 197 202
REC 27 7 22 : 31 108 166 169 197 202 240
REC 24 7 25 : 31 108 166 169 197 210
REC 24 7 25 : 31 108 166 169 197 216
REC 24 7 25 : 31 108 166 169 197 240
REC 21 7 28 : 31 108 166 169 202
REC 24 7 25 : 31 108 166 169 202 209
REC 24 7 25 : 31 108 166 169 202 212
REC 24 7 25 : 31 108 166 169 202 240
REC 21 7 28 : 31 108 166 169 209
REC 21 7 28 : 31 108 166 169 210
REC 21 7 28 : 31 108 166 169 212
REC 21 7 28 : 31 108 166 169 216
REC 21 7 28 : 31 108 166 169 240
REC 18 7 31 : 31 108 166 177
REC 21 7 28 : 31 108 166 177 195
REC 24 7 25 : 31 108 166 177 195 212
REC 24 7 25 : 31 108 166 177 195 216
REC 21 7 28 : 31 108 166 177 197
REC 24 7 25 : 31 108 166 177 197 202
REC 24 7 25 : 31 108 166 177 197 210
REC 24 7 25 : 31 108 166 177 197 216
REC 21 7 28 : 31 108 166 177 201
REC 24 7 25 : 31 108 166 177 201 210
REC 24 7 25 : 31 108 166 177 201 212
REC 21 7 28 : 31 108 166 177 202
REC 24 7 25 : 31 108 166 177 202 212
REC 21 7 28 : 31 108 166 177 210
REC 21 7 28 : 31 108 166 177 212
REC 21 7 28 : 31 108 166 177 216
REC 18 7 31 : 31 108 166 184
REC 21 7 28 : 31 108 166 184 195
REC 24 7 25 : 31 108 166 184 195 212
REC 21 7 28 : 31 108 166 184 197
REC 24 7 25 : 31 108 166 184 197 202
REC 24 7 25 : 31 108 166 184 197 210
REC 21 7 28 : 31 108 166 184 201
REC 24 7 25 : 31 108 166 184 201 210
REC 24 7 25 : 31 108 166 184 201 212
REC 21 7 28 : 31 108 166 184 202
REC 24 7 25 : 31 108 166 184 202 209
REC 24 7 25 : 31 108 166 184 202 212
REC 27 7 22 : 31 108 166 184 202 212 225
REC 24 7 25 : 31 108 166 184 202 225
REC 21 7 28 : 31 108 166 184 209
REC 21 7 28 : 31 108 166 184 210
REC 24 7 25 : 31 108 166 184 210 225
REC 21 7 28 : 31 108 166 184 212
REC 24 7 25 : 31 108 166 184 212 225
REC 21 7 28 : 31 108 166 184 225
REC 18 7 31 : 31 108 166 195
REC 21 7 28 : 31 108 166 195 212
REC 21 7 28 : 31 108 166 195 216
REC 21 7 28 : 31 108 166 195 240
REC 18 7 31 : 31 108 166 197
REC 21 7 28 : 31 108 166 197 202
REC 24 7 25 : 31 108 166 197 202 240
REC 21 7 28 : 31 108 166 197 210
REC 21 7 28 : 31 108 166 197 216
REC 21 7 28 : 31 108 166 197 240
REC 18 7 31 : 31 108 166 201
REC 21 7 28 : 31 108 166 201 210
REC 21 7 28 : 31 108 166 201 212
REC 21 7 28 : 31 108 166 201 240
REC 18 7 31 : 31 108 166 202
REC 21 7 28 : 31 108 166 202 209
REC 21 7 28 : 31 108 166 202 212
REC 24 7 25 : 31 108 166 202 212 225
REC 21 7 28 : 31 108 166 202 225
REC 21 7 28 : 31 108 166 202 240
REC 27 7 22 : 31 108 166 202 241
REC 18 7 31 : 31 108 166 209
REC 18 7 31 : 31 108 166 210
REC 21 7 28 : 31 108 166 210 225
REC 18 7 31 : 31 108 166 212
REC 21 7 28 : 31 108 166 212 225
REC 18 7 31 : 31 108 166 216
REC 21 7 28 : 31 108 166 216 225
REC 18 7 31 : 31 108 166 225
REC 18 7 31 : 31 108 166 240
REC 24 7 25 : 31 108 166 241
REC 15 7 34 : 31 108 169
REC 18 7 31 : 31 108 169 178
REC 21 7 28 : 31 108 169 178 195
REC 24 7 25 : 31 108 169 178 195 212
REC 24 7 25 : 31 108 169 178 195 216
REC 21 7 28 : 31 108 169 178 197
REC 24 7 25 : 31 108 169 178 197 202
REC 24 7 25 : 31 108 169 178 197 216
REC 21 7 28 : 31 108 169 178 198
REC 24 7 25 : 31 108 169 178 198 209
REC 24 7 25 : 31 108 169 178 198 216
REC 21 7 28 : 31 108 169 178 202
REC 24 7 25 : 31 108 169 178 202 209
REC 24 7 25 : 31 108 169 178 202 212
REC 21 7 28 : 31 108 169 178 209
REC 21 7 28 : 31 108 169 178 212
REC 21 7 28 : 31 108 169 178 216
REC 18 7 31 : 31 108 169 180
REC 21 7 28 : 31 108 169 180 195
REC 24 7 25 : 31 108 169 180 195 216
REC 21 7 28 : 31 108 169 180 197
REC 24 7 25 : 31 108 169 180 197 202
REC 24 7 25 : 31 108 169 180 197 210
REC 24 7 25 : 31 108 169 180 197 216
REC 27 7 22 : 31 108 169 180 197 216 226
REC 24 7 25 : 31 108 169 180 197 226
REC 21 7 28 : 31 108 169 180 198
REC 24 7 25 : 31 108 169 180 198 209
REC 24 7 25 : 31 108 169 180 198 216
REC 21 7 28 : 31 108 169 180 202
REC 24 7 25 : 31 108 169 180 202 209
REC 21 7 28 : 31 108 169 180 209
REC 24 7 25 : 31 108 169 180 209 226
REC 21 7 28 : 31 108 169 180 210
REC 21 7 28 : 31 108 169 180 216
REC 24 7 25 : 31 108 169 180 216 226
REC 21 7 28 : 31 108 169 180 226
REC 18 7 31 : 31 108 169 195
REC 21 7 28 : 31 108 169 195 212
REC 21 7 28 : 31 108 169 195 216
REC 21 7 28 : 31 108 169 195 240
REC 18 7 31 : 31 108 169 197
REC 21 7 28 : 31 108 169 197 202
REC 24 7 25 : 31 108 169 197 202 240
REC 21 7 28 : 31 108 169 197 210
REC 21 7 28 : 31 108 169 197 216
REC 24 7 25 : 31 108 169 197 216 226
REC 21 7 28 : 31 108 169 197 226
REC 21 7 28 : 31 108 169 197 240
REC 27 7 22 : 31 108 169 197 242
REC 18 7 31 : 31 108 169 198
REC 21 7 28 : 31 108 169 198 209
REC 21 7 28 : 31 108 169 198 216
REC 21 7 28 : 31 108 169 198 240
REC 18 7 31 : 31 108 169 202
REC 21 7 28 : 31 108 169 202 209
REC 21 7 28 : 31 108 169 202 212
REC 21 7 28 : 31 108 169 202 240
REC 18 7 31 : 31 108 169 209
REC 21 7 28 : 31 108 169 209 226
REC 18 7 31 : 31 108 169 210
REC 18 7 31 : 31 108 169 212
REC 21 7 28 : 31 108 169 212 226
REC 18 7 31 : 31 108 169 216
REC 21 7 28 : 31 108 169 216 226
REC 18 7 31 : 31 108 169 226
REC 18 7 31 : 31 108 169 240
REC 24 7 25 : 31 108 169 242
REC 15 7 34 : 31 108 170
REC 18 7 31 : 31 108 170 177
REC 21 7 28 : 31 108 170 177 195
REC 24 7 25 : 31 108 170 177 195 212
REC 24 7 25 : 31 108 170 177 195 216
REC 21 7 28 : 31 108 170 177 197
REC 24 7 25 : 31 108 170 177 197 210
REC 24 7 25 : 31 108 170 177 197 216
REC 21 7 28 : 31 108 170 177 198
REC 24 7 25 : 31 108 170 177 198 201
REC 24 7 25 : 31 108 170 177 198 216
REC 21 7 28 : 31 108 170 177 201
REC 24 7 25 : 31 108 170 177 201 210
REC 24 7 25 : 31 108 170 177 201 212
REC 21 7 28 : 31 108 170 177 210
REC 21 7 28 : 31 108 170 177 212
REC 21 7 28 : 31 108 170 177 216
REC 18 7 31 : 31 108 170 180
REC 21 7 28 : 31 108 170 180 195
REC 24 7 25 : 31 108 170 180 195 216
REC 21 7 28 : 31 108 170 180 197
REC 24 7 25 : 31 108 170 180 197 210
REC 24 7 25 : 31 108 170 180 197 216
REC 21 7 28 : 31 108 170 180 198
REC 24 7 25 : 31 108 170 180 198 201
REC 24 7 25 : 31 108 170 180 198 209
REC 24 7 25 : 31 108 170 180 198 216
REC 27 7 22 : 31 108 170 180 198 216 225
REC 24 7 25 : 31 108 170 180 198 225
REC 21 7 28 : 31 108 170 180 201
REC 24 7 25 : 31 108 170 180 201 210
REC 21 7 28 : 31 108 170 180 209
REC 21 7 28 : 31 108 170 180 210
REC 24 7 25 : 31 108 170 180 210 225
REC 21 7 28 : 31 108 170 180 216
REC 24 7 25 : 31 108 170 180 216 225
REC 21 7 28 : 31 108 170 180 225
REC 18 7 31 : 31 108 170 195
REC 21 7 28 : 31 108 170 195 212
REC 21 7 28 : 31 108 170 195 216
REC 21 7 28 : 31 108 170 195 240
REC 18 7 31 : 31 108 170 197
REC 21 7 28 : 31 108 170 197 210
REC 21 7 28 : 31 108 170 197 216
REC 21 7 28 : 31 108 170 197 240
REC 18 7 31 : 31 108 170 198
REC 21 7 28 : 31 108 170 198 201
REC 24 7 25 : 31 108 170 198 201 240
REC 21 7 28 : 31 108 170 198 209
REC 21 7 28 : 31 108 170 198 216
REC 24 7 25 : 31 108 170 198 216 225
REC 21 7 28 : 31 108 170 198 225
REC 21 7 28 : 31 108 170 198 240
REC 27 7 22 : 31 108 170 198 241
REC 18 7 31 : 31 108 170 201
REC 21 7 28 : 31 108 170 201 210
REC 21 7 28 : 31 108 170 201 212
REC 21 7 28 : 31 108 170 201 240
REC 18 7 31 : 31 108 170 209
REC 18 7 31 : 31 108 170 210
REC 21 7 28 : 31 108 170 210 225
REC 18 7 31 : 31 108 170 212
REC 21 7 28 : 31 108 170 212 225
REC 18 7 31 : 31 108 170 216
REC 21 7 28 : 31 108 170 216 225
REC 18 7 31 : 31 108 170 225
REC 18 7 31 : 31 108 170 240
REC 24 7 25 : 31 108 170 241
REC 15 7 34 : 31 108 177
REC 18 7 31 : 31 108 177 195
REC 21 7 28 : 31 108 177 195 212
REC 21 7 28 : 31 108 177 195 216
REC 18 7 31 : 31 108 177 197
REC 21 7 28 : 31 108 177 197 202
REC 21 7 28 : 31 108 177 197 210
REC 21 7 28 : 31 108 177 197 216
REC 24 7 25 : 31 108 177 197 216 226
REC 21 7 28 : 31 108 177 197 226
REC 18 7 31 : 31 108 177 198
REC 21 7 28 : 31 108 177 198 201
REC 21 7 28 : 31 108 177 198 216
REC 18 7 31 : 31 108 177 201
REC 21 7 28 : 31 108 177 201 210
REC 21 7 28 : 31 108 177 201 212
REC 24 7 25 : 31 108 177 201 212 226
REC 21 7 28 : 31 108 177 201 226
REC 18 7 31 : 31 108 177 202
REC 21 7 28 : 31 108 177 202 212
REC 18 7 31 : 31 108 177 210
REC 18 7 31 : 31 108 177 212
REC 21 7 28 : 31 108 177 212 226
REC 18 7 31 : 31 108 177 216
REC 21 7 28 : 31 108 177 216 226
REC 18 7 31 : 31 108 177 226
REC 15 7 34 : 31 108 178
REC 18 7 31 : 31 108 178 195
REC 21 7 28 : 31 108 178 195 212
REC 21 7 28 : 31 108 178 195 216
REC 18 7 31 : 31 108 178 197
REC 21 7 28 : 31 108 178 197 202
REC 21 7 28 : 31 108 178 197 216
REC 18 7 31 : 31 108 178 198
REC 21 7 28 : 31 108 178 198 201
REC 21 7 28 : 31 108 178 198 209
REC 21 7 28 : 31 108 178 198 216
REC 24 7 25 : 31 108 178 198 216 225
REC 21 7 28 : 31 108 178 198 225
REC 18 7 31 : 31 108 178 201
REC 21 7 28 : 31 108 178 201 212
REC 18 7 31 : 31 108 178 202
REC 21 7 28 : 31 108 178 202 209
REC 21 7 28 : 31 108 178 202 212
REC 24 7 25 : 31 108 178 202 212 225
REC 21 7 28 : 31 108 178 202 225
REC 18 7 31 : 31 108 178 209
REC 18 7 31 : 31 108 178 212
REC 21 7 28 : 31 108 178 212 225
REC 18 7 31 : 31 108 178 216
REC 21 7 28 : 31 108 178 216 225
REC 18 7 31 : 31 108 178 225
REC 15 7 34 : 31 108 180
REC 18 7 31 : 31 108 180 195
REC 21 7 28 : 31 108 180 195 216
REC 18 7 31 : 31 108 180 197
REC 21 7 28 : 31 108 180 197 202
REC 21 7 28 : 31 108 180 197 210
REC 21 7 28 : 31 108 180 197 216
REC 24 7 25 : 31 108 180 197 216 226
REC 21 7 28 : 31 108 180 197 226
REC 18 7 31 : 31 108 180 198
REC 21 7 28 : 31 108 180 198 201
REC 21 7 28 : 31 108 180 198 209
REC 21 7 28 : 31 108 180 198 216
REC 24 7 25 : 31 108 180 198 216 225
REC 21 7 28 : 31 108 180 198 225
REC 18 7 31 : 31 108 180 201
REC 21 7 28 : 31 108 180 201 210
REC 21 7 28 : 31 108 180 201 226
REC 18 7 31 : 31 108 180 202
REC 21 7 28 : 31 108 180 202 209
REC 21 7 28 : 31 108 180 202 225
REC 18 7 31 : 31 108 180 209
REC 21 7 28 : 31 108 180 209 226
REC 18 7 31 : 31 108 180 210
REC 21 7 28 : 31 108 180 210 225
REC 18 7 31 : 31 108 180 216
REC 21 7 28 : 31 108 180 216 225
REC 21 7 28 : 31 108 180 216 226
REC 27 7 22 : 31 108 180 216 227
REC 18 7 31 : 31 108 180 225
REC 18 7 31 : 31 108 180 226
REC 24 7 25 : 31 108 180 227
REC 15 7 34 : 31 108 184
REC 18 7 31 : 31 108 184 195
REC 21 7 28 : 31 108 184 195 212
REC 18 7 31 : 31 108 184 197
REC 21 7 28 : 31 108 184 197 202
REC 21 7 28 : 31 108 184 197 210
REC 21 7 28 : 31 108 184 197 226
REC 18 7 31 : 31 108 184 198
REC 21 7 28 : 31 108 184 198 201
REC 21 7 28 : 31 108 184 198 209
REC 21 7 28 : 31 108 184 198 225
REC 18 7 31 : 31 108 184 201
REC 21 7 28 : 31 108 184 201 210
REC 21 7 28 : 31 108 184 201 212
REC 24 7 25 : 31 108 184 201 212 226
REC 21 7 28 : 31 108 184 201 226
REC 18 7 31 : 31 108 184 202
REC 21 7 28 : 31 108 184 202 209
REC 21 7 28 : 31 108 184 202 212
REC 24 7 25 : 31 108 184 202 212 225
REC 21 7 28 : 31 108 184 202 225
REC 18 7 31 : 31 108 184 209
REC 21 7 28 : 31 108 184 209 226
REC 18 7 31 : 31 108 184 210
REC 21 7 28 : 31 108 184 210 225
REC 18 7 31 : 31 108 184 212
REC 21 7 28 : 31 108 184 212 225
REC 21 7 28 : 31 108 184 212 226
REC 27 7 22 : 31 108 184 212 227
REC 18 7 31 : 31 108 184 225
REC 18 7 31 : 31 108 184 226
REC 24 7 25 : 31 108 184 227
REC 15 7 34 : 31 108 195
REC 18 7 31 : 31 108 195 212
REC 18 7 31 : 31 108 195 216
REC 18 7 31 : 31 108 195 240
REC 15 7 34 : 31 108 197
REC 18 7 31 : 31 108 197 202
REC 21 7 28 : 31 108 197 202 240
REC 18 7 31 : 31 108 197 210
REC 18 7 31 : 31 108 197 216
REC 21 7 28 : 31 108 197 216 226
REC 18 7 31 : 31 108 197 226
REC 18 7 31 : 31 108 197 240
REC 24 7 25 : 31 108 197 242
REC 15 7 34 : 31 108 198
REC 18 7 31 : 31 108 198 201
REC 21 7 28 : 31 108 198 201 240
REC 18 7 31 : 31 108 198 209
REC 18 7 31 : 31 108 198 216
REC 21 7 28 : 31 108 198 216 225
REC 18 7 31 : 31 108 198 225
REC 18 7 31 : 31 108 198 240
REC 24 7 25 : 31 108 198 241
REC 15 7 34 : 31 108 201
REC 18 7 31 : 31 108 201 210
REC 18 7 31 : 31 108 201 212
REC 21 7 28 : 31 108 201 212 226
REC 18 7 31 : 31 108 201 226
REC 18 7 31 : 31 108 201 240
REC 24 7 25 : 31 108 201 242
REC 15 7 34 : 31 108 202
REC 18 7 31 : 31 108 202 209
REC 18 7 31 : 31 108 202 212
REC 21 7 28 : 31 108 202 212 225
REC 18 7 31 : 31 108 202 225
REC 18 7 31 : 31 108 202 240
REC 24 7 25 : 31 108 202 241
REC 15 7 34 : 31 108 209
REC 18 7 31 : 31 108 209 226
REC 15 7 34 : 31 108 210
REC 18 7 31 : 31 108 210 225
REC 15 7 34 : 31 108 212
REC 18 7 31 : 31 108 212 225
REC 18 7 31 : 31 108 212 226
REC 24 7 25 : 31 108 212 227
REC 15 7 34 : 31 108 216
REC 18 7 31 : 31 108 216 225
REC 18 7 31 : 31 108 216 226
REC 24 7 25 : 31 108 216 227
REC 15 7 34 : 31 108 225
REC 15 7 34 : 31 108 226
REC 21 7 28 : 31 108 227
REC 15 7 34 : 31 108 240
REC 21 7 28 : 31 108 241
REC 21 7 28 : 31 108 242
REC 12 7 37 : 31 113
REC 15 7 34 : 31 113 163
REC 18 7 31 : 31 113 163 172
REC 21 7 28 : 31 113 163 172 197
REC 24 7 25 : 31 113 163 172 197 202
REC 24 7 25 : 31 113 163 172 197 210
REC 24 7 25 : 31 113 163 172 197 216
REC 21 7 28 : 31 113 163 172 198
REC 24 7 25 : 31 113 163 172 198 201
REC 24 7 25 : 31 113 163 172 198 216
REC 21 7 28 : 31 113 163 172 201
REC 24 7 25 : 31 113 163 172 201 210
REC 24 7 25 : 31 113 163 172 201 212
REC 21 7 28 : 31 113 163 172 202
REC 24 7 25 : 31 113 163 172 202 212
REC 21 7 28 : 31 113 163 172 210
REC 21 7 28 : 31 113 163 172 212
REC 21 7 28 : 31 113 163 172 216
REC 18 7 31 : 31 113 163 180
REC 21 7 28 : 31 113 163 180 197
REC 24 7 25 : 31 113 163 180 197 202
REC 24 7 25 : 31 113 163 180 197 210
REC 27 7 22 : 31 113 163 180 197 210 232
REC 24 7 25 : 31 113 163 180 197 216
REC 24 7 25 : 31 113 163 180 197 232
REC 21 7 28 : 31 113 163 180 198
REC 24 7 25 : 31 113 163 180 198 201
REC 24 7 25 : 31 113 163 180 198 216
REC 24 7 25 : 31 113 163 180 198 232
REC 21 7 28 : 31 113 163 180 201
REC 24 7 25 : 31 113 163 180 201 210
REC 21 7 28 : 31 113 163 180 202
REC 21 7 28 : 31 113 163 180 204
REC 24 7 25 : 31 113 163 180 204 210
REC 21 7 28 : 31 113 163 180 210
REC 24 7 25 : 31 113 163 180 210 232
REC 21 7 28 : 31 113 163 180 216
REC 21 7 28 : 31 113 163 180 232
REC 18 7 31 : 31 113 163 184
REC 21 7 28 : 31 113 163 184 197
REC 24 7 25 : 31 113 163 184 197 202
REC 24 7 25 : 31 113 163 184 197 210
REC 21 7 28 : 31 113 163 184 198
REC 24 7 25 : 31 113 163 184 198 201
REC 21 7 28 : 31 113 163 184 201
REC 24 7 25 : 31 113 163 184 201 210
REC 27 7 22 : 31 113 163 184 201 210 228
REC 24 7 25 : 31 113 163 184 201 212
REC 24 7 25 : 31 113 163 184 201 228
REC 21 7 28 : 31 113 163 184 202
REC 24 7 25 : 31 113 163 184 202 212
REC 24 7 25 : 31 113 163 184 202 228
REC 21 7 28 : 31 113 163 184 204
REC 24 7 25 : 31 113 163 184 204 210
REC 21 7 28 : 31 113 163 184 210
REC 24 7 25 : 31 113 163 184 210 228
REC 21 7 28 : 31 113 163 184 212
REC 21 7 28 : 31 113 163 184 228
REC 18 7 31 : 31 113 163 197
REC 21 7 28 : 31 113 163 197 202
REC 21 7 28 : 31 113 163 197 210
REC 24 7 25 : 31 113 163 197 210 232
REC 21 7 28 : 31 113 163 197 216
REC 21 7 28 : 31 113 163 197 232
REC 18 7 31 : 31 113 163 198
REC 21 7 28 : 31 113 163 198 201
REC 21 7 28 : 31 113 163 198 216
REC 21 7 28 : 31 113 163 198 232
REC 18 7 31 : 31 113 163 201
REC 21 7 28 : 31 113 163 201 210
REC 24 7 25 : 31 113 163 201 210 228
REC 21 7 28 : 31 113 163 201 212
REC 21 7 28 : 31 113 163 201 228
REC 18 7 31 : 31 113 163 202
REC 21 7 28 : 31 113 163 202 212
REC 21 7 28 : 31 113 163 202 228
REC 18 7 31 : 31 113 163 204
REC 21 7 28 : 31 113 163 204 210
REC 18 7 31 : 31 113 163 210
REC 21 7 28 : 31 113 163 210 228
REC 21 7 28 : 31 113 163 210 232
REC 27 7 22 : 31 113 163 210 236
REC 18 7 31 : 31 113 163 212
REC 21 7 28 : 31 113 163 212 232
REC 18 7 31 : 31 113 163 216
REC 21 7 28 : 31 113 163 216 228
REC 18 7 31 : 31 113 163 228
REC 18 7 31 : 31 113 163 232
REC 24 7 25 : 31 113 163 236
REC 15 7 34 : 31 113 165
REC 18 7 31 : 31 113 165 170
REC 21 7 28 : 31 113 165 170 195
REC 24 7 25 : 31 113 165 170 195 204
REC 24 7 25 : 31 113 165 170 195 212
REC 24 7 25 : 31 113 165 170 195 216
REC 21 7 28 : 31 113 165 170 198
REC 24 7 25 : 31 113 165 170 198 201
REC 24 7 25 : 31 113 165 170 198 216
REC 21 7 28 : 31 113 165 170 201
REC 24 7 25 : 31 113 165 170 201 210
REC 24 7 25 : 31 113 165 170 201 212
REC 21 7 28 : 31 113 165 170 204
REC 24 7 25 : 31 113 165 170 204 210
REC 21 7 28 : 31 113 165 170 210
REC 21 7 28 : 31 113 165 170 212
REC 21 7 28 : 31 113 165 170 216
REC 18 7 31 : 31 113 165 178
REC 21 7 28 : 31 113 165 178 195
REC 24 7 25 : 31 113 165 178 195 204
REC 24 7 25 : 31 113 165 178 195 212
REC 27 7 22 : 31 113 165 178 195 212 232
REC 24 7 25 : 31 113 165 178 195 216
REC 24 7 25 : 31 113 165 178 195 232
REC 21 7 28 : 31 113 165 178 198
REC 24 7 25 : 31 113 165 178 198 201
REC 24 7 25 : 31 113 165 178 198 216
REC 24 7 25 : 31 113 165 178 198 232
REC 21 7 28 : 31 113 165 178 201
REC 24 7 25 : 31 113 165 178 201 212
REC 21 7 28 : 31 113 165 178 202
REC 24 7 25 : 31 113 165 178 202 212
REC 21 7 28 : 31 113 165 178 204
REC 21 7 28 : 31 113 165 178 212
REC 24 7 25 : 31 113 165 178 212 232
REC 21 7 28 : 31 113 165 178 216
REC 21 7 28 : 31 113 165 178 232
REC 18 7 31 : 31 113 165 184
REC 21 7 28 : 31 113 165 184 195
REC 24 7 25 : 31 113 165 184 195 204
REC 24 7 25 : 31 113 165 184 195 212
REC 21 7 28 : 31 113 165 184 198
REC 24 7 25 : 31 113 165 184 198 201
REC 21 7 28 : 31 113 165 184 201
REC 24 7 25 : 31 113 165 184 201 210
REC 24 7 25 : 31 113 165 184 201 212
REC 27 7 22 : 31 113 165 184 201 212 226
REC 24 7 25 : 31 113 165 184 201 226
REC 21 7 28 : 31 113 165 184 202
REC 24 7 25 : 31 113 165 184 202 212
REC 21 7 28 : 31 113 165 184 204
REC 24 7 25 : 31 113 165 184 204 210
REC 24 7 25 : 31 113 165 184 204 226
REC 21 7 28 : 31 113 165 184 210
REC 21 7 28 : 31 113 165 184 212
REC 24 7 25 : 31 113 165 184 212 226
REC 21 7 28 : 31 113 165 184 226
REC 18 7 31 : 31 113 165 195
REC 21 7 28 : 31 113 165 195 204
REC 21 7 28 : 31 113 165 195 212
REC 24 7 25 : 31 113 165 195 212 232
REC 21 7 28 : 31 113 165 195 216
REC 21 7 28 : 31 113 165 195 232
REC 18 7 31 : 31 113 165 198
REC 21 7 28 : 31 113 165 198 201
REC 21 7 28 : 31 113 165 198 216
REC 21 7 28 : 31 113 165 198 232
REC 18 7 31 : 31 113 165 201
REC 21 7 28 : 31 113 165 201 210
REC 21 7 28 : 31 113 165 201 212
REC 24 7 25 : 31 113 165 201 212 226
REC 21 7 28 : 31 113 165 201 226
REC 18 7 31 : 31 113 165 202
REC 21 7 28 : 31 113 165 202 212
REC 18 7 31 : 31 113 165 204
REC 21 7 28 : 31 113 165 204 210
REC 21 7 28 : 31 113 165 204 226
REC 18 7 31 : 31 113 165 210
REC 21 7 28 : 31 113 165 210 232
REC 18 7 31 : 31 113 165 212
REC 21 7 28 : 31 113 165 212 226
REC 21 7 28 : 31 113 165 212 232
REC 27 7 22 : 31 113 165 212 234
REC 18 7 31 : 31 113 165 216
REC 21 7 28 : 31 113 165 216 226
REC 18 7 31 : 31 113 165 226
REC 18 7 31 : 31 113 165 232
REC 24 7 25 : 31 113 165 234
REC 15 7 34 : 31 113 166
REC 18 7 31 : 31 113 166 169
REC 21 7 28 : 31 113 166 169 195
REC 24 7 25 : 31 113 166 169 195 204
REC 24 7 25 : 31 113 166 169 195 212
REC 24 7 25 : 31 113 166 169 195 216
REC 21 7 28 : 31 113 166 169 197
REC 24 7 25 : 31 113 166 169 197 202
REC 24 7 25 : 31 113 166 169 197 210
REC 24 7 25 : 31 113 166 169 197 216
REC 21 7 28 : 31 113 166 169 202
REC 24 7 25 : 31 113 166 169 202 212
REC 21 7 28 : 31 113 166 169 204
REC 24 7 25 : 31 113 166 169 204 210
REC 21 7 28 : 31 113 166 169 210
REC 21 7 28 : 31 113 166 169 212
REC 21 7 28 : 31 113 166 169 216
REC 18 7 31 : 31 113 166 184
REC 21 7 28 : 31 113 166 184 195
REC 24 7 25 : 31 113 166 184 195 204
REC 24 7 25 : 31 113 166 184 195 212
REC 21 7 28 : 31 113 166 184 197
REC 24 7 25 : 31 113 166 184 197 202
REC 24 7 25 : 31 113 166 184 197 210
REC 21 7 28 : 31 113 166 184 201
REC 24 7 25 : 31 113 166 184 201 210
REC 24 7 25 : 31 113 166 184 201 212
REC 21 7 28 : 31 113 166 184 202
REC 24 7 25 : 31 113 166 184 202 212
REC 21 7 28 : 31 113 166 184 204
REC 24 7 25 : 31 113 166 184 204 210
REC 21 7 28 : 31 113 166 184 210
REC 21 7 28 : 31 113 166 184 212
REC 18 7 31 : 31 113 166 195
REC 21 7 28 : 31 113 166 195 204
REC 21 7 28 : 31 113 166 195 212
REC 24 7 25 : 31 113 166 195 212 232
REC 21 7 28 : 31 113 166 195 216
REC 21 7 28 : 31 113 166 195 232
REC 18 7 31 : 31 113 166 197
REC 21 7 28 : 31 113 166 197 202
REC 21 7 28 : 31 113 166 197 210
REC 24 7 25 : 31 113 166 197 210 232
REC 21 7 28 : 31 113 166 197 216
REC 21 7 28 : 31 113 166 197 232
REC 18 7 31 : 31 113 166 201
REC 21 7 28 : 31 113 166 201 210
REC 21 7 28 : 31 113 166 201 212
REC 18 7 31 : 31 113 166 202
REC 21 7 28 : 31 113 166 202 212
REC 18 7 31 : 31 113 166 204
REC 21 7 28 : 31 113 166 204 210
REC 18 7 31 : 31 113 166 210
REC 21 7 28 : 31 113 166 210 232
REC 18 7 31 : 31 113 166 212
REC 21 7 28 : 31 113 166 212 232
REC 18 7 31 : 31 113 166 216
REC 18 7 31 : 31 113 166 232
REC 15 7 34 : 31 113 169
REC 18 7 31 : 31 113 169 178
REC 21 7 28 : 31 113 169 178 195
REC 24 7 25 : 31 113 169 178 195 204
REC 24 7 25 : 31 113 169 178 195 212
REC 24 7 25 : 31 113 169 178 195 216
REC 27 7 22 : 31 113 169 178 195 216 228
REC 24 7 25 : 31 113 169 178 195 228
REC 21 7 28 : 31 113 169 178 197
REC 24 7 25 : 31 113 169 178 197 202
REC 24 7 25 : 31 113 169 178 197 216
REC 21 7 28 : 31 113 169 178 198
REC 24 7 25 : 31 113 169 178 198 216
REC 21 7 28 : 31 113 169 178 202
REC 24 7 25 : 31 113 169 178 202 212
REC 24 7 25 : 31 113 169 178 202 228
REC 21 7 28 : 31 113 169 178 204
REC 21 7 28 : 31 113 169 178 212
REC 21 7 28 : 31 113 169 178 216
REC 24 7 25 : 31 113 169 178 216 228
REC 21 7 28 : 31 113 169 178 228
REC 18 7 31 : 31 113 169 180
REC 21 7 28 : 31 113 169 180 195
REC 24 7 25 : 31 113 169 180 195 204
REC 24 7 25 : 31 113 169 180 195 216
REC 21 7 28 : 31 113 169 180 197
REC 24 7 25 : 31 113 169 180 197 202
REC 24 7 25 : 31 113 169 180 197 210
REC 24 7 25 : 31 113 169 180 197 216
REC 27 7 22 : 31 113 169 180 197 216 226
REC 24 7 25 : 31 113 169 180 197 226
REC 21 7 28 : 31 113 169 180 198
REC 24 7 25 : 31 113 169 180 198 216
REC 21 7 28 : 31 113 169 180 202
REC 21 7 28 : 31 113 169 180 204
REC 24 7 25 : 31 113 169 180 204 210
REC 24 7 25 : 31 113 169 180 204 226
REC 21 7 28 : 31 113 169 180 210
REC 21 7 28 : 31 113 169 180 216
REC 24 7 25 : 31 113 169 180 216 226
REC 21 7 28 : 31 113 169 180 226
REC 18 7 31 : 31 113 169 195
REC 21 7 28 : 31 113 169 195 204
REC 21 7 28 : 31 113 169 195 212
REC 21 7 28 : 31 113 169 195 216
REC 24 7 25 : 31 113 169 195 216 228
REC 21 7 28 : 31 113 169 195 228
REC 18 7 31 : 31 113 169 197
REC 21 7 28 : 31 113 169 197 202
REC 21 7 28 : 31 113 169 197 210
REC 21 7 28 : 31 113 169 197 216
REC 24 7 25 : 31 113 169 197 216 226
REC 21 7 28 : 31 113 169 197 226
REC 18 7 31 : 31 113 169 198
REC 21 7 28 : 31 113 169 198 216
REC 18 7 31 : 31 113 169 202
REC 21 7 28 : 31 113 169 202 212
REC 21 7 28 : 31 113 169 202 228
REC 18 7 31 : 31 113 169 204
REC 21 7 28 : 31 113 169 204 210
REC 21 7 28 : 31 113 169 204 226
REC 18 7 31 : 31 113 169 210
REC 21 7 28 : 31 113 169 210 228
REC 18 7 31 : 31 113 169 212
REC 21 7 28 : 31 113 169 212 226
REC 18 7 31 : 31 113 169 216
REC 21 7 28 : 31 113 169 216 226
REC 21 7 28 : 31 113 169 216 228
REC 27 7 22 : 31 113 169 216 230
REC 18 7 31 : 31 113 169 226
REC 18 7 31 : 31 113 169 228
REC 24 7 25 : 31 113 169 230
REC 15 7 34 : 31 113 170
REC 18 7 31 : 31 113 170 180
REC 21 7 28 : 31 113 170 180 195
REC 24 7 25 : 31 113 170 180 195 204
REC 24 7 25 : 31 113 170 180 195 216
REC 21 7 28 : 31 113 170 180 197
REC 24 7 25 : 31 113 170 180 197 210
REC 24 7 25 : 31 113 170 180 197 216
REC 21 7 28 : 31 113 170 180 198
REC 24 7 25 : 31 113 170 180 198 201
REC 24 7 25 : 31 113 170 180 198 216
REC 21 7 28 : 31 113 170 180 201
REC 24 7 25 : 31 113 170 180 201 210
REC 21 7 28 : 31 113 170 180 204
REC 24 7 25 : 31 113 170 180 204 210
REC 21 7 28 : 31 113 170 180 210
REC 21 7 28 : 31 113 170 180 216
REC 18 7 31 : 31 113 170 195
REC 21 7 28 : 31 113 170 195 204
REC 21 7 28 : 31 113 170 195 212
REC 21 7 28 : 31 113 170 195 216
REC 24 7 25 : 31 113 170 195 216 228
REC 21 7 28 : 31 113 170 195 228
REC 18 7 31 : 31 113 170 197
REC 21 7 28 : 31 113 170 197 210
REC 21 7 28 : 31 113 170 197 216
REC 18 7 31 : 31 113 170 198
REC 21 7 28 : 31 113 170 198 201
REC 21 7 28 : 31 113 170 198 216
REC 18 7 31 : 31 113 170 201
REC 21 7 28 : 31 113 170 201 210
REC 24 7 25 : 31 113 170 201 210 228
REC 21 7 28 : 31 113 170 201 212
REC 21 7 28 : 31 113 170 201 228
REC 18 7 31 : 31 113 170 204
REC 21 7 28 : 31 113 170 204 210
REC 18 7 31 : 31 113 170 210
REC 21 7 28 : 31 113 170 210 228
REC 18 7 31 : 31 113 170 212
REC 18 7 31 : 31 113 170 216
REC 21 7 28 : 31 113 170 216 228
REC 18 7 31 : 31 113 170 228
REC 15 7 34 : 31 113 172
REC 18 7 31 : 31 113 172 178
REC 21 7 28 : 31 113 172 178 195
REC 24 7 25 : 31 113 172 178 195 212
REC 24 7 25 : 31 113 172 178 195 216
REC 21 7 28 : 31 113 172 178 197
REC 24 7 25 : 31 113 172 178 197 202
REC 24 7 25 : 31 113 172 178 197 216
REC 21 7 28 : 31 113 172 178 198
REC 24 7 25 : 31 113 172 178 198 201
REC 24 7 25 : 31 113 172 178 198 216
REC 21 7 28 : 31 113 172 178 201
REC 24 7 25 : 31 113 172 178 201 212
REC 21 7 28 : 31 113 172 178 202
REC 24 7 25 : 31 113 172 178 202 212
REC 21 7 28 : 31 113 172 178 212
REC 21 7 28 : 31 113 172 178 216
REC 18 7 31 : 31 113 172 195
REC 21 7 28 : 31 113 172 195 212
REC 21 7 28 : 31 113 172 195 216
REC 18 7 31 : 31 113 172 197
REC 21 7 28 : 31 113 172 197 202
REC 21 7 28 : 31 113 172 197 210
REC 21 7 28 : 31 113 172 197 216
REC 24 7 25 : 31 113 172 197 216 226
REC 21 7 28 : 31 113 172 197 226
REC 18 7 31 : 31 113 172 198
REC 21 7 28 : 31 113 172 198 201
REC 21 7 28 : 31 113 172 198 216
REC 18 7 31 : 31 113 172 201
REC 21 7 28 : 31 113 172 201 210
REC 21 7 28 : 31 113 172 201 212
REC 24 7 25 : 31 113 172 201 212 226
REC 21 7 28 : 31 113 172 201 226
REC 18 7 31 : 31 113 172 202
REC 21 7 28 : 31 113 172 202 212
REC 18 7 31 : 31 113 172 210
REC 18 7 31 : 31 113 172 212
REC 21 7 28 : 31 113 172 212 226
REC 18 7 31 : 31 113 172 216
REC 21 7 28 : 31 113 172 216 226
REC 18 7 31 : 31 113 172 226
REC 15 7 34 : 31 113 178
REC 18 7 31 : 31 113 178 195
REC 21 7 28 : 31 113 178 195 204
REC 21 7 28 : 31 113 178 195 212
REC 24 7 25 : 31 113 178 195 212 232
REC 21 7 28 : 31 113 178 195 216
REC 24 7 25 : 31 113 178 195 216 228
REC 21 7 28 : 31 113 178 195 228
REC 21 7 28 : 31 113 178 195 232
REC 27 7 22 : 31 113 178 195 236
REC 18 7 31 : 31 113 178 197
REC 21 7 28 : 31 113 178 197 202
REC 21 7 28 : 31 113 178 197 216
REC 21 7 28 : 31 113 178 197 232
REC 18 7 31 : 31 113 178 198
REC 21 7 28 : 31 113 178 198 201
REC 21 7 28 : 31 113 178 198 216
REC 21 7 28 : 31 113 178 198 232
REC 18 7 31 : 31 113 178 201
REC 21 7 28 : 31 113 178 201 212
REC 21 7 28 : 31 113 178 201 228
REC 18 7 31 : 31 113 178 202
REC 21 7 28 : 31 113 178 202 212
REC 21 7 28 : 31 113 178 202 228
REC 18 7 31 : 31 113 178 204
REC 18 7 31 : 31 113 178 212
REC 21 7 28 : 31 113 178 212 232
REC 18 7 31 : 31 113 178 216
REC 21 7 28 : 31 113 178 216 228
REC 18 7 31 : 31 113 178 228
REC 18 7 31 : 31 113 178 232
REC 24 7 25 : 31 113 178 236
REC 15 7 34 : 31 113 180
REC 18 7 31 : 31 113 180 195
REC 21 7 28 : 31 113 180 195 204
REC 21 7 28 : 31 113 180 195 216
REC 21 7 28 : 31 113 180 195 232
REC 18 7 31 : 31 113 180 197
REC 21 7 28 : 31 113 180 197 202
REC 21 7 28 : 31 113 180 197 210
REC 24 7 25 : 31 113 180 197 210 232
REC 21 7 28 : 31 113 180 197 216
REC 24 7 25 : 31 113 180 197 216 226
REC 21 7 28 : 31 113 180 197 226
REC 21 7 28 : 31 113 180 197 232
REC 27 7 22 : 31 113 180 197 234
REC 18 7 31 : 31 113 180 198
REC 21 7 28 : 31 113 180 198 201
REC 21 7 28 : 31 113 180 198 216
REC 21 7 28 : 31 113 180 198 232
REC 18 7 31 : 31 113 180 201
REC 21 7 28 : 31 113 180 201 210
REC 21 7 28 : 31 113 180 201 226
REC 18 7 31 : 31 113 180 202
REC 18 7 31 : 31 113 180 204
REC 21 7 28 : 31 113 180 204 210
REC 21 7 28 : 31 113 180 204 226
REC 18 7 31 : 31 113 180 210
REC 21 7 28 : 31 113 180 210 232
REC 18 7 31 : 31 113 180 216
REC 21 7 28 : 31 113 180 216 226
REC 18 7 31 : 31 113 180 226
REC 18 7 31 : 31 113 180 232
REC 24 7 25 : 31 113 180 234
REC 15 7 34 : 31 113 184
REC 18 7 31 : 31 113 184 195
REC 21 7 28 : 31 113 184 195 204
REC 21 7 28 : 31 113 184 195 212
REC 21 7 28 : 31 113 184 195 228
REC 18 7 31 : 31 113 184 197
REC 21 7 28 : 31 113 184 197 202
REC 21 7 28 : 31 113 184 197 210
REC 21 7 28 : 31 113 184 197 226
REC 18 7 31 : 31 113 184 198
REC 21 7 28 : 31 113 184 198 201
REC 18 7 31 : 31 113 184 201
REC 21 7 28 : 31 113 184 201 210
REC 24 7 25 : 31 113 184 201 210 228
REC 21 7 28 : 31 113 184 201 212
REC 24 7 25 : 31 113 184 201 212 226
REC 21 7 28 : 31 113 184 201 226
REC 21 7 28 : 31 113 184 201 228
REC 27 7 22 : 31 113 184 201 230
REC 18 7 31 : 31 113 184 202
REC 21 7 28 : 31 113 184 202 212
REC 21 7 28 : 31 113 184 202 228
REC 18 7 31 : 31 113 184 204
REC 21 7 28 : 31 113 184 204 210
REC 21 7 28 : 31 113 184 204 226
REC 18 7 31 : 31 113 184 210
REC 21 7 28 : 31 113 184 210 228
REC 18 7 31 : 31 113 184 212
REC 21 7 28 : 31 113 184 212 226
REC 18 7 31 : 31 113 184 226
REC 18 7 31 : 31 113 184 228
REC 24 7 25 : 31 113 184 230
REC 15 7 34 : 31 113 195
REC 18 7 31 : 31 113 195 204
REC 18 7 31 : 31 113 195 212
REC 21 7 28 : 31 113 195 212 232
REC 18 7 31 : 31 113 195 216
REC 21 7 28 : 31 113 195 216 228
REC 18 7 31 : 31 113 195 228
REC 18 7 31 : 31 113 195 232
REC 24 7 25 : 31 113 195 236
REC 15 7 34 : 31 113 197
REC 18 7 31 : 31 113 197 202
REC 18 7 31 : 31 113 197 210
REC 21 7 28 : 31 113 197 210 232
REC 18 7 31 : 31 113 197 216
REC 21 7 28 : 31 113 197 216 226
REC 18 7 31 : 31 113 197 226
REC 18 7 31 : 31 113 197 232
REC 24 7 25 : 31 113 197 234
REC 15 7 34 : 31 113 198
REC 18 7 31 : 31 113 198 201
REC 18 7 31 : 31 113 198 216
REC 18 7 31 : 31 113 198 232
REC 15 7 34 : 31 113 201
REC 18 7 31 : 31 113 201 210
REC 21 7 28 : 31 113 201 210 228
REC 18 7 31 : 31 113 201 212
REC 21 7 28 : 31 113 201 212 226
REC 18 7 31 : 31 113 201 226
REC 18 7 31 : 31 113 201 228
REC 24 7 25 : 31 113 201 230
REC 15 7 34 : 31 113 202
REC 18 7 31 : 31 113 202 212
REC 18 7 31 : 31 113 202 228
REC 15 7 34 : 31 113 204
REC 18 7 31 : 31 113 204 210
REC 18 7 31 : 31 113 204 226
REC 15 7 34 : 31 113 210
REC 18 7 31 : 31 113 210 228
REC 18 7 31 : 31 113 210 232
REC 24 7 25 : 31 113 210 236
REC 15 7 34 : 31 113 212
REC 18 7 31 : 31 113 212 226
REC 18 7 31 : 31 113 212 232
REC 24 7 25 : 31 113 212 234
REC 15 7 34 : 31 113 216
REC 18 7 31 : 31 113 216 226
REC 18 7 31 : 31 113 216 228
REC 24 7 25 : 31 113 216 230
REC 15 7 34 : 31 113 226
REC 15 7 34 : 31 113 228
REC 21 7 28 : 31 113 230
REC 15 7 34 : 31 113 232
REC 21 7 28 : 31 113 234
REC 21 7 28 : 31 113 236
REC 12 7 37 : 31 114
REC 15 7 34 : 31 114 163
REC 18 7 31 : 31 114 163 172
REC 21 7 28 : 31 114 163 172 197
REC 24 7 25 : 31 114 163 172 197 202
REC 24 7 25 : 31 114 163 172 197 216
REC 21 7 28 : 31 114 163 172 198
REC 24 7 25 : 31 114 163 172 198 201
REC 24 7 25 : 31 114 163 172 198 209
REC 24 7 25 : 31 114 163 172 198 216
REC 21 7 28 : 31 114 163 172 201
REC 24 7 25 : 31 114 163 172 201 212
REC 21 7 28 : 31 114 163 172 202
REC 24 7 25 : 31 114 163 172 202 209
REC 24 7 25 : 31 114 163 172 202 212
REC 21 7 28 : 31 114 163 172 209
REC 21 7 28 : 31 114 163 172 212
REC 21 7 28 : 31 114 163 172 216
REC 18 7 31 : 31 114 163 180
REC 21 7 28 : 31 114 163 180 197
REC 24 7 25 : 31 114 163 180 197 202
REC 24 7 25 : 31 114 163 180 197 216
REC 24 7 25 : 31 114 163 180 197 232
REC 21 7 28 : 31 114 163 180 198
REC 24 7 25 : 31 114 163 180 198 201
REC 24 7 25 : 31 114 163 180 198 209
REC 27 7 22 : 31 114 163 180 198 209 232
REC 24 7 25 : 31 114 163 180 198 216
REC 24 7 25 : 31 114 163 180 198 232
REC 21 7 28 : 31 114 163 180 201
REC 21 7 28 : 31 114 163 180 202
REC 24 7 25 : 31 114 163 180 202 209
REC 21 7 28 : 31 114 163 180 204
REC 24 7 25 : 31 114 163 180 204 209
REC 21 7 28 : 31 114 163 180 209
REC 24 7 25 : 31 114 163 180 209 232
REC 21 7 28 : 31 114 163 180 216
REC 21 7 28 : 31 114 163 180 232
REC 18 7 31 : 31 114 163 184
REC 21 7 28 : 31 114 163 184 197
REC 24 7 25 : 31 114 163 184 197 202
REC 21 7 28 : 31 114 163 184 198
REC 24 7 25 : 31 114 163 184 198 201
REC 24 7 25 : 31 114 163 184 198 209
REC 21 7 28 : 31 114 163 184 201
REC 24 7 25 : 31 114 163 184 201 212
REC 24 7 25 : 31 114 163 184 201 228
REC 21 7 28 : 31 114 163 184 202
REC 24 7 25 : 31 114 163 184 202 209
REC 27 7 22 : 31 114 163 184 202 209 228
REC 24 7 25 : 31 114 163 184 202 212
REC 24 7 25 : 31 114 163 184 202 228
REC 21 7 28 : 31 114 163 184 204
REC 24 7 25 : 31 114 163 184 204 209
REC 21 7 28 : 31 114 163 184 209
REC 24 7 25 : 31 114 163 184 209 228
REC 21 7 28 : 31 114 163 184 212
REC 21 7 28 : 31 114 163 184 228
REC 18 7 31 : 31 114 163 197
REC 21 7 28 : 31 114 163 197 202
REC 21 7 28 : 31 114 163 197 216
REC 21 7 28 : 31 114 163 197 232
REC 18 7 31 : 31 114 163 198
REC 21 7 28 : 31 114 163 198 201
REC 21 7 28 : 31 114 163 198 209
REC 24 7 25 : 31 114 163 198 209 232
REC 21 7 28 : 31 114 163 198 216
REC 21 7 28 : 31 114 163 198 232
REC 18 7 31 : 31 114 163 201
REC 21 7 28 : 31 114 163 201 212
REC 21 7 28 : 31 114 163 201 228
REC 18 7 31 : 31 114 163 202
REC 21 7 28 : 31 114 163 202 209
REC 24 7 25 : 31 114 163 202 209 228
REC 21 7 28 : 31 114 163 202 212
REC 21 7 28 : 31 114 163 202 228
REC 18 7 31 : 31 114 163 204
REC 21 7 28 : 31 114 163 204 209
REC 18 7 31 : 31 114 163 209
REC 21 7 28 : 31 114 163 209 228
REC 21 7 28 : 31 114 163 209 232
REC 27 7 22 : 31 114 163 209 236
REC 18 7 31 : 31 114 163 212
REC 21 7 28 : 31 114 163 212 232
REC 18 7 31 : 31 114 163 216
REC 21 7 28 : 31 114 163 216 228
REC 18 7 31 : 31 114 163 228
REC 18 7 31 : 31 114 163 232
REC 24 7 25 : 31 114 163 236
REC 15 7 34 : 31 114 165
REC 18 7 31 : 31 114 165 170
REC 21 7 28 : 31 114 165 170 195
REC 24 7 25 : 31 114 165 170 195 204
REC 24 7 25 : 31 114 165 170 195 212
REC 24 7 25 : 31 114 165 170 195 216
REC 21 7 28 : 31 114 165 170 198
REC 24 7 25 : 31 114 165 170 198 201
REC 24 7 25 : 31 114 165 170 198 209
REC 24 7 25 : 31 114 165 170 198 216
REC 21 7 28 : 31 114 165 170 201
REC 24 7 25 : 31 114 165 170 201 212
REC 21 7 28 : 31 114 165 170 204
REC 24 7 25 : 31 114 165 170 204 209
REC 21 7 28 : 31 114 165 170 209
REC 21 7 28 : 31 114 165 170 212
REC 21 7 28 : 31 114 165 170 216
REC 18 7 31 : 31 114 165 184
REC 21 7 28 : 31 114 165 184 195
REC 24 7 25 : 31 114 165 184 195 204
REC 24 7 25 : 31 114 165 184 195 212
REC 21 7 28 : 31 114 165 184 198
REC 24 7 25 : 31 114 165 184 198 201
REC 24 7 25 : 31 114 165 184 198 209
REC 21 7 28 : 31 114 165 184 201
REC 24 7 25 : 31 114 165 184 201 212
REC 21 7 28 : 31 114 165 184 202
REC 24 7 25 : 31 114 165 184 202 209
REC 24 7 25 : 31 114 165 184 202 212
REC 21 7 28 : 31 114 165 184 204
REC 24 7 25 : 31 114 165 184 204 209
REC 21 7 28 : 31 114 165 184 209
REC 21 7 28 : 31 114 165 184 212
REC 18 7 31 : 31 114 165 195
REC 21 7 28 : 31 114 165 195 204
REC 21 7 28 : 31 114 165 195 212
REC 24 7 25 : 31 114 165 195 212 232
REC 21 7 28 : 31 114 165 195 216
REC 21 7 28 : 31 114 165 195 232
REC 18 7 31 : 31 114 165 198
REC 21 7 28 : 31 114 165 198 201
REC 21 7 28 : 31 114 165 198 209
REC 24 7 25 : 31 114 165 198 209 232
REC 21 7 28 : 31 114 165 198 216
REC 21 7 28 : 31 114 165 198 232
REC 18 7 31 : 31 114 165 201
REC 21 7 28 : 31 114 165 201 212
REC 18 7 31 : 31 114 165 202
REC 21 7 28 : 31 114 165 202 209
REC 21 7 28 : 31 114 165 202 212
REC 18 7 31 : 31 114 165 204
REC 21 7 28 : 31 114 165 204 209
REC 18 7 31 : 31 114 165 209
REC 21 7 28 : 31 114 165 209 232
REC 18 7 31 : 31 114 165 212
REC 21 7 28 : 31 114 165 212 232
REC 18 7 31 : 31 114 165 216
REC 18 7 31 : 31 114 165 232
REC 15 7 34 : 31 114 166
REC 18 7 31 : 31 114 166 169
REC 21 7 28 : 31 114 166 169 195
REC 24 7 25 : 31 114 166 169 195 204
REC 24 7 25 : 31 114 166 169 195 212
REC 24 7 25 : 31 114 166 169 195 216
REC 21 7 28 : 31 114 166 169 197
REC 24 7 25 : 31 114 166 169 197 202
REC 24 7 25 : 31 114 166 169 197 216
REC 21 7 28 : 31 114 166 169 202
REC 24 7 25 : 31 114 166 169 202 209
REC 24 7 25 : 31 114 166 169 202 212
REC 21 7 28 : 31 114 166 169 204
REC 24 7 25 : 31 114 166 169 204 209
REC 21 7 28 : 31 114 166 169 209
REC 21 7 28 : 31 114 166 169 212
REC 21 7 28 : 31 114 166 169 216
REC 18 7 31 : 31 114 166 177
REC 21 7 28 : 31 114 166 177 195
REC 24 7 25 : 31 114 166 177 195 204
REC 24 7 25 : 31 114 166 177 195 212
REC 27 7 22 : 31 114 166 177 195 212 232
REC 24 7 25 : 31 114 166 177 195 216
REC 24 7 25 : 31 114 166 177 195 232
REC 21 7 28 : 31 114 166 177 197
REC 24 7 25 : 31 114 166 177 197 202
REC 24 7 25 : 31 114 166 177 197 216
REC 24 7 25 : 31 114 166 177 197 232
REC 21 7 28 : 31 114 166 177 201
REC 24 7 25 : 31 114 166 177 201 212
REC 21 7 28 : 31 114 166 177 202
REC 24 7 25 : 31 114 166 177 202 212
REC 21 7 28 : 31 114 166 177 204
REC 21 7 28 : 31 114 166 177 212
REC 24 7 25 : 31 114 166 177 212 232
REC 21 7 28 : 31 114 166 177 216
REC 21 7 28 : 31 114 166 177 232
REC 18 7 31 : 31 114 166 184
REC 21 7 28 : 31 114 166 184 195
REC 24 7 25 : 31 114 166 184 195 204
REC 24 7 25 : 31 114 166 184 195 212
REC 21 7 28 : 31 114 166 184 197
REC 24 7 25 : 31 114 166 184 197 202
REC 21 7 28 : 31 114 166 184 201
REC 24 7 25 : 31 114 166 184 201 212
REC 21 7 28 : 31 114 166 184 202
REC 24 7 25 : 31 114 166 184 202 209
REC 24 7 25 : 31 114 166 184 202 212
REC 27 7 22 : 31 114 166 184 202 212 225
REC 24 7 25 : 31 114 166 184 202 225
REC 21 7 28 : 31 114 166 184 204
REC 24 7 25 : 31 114 166 184 204 209
REC 24 7 25 : 31 114 166 184 204 225
REC 21 7 28 : 31 114 166 184 209
REC 21 7 28 : 31 114 166 184 212
REC 24 7 25 : 31 114 166 184 212 225
REC 21 7 28 : 31 114 166 184 225
REC 18 7 31 : 31 114 166 195
REC 21 7 28 : 31 114 166 195 204
REC 21 7 28 : 31 114 166 195 212
REC 24 7 25 : 31 114 166 195 212 232
REC 21 7 28 : 31 114 166 195 216
REC 21 7 28 : 31 114 166 195 232
REC 18 7 31 : 31 114 166 197
REC 21 7 28 : 31 114 166 197 202
REC 21 7 28 : 31 114 166 197 216
REC 21 7 28 : 31 114 166 197 232
REC 18 7 31 : 31 114 166 201
REC 21 7 28 : 31 114 166 201 212
REC 18 7 31 : 31 114 166 202
REC 21 7 28 : 31 114 166 202 209
REC 21 7 28 : 31 114 166 202 212
REC 24 7 25 : 31 114 166 202 212 225
REC 21 7 28 : 31 114 166 202 225
REC 18 7 31 : 31 114 166 204
REC 21 7 28 : 31 114 166 204 209
REC 21 7 28 : 31 114 166 204 225
REC 18 7 31 : 31 114 166 209
REC 21 7 28 : 31 114 166 209 232
REC 18 7 31 : 31 114 166 212
REC 21 7 28 : 31 114 166 212 225
REC 21 7 28 : 31 114 166 212 232
REC 27 7 22 : 31 114 166 212 233
REC 18 7 31 : 31 114 166 216
REC 21 7 28 : 31 114 166 216 225
REC 18 7 31 : 31 114 166 225
REC 18 7 31 : 31 114 166 232
REC 24 7 25 : 31 114 166 233
REC 15 7 34 : 31 114 169
REC 18 7 31 : 31 114 169 180
REC 21 7 28 : 31 114 169 180 195
REC 24 7 25 : 31 114 169 180 195 204
REC 24 7 25 : 31 114 169 180 195 216
REC 21 7 28 : 31 114 169 180 197
REC 24 7 25 : 31 114 169 180 197 202
REC 24 7 25 : 31 114 169 180 197 216
REC 21 7 28 : 31 114 169 180 198
REC 24 7 25 : 31 114 169 180 198 209
REC 24 7 25 : 31 114 169 180 198 216
REC 21 7 28 : 31 114 169 180 202
REC 24 7 25 : 31 114 169 180 202 209
REC 21 7 28 : 31 114 169 180 204
REC 24 7 25 : 31 114 169 180 204 209
REC 21 7 28 : 31 114 169 180 209
REC 21 7 28 : 31 114 169 180 216
REC 18 7 31 : 31 114 169 195
REC 21 7 28 : 31 114 169 195 204
REC 21 7 28 : 31 114 169 195 212
REC 21 7 28 : 31 114 169 195 216
REC 24 7 25 : 31 114 169 195 216 228
REC 21 7 28 : 31 114 169 195 228
REC 18 7 31 : 31 114 169 197
REC 21 7 28 : 31 114 169 197 202
REC 21 7 28 : 31 114 169 197 216
REC 18 7 31 : 31 114 169 198
REC 21 7 28 : 31 114 169 198 209
REC 21 7 28 : 31 114 169 198 216
REC 18 7 31 : 31 114 169 202
REC 21 7 28 : 31 114 169 202 209
REC 24 7 25 : 31 114 169 202 209 228
REC 21 7 28 : 31 114 169 202 212
REC 21 7 28 : 31 114 169 202 228
REC 18 7 31 : 31 114 169 204
REC 21 7 28 : 31 114 169 204 209
REC 18 7 31 : 31 114 169 209
REC 21 7 28 : 31 114 169 209 228
REC 18 7 31 : 31 114 169 212
REC 18 7 31 : 31 114 169 216
REC 21 7 28 : 31 114 169 216 228
REC 18 7 31 : 31 114 169 228
REC 15 7 34 : 31 114 170
REC 18 7 31 : 31 114 170 177
REC 21 7 28 : 31 114 170 177 195
REC 24 7 25 : 31 114 170 177 195 204
REC 24 7 25 : 31 114 170 177 195 212
REC 24 7 25 : 31 114 170 177 195 216
REC 27 7 22 : 31 114 170 177 195 216 228
REC 24 7 25 : 31 114 170 177 195 228
REC 21 7 28 : 31 114 170 177 197
REC 24 7 25 : 31 114 170 177 197 216
REC 21 7 28 : 31 114 170 177 198
REC 24 7 25 : 31 114 170 177 198 201
REC 24 7 25 : 31 114 170 177 198 216
REC 21 7 28 : 31 114 170 177 201
REC 24 7 25 : 31 114 170 177 201 212
REC 24 7 25 : 31 114 170 177 201 228
REC 21 7 28 : 31 114 170 177 204
REC 21 7 28 : 31 114 170 177 212
REC 21 7 28 : 31 114 170 177 216
REC 24 7 25 : 31 114 170 177 216 228
REC 21 7 28 : 31 114 170 177 228
REC 18 7 31 : 31 114 170 180
REC 21 7 28 : 31 114 170 180 195
REC 24 7 25 : 31 114 170 180 195 204
REC 24 7 25 : 31 114 170 180 195 216
REC 21 7 28 : 31 114 170 180 197
REC 24 7 25 : 31 114 170 180 197 216
REC 21 7 28 : 31 114 170 180 198
REC 24 7 25 : 31 114 170 180 198 201
REC 24 7 25 : 31 114 170 180 198 209
REC 24 7 25 : 31 114 170 180 198 216
REC 27 7 22 : 31 114 170 180 198 216 225
REC 24 7 25 : 31 114 170 180 198 225
REC 21 7 28 : 31 114 170 180 201
REC 21 7 28 : 31 114 170 180 204
REC 24 7 25 : 31 114 170 180 204 209
REC 24 7 25 : 31 114 170 180 204 225
REC 21 7 28 : 31 114 170 180 209
REC 21 7 28 : 31 114 170 180 216
REC 24 7 25 : 31 114 170 180 216 225
REC 21 7 28 : 31 114 170 180 225
REC 18 7 31 : 31 114 170 195
REC 21 7 28 : 31 114 170 195 204
REC 21 7 28 : 31 114 170 195 212
REC 21 7 28 : 31 114 170 195 216
REC 24 7 25 : 31 114 170 195 216 228
REC 21 7 28 : 31 114 170 195 228
REC 18 7 31 : 31 114 170 197
REC 21 7 28 : 31 114 170 197 216
REC 18 7 31 : 31 114 170 198
REC 21 7 28 : 31 114 170 198 201
REC 21 7 28 : 31 114 170 198 209
REC 21 7 28 : 31 114 170 198 216
REC 24 7 25 : 31 114 170 198 216 225
REC 21 7 28 : 31 114 170 198 225
REC 18 7 31 : 31 114 170 201
REC 21 7 28 : 31 114 170 201 212
REC 21 7 28 : 31 114 170 201 228
REC 18 7 31 : 31 114 170 204
REC 21 7 28 : 31 114 170 204 209
REC 21 7 28 : 31 114 170 204 225
REC 18 7 31 : 31 114 170 209
REC 21 7 28 : 31 114 170 209 228
REC 18 7 31 : 31 114 170 212
REC 21 7 28 : 31 114 170 212 225
REC 18 7 31 : 31 114 170 216
REC 21 7 28 : 31 114 170 216 225
REC 21 7 28 : 31 114 170 216 228
REC 27 7 22 : 31 114 170 216 229
REC 18 7 31 : 31 114 170 225
REC 18 7 31 : 31 114 170 228
REC 24 7 25 : 31 114 170 229
REC 15 7 34 : 31 114 172
REC 18 7 31 : 31 114 172 177
REC 21 7 28 : 31 114 172 177 195
REC 24 7 25 : 31 114 172 177 195 212
REC 24 7 25 : 31 114 172 177 195 216
REC 21 7 28 : 31 114 172 177 197
REC 24 7 25 : 31 114 172 177 197 202
REC 24 7 25 : 31 114 172 177 197 216
REC 21 7 28 : 31 114 172 177 198
REC 24 7 25 : 31 114 172 177 198 201
REC 24 7 25 : 31 114 172 177 198 216
REC 21 7 28 : 31 114 172 177 201
REC 24 7 25 : 31 114 172 177 201 212
REC 21 7 28 : 31 114 172 177 202
REC 24 7 25 : 31 114 172 177 202 212
REC 21 7 28 : 31 114 172 177 212
REC 21 7 28 : 31 114 172 177 216
REC 18 7 31 : 31 114 172 195
REC 21 7 28 : 31 114 172 195 212
REC 21 7 28 : 31 114 172 195 216
REC 18 7 31 : 31 114 172 197
REC 21 7 28 : 31 114 172 197 202
REC 21 7 28 : 31 114 172 197 216
REC 18 7 31 : 31 114 172 198
REC 21 7 28 : 31 114 172 198 201
REC 21 7 28 : 31 114 172 198 209
REC 21 7 28 : 31 114 172 198 216
REC 24 7 25 : 31 114 172 198 216 225
REC 21 7 28 : 31 114 172 198 225
REC 18 7 31 : 31 114 172 201
REC 21 7 28 : 31 114 172 201 212
REC 18 7 31 : 31 114 172 202
REC 21 7 28 : 31 114 172 202 209
REC 21 7 28 : 31 114 172 202 212
REC 24 7 25 : 31 114 172 202 212 225
REC 21 7 28 : 31 114 172 202 225
REC 18 7 31 : 31 114 172 209
REC 18 7 31 : 31 114 172 212
REC 21 7 28 : 31 114 172 212 225
REC 18 7 31 : 31 114 172 216
REC 21 7 28 : 31 114 172 216 225
REC 18 7 31 : 31 114 172 225
REC 15 7 34 : 31 114 177
REC 18 7 31 : 31 114 177 195
REC 21 7 28 : 31 114 177 195 204
REC 21 7 28 : 31 114 177 195 212
REC 24 7 25 : 31 114 177 195 212 232
REC 21 7 28 : 31 114 177 195 216
REC 24 7 25 : 31 114 177 195 216 228
REC 21 7 28 : 31 114 177 195 228
REC 21 7 28 : 31 114 177 195 232
REC 27 7 22 : 31 114 177 195 236
REC 18 7 31 : 31 114 177 197
REC 21 7 28 : 31 114 177 197 202
REC 21 7 28 : 31 114 177 197 216
REC 21 7 28 : 31 114 177 197 232
REC 18 7 31 : 31 114 177 198
REC 21 7 28 : 31 114 177 198 201
REC 21 7 28 : 31 114 177 198 216
REC 21 7 28 : 31 114 177 198 232
REC 18 7 31 : 31 114 177 201
REC 21 7 28 : 31 114 177 201 212
REC 21 7 28 : 31 114 177 201 228
REC 18 7 31 : 31 114 177 202
REC 21 7 28 : 31 114 177 202 212
REC 21 7 28 : 31 114 177 202 228
REC 18 7 31 : 31 114 177 204
REC 18 7 31 : 31 114 177 212
REC 21 7 28 : 31 114 177 212 232
REC 18 7 31 : 31 114 177 216
REC 21 7 28 : 31 114 177 216 228
REC 18 7 31 : 31 114 177 228
REC 18 7 31 : 31 114 177 232
REC 24 7 25 : 31 114 177 236
REC 15 7 34 : 31 114 180
REC 18 7 31 : 31 114 180 195
REC 21 7 28 : 31 114 180 195 204
REC 21 7 28 : 31 114 180 195 216
REC 21 7 28 : 31 114 180 195 232
REC 18 7 31 : 31 114 180 197
REC 21 7 28 : 31 114 180 197 202
REC 21 7 28 : 31 114 180 197 216
REC 21 7 28 : 31 114 180 197 232
REC 18 7 31 : 31 114 180 198
REC 21 7 28 : 31 114 180 198 201
REC 21 7 28 : 31 114 180 198 209
REC 24 7 25 : 31 114 180 198 209 232
REC 21 7 28 : 31 114 180 198 216
REC 24 7 25 : 31 114 180 198 216 225
REC 21 7 28 : 31 114 180 198 225
REC 21 7 28 : 31 114 180 198 232
REC 27 7 22 : 31 114 180 198 233
REC 18 7 31 : 31 114 180 201
REC 18 7 31 : 31 114 180 202
REC 21 7 28 : 31 114 180 202 209
REC 21 7 28 : 31 114 180 202 225
REC 18 7 31 : 31 114 180 204
REC 21 7 28 : 31 114 180 204 209
REC 21 7 28 : 31 114 180 204 225
REC 18 7 31 : 31 114 180 209
REC 21 7 28 : 31 114 180 209 232
REC 18 7 31 : 31 114 180 216
REC 21 7 28 : 31 114 180 216 225
REC 18 7 31 : 31 114 180 225
REC 18 7 31 : 31 114 180 232
REC 24 7 25 : 31 114 180 233
REC 15 7 34 : 31 114 184
REC 18 7 31 : 31 114 184 195
REC 21 7 28 : 31 114 184 195 204
REC 21 7 28 : 31 114 184 195 212
REC 21 7 28 : 31 114 184 195 228
REC 18 7 31 : 31 114 184 197
REC 21 7 28 : 31 114 184 197 202
REC 18 7 31 : 31 114 184 198
REC 21 7 28 : 31 114 184 198 201
REC 21 7 28 : 31 114 184 198 209
REC 21 7 28 : 31 114 184 198 225
REC 18 7 31 : 31 114 184 201
REC 21 7 28 : 31 114 184 201 212
REC 21 7 28 : 31 114 184 201 228
REC 18 7 31 : 31 114 184 202
REC 21 7 28 : 31 114 184 202 209
REC 24 7 25 : 31 114 184 202 209 228
REC 21 7 28 : 31 114 184 202 212
REC 24 7 25 : 31 114 184 202 212 225
REC 21 7 28 : 31 114 184 202 225
REC 21 7 28 : 31 114 184 202 228
REC 27 7 22 : 31 114 184 202 229
REC 18 7 31 : 31 114 184 204
REC 21 7 28 : 31 114 184 204 209
REC 21 7 28 : 31 114 184 204 225
REC 18 7 31 : 31 114 184 209
REC 21 7 28 : 31 114 184 209 228
REC 18 7 31 : 31 114 184 212
REC 21 7 28 : 31 114 184 212 225
REC 18 7 31 : 31 114 184 225
REC 18 7 31 : 31 114 184 228
REC 24 7 25 : 31 114 184 229
REC 15 7 34 : 31 114 195
REC 18 7 31 : 31 114 195 204
REC 18 7 31 : 31 114 195 212
REC 21 7 28 : 31 114 195 212 232
REC 18 7 31 : 31 114 195 216
REC 21 7 28 : 31 114 195 216 228
REC 18 7 31 : 31 114 195 228
REC 18 7 31 : 31 114 195 232
REC 24 7 25 : 31 114 195 236
REC 15 7 34 : 31 114 197
REC 18 7 31 : 31 114 197 202
REC 18 7 31 : 31 114 197 216
REC 18 7 31 : 31 114 197 232
REC 15 7 34 : 31 114 198
REC 18 7 31 : 31 114 198 201
REC 18 7 31 : 31 114 198 209
REC 21 7 28 : 31 114 198 209 232
REC 18 7 31 : 31 114 198 216
REC 21 7 28 : 31 114 198 216 225
REC 18 7 31 : 31 114 198 225
REC 18 7 31 : 31 114 198 232
REC 24 7 25 : 31 114 198 233
REC 15 7 34 : 31 114 201
REC 18 7 31 : 31 114 201 212
REC 18 7 31 : 31 114 201 228
REC 15 7 34 : 31 114 202
REC 18 7 31 : 31 114 202 209
REC 21 7 28 : 31 114 202 209 228
REC 18 7 31 : 31 114 202 212
REC 21 7 28 : 31 114 202 212 225
REC 18 7 31 : 31 114 202 225
REC 18 7 31 : 31 114 202 228
REC 24 7 25 : 31 114 202 229
REC 15 7 34 : 31 114 204
REC 18 7 31 : 31 114 204 209
REC 18 7 31 : 31 114 204 225
REC 15 7 34 : 31 114 209
REC 18 7 31 : 31 114 209 228
REC 18 7 31 : 31 114 209 232
REC 24 7 25 : 31 114 209 236
REC 15 7 34 : 31 114 212
REC 18 7 31 : 31 114 212 225
REC 18 7 31 : 31 114 212 232
REC 24 7 25 : 31 114 212 233
REC 15 7 34 : 31 114 216
REC 18 7 31 : 31 114 216 225
REC 18 7 31 : 31 114 216 228
REC 24 7 25 : 31 114 216 229
REC 15 7 34 : 31 114 225
REC 15 7 34 : 31 114 228
REC 21 7 28 : 31 114 229
REC 15 7 34 : 31 114 232
REC 21 7 28 : 31 114 233
REC 21 7 28 : 31 114 236
REC 12 7 37 : 31 116
REC 15 7 34 : 31 116 163
REC 18 7 31 : 31 116 163 172
REC 21 7 28 : 31 116 163 172 197
REC 24 7 25 : 31 116 163 172 197 202
REC 24 7 25 : 31 116 163 172 197 210
REC 24 7 25 : 31 116 163 172 197 216
REC 21 7 28 : 31 116 163 172 198
REC 24 7 25 : 31 116 163 172 198 201
REC 24 7 25 : 31 116 163 172 198 209
REC 24 7 25 : 31 116 163 172 198 216
REC 21 7 28 : 31 116 163 172 201
REC 24 7 25 : 31 116 163 172 201 210
REC 21 7 28 : 31 116 163 172 202
REC 24 7 25 : 31 116 163 172 202 209
REC 21 7 28 : 31 116 163 172 209
REC 21 7 28 : 31 116 163 172 210
REC 21 7 28 : 31 116 163 172 216
REC 18 7 31 : 31 116 163 184
REC 21 7 28 : 31 116 163 184 197
REC 24 7 25 : 31 116 163 184 197 202
REC 24 7 25 : 31 116 163 184 197 210
REC 21 7 28 : 31 116 163 184 198
REC 24 7 25 : 31 116 163 184 198 201
REC 24 7 25 : 31 116 163 184 198 209
REC 21 7 28 : 31 116 163 184 201
REC 24 7 25 : 31 116 163 184 201 210
REC 21 7 28 : 31 116 163 184 202
REC 24 7 25 : 31 116 163 184 202 209
REC 21 7 28 : 31 116 163 184 204
REC 24 7 25 : 31 116 163 184 204 209
REC 24 7 25 : 31 116 163 184 204 210
REC 21 7 28 : 31 116 163 184 209
REC 21 7 28 : 31 116 163 184 210
REC 18 7 31 : 31 116 163 197
REC 21 7 28 : 31 116 163 197 202
REC 21 7 28 : 31 116 163 197 210
REC 24 7 25 : 31 116 163 197 210 232
REC 21 7 28 : 31 116 163 197 216
REC 21 7 28 : 31 116 163 197 232
REC 18 7 31 : 31 116 163 198
REC 21 7 28 : 31 116 163 198 201
REC 21 7 28 : 31 116 163 198 209
REC 24 7 25 : 31 116 163 198 209 232
REC 21 7 28 : 31 116 163 198 216
REC 21 7 28 : 31 116 163 198 232
REC 18 7 31 : 31 116 163 201
REC 21 7 28 : 31 116 163 201 210
REC 18 7 31 : 31 116 163 202
REC 21 7 28 : 31 116 163 202 209
REC 18 7 31 : 31 116 163 204
REC 21 7 28 : 31 116 163 204 209
REC 21 7 28 : 31 116 163 204 210
REC 18 7 31 : 31 116 163 209
REC 21 7 28 : 31 116 163 209 232
REC 18 7 31 : 31 116 163 210
REC 21 7 28 : 31 116 163 210 232
REC 18 7 31 : 31 116 163 216
REC 18 7 31 : 31 116 163 232
REC 15 7 34 : 31 116 165
REC 18 7 31 : 31 116 165 170
REC 21 7 28 : 31 116 165 170 195
REC 24 7 25 : 31 116 165 170 195 204
REC 24 7 25 : 31 116 165 170 195 216
REC 21 7 28 : 31 116 165 170 198
REC 24 7 25 : 31 116 165 170 198 201
REC 24 7 25 : 31 116 165 170 198 209
REC 24 7 25 : 31 116 165 170 198 216
REC 21 7 28 : 31 116 165 170 201
REC 24 7 25 : 31 116 165 170 201 210
REC 21 7 28 : 31 116 165 170 204
REC 24 7 25 : 31 116 165 170 204 209
REC 24 7 25 : 31 116 165 170 204 210
REC 21 7 28 : 31 116 165 170 209
REC 21 7 28 : 31 116 165 170 210
REC 21 7 28 : 31 116 165 170 216
REC 18 7 31 : 31 116 165 178
REC 21 7 28 : 31 116 165 178 195
REC 24 7 25 : 31 116 165 178 195 204
REC 24 7 25 : 31 116 165 178 195 216
REC 24 7 25 : 31 116 165 178 195 232
REC 21 7 28 : 31 116 165 178 198
REC 24 7 25 : 31 116 165 178 198 201
REC 24 7 25 : 31 116 165 178 198 209
REC 27 7 22 : 31 116 165 178 198 209 232
REC 24 7 25 : 31 116 165 178 198 216
REC 24 7 25 : 31 116 165 178 198 232
REC 21 7 28 : 31 116 165 178 201
REC 21 7 28 : 31 116 165 178 202
REC 24 7 25 : 31 116 165 178 202 209
REC 21 7 28 : 31 116 165 178 204
REC 24 7 25 : 31 116 165 178 204 209
REC 21 7 28 : 31 116 165 178 209
REC 24 7 25 : 31 116 165 178 209 232
REC 21 7 28 : 31 116 165 178 216
REC 21 7 28 : 31 116 165 178 232
REC 18 7 31 : 31 116 165 184
REC 21 7 28 : 31 116 165 184 195
REC 24 7 25 : 31 116 165 184 195 204
REC 21 7 28 : 31 116 165 184 198
REC 24 7 25 : 31 116 165 184 198 201
REC 24 7 25 : 31 116 165 184 198 209
REC 21 7 28 : 31 116 165 184 201
REC 24 7 25 : 31 116 165 184 201 210
REC 24 7 25 : 31 116 165 184 201 226
REC 21 7 28 : 31 116 165 184 202
REC 24 7 25 : 31 116 165 184 202 209
REC 21 7 28 : 31 116 165 184 204
REC 24 7 25 : 31 116 165 184 204 209
REC 27 7 22 : 31 116 165 184 204 209 226
REC 24 7 25 : 31 116 165 184 204 210
REC 24 7 25 : 31 116 165 184 204 226
REC 21 7 28 : 31 116 165 184 209
REC 24 7 25 : 31 116 165 184 209 226
REC 21 7 28 : 31 116 165 184 210
REC 21 7 28 : 31 116 165 184 226
REC 18 7 31 : 31 116 165 195
REC 21 7 28 : 31 116 165 195 204
REC 21 7 28 : 31 116 165 195 216
REC 21 7 28 : 31 116 165 195 232
REC 18 7 31 : 31 116 165 198
REC 21 7 28 : 31 116 165 198 201
REC 21 7 28 : 31 116 165 198 209
REC 24 7 25 : 31 116 165 198 209 232
REC 21 7 28 : 31 116 165 198 216
REC 21 7 28 : 31 116 165 198 232
REC 18 7 31 : 31 116 165 201
REC 21 7 28 : 31 116 165 201 210
REC 21 7 28 : 31 116 165 201 226
REC 18 7 31 : 31 116 165 202
REC 21 7 28 : 31 116 165 202 209
REC 18 7 31 : 31 116 165 204
REC 21 7 28 : 31 116 165 204 209
REC 24 7 25 : 31 116 165 204 209 226
REC 21 7 28 : 31 116 165 204 210
REC 21 7 28 : 31 116 165 204 226
REC 18 7 31 : 31 116 165 209
REC 21 7 28 : 31 116 165 209 226
REC 21 7 28 : 31 116 165 209 232
REC 27 7 22 : 31 116 165 209 234
REC 18 7 31 : 31 116 165 210
REC 21 7 28 : 31 116 165 210 232
REC 18 7 31 : 31 116 165 216
REC 21 7 28 : 31 116 165 216 226
REC 18 7 31 : 31 116 165 226
REC 18 7 31 : 31 116 165 232
REC 24 7 25 : 31 116 165 234
REC 15 7 34 : 31 116 166
REC 18 7 31 : 31 116 166 169
REC 21 7 28 : 31 116 166 169 195
REC 24 7 25 : 31 116 166 169 195 204
REC 24 7 25 : 31 116 166 169 195 216
REC 21 7 28 : 31 116 166 169 197
REC 24 7 25 : 31 116 166 169 197 202
REC 24 7 25 : 31 116 166 169 197 210
REC 24 7 25 : 31 116 166 169 197 216
REC 21 7 28 : 31 116 166 169 202
REC 24 7 25 : 31 116 166 169 202 209
REC 21 7 28 : 31 116 166 169 204
REC 24 7 25 : 31 116 166 169 204 209
REC 24 7 25 : 31 116 166 169 204 210
REC 21 7 28 : 31 116 166 169 209
REC 21 7 28 : 31 116 166 169 210
REC 21 7 28 : 31 116 166 169 216
REC 18 7 31 : 31 116 166 177
REC 21 7 28 : 31 116 166 177 195
REC 24 7 25 : 31 116 166 177 195 204
REC 24 7 25 : 31 116 166 177 195 216
REC 24 7 25 : 31 116 166 177 195 232
REC 21 7 28 : 31 116 166 177 197
REC 24 7 25 : 31 116 166 177 197 202
REC 24 7 25 : 31 116 166 177 197 210
REC 27 7 22 : 31 116 166 177 197 210 232
REC 24 7 25 : 31 116 166 177 197 216
REC 24 7 25 : 31 116 166 177 197 232
REC 21 7 28 : 31 116 166 177 201
REC 24 7 25 : 31 116 166 177 201 210
REC 21 7 28 : 31 116 166 177 202
REC 21 7 28 : 31 116 166 177 204
REC 24 7 25 : 31 116 166 177 204 210
REC 21 7 28 : 31 116 166 177 210
REC 24 7 25 : 31 116 166 177 210 232
REC 21 7 28 : 31 116 166 177 216
REC 21 7 28 : 31 116 166 177 232
REC 18 7 31 : 31 116 166 184
REC 21 7 28 : 31 116 166 184 195
REC 24 7 25 : 31 116 166 184 195 204
REC 21 7 28 : 31 116 166 184 197
REC 24 7 25 : 31 116 166 184 197 202
REC 24 7 25 : 31 116 166 184 197 210
REC 21 7 28 : 31 116 166 184 201
REC 24 7 25 : 31 116 166 184 201 210
REC 21 7 28 : 31 116 166 184 202
REC 24 7 25 : 31 116 166 184 202 209
REC 24 7 25 : 31 116 166 184 202 225
REC 21 7 28 : 31 116 166 184 204
REC 24 7 25 : 31 116 166 184 204 209
REC 24 7 25 : 31 116 166 184 204 210
REC 27 7 22 : 31 116 166 184 204 210 225
REC 24 7 25 : 31 116 166 184 204 225
REC 21 7 28 : 31 116 166 184 209
REC 21 7 28 : 31 116 166 184 210
REC 24 7 25 : 31 116 166 184 210 225
REC 21 7 28 : 31 116 166 184 225
REC 18 7 31 : 31 116 166 195
REC 21 7 28 : 31 116 166 195 204
REC 21 7 28 : 31 116 166 195 216
REC 21 7 28 : 31 116 166 195 232
REC 18 7 31 : 31 116 166 197
REC 21 7 28 : 31 116 166 197 202
REC 21 7 28 : 31 116 166 197 210
REC 24 7 25 : 31 116 166 197 210 232
REC 21 7 28 : 31 116 166 197 216
REC 21 7 28 : 31 116 166 197 232
REC 18 7 31 : 31 116 166 201
REC 21 7 28 : 31 116 166 201 210
REC 18 7 31 : 31 116 166 202
REC 21 7 28 : 31 116 166 202 209
REC 21 7 28 : 31 116 166 202 225
REC 18 7 31 : 31 116 166 204
REC 21 7 28 : 31 116 166 204 209
REC 21 7 28 : 31 116 166 204 210
REC 24 7 25 : 31 116 166 204 210 225
REC 21 7 28 : 31 116 166 204 225
REC 18 7 31 : 31 116 166 209
REC 21 7 28 : 31 116 166 209 232
REC 18 7 31 : 31 116 166 210
REC 21 7 28 : 31 116 166 210 225
REC 21 7 28 : 31 116 166 210 232
REC 27 7 22 : 31 116 166 210 233
REC 18 7 31 : 31 116 166 216
REC 21 7 28 : 31 116 166 216 225
REC 18 7 31 : 31 116 166 225
REC 18 7 31 : 31 116 166 232
REC 24 7 25 : 31 116 166 233
REC 15 7 34 : 31 116 169
REC 18 7 31 : 31 116 169 178
REC 21 7 28 : 31 116 169 178 195
REC 24 7 25 : 31 116 169 178 195 204
REC 24 7 25 : 31 116 169 178 195 216
REC 21 7 28 : 31 116 169 178 197
REC 24 7 25 : 31 116 169 178 197 202
REC 24 7 25 : 31 116 169 178 197 216
REC 21 7 28 : 31 116 169 178 198
REC 24 7 25 : 31 116 169 178 198 209
REC 24 7 25 : 31 116 169 178 198 216
REC 21 7 28 : 31 116 169 178 202
REC 24 7 25 : 31 116 169 178 202 209
REC 21 7 28 : 31 116 169 178 204
REC 24 7 25 : 31 116 169 178 204 209
REC 21 7 28 : 31 116 169 178 209
REC 21 7 28 : 31 116 169 178 216
REC 18 7 31 : 31 116 169 195
REC 21 7 28 : 31 116 169 195 204
REC 21 7 28 : 31 116 169 195 216
REC 18 7 31 : 31 116 169 197
REC 21 7 28 : 31 116 169 197 202
REC 21 7 28 : 31 116 169 197 210
REC 21 7 28 : 31 116 169 197 216
REC 24 7 25 : 31 116 169 197 216 226
REC 21 7 28 : 31 116 169 197 226
REC 18 7 31 : 31 116 169 198
REC 21 7 28 : 31 116 169 198 209
REC 21 7 28 : 31 116 169 198 216
REC 18 7 31 : 31 116 169 202
REC 21 7 28 : 31 116 169 202 209
REC 18 7 31 : 31 116 169 204
REC 21 7 28 : 31 116 169 204 209
REC 24 7 25 : 31 116 169 204 209 226
REC 21 7 28 : 31 116 169 204 210
REC 21 7 28 : 31 116 169 204 226
REC 18 7 31 : 31 116 169 209
REC 21 7 28 : 31 116 169 209 226
REC 18 7 31 : 31 116 169 210
REC 18 7 31 : 31 116 169 216
REC 21 7 28 : 31 116 169 216 226
REC 18 7 31 : 31 116 169 226
REC 15 7 34 : 31 116 170
REC 18 7 31 : 31 116 170 177
REC 21 7 28 : 31 116 170 177 195
REC 24 7 25 : 31 116 170 177 195 204
REC 24 7 25 : 31 116 170 177 195 216
REC 21 7 28 : 31 116 170 177 197
REC 24 7 25 : 31 116 170 177 197 210
REC 24 7 25 : 31 116 170 177 197 216
REC 21 7 28 : 31 116 170 177 198
REC 24 7 25 : 31 116 170 177 198 201
REC 24 7 25 : 31 116 170 177 198 216
REC 21 7 28 : 31 116 170 177 201
REC 24 7 25 : 31 116 170 177 201 210
REC 21 7 28 : 31 116 170 177 204
REC 24 7 25 : 31 116 170 177 204 210
REC 21 7 28 : 31 116 170 177 210
REC 21 7 28 : 31 116 170 177 216
REC 18 7 31 : 31 116 170 195
REC 21 7 28 : 31 116 170 195 204
REC 21 7 28 : 31 116 170 195 216
REC 18 7 31 : 31 116 170 197
REC 21 7 28 : 31 116 170 197 210
REC 21 7 28 : 31 116 170 197 216
REC 18 7 31 : 31 116 170 198
REC 21 7 28 : 31 116 170 198 201
REC 21 7 28 : 31 116 170 198 209
REC 21 7 28 : 31 116 170 198 216
REC 24 7 25 : 31 116 170 198 216 225
REC 21 7 28 : 31 116 170 198 225
REC 18 7 31 : 31 116 170 201
REC 21 7 28 : 31 116 170 201 210
REC 18 7 31 : 31 116 170 204
REC 21 7 28 : 31 116 170 204 209
REC 21 7 28 : 31 116 170 204 210
REC 24 7 25 : 31 116 170 204 210 225
REC 21 7 28 : 31 116 170 204 225
REC 18 7 31 : 31 116 170 209
REC 18 7 31 : 31 116 170 210
REC 21 7 28 : 31 116 170 210 225
REC 18 7 31 : 31 116 170 216
REC 21 7 28 : 31 116 170 216 225
REC 18 7 31 : 31 116 170 225
REC 15 7 34 : 31 116 172
REC 18 7 31 : 31 116 172 177
REC 21 7 28 : 31 116 172 177 195
REC 24 7 25 : 31 116 172 177 195 216
REC 21 7 28 : 31 116 172 177 197
REC 24 7 25 : 31 116 172 177 197 202
REC 24 7 25 : 31 116 172 177 197 210
REC 24 7 25 : 31 116 172 177 197 216
REC 27 7 22 : 31 116 172 177 197 216 226
REC 24 7 25 : 31 116 172 177 197 226
REC 21 7 28 : 31 116 172 177 198
REC 24 7 25 : 31 116 172 177 198 201
REC 24 7 25 : 31 116 172 177 198 216
REC 21 7 28 : 31 116 172 177 201
REC 24 7 25 : 31 116 172 177 201 210
REC 24 7 25 : 31 116 172 177 201 226
REC 21 7 28 : 31 116 172 177 202
REC 21 7 28 : 31 116 172 177 210
REC 21 7 28 : 31 116 172 177 216
REC 24 7 25 : 31 116 172 177 216 226
REC 21 7 28 : 31 116 172 177 226
REC 18 7 31 : 31 116 172 178
REC 21 7 28 : 31 116 172 178 195
REC 24 7 25 : 31 116 172 178 195 216
REC 21 7 28 : 31 116 172 178 197
REC 24 7 25 : 31 116 172 178 197 202
REC 24 7 25 : 31 116 172 178 197 216
REC 21 7 28 : 31 116 172 178 198
REC 24 7 25 : 31 116 172 178 198 201
REC 24 7 25 : 31 116 172 178 198 209
REC 24 7 25 : 31 116 172 178 198 216
REC 27 7 22 : 31 116 172 178 198 216 225
REC 24 7 25 : 31 116 172 178 198 225
REC 21 7 28 : 31 116 172 178 201
REC 21 7 28 : 31 116 172 178 202
REC 24 7 25 : 31 116 172 178 202 209
REC 24 7 25 : 31 116 172 178 202 225
REC 21 7 28 : 31 116 172 178 209
REC 21 7 28 : 31 116 172 178 216
REC 24 7 25 : 31 116 172 178 216 225
REC 21 7 28 : 31 116 172 178 225
REC 18 7 31 : 31 116 172 195
REC 21 7 28 : 31 116 172 195 216
REC 18 7 31 : 31 116 172 197
REC 21 7 28 : 31 116 172 197 202
REC 21 7 28 : 31 116 172 197 210
REC 21 7 28 : 31 116 172 197 216
REC 24 7 25 : 31 116 172 197 216 226
REC 21 7 28 : 31 116 172 197 226
REC 18 7 31 : 31 116 172 198
REC 21 7 28 : 31 116 172 198 201
REC 21 7 28 : 31 116 172 198 209
REC 21 7 28 : 31 116 172 198 216
REC 24 7 25 : 31 116 172 198 216 225
REC 21 7 28 : 31 116 172 198 225
REC 18 7 31 : 31 116 172 201
REC 21 7 28 : 31 116 172 201 210
REC 21 7 28 : 31 116 172 201 226
REC 18 7 31 : 31 116 172 202
REC 21 7 28 : 31 116 172 202 209
REC 21 7 28 : 31 116 172 202 225
REC 18 7 31 : 31 116 172 209
REC 21 7 28 : 31 116 172 209 226
REC 18 7 31 : 31 116 172 210
REC 21 7 28 : 31 116 172 210 225
REC 18 7 31 : 31 116 172 216
REC 21 7 28 : 31 116 172 216 225
REC 21 7 28 : 31 116 172 216 226
REC 27 7 22 : 31 116 172 216 227
REC 18 7 31 : 31 116 172 225
REC 18 7 31 : 31 116 172 226
REC 24 7 25 : 31 116 172 227
REC 15 7 34 : 31 116 177
REC 18 7 31 : 31 116 177 195
REC 21 7 28 : 31 116 177 195 204
REC 21 7 28 : 31 116 177 195 216
REC 21 7 28 : 31 116 177 195 232
REC 18 7 31 : 31 116 177 197
REC 21 7 28 : 31 116 177 197 202
REC 21 7 28 : 31 116 177 197 210
REC 24 7 25 : 31 116 177 197 210 232
REC 21 7 28 : 31 116 177 197 216
REC 24 7 25 : 31 116 177 197 216 226
REC 21 7 28 : 31 116 177 197 226
REC 21 7 28 : 31 116 177 197 232
REC 27 7 22 : 31 116 177 197 234
REC 18 7 31 : 31 116 177 198
REC 21 7 28 : 31 116 177 198 201
REC 21 7 28 : 31 116 177 198 216
REC 21 7 28 : 31 116 177 198 232
REC 18 7 31 : 31 116 177 201
REC 21 7 28 : 31 116 177 201 210
REC 21 7 28 : 31 116 177 201 226
REC 18 7 31 : 31 116 177 202
REC 18 7 31 : 31 116 177 204
REC 21 7 28 : 31 116 177 204 210
REC 21 7 28 : 31 116 177 204 226
REC 18 7 31 : 31 116 177 210
REC 21 7 28 : 31 116 177 210 232
REC 18 7 31 : 31 116 177 216
REC 21 7 28 : 31 116 177 216 226
REC 18 7 31 : 31 116 177 226
REC 18 7 31 : 31 116 177 232
REC 24 7 25 : 31 116 177 234
REC 15 7 34 : 31 116 178
REC 18 7 31 : 31 116 178 195
REC 21 7 28 : 31 116 178 195 204
REC 21 7 28 : 31 116 178 195 216
REC 21 7 28 : 31 116 178 195 232
REC 18 7 31 : 31 116 178 197
REC 21 7 28 : 31 116 178 197 202
REC 21 7 28 : 31 116 178 197 216
REC 21 7 28 : 31 116 178 197 232
REC 18 7 31 : 31 116 178 198
REC 21 7 28 : 31 116 178 198 201
REC 21 7 28 : 31 116 178 198 209
REC 24 7 25 : 31 116 178 198 209 232
REC 21 7 28 : 31 116 178 198 216
REC 24 7 25 : 31 116 178 198 216 225
REC 21 7 28 : 31 116 178 198 225
REC 21 7 28 : 31 116 178 198 232
REC 27 7 22 : 31 116 178 198 233
REC 18 7 31 : 31 116 178 201
REC 18 7 31 : 31 116 178 202
REC 21 7 28 : 31 116 178 202 209
REC 21 7 28 : 31 116 178 202 225
REC 18 7 31 : 31 116 178 204
REC 21 7 28 : 31 116 178 204 209
REC 21 7 28 : 31 116 178 204 225
REC 18 7 31 : 31 116 178 209
REC 21 7 28 : 31 116 178 209 232
REC 18 7 31 : 31 116 178 216
REC 21 7 28 : 31 116 178 216 225
REC 18 7 31 : 31 116 178 225
REC 18 7 31 : 31 116 178 232
REC 24 7 25 : 31 116 178 233
REC 15 7 34 : 31 116 184
REC 18 7 31 : 31 116 184 195
REC 21 7 28 : 31 116 184 195 204
REC 18 7 31 : 31 116 184 197
REC 21 7 28 : 31 116 184 197 202
REC 21 7 28 : 31 116 184 197 210
REC 21 7 28 : 31 116 184 197 226
REC 18 7 31 : 31 116 184 198
REC 21 7 28 : 31 116 184 198 201
REC 21 7 28 : 31 116 184 198 209
REC 21 7 28 : 31 116 184 198 225
REC 18 7 31 : 31 116 184 201
REC 21 7 28 : 31 116 184 201 210
REC 21 7 28 : 31 116 184 201 226
REC 18 7 31 : 31 116 184 202
REC 21 7 28 : 31 116 184 202 209
REC 21 7 28 : 31 116 184 202 225
REC 18 7 31 : 31 116 184 204
REC 21 7 28 : 31 116 184 204 209
REC 24 7 25 : 31 116 184 204 209 226
REC 21 7 28 : 31 116 184 204 210
REC 24 7 25 : 31 116 184 204 210 225
REC 21 7 28 : 31 116 184 204 225
REC 21 7 28 : 31 116 184 204 226
REC 27 7 22 : 31 116 184 204 227
REC 18 7 31 : 31 116 184 209
REC 21 7 28 : 31 116 184 209 226
REC 18 7 31 : 31 116 184 210
REC 21 7 28 : 31 116 184 210 225
REC 18 7 31 : 31 116 184 225
REC 18 7 31 : 31 116 184 226
REC 24 7 25 : 31 116 184 227
REC 15 7 34 : 31 116 195
REC 18 7 31 : 31 116 195 204
REC 18 7 31 : 31 116 195 216
REC 18 7 31 : 31 116 195 232
REC 15 7 34 : 31 116 197
REC 18 7 31 : 31 116 197 202
REC 18 7 31 : 31 116 197 210
REC 21 7 28 : 31 116 197 210 232
REC 18 7 31 : 31 116 197 216
REC 21 7 28 : 31 116 197 216 226
REC 18 7 31 : 31 116 197 226
REC 18 7 31 : 31 116 197 232
REC 24 7 25 : 31 116 197 234
REC 15 7 34 : 31 116 198
REC 18 7 31 : 31 116 198 201
REC 18 7 31 : 31 116 198 209
REC 21 7 28 : 31 116 198 209 232
REC 18 7 31 : 31 116 198 216
REC 21 7 28 : 31 116 198 216 225
REC 18 7 31 : 31 116 198 225
REC 18 7 31 : 31 116 198 232
REC 24 7 25 : 31 116 198 233
REC 15 7 34 : 31 116 201
REC 18 7 31 : 31 116 201 210
REC 18 7 31 : 31 116 201 226
REC 15 7 34 : 31 116 202
REC 18 7 31 : 31 116 202 209
REC 18 7 31 : 31 116 202 225
REC 15 7 34 : 31 116 204
REC 18 7 31 : 31 116 204 209
REC 21 7 28 : 31 116 204 209 226
REC 18 7 31 : 31 116 204 210
REC 21 7 28 : 31 116 204 210 225
REC 18 7 31 : 31 116 204 225
REC 18 7 31 : 31 116 204 226
REC 24 7 25 : 31 116 204 227
REC 15 7 34 : 31 116 209
REC 18 7 31 : 31 116 209 226
REC 18 7 31 : 31 116 209 232
REC 24 7 25 : 31 116 209 234
REC 15 7 34 : 31 116 210
REC 18 7 31 : 31 116 210 225
REC 18 7 31 : 31 116 210 232
REC 24 7 25 : 31 116 210 233
REC 15 7 34 : 31 116 216
REC 18 7 31 : 31 116 216 225
REC 18 7 31 : 31 116 216 226
REC 24 7 25 : 31 116 216 227
REC 15 7 34 : 31 116 225
REC 15 7 34 : 31 116 226
REC 21 7 28 : 31 116 227
REC 15 7 34 : 31 116 232
REC 21 7 28 : 31 116 233
REC 21 7 28 : 31 116 234
REC 12 7 37 : 31 120
REC 15 7 34 : 31 120 163
REC 18 7 31 : 31 120 163 172
REC 21 7 28 : 31 120 163 172 197
REC 24 7 25 : 31 120 163 172 197 202
REC 24 7 25 : 31 120 163 172 197 210
REC 21 7 28 : 31 120 163 172 198
REC 24 7 25 : 31 120 163 172 198 201
REC 24 7 25 : 31 120 163 172 198 209
REC 21 7 28 : 31 120 163 172 201
REC 24 7 25 : 31 120 163 172 201 210
REC 24 7 25 : 31 120 163 172 201 212
REC 21 7 28 : 31 120 163 172 202
REC 24 7 25 : 31 120 163 172 202 209
REC 24 7 25 : 31 120 163 172 202 212
REC 21 7 28 : 31 120 163 172 209
REC 21 7 28 : 31 120 163 172 210
REC 21 7 28 : 31 120 163 172 212
REC 18 7 31 : 31 120 163 180
REC 21 7 28 : 31 120 163 180 197
REC 24 7 25 : 31 120 163 180 197 202
REC 24 7 25 : 31 120 163 180 197 210
REC 21 7 28 : 31 120 163 180 198
REC 24 7 25 : 31 120 163 180 198 201
REC 24 7 25 : 31 120 163 180 198 209
REC 21 7 28 : 31 120 163 180 201
REC 24 7 25 : 31 120 163 180 201 210
REC 21 7 28 : 31 120 163 180 202
REC 24 7 25 : 31 120 163 180 202 209
REC 21 7 28 : 31 120 163 180 204
REC 24 7 25 : 31 120 163 180 204 209
REC 24 7 25 : 31 120 163 180 204 210
REC 21 7 28 : 31 120 163 180 209
REC 21 7 28 : 31 120 163 180 210
REC 18 7 31 : 31 120 163 197
REC 21 7 28 : 31 120 163 197 202
REC 21 7 28 : 31 120 163 197 210
REC 18 7 31 : 31 120 163 198
REC 21 7 28 : 31 120 163 198 201
REC 21 7 28 : 31 120 163 198 209
REC 18 7 31 : 31 120 163 201
REC 21 7 28 : 31 120 163 201 210
REC 24 7 25 : 31 120 163 201 210 228
REC 21 7 28 : 31 120 163 201 212
REC 21 7 28 : 31 120 163 201 228
REC 18 7 31 : 31 120 163 202
REC 21 7 28 : 31 120 163 202 209
REC 24 7 25 : 31 120 163 202 209 228
REC 21 7 28 : 31 120 163 202 212
REC 21 7 28 : 31 120 163 202 228
REC 18 7 31 : 31 120 163 204
REC 21 7 28 : 31 120 163 204 209
REC 21 7 28 : 31 120 163 204 210
REC 18 7 31 : 31 120 163 209
REC 21 7 28 : 31 120 163 209 228
REC 18 7 31 : 31 120 163 210
REC 21 7 28 : 31 120 163 210 228
REC 18 7 31 : 31 120 163 212
REC 18 7 31 : 31 120 163 228
REC 15 7 34 : 31 120 165
REC 18 7 31 : 31 120 165 170
REC 21 7 28 : 31 120 165 170 195
REC 24 7 25 : 31 120 165 170 195 204
REC 24 7 25 : 31 120 165 170 195 212
REC 21 7 28 : 31 120 165 170 198
REC 24 7 25 : 31 120 165 170 198 201
REC 24 7 25 : 31 120 165 170 198 209
REC 21 7 28 : 31 120 165 170 201
REC 24 7 25 : 31 120 165 170 201 210
REC 24 7 25 : 31 120 165 170 201 212
REC 21 7 28 : 31 120 165 170 204
REC 24 7 25 : 31 120 165 170 204 209
REC 24 7 25 : 31 120 165 170 204 210
REC 21 7 28 : 31 120 165 170 209
REC 21 7 28 : 31 120 165 170 210
REC 21 7 28 : 31 120 165 170 212
REC 18 7 31 : 31 120 165 178
REC 21 7 28 : 31 120 165 178 195
REC 24 7 25 : 31 120 165 178 195 204
REC 24 7 25 : 31 120 165 178 195 212
REC 21 7 28 : 31 120 165 178 198
REC 24 7 25 : 31 120 165 178 198 201
REC 24 7 25 : 31 120 165 178 198 209
REC 21 7 28 : 31 120 165 178 201
REC 24 7 25 : 31 120 165 178 201 212
REC 21 7 28 : 31 120 165 178 202
REC 24 7 25 : 31 120 165 178 202 209
REC 24 7 25 : 31 120 165 178 202 212
REC 21 7 28 : 31 120 165 178 204
REC 24 7 25 : 31 120 165 178 204 209
REC 21 7 28 : 31 120 165 178 209
REC 21 7 28 : 31 120 165 178 212
REC 18 7 31 : 31 120 165 195
REC 21 7 28 : 31 120 165 195 204
REC 21 7 28 : 31 120 165 195 212
REC 18 7 31 : 31 120 165 198
REC 21 7 28 : 31 120 165 198 201
REC 21 7 28 : 31 120 165 198 209
REC 18 7 31 : 31 120 165 201
REC 21 7 28 : 31 120 165 201 210
REC 21 7 28 : 31 120 165 201 212
REC 24 7 25 : 31 120 165 201 212 226
REC 21 7 28 : 31 120 165 201 226
REC 18 7 31 : 31 120 165 202
REC 21 7 28 : 31 120 165 202 209
REC 21 7 28 : 31 120 165 202 212
REC 18 7 31 : 31 120 165 204
REC 21 7 28 : 31 120 165 204 209
REC 24 7 25 : 31 120 165 204 209 226
REC 21 7 28 : 31 120 165 204 210
REC 21 7 28 : 31 120 165 204 226
REC 18 7 31 : 31 120 165 209
REC 21 7 28 : 31 120 165 209 226
REC 18 7 31 : 31 120 165 210
REC 18 7 31 : 31 120 165 212
REC 21 7 28 : 31 120 165 212 226
REC 18 7 31 : 31 120 165 226
REC 15 7 34 : 31 120 166
REC 18 7 31 : 31 120 166 169
REC 21 7 28 : 31 120 166 169 195
REC 24 7 25 : 31 120 166 169 195 204
REC 24 7 25 : 31 120 166 169 195 212
REC 21 7 28 : 31 120 166 169 197
REC 24 7 25 : 31 120 166 169 197 202
REC 24 7 25 : 31 120 166 169 197 210
REC 21 7 28 : 31 120 166 169 202
REC 24 7 25 : 31 120 166 169 202 209
REC 24 7 25 : 31 120 166 169 202 212
REC 21 7 28 : 31 120 166 169 204
REC 24 7 25 : 31 120 166 169 204 209
REC 24 7 25 : 31 120 166 169 204 210
REC 21 7 28 : 31 120 166 169 209
REC 21 7 28 : 31 120 166 169 210
REC 21 7 28 : 31 120 166 169 212
REC 18 7 31 : 31 120 166 177
REC 21 7 28 : 31 120 166 177 195
REC 24 7 25 : 31 120 166 177 195 204
REC 24 7 25 : 31 120 166 177 195 212
REC 21 7 28 : 31 120 166 177 197
REC 24 7 25 : 31 120 166 177 197 202
REC 24 7 25 : 31 120 166 177 197 210
REC 21 7 28 : 31 120 166 177 201
REC 24 7 25 : 31 120 166 177 201 210
REC 24 7 25 : 31 120 166 177 201 212
REC 21 7 28 : 31 120 166 177 202
REC 24 7 25 : 31 120 166 177 202 212
REC 21 7 28 : 31 120 166 177 204
REC 24 7 25 : 31 120 166 177 204 210
REC 21 7 28 : 31 120 166 177 210
REC 21 7 28 : 31 120 166 177 212
REC 18 7 31 : 31 120 166 195
REC 21 7 28 : 31 120 166 195 204
REC 21 7 28 : 31 120 166 195 212
REC 18 7 31 : 31 120 166 197
REC 21 7 28 : 31 120 166 197 202
REC 21 7 28 : 31 120 166 197 210
REC 18 7 31 : 31 120 166 201
REC 21 7 28 : 31 120 166 201 210
REC 21 7 28 : 31 120 166 201 212
REC 18 7 31 : 31 120 166 202
REC 21 7 28 : 31 120 166 202 209
REC 21 7 28 : 31 120 166 202 212
REC 24 7 25 : 31 120 166 202 212 225
REC 21 7 28 : 31 120 166 202 225
REC 18 7 31 : 31 120 166 204
REC 21 7 28 : 31 120 166 204 209
REC 21 7 28 : 31 120 166 204 210
REC 24 7 25 : 31 120 166 204 210 225
REC 21 7 28 : 31 120 166 204 225
REC 18 7 31 : 31 120 166 209
REC 18 7 31 : 31 120 166 210
REC 21 7 28 : 31 120 166 210 225
REC 18 7 31 : 31 120 166 212
REC 21 7 28 : 31 120 166 212 225
REC 18 7 31 : 31 120 166 225
REC 15 7 34 : 31 120 169
REC 18 7 31 : 31 120 169 178
REC 21 7 28 : 31 120 169 178 195
REC 24 7 25 : 31 120 169 178 195 204
REC 24 7 25 : 31 120 169 178 195 212
REC 24 7 25 : 31 120 169 178 195 228
REC 21 7 28 : 31 120 169 178 197
REC 24 7 25 : 31 120 169 178 197 202
REC 21 7 28 : 31 120 169 178 198
REC 24 7 25 : 31 120 169 178 198 209
REC 21 7 28 : 31 120 169 178 202
REC 24 7 25 : 31 120 169 178 202 209
REC 27 7 22 : 31 120 169 178 202 209 228
REC 24 7 25 : 31 120 169 178 202 212
REC 24 7 25 : 31 120 169 178 202 228
REC 21 7 28 : 31 120 169 178 204
REC 24 7 25 : 31 120 169 178 204 209
REC 21 7 28 : 31 120 169 178 209
REC 24 7 25 : 31 120 169 178 209 228
REC 21 7 28 : 31 120 169 178 212
REC 21 7 28 : 31 120 169 178 228
REC 18 7 31 : 31 120 169 180
REC 21 7 28 : 31 120 169 180 195
REC 24 7 25 : 31 120 169 180 195 204
REC 21 7 28 : 31 120 169 180 197
REC 24 7 25 : 31 120 169 180 197 202
REC 24 7 25 : 31 120 169 180 197 210
REC 24 7 25 : 31 120 169 180 197 226
REC 21 7 28 : 31 120 169 180 198
REC 24 7 25 : 31 120 169 180 198 209
REC 21 7 28 : 31 120 169 180 202
REC 24 7 25 : 31 120 169 180 202 209
REC 21 7 28 : 31 120 169 180 204
REC 24 7 25 : 31 120 169 180 204 209
REC 27 7 22 : 31 120 169 180 204 209 226
REC 24 7 25 : 31 120 169 180 204 210
REC 24 7 25 : 31 120 169 180 204 226
REC 21 7 28 : 31 120 169 180 209
REC 24 7 25 : 31 120 169 180 209 226
REC 21 7 28 : 31 120 169 180 210
REC 21 7 28 : 31 120 169 180 226
REC 18 7 31 : 31 120 169 195
REC 21 7 28 : 31 120 169 195 204
REC 21 7 28 : 31 120 169 195 212
REC 21 7 28 : 31 120 169 195 228
REC 18 7 31 : 31 120 169 197
REC 21 7 28 : 31 120 169 197 202
REC 21 7 28 : 31 120 169 197 210
REC 21 7 28 : 31 120 169 197 226
REC 18 7 31 : 31 120 169 198
REC 21 7 28 : 31 120 169 198 209
REC 18 7 31 : 31 120 169 202
REC 21 7 28 : 31 120 169 202 209
REC 24 7 25 : 31 120 169 202 209 228
REC 21 7 28 : 31 120 169 202 212
REC 21 7 28 : 31 120 169 202 228
REC 18 7 31 : 31 120 169 204
REC 21 7 28 : 31 120 169 204 209
REC 24 7 25 : 31 120 169 204 209 226
REC 21 7 28 : 31 120 169 204 210
REC 21 7 28 : 31 120 169 204 226
REC 18 7 31 : 31 120 169 209
REC 21 7 28 : 31 120 169 209 226
REC 21 7 28 : 31 120 169 209 228
REC 27 7 22 : 31 120 169 209 230
REC 18 7 31 : 31 120 169 210
REC 21 7 28 : 31 120 169 210 228
REC 18 7 31 : 31 120 169 212
REC 21 7 28 : 31 120 169 212 226
REC 18 7 31 : 31 120 169 226
REC 18 7 31 : 31 120 169 228
REC 24 7 25 : 31 120 169 230
REC 15 7 34 : 31 120 170
REC 18 7 31 : 31 120 170 177
REC 21 7 28 : 31 120 170 177 195
REC 24 7 25 : 31 120 170 177 195 204
REC 24 7 25 : 31 120 170 177 195 212
REC 24 7 25 : 31 120 170 177 195 228
REC 21 7 28 : 31 120 170 177 197
REC 24 7 25 : 31 120 170 177 197 210
REC 21 7 28 : 31 120 170 177 198
REC 24 7 25 : 31 120 170 177 198 201
REC 21 7 28 : 31 120 170 177 201
REC 24 7 25 : 31 120 170 177 201 210
REC 27 7 22 : 31 120 170 177 201 210 228
REC 24 7 25 : 31 120 170 177 201 212
REC 24 7 25 : 31 120 170 177 201 228
REC 21 7 28 : 31 120 170 177 204
REC 24 7 25 : 31 120 170 177 204 210
REC 21 7 28 : 31 120 170 177 210
REC 24 7 25 : 31 120 170 177 210 228
REC 21 7 28 : 31 120 170 177 212
REC 21 7 28 : 31 120 170 177 228
REC 18 7 31 : 31 120 170 180
REC 21 7 28 : 31 120 170 180 195
REC 24 7 25 : 31 120 170 180 195 204
REC 21 7 28 : 31 120 170 180 197
REC 24 7 25 : 31 120 170 180 197 210
REC 21 7 28 : 31 120 170 180 198
REC 24 7 25 : 31 120 170 180 198 201
REC 24 7 25 : 31 120 170 180 198 209
REC 24 7 25 : 31 120 170 180 198 225
REC 21 7 28 : 31 120 170 180 201
REC 24 7 25 : 31 120 170 180 201 210
REC 21 7 28 : 31 120 170 180 204
REC 24 7 25 : 31 120 170 180 204 209
REC 24 7 25 : 31 120 170 180 204 210
REC 27 7 22 : 31 120 170 180 204 210 225
REC 24 7 25 : 31 120 170 180 204 225
REC 21 7 28 : 31 120 170 180 209
REC 21 7 28 : 31 120 170 180 210
REC 24 7 25 : 31 120 170 180 210 225
REC 21 7 28 : 31 120 170 180 225
REC 18 7 31 : 31 120 170 195
REC 21 7 28 : 31 120 170 195 204
REC 21 7 28 : 31 120 170 195 212
REC 21 7 28 : 31 120 170 195 228
REC 18 7 31 : 31 120 170 197
REC 21 7 28 : 31 120 170 197 210
REC 18 7 31 : 31 120 170 198
REC 21 7 28 : 31 120 170 198 201
REC 21 7 28 : 31 120 170 198 209
REC 21 7 28 : 31 120 170 198 225
REC 18 7 31 : 31 120 170 201
REC 21 7 28 : 31 120 170 201 210
REC 24 7 25 : 31 120 170 201 210 228
REC 21 7 28 : 31 120 170 201 212
REC 21 7 28 : 31 120 170 201 228
REC 18 7 31 : 31 120 170 204
REC 21 7 28 : 31 120 170 204 209
REC 21 7 28 : 31 120 170 204 210
REC 24 7 25 : 31 120 170 204 210 225
REC 21 7 28 : 31 120 170 204 225
REC 18 7 31 : 31 120 170 209
REC 21 7 28 : 31 120 170 209 228
REC 18 7 31 : 31 120 170 210
REC 21 7 28 : 31 120 170 210 225
REC 21 7 28 : 31 120 170 210 228
REC 27 7 22 : 31 120 170 210 229
REC 18 7 31 : 31 120 170 212
REC 21 7 28 : 31 120 170 212 225
REC 18 7 31 : 31 120 170 225
REC 18 7 31 : 31 120 170 228
REC 24 7 25 : 31 120 170 229
REC 15 7 34 : 31 120 172
REC 18 7 31 : 31 120 172 177
REC 21 7 28 : 31 120 172 177 195
REC 24 7 25 : 31 120 172 177 195 212
REC 21 7 28 : 31 120 172 177 197
REC 24 7 25 : 31 120 172 177 197 202
REC 24 7 25 : 31 120 172 177 197 210
REC 24 7 25 : 31 120 172 177 197 226
REC 21 7 28 : 31 120 172 177 198
REC 24 7 25 : 31 120 172 177 198 201
REC 21 7 28 : 31 120 172 177 201
REC 24 7 25 : 31 120 172 177 201 210
REC 24 7 25 : 31 120 172 177 201 212
REC 27 7 22 : 31 120 172 177 201 212 226
REC 24 7 25 : 31 120 172 177 201 226
REC 21 7 28 : 31 120 172 177 202
REC 24 7 25 : 31 120 172 177 202 212
REC 21 7 28 : 31 120 172 177 210
REC 21 7 28 : 31 120 172 177 212
REC 24 7 25 : 31 120 172 177 212 226
REC 21 7 28 : 31 120 172 177 226
REC 18 7 31 : 31 120 172 178
REC 21 7 28 : 31 120 172 178 195
REC 24 7 25 : 31 120 172 178 195 212
REC 21 7 28 : 31 120 172 178 197
REC 24 7 25 : 31 120 172 178 197 202
REC 21 7 28 : 31 120 172 178 198
REC 24 7 25 : 31 120 172 178 198 201
REC 24 7 25 : 31 120 172 178 198 209
REC 24 7 25 : 31 120 172 178 198 225
REC 21 7 28 : 31 120 172 178 201
REC 24 7 25 : 31 120 172 178 201 212
REC 21 7 28 : 31 120 172 178 202
REC 24 7 25 : 31 120 172 178 202 209
REC 24 7 25 : 31 120 172 178 202 212
REC 27 7 22 : 31 120 172 178 202 212 225
REC 24 7 25 : 31 120 172 178 202 225
REC 21 7 28 : 31 120 172 178 209
REC 21 7 28 : 31 120 172 178 212
REC 24 7 25 : 31 120 172 178 212 225
REC 21 7 28 : 31 120 172 178 225
REC 18 7 31 : 31 120 172 195
REC 21 7 28 : 31 120 172 195 212
REC 18 7 31 : 31 120 172 197
REC 21 7 28 : 31 120 172 197 202
REC 21 7 28 : 31 120 172 197 210
REC 21 7 28 : 31 120 172 197 226
REC 18 7 31 : 31 120 172 198
REC 21 7 28 : 31 120 172 198 201
REC 21 7 28 : 31 120 172 198 209
REC 21 7 28 : 31 120 172 198 225
REC 18 7 31 : 31 120 172 201
REC 21 7 28 : 31 120 172 201 210
REC 21 7 28 : 31 120 172 201 212
REC 24 7 25 : 31 120 172 201 212 226
REC 21 7 28 : 31 120 172 201 226
REC 18 7 31 : 31 120 172 202
REC 21 7 28 : 31 120 172 202 209
REC 21 7 28 : 31 120 172 202 212
REC 24 7 25 : 31 120 172 202 212 225
REC 21 7 28 : 31 120 172 202 225
REC 18 7 31 : 31 120 172 209
REC 21 7 28 : 31 120 172 209 226
REC 18 7 31 : 31 120 172 210
REC 21 7 28 : 31 120 172 210 225
REC 18 7 31 : 31 120 172 212
REC 21 7 28 : 31 120 172 212 225
REC 21 7 28 : 31 120 172 212 226
REC 27 7 22 : 31 120 172 212 227
REC 18 7 31 : 31 120 172 225
REC 18 7 31 : 31 120 172 226
REC 24 7 25 : 31 120 172 227
REC 15 7 34 : 31 120 177
REC 18 7 31 : 31 120 177 195
REC 21 7 28 : 31 120 177 195 204
REC 21 7 28 : 31 120 177 195 212
REC 21 7 28 : 31 120 177 195 228
REC 18 7 31 : 31 120 177 197
REC 21 7 28 : 31 120 177 197 202
REC 21 7 28 : 31 120 177 197 210
REC 21 7 28 : 31 120 177 197 226
REC 18 7 31 : 31 120 177 198
REC 21 7 28 : 31 120 177 198 201
REC 18 7 31 : 31 120 177 201
REC 21 7 28 : 31 120 177 201 210
REC 24 7 25 : 31 120 177 201 210 228
REC 21 7 28 : 31 120 177 201 212
REC 24 7 25 : 31 120 177 201 212 226
REC 21 7 28 : 31 120 177 201 226
REC 21 7 28 : 31 120 177 201 228
REC 27 7 22 : 31 120 177 201 230
REC 18 7 31 : 31 120 177 202
REC 21 7 28 : 31 120 177 202 212
REC 21 7 28 : 31 120 177 202 228
REC 18 7 31 : 31 120 177 204
REC 21 7 28 : 31 120 177 204 210
REC 21 7 28 : 31 120 177 204 226
REC 18 7 31 : 31 120 177 210
REC 21 7 28 : 31 120 177 210 228
REC 18 7 31 : 31 120 177 212
REC 21 7 28 : 31 120 177 212 226
REC 18 7 31 : 31 120 177 226
REC 18 7 31 : 31 120 177 228
REC 24 7 25 : 31 120 177 230
REC 15 7 34 : 31 120 178
REC 18 7 31 : 31 120 178 195
REC 21 7 28 : 31 120 178 195 204
REC 21 7 28 : 31 120 178 195 212
REC 21 7 28 : 31 120 178 195 228
REC 18 7 31 : 31 120 178 197
REC 21 7 28 : 31 120 178 197 202
REC 18 7 31 : 31 120 178 198
REC 21 7 28 : 31 120 178 198 201
REC 21 7 28 : 31 120 178 198 209
REC 21 7 28 : 31 120 178 198 225
REC 18 7 31 : 31 120 178 201
REC 21 7 28 : 31 120 178 201 212
REC 21 7 28 : 31 120 178 201 228
REC 18 7 31 : 31 120 178 202
REC 21 7 28 : 31 120 178 202 209
REC 24 7 25 : 31 120 178 202 209 228
REC 21 7 28 : 31 120 178 202 212
REC 24 7 25 : 31 120 178 202 212 225
REC 21 7 28 : 31 120 178 202 225
REC 21 7 28 : 31 120 178 202 228
REC 27 7 22 : 31 120 178 202 229
REC 18 7 31 : 31 120 178 204
REC 21 7 28 : 31 120 178 204 209
REC 21 7 28 : 31 120 178 204 225
REC 18 7 31 : 31 120 178 209
REC 21 7 28 : 31 120 178 209 228
REC 18 7 31 : 31 120 178 212
REC 21 7 28 : 31 120 178 212 225
REC 18 7 31 : 31 120 178 225
REC 18 7 31 : 31 120 178 228
REC 24 7 25 : 31 120 178 229
REC 15 7 34 : 31 120 180
REC 18 7 31 : 31 120 180 195
REC 21 7 28 : 31 120 180 195 204
REC 18 7 31 : 31 120 180 197
REC 21 7 28 : 31 120 180 197 202
REC 21 7 28 : 31 120 180 197 210
REC 21 7 28 : 31 120 180 197 226
REC 18 7 31 : 31 120 180 198
REC 21 7 28 : 31 120 180 198 201
REC 21 7 28 : 31 120 180 198 209
REC 21 7 28 : 31 120 180 198 225
REC 18 7 31 : 31 120 180 201
REC 21 7 28 : 31 120 180 201 210
REC 21 7 28 : 31 120 180 201 226
REC 18 7 31 : 31 120 180 202
REC 21 7 28 : 31 120 180 202 209
REC 21 7 28 : 31 120 180 202 225
REC 18 7 31 : 31 120 180 204
REC 21 7 28 : 31 120 180 204 209
REC 24 7 25 : 31 120 180 204 209 226
REC 21 7 28 : 31 120 180 204 210
REC 24 7 25 : 31 120 180 204 210 225
REC 21 7 28 : 31 120 180 204 225
REC 21 7 28 : 31 120 180 204 226
REC 27 7 22 : 31 120 180 204 227
REC 18 7 31 : 31 120 180 209
REC 21 7 28 : 31 120 180 209 226
REC 18 7 31 : 31 120 180 210
REC 21 7 28 : 31 120 180 210 225
REC 18 7 31 : 31 120 180 225
REC 18 7 31 : 31 120 180 226
REC 24 7 25 : 31 120 180 227
REC 15 7 34 : 31 120 195
REC 18 7 31 : 31 120 195 204
REC 18 7 31 : 31 120 195 212
REC 18 7 31 : 31 120 195 228
REC 15 7 34 : 31 120 197
REC 18 7 31 : 31 120 197 202
REC 18 7 31 : 31 120 197 210
REC 18 7 31 : 31 120 197 226
REC 15 7 34 : 31 120 198
REC 18 7 31 : 31 120 198 201
REC 18 7 31 : 31 120 198 209
REC 18 7 31 : 31 120 198 225
REC 15 7 34 : 31 120 201
REC 18 7 31 : 31 120 201 210
REC 21 7 28 : 31 120 201 210 228
REC 18 7 31 : 31 120 201 212
REC 21 7 28 : 31 120 201 212 226
REC 18 7 31 : 31 120 201 226
REC 18 7 31 : 31 120 201 228
REC 24 7 25 : 31 120 201 230
REC 15 7 34 : 31 120 202
REC 18 7 31 : 31 120 202 209
REC 21 7 28 : 31 120 202 209 228
REC 18 7 31 : 31 120 202 212
REC 21 7 28 : 31 120 202 212 225
REC 18 7 31 : 31 120 202 225
REC 18 7 31 : 31 120 202 228
REC 24 7 25 : 31 120 202 229
REC 15 7 34 : 31 120 204
REC 18 7 31 : 31 120 204 209
REC 21 7 28 : 31 120 204 209 226
REC 18 7 31 : 31 120 204 210
REC 21 7 28 : 31 120 204 210 225
REC 18 7 31 : 31 120 204 225
REC 18 7 31 : 31 120 204 226
REC 24 7 25 : 31 120 204 227
REC 15 7 34 : 31 120 209
REC 18 7 31 : 31 120 209 226
REC 18 7 31 : 31 120 209 228
REC 24 7 25 : 31 120 209 230
REC 15 7 34 : 31 120 210
REC 18 7 31 : 31 120 210 225
REC 18 7 31 : 31 120 210 228
REC 24 7 25 : 31 120 210 229
REC 15 7 34 : 31 120 212
REC 18 7 31 : 31 120 212 225
REC 18 7 31 : 31 120 212 226
REC 24 7 25 : 31 120 212 227
REC 15 7 34 : 31 120 225
REC 15 7 34 : 31 120 226
REC 21 7 28 : 31 120 227
REC 15 7 34 : 31 120 228
REC 21 7 28 : 31 120 229
REC 21 7 28 : 31 120 230
REC 12 7 37 : 31 163
REC 15 7 34 : 31 163 172
REC 18 7 31 : 31 163 172 197
REC 21 7 28 : 31 163 172 197 202
REC 24 7 25 : 31 163 172 197 202 240
REC 21 7 28 : 31 163 172 197 210
REC 21 7 28 : 31 163 172 197 216
REC 21 7 28 : 31 163 172 197 240
REC 18 7 31 : 31 163 172 198
REC 21 7 28 : 31 163 172 198 201
REC 24 7 25 : 31 163 172 198 201 240
REC 21 7 28 : 31 163 172 198 209
REC 21 7 28 : 31 163 172 198 216
REC 21 7 28 : 31 163 172 198 240
REC 18 7 31 : 31 163 172 201
REC 21 7 28 : 31 163 172 201 210
REC 21 7 28 : 31 163 172 201 212
REC 21 7 28 : 31 163 172 201 240
REC 18 7 31 : 31 163 172 202
REC 21 7 28 : 31 163 172 202 209
REC 21 7 28 : 31 163 172 202 212
REC 21 7 28 : 31 163 172 202 240
REC 18 7 31 : 31 163 172 209
REC 18 7 31 : 31 163 172 210
REC 18 7 31 : 31 163 172 212
REC 18 7 31 : 31 163 172 216
REC 18 7 31 : 31 163 172 240
REC 15 7 34 : 31 163 180
REC 18 7 31 : 31 163 180 197
REC 21 7 28 : 31 163 180 197 202
REC 21 7 28 : 31 163 180 197 210
REC 24 7 25 : 31 163 180 197 210 232
REC 21 7 28 : 31 163 180 197 216
REC 21 7 28 : 31 163 180 197 232
REC 18 7 31 : 31 163 180 198
REC 21 7 28 : 31 163 180 198 201
REC 21 7 28 : 31 163 180 198 209
REC 24 7 25 : 31 163 180 198 209 232
REC 21 7 28 : 31 163 180 198 216
REC 21 7 28 : 31 163 180 198 232
REC 18 7 31 : 31 163 180 201
REC 21 7 28 : 31 163 180 201 210
REC 18 7 31 : 31 163 180 202
REC 21 7 28 : 31 163 180 202 209
REC 18 7 31 : 31 163 180 204
REC 21 7 28 : 31 163 180 204 209
REC 21 7 28 : 31 163 180 204 210
REC 18 7 31 : 31 163 180 209
REC 21 7 28 : 31 163 180 209 232
REC 18 7 31 : 31 163 180 210
REC 21 7 28 : 31 163 180 210 232
REC 18 7 31 : 31 163 180 216
REC 18 7 31 : 31 163 180 232
REC 15 7 34 : 31 163 184
REC 18 7 31 : 31 163 184 197
REC 21 7 28 : 31 163 184 197 202
REC 21 7 28 : 31 163 184 197 210
REC 18 7 31 : 31 163 184 198
REC 21 7 28 : 31 163 184 198 201
REC 21 7 28 : 31 163 184 198 209
REC 18 7 31 : 31 163 184 201
REC 21 7 28 : 31 163 184 201 210
REC 24 7 25 : 31 163 184 201 210 228
REC 21 7 28 : 31 163 184 201 212
REC 21 7 28 : 31 163 184 201 228
REC 18 7 31 : 31 163 184 202
REC 21 7 28 : 31 163 184 202 209
REC 24 7 25 : 31 163 184 202 209 228
REC 21 7 28 : 31 163 184 202 212
REC 21 7 28 : 31 163 184 202 228
REC 18 7 31 : 31 163 184 204
REC 21 7 28 : 31 163 184 204 209
REC 21 7 28 : 31 163 184 204 210
REC 18 7 31 : 31 163 184 209
REC 21 7 28 : 31 163 184 209 228
REC 18 7 31 : 31 163 184 210
REC 21 7 28 : 31 163 184 210 228
REC 18 7 31 : 31 163 184 212
REC 18 7 31 : 31 163 184 228
REC 15 7 34 : 31 163 197
REC 18 7 31 : 31 163 197 202
REC 21 7 28 : 31 163 197 202 240
REC 18 7 31 : 31 163 197 210
REC 21 7 28 : 31 163 197 210 232
REC 18 7 31 : 31 163 197 216
REC 18 7 31 : 31 163 197 232
REC 18 7 31 : 31 163 197 240
REC 24 7 25 : 31 163 197 248
REC 15 7 34 : 31 163 198
REC 18 7 31 : 31 163 198 201
REC 21 7 28 : 31 163 198 201 240
REC 18 7 31 : 31 163 198 209
REC 21 7 28 : 31 163 198 209 232
REC 18 7 31 : 31 163 198 216
REC 18 7 31 : 31 163 198 232
REC 18 7 31 : 31 163 198 240
REC 24 7 25 : 31 163 198 248
REC 15 7 34 : 31 163 201
REC 18 7 31 : 31 163 201 210
REC 21 7 28 : 31 163 201 210 228
REC 18 7 31 : 31 163 201 212
REC 18 7 31 : 31 163 201 228
REC 18 7 31 : 31 163 201 240
REC 24 7 25 : 31 163 201 244
REC 15 7 34 : 31 163 202
REC 18 7 31 : 31 163 202 209
REC 21 7 28 : 31 163 202 209 228
REC 18 7 31 : 31 163 202 212
REC 18 7 31 : 31 163 202 228
REC 18 7 31 : 31 163 202 240
REC 24 7 25 : 31 163 202 244
REC 15 7 34 : 31 163 204
REC 18 7 31 : 31 163 204 209
REC 18 7 31 : 31 163 204 210
REC 18 7 31 : 31 163 204 240
REC 15 7 34 : 31 163 209
REC 18 7 31 : 31 163 209 228
REC 18 7 31 : 31 163 209 232
REC 24 7 25 : 31 163 209 236
REC 15 7 34 : 31 163 210
REC 18 7 31 : 31 163 210 228
REC 18 7 31 : 31 163 210 232
REC 24 7 25 : 31 163 210 236
REC 15 7 34 : 31 163 212
REC 18 7 31 : 31 163 212 232
REC 15 7 34 : 31 163 216
REC 18 7 31 : 31 163 216 228
REC 15 7 34 : 31 163 228
REC 15 7 34 : 31 163 232
REC 21 7 28 : 31 163 236
REC 15 7 34 : 31 163 240
REC 21 7 28 : 31 163 244
REC 21 7 28 : 31 163 248
REC 12 7 37 : 31 165
REC 15 7 34 : 31 165 170
REC 18 7 31 : 31 165 170 195
REC 21 7 28 : 31 165 170 195 204
REC 24 7 25 : 31 165 170 195 204 240
REC 21 7 28 : 31 165 170 195 212
REC 21 7 28 : 31 165 170 195 216
REC 21 7 28 : 31 165 170 195 240
REC 18 7 31 : 31 165 170 198
REC 21 7 28 : 31 165 170 198 201
REC 24 7 25 : 31 165 170 198 201 240
REC 21 7 28 : 31 165 170 198 209
REC 21 7 28 : 31 165 170 198 216
REC 21 7 28 : 31 165 170 198 240
REC 18 7 31 : 31 165 170 201
REC 21 7 28 : 31 165 170 201 210
REC 21 7 28 : 31 165 170 201 212
REC 21 7 28 : 31 165 170 201 240
REC 18 7 31 : 31 165 170 204
REC 21 7 28 : 31 165 170 204 209
REC 21 7 28 : 31 165 170 204 210
REC 21 7 28 : 31 165 170 204 240
REC 18 7 31 : 31 165 170 209
REC 18 7 31 : 31 165 170 210
REC 18 7 31 : 31 165 170 212
REC 18 7 31 : 31 165 170 216
REC 18 7 31 : 31 165 170 240
REC 15 7 34 : 31 165 178
REC 18 7 31 : 31 165 178 195
REC 21 7 28 : 31 165 178 195 204
REC 21 7 28 : 31 165 178 195 212
REC 24 7 25 : 31 165 178 195 212 232
REC 21 7 28 : 31 165 178 195 216
REC 21 7 28 : 31 165 178 195 232
REC 18 7 31 : 31 165 178 198
REC 21 7 28 : 31 165 178 198 201
REC 21 7 28 : 31 165 178 198 209
REC 24 7 25 : 31 165 178 198 209 232
REC 21 7 28 : 31 165 178 198 216
REC 21 7 28 : 31 165 178 198 232
REC 18 7 31 : 31 165 178 201
REC 21 7 28 : 31 165 178 201 212
REC 18 7 31 : 31 165 178 202
REC 21 7 28 : 31 165 178 202 209
REC 21 7 28 : 31 165 178 202 212
REC 18 7 31 : 31 165 178 204
REC 21 7 28 : 31 165 178 204 209
REC 18 7 31 : 31 165 178 209
REC 21 7 28 : 31 165 178 209 232
REC 18 7 31 : 31 165 178 212
REC 21 7 28 : 31 165 178 212 232
REC 18 7 31 : 31 165 178 216
REC 18 7 31 : 31 165 178 232
REC 15 7 34 : 31 165 184
REC 18 7 31 : 31 165 184 195
REC 21 7 28 : 31 165 184 195 204
REC 21 7 28 : 31 165 184 195 212
REC 18 7 31 : 31 165 184 198
REC 21 7 28 : 31 165 184 198 201
REC 21 7 28 : 31 165 184 198 209
REC 18 7 31 : 31 165 184 201
REC 21 7 28 : 31 165 184 201 210
REC 21 7 28 : 31 165 184 201 212
REC 24 7 25 : 31 165 184 201 212 226
REC 21 7 28 : 31 165 184 201 226
REC 18 7 31 : 31 165 184 202
REC 21 7 28 : 31 165 184 202 209
REC 21 7 28 : 31 165 184 202 212
REC 18 7 31 : 31 165 184 204
REC 21 7 28 : 31 165 184 204 209
REC 24 7 25 : 31 165 184 204 209 226
REC 21 7 28 : 31 165 184 204 210
REC 21 7 28 : 31 165 184 204 226
REC 18 7 31 : 31 165 184 209
REC 21 7 28 : 31 165 184 209 226
REC 18 7 31 : 31 165 184 210
REC 18 7 31 : 31 165 184 212
REC 21 7 28 : 31 165 184 212 226
REC 18 7 31 : 31 165 184 226
REC 15 7 34 : 31 165 195
REC 18 7 31 : 31 165 195 204
REC 21 7 28 : 31 165 195 204 240
REC 18 7 31 : 31 165 195 212
REC 21 7 28 : 31 165 195 212 232
REC 18 7 31 : 31 165 195 216
REC 18 7 31 : 31 165 195 232
REC 18 7 31 : 31 165 195 240
REC 24 7 25 : 31 165 195 248
REC 15 7 34 : 31 165 198
REC 18 7 31 : 31 165 198 201
REC 21 7 28 : 31 165 198 201 240
REC 18 7 31 : 31 165 198 209
REC 21 7 28 : 31 165 198 209 232
REC 18 7 31 : 31 165 198 216
REC 18 7 31 : 31 165 198 232
REC 18 7 31 : 31 165 198 240
REC 24 7 25 : 31 165 198 248
REC 15 7 34 : 31 165 201
REC 18 7 31 : 31 165 201 210
REC 18 7 31 : 31 165 201 212
REC 21 7 28 : 31 165 201 212 226
REC 18 7 31 : 31 165 201 226
REC 18 7 31 : 31 165 201 240
REC 24 7 25 : 31 165 201 242
REC 15 7 34 : 31 165 202
REC 18 7 31 : 31 165 202 209
REC 18 7 31 : 31 165 202 212
REC 18 7 31 : 31 165 202 240
REC 15 7 34 : 31 165 204
REC 18 7 31 : 31 165 204 209
REC 21 7 28 : 31 165 204 209 226
REC 18 7 31 : 31 165 204 210
REC 18 7 31 : 31 165 204 226
REC 18 7 31 : 31 165 204 240
REC 24 7 25 : 31 165 204 242
REC 15 7 34 : 31 165 209
REC 18 7 31 : 31 165 209 226
REC 18 7 31 : 31 165 209 232
REC 24 7 25 : 31 165 209 234
REC 15 7 34 : 31 165 210
REC 18 7 31 : 31 165 210 232
REC 15 7 34 : 31 165 212
REC 18 7 31 : 31 165 212 226
REC 18 7 31 : 31 165 212 232
REC 24 7 25 : 31 165 212 234
REC 15 7 34 : 31 165 216
REC 18 7 31 : 31 165 216 226
REC 15 7 34 : 31 165 226
REC 15 7 34 : 31 165 232
REC 21 7 28 : 31 165 234
REC 15 7 34 : 31 165 240
REC 21 7 28 : 31 165 242
REC 21 7 28 : 31 165 248
REC 12 7 37 : 31 166
REC 15 7 34 : 31 166 169
REC 18 7 31 : 31 166 169 195
REC 21 7 28 : 31 166 169 195 204
REC 24 7 25 : 31 166 169 195 204 240
REC 21 7 28 : 31 166 169 195 212
REC 21 7 28 : 31 166 169 195 216
REC 21 7 28 : 31 166 169 195 240
REC 18 7 31 : 31 166 169 197
REC 21 7 28 : 31 166 169 197 202
REC 24 7 25 : 31 166 169 197 202 240
REC 21 7 28 : 31 166 169 197 210
REC 21 7 28 : 31 166 169 197 216
REC 21 7 28 : 31 166 169 197 240
REC 18 7 31 : 31 166 169 202
REC 21 7 28 : 31 166 169 202 209
REC 21 7 28 : 31 166 169 202 212
REC 21 7 28 : 31 166 169 202 240
REC 18 7 31 : 31 166 169 204
REC 21 7 28 : 31 166 169 204 209
REC 21 7 28 : 31 166 169 204 210
REC 21 7 28 : 31 166 169 204 240
REC 18 7 31 : 31 166 169 209
REC 18 7 31 : 31 166 169 210
REC 18 7 31 : 31 166 169 212
REC 18 7 31 : 31 166 169 216
REC 18 7 31 : 31 166 169 240
REC 15 7 34 : 31 166 177
REC 18 7 31 : 31 166 177 195
REC 21 7 28 : 31 166 177 195 204
REC 21 7 28 : 31 166 177 195 212
REC 24 7 25 : 31 166 177 195 212 232
REC 21 7 28 : 31 166 177 195 216
REC 21 7 28 : 31 166 177 195 232
REC 18 7 31 : 31 166 177 197
REC 21 7 28 : 31 166 177 197 202
REC 21 7 28 : 31 166 177 197 210
REC 24 7 25 : 31 166 177 197 210 232
REC 21 7 28 : 31 166 177 197 216
REC 21 7 28 : 31 166 177 197 232
REC 18 7 31 : 31 166 177 201
REC 21 7 28 : 31 166 177 201 210
REC 21 7 28 : 31 166 177 201 212
REC 18 7 31 : 31 166 177 202
REC 21 7 28 : 31 166 177 202 212
REC 18 7 31 : 31 166 177 204
REC 21 7 28 : 31 166 177 204 210
REC 18 7 31 : 31 166 177 210
REC 21 7 28 : 31 166 177 210 232
REC 18 7 31 : 31 166 177 212
REC 21 7 28 : 31 166 177 212 232
REC 18 7 31 : 31 166 177 216
REC 18 7 31 : 31 166 177 232
REC 15 7 34 : 31 166 184
REC 18 7 31 : 31 166 184 195
REC 21 7 28 : 31 166 184 195 204
REC 21 7 28 : 31 166 184 195 212
REC 18 7 31 : 31 166 184 197
REC 21 7 28 : 31 166 184 197 202
REC 21 7 28 : 31 166 184 197 210
REC 18 7 31 : 31 166 184 201
REC 21 7 28 : 31 166 184 201 210
REC 21 7 28 : 31 166 184 201 212
REC 18 7 31 : 31 166 184 202
REC 21 7 28 : 31 166 184 202 209
REC 21 7 28 : 31 166 184 202 212
REC 24 7 25 : 31 166 184 202 212 225
REC 21 7 28 : 31 166 184 202 225
REC 18 7 31 : 31 166 184 204
REC 21 7 28 : 31 166 184 204 209
REC 21 7 28 : 31 166 184 204 210
REC 24 7 25 : 31 166 184 204 210 225
REC 21 7 28 : 31 166 184 204 225
REC 18 7 31 : 31 166 184 209
REC 18 7 31 : 31 166 184 210
REC 21 7 28 : 31 166 184 210 225
REC 18 7 31 : 31 166 184 212
REC 21 7 28 : 31 166 184 212 225
REC 18 7 31 : 31 166 184 225
REC 15 7 34 : 31 166 195
REC 18 7 31 : 31 166 195 204
REC 21 7 28 : 31 166 195 204 240
REC 18 7 31 : 31 166 195 212
REC 21 7 28 : 31 166 195 212 232
REC 18 7 31 : 31 166 195 216
REC 18 7 31 : 31 166 195 232
REC 18 7 31 : 31 166 195 240
REC 24 7 25 : 31 166 195 248
REC 15 7 34 : 31 166 197
REC 18 7 31 : 31 166 197 202
REC 21 7 28 : 31 166 197 202 240
REC 18 7 31 : 31 166 197 210
REC 21 7 28 : 31 166 197 210 232
REC 18 7 31 : 31 166 197 216
REC 18 7 31 : 31 166 197 232
REC 18 7 31 : 31 166 197 240
REC 24 7 25 : 31 166 197 248
REC 15 7 34 : 31 166 201
REC 18 7 31 : 31 166 201 210
REC 18 7 31 : 31 166 201 212
REC 18 7 31 : 31 166 201 240
REC 15 7 34 : 31 166 202
REC 18 7 31 : 31 166 202 209
REC 18 7 31 : 31 166 202 212
REC 21 7 28 : 31 166 202 212 225
REC 18 7 31 : 31 166 202 225
REC 18 7 31 : 31 166 202 240
REC 24 7 25 : 31 166 202 241
REC 15 7 34 : 31 166 204
REC 18 7 31 : 31 166 204 209
REC 18 7 31 : 31 166 204 210
REC 21 7 28 : 31 166 204 210 225
REC 18 7 31 : 31 166 204 225
REC 18 7 31 : 31 166 204 240
REC 24 7 25 : 31 166 204 241
REC 15 7 34 : 31 166 209
REC 18 7 31 : 31 166 209 232
REC 15 7 34 : 31 166 210
REC 18 7 31 : 31 166 210 225
REC 18 7 31 : 31 166 210 232
REC 24 7 25 : 31 166 210 233
REC 15 7 34 : 31 166 212
REC 18 7 31 : 31 166 212 225
REC 18 7 31 : 31 166 212 232
REC 24 7 25 : 31 166 212 233
REC 15 7 34 : 31 166 216
REC 18 7 31 : 31 166 216 225
REC 15 7 34 : 31 166 225
REC 15 7 34 : 31 166 232
REC 21 7 28 : 31 166 233
REC 15 7 34 : 31 166 240
REC 21 7 28 : 31 166 241
REC 21 7 28 : 31 166 248
REC 12 7 37 : 31 169
REC 15 7 34 : 31 169 178
REC 18 7 31 : 31 169 178 195
REC 21 7 28 : 31 169 178 195 204
REC 21 7 28 : 31 169 178 195 212
REC 21 7 28 : 31 169 178 195 216
REC 24 7 25 : 31 169 178 195 216 228
REC 21 7 28 : 31 169 178 195 228
REC 18 7 31 : 31 169 178 197
REC 21 7 28 : 31 169 178 197 202
REC 21 7 28 : 31 169 178 197 216
REC 18 7 31 : 31 169 178 198
REC 21 7 28 : 31 169 178 198 209
REC 21 7 28 : 31 169 178 198 216
REC 18 7 31 : 31 169 178 202
REC 21 7 28 : 31 169 178 202 209
REC 24 7 25 : 31 169 178 202 209 228
REC 21 7 28 : 31 169 178 202 212
REC 21 7 28 : 31 169 178 202 228
REC 18 7 31 : 31 169 178 204
REC 21 7 28 : 31 169 178 204 209
REC 18 7 31 : 31 169 178 209
REC 21 7 28 : 31 169 178 209 228
REC 18 7 31 : 31 169 178 212
REC 18 7 31 : 31 169 178 216
REC 21 7 28 : 31 169 178 216 228
REC 18 7 31 : 31 169 178 228
REC 15 7 34 : 31 169 180
REC 18 7 31 : 31 169 180 195
REC 21 7 28 : 31 169 180 195 204
REC 21 7 28 : 31 169 180 195 216
REC 18 7 31 : 31 169 180 197
REC 21 7 28 : 31 169 180 197 202
REC 21 7 28 : 31 169 180 197 210
REC 21 7 28 : 31 169 180 197 216
REC 24 7 25 : 31 169 180 197 216 226
REC 21 7 28 : 31 169 180 197 226
REC 18 7 31 : 31 169 180 198
REC 21 7 28 : 31 169 180 198 209
REC 21 7 28 : 31 169 180 198 216
REC 18 7 31 : 31 169 180 202
REC 21 7 28 : 31 169 180 202 209
REC 18 7 31 : 31 169 180 204
REC 21 7 28 : 31 169 180 204 209
REC 24 7 25 : 31 169 180 204 209 226
REC 21 7 28 : 31 169 180 204 210
REC 21 7 28 : 31 169 180 204 226
REC 18 7 31 : 31 169 180 209
REC 21 7 28 : 31 169 180 209 226
REC 18 7 31 : 31 169 180 210
REC 18 7 31 : 31 169 180 216
REC 21 7 28 : 31 169 180 216 226
REC 18 7 31 : 31 169 180 226
REC 15 7 34 : 31 169 195
REC 18 7 31 : 31 169 195 204
REC 21 7 28 : 31 169 195 204 240
REC 18 7 31 : 31 169 195 212
REC 18 7 31 : 31 169 195 216
REC 21 7 28 : 31 169 195 216 228
REC 18 7 31 : 31 169 195 228
REC 18 7 31 : 31 169 195 240
REC 24 7 25 : 31 169 195 244
REC 15 7 34 : 31 169 197
REC 18 7 31 : 31 169 197 202
REC 21 7 28 : 31 169 197 202 240
REC 18 7 31 : 31 169 197 210
REC 18 7 31 : 31 169 197 216
REC 21 7 28 : 31 169 197 216 226
REC 18 7 31 : 31 169 197 226
REC 18 7 31 : 31 169 197 240
REC 24 7 25 : 31 169 197 242
REC 15 7 34 : 31 169 198
REC 18 7 31 : 31 169 198 209
REC 18 7 31 : 31 169 198 216
REC 18 7 31 : 31 169 198 240
REC 15 7 34 : 31 169 202
REC 18 7 31 : 31 169 202 209
REC 21 7 28 : 31 169 202 209 228
REC 18 7 31 : 31 169 202 212
REC 18 7 31 : 31 169 202 228
REC 18 7 31 : 31 169 202 240
REC 24 7 25 : 31 169 202 244
REC 15 7 34 : 31 169 204
REC 18 7 31 : 31 169 204 209
REC 21 7 28 : 31 169 204 209 226
REC 18 7 31 : 31 169 204 210
REC 18 7 31 : 31 169 204 226
REC 18 7 31 : 31 169 204 240
REC 24 7 25 : 31 169 204 242
REC 15 7 34 : 31 169 209
REC 18 7 31 : 31 169 209 226
REC 18 7 31 : 31 169 209 228
REC 24 7 25 : 31 169 209 230
REC 15 7 34 : 31 169 210
REC 18 7 31 : 31 169 210 228
REC 15 7 34 : 31 169 212
REC 18 7 31 : 31 169 212 226
REC 15 7 34 : 31 169 216
REC 18 7 31 : 31 169 216 226
REC 18 7 31 : 31 169 216 228
REC 24 7 25 : 31 169 216 230
REC 15 7 34 : 31 169 226
REC 15 7 34 : 31 169 228
REC 21 7 28 : 31 169 230
REC 15 7 34 : 31 169 240
REC 21 7 28 : 31 169 242
REC 21 7 28 : 31 169 244
REC 12 7 37 : 31 170
REC 15 7 34 : 31 170 177
REC 18 7 31 : 31 170 177 195
REC 21 7 28 : 31 170 177 195 204
REC 21 7 28 : 31 170 177 195 212
REC 21 7 28 : 31 170 177 195 216
REC 24 7 25 : 31 170 177 195 216 228
REC 21 7 28 : 31 170 177 195 228
REC 18 7 31 : 31 170 177 197
REC 21 7 28 : 31 170 177 197 210
REC 21 7 28 : 31 170 177 197 216
REC 18 7 31 : 31 170 177 198
REC 21 7 28 : 31 170 177 198 201
REC 21 7 28 : 31 170 177 198 216
REC 18 7 31 : 31 170 177 201
REC 21 7 28 : 31 170 177 201 210
REC 24 7 25 : 31 170 177 201 210 228
REC 21 7 28 : 31 170 177 201 212
REC 21 7 28 : 31 170 177 201 228
REC 18 7 31 : 31 170 177 204
REC 21 7 28 : 31 170 177 204 210
REC 18 7 31 : 31 170 177 210
REC 21 7 28 : 31 170 177 210 228
REC 18 7 31 : 31 170 177 212
REC 18 7 31 : 31 170 177 216
REC 21 7 28 : 31 170 177 216 228
REC 18 7 31 : 31 170 177 228
REC 15 7 34 : 31 170 180
REC 18 7 31 : 31 170 180 195
REC 21 7 28 : 31 170 180 195 204
REC 21 7 28 : 31 170 180 195 216
REC 18 7 31 : 31 170 180 197
REC 21 7 28 : 31 170 180 197 210
REC 21 7 28 : 31 170 180 197 216
REC 18 7 31 : 31 170 180 198
REC 21 7 28 : 31 170 180 198 201
REC 21 7 28 : 31 170 180 198 209
REC 21 7 28 : 31 170 180 198 216
REC 24 7 25 : 31 170 180 198 216 225
REC 21 7 28 : 31 170 180 198 225
REC 18 7 31 : 31 170 180 201
REC 21 7 28 : 31 170 180 201 210
REC 18 7 31 : 31 170 180 204
REC 21 7 28 : 31 170 180 204 209
REC 21 7 28 : 31 170 180 204 210
REC 24 7 25 : 31 170 180 204 210 225
REC 21 7 28 : 31 170 180 204 225
REC 18 7 31 : 31 170 180 209
REC 18 7 31 : 31 170 180 210
REC 21 7 28 : 31 170 180 210 225
REC 18 7 31 : 31 170 180 216
REC 21 7 28 : 31 170 180 216 225
REC 18 7 31 : 31 170 180 225
REC 15 7 34 : 31 170 195
REC 18 7 31 : 31 170 195 204
REC 21 7 28 : 31 170 195 204 240
REC 18 7 31 : 31 170 195 212
REC 18 7 31 : 31 170 195 216
REC 21 7 28 : 31 170 195 216 228
REC 18 7 31 : 31 170 195 228
REC 18 7 31 : 31 170 195 240
REC 24 7 25 : 31 170 195 244
REC 15 7 34 : 31 170 197
REC 18 7 31 : 31 170 197 210
REC 18 7 31 : 31 170 197 216
REC 18 7 31 : 31 170 197 240
REC 15 7 34 : 31 170 198
REC 18 7 31 : 31 170 198 201
REC 21 7 28 : 31 170 198 201 240
REC 18 7 31 : 31 170 198 209
REC 18 7 31 : 31 170 198 216
REC 21 7 28 : 31 170 198 216 225
REC 18 7 31 : 31 170 198 225
REC 18 7 31 : 31 170 198 240
REC 24 7 25 : 31 170 198 241
REC 15 7 34 : 31 170 201
REC 18 7 31 : 31 170 201 210
REC 21 7 28 : 31 170 201 210 228
REC 18 7 31 : 31 170 201 212
REC 18 7 31 : 31 170 201 228
REC 18 7 31 : 31 170 201 240
REC 24 7 25 : 31 170 201 244
REC 15 7 34 : 31 170 204
REC 18 7 31 : 31 170 204 209
REC 18 7 31 : 31 170 204 210
REC 21 7 28 : 31 170 204 210 225
REC 18 7 31 : 31 170 204 225
REC 18 7 31 : 31 170 204 240
REC 24 7 25 : 31 170 204 241
REC 15 7 34 : 31 170 209
REC 18 7 31 : 31 170 209 228
REC 15 7 34 : 31 170 210
REC 18 7 31 : 31 170 210 225
REC 18 7 31 : 31 170 210 228
REC 24 7 25 : 31 170 210 229
REC 15 7 34 : 31 170 212
REC 18 7 31 : 31 170 212 225
REC 15 7 34 : 31 170 216
REC 18 7 31 : 31 170 216 225
REC 18 7 31 : 31 170 216 228
REC 24 7 25 : 31 170 216 229
REC 15 7 34 : 31 170 225
REC 15 7 34 : 31 170 228
REC 21 7 28 : 31 170 229
REC 15 7 34 : 31 170 240
REC 21 7 28 : 31 170 241
REC 21 7 28 : 31 170 244
REC 12 7 37 : 31 172
REC 15 7 34 : 31 172 177
REC 18 7 31 : 31 172 177 195
REC 21 7 28 : 31 172 177 195 212
REC 21 7 28 : 31 172 177 195 216
REC 18 7 31 : 31 172 177 197
REC 21 7 28 : 31 172 177 197 202
REC 21 7 28 : 31 172 177 197 210
REC 21 7 28 : 31 172 177 197 216
REC 24 7 25 : 31 172 177 197 216 226
REC 21 7 28 : 31 172 177 197 226
REC 18 7 31 : 31 172 177 198
REC 21 7 28 : 31 172 177 198 201
REC 21 7 28 : 31 172 177 198 216
REC 18 7 31 : 31 172 177 201
REC 21 7 28 : 31 172 177 201 210
REC 21 7 28 : 31 172 177 201 212
REC 24 7 25 : 31 172 177 201 212 226
REC 21 7 28 : 31 172 177 201 226
REC 18 7 31 : 31 172 177 202
REC 21 7 28 : 31 172 177 202 212
REC 18 7 31 : 31 172 177 210
REC 18 7 31 : 31 172 177 212
REC 21 7 28 : 31 172 177 212 226
REC 18 7 31 : 31 172 177 216
REC 21 7 28 : 31 172 177 216 226
REC 18 7 31 : 31 172 177 226
REC 15 7 34 : 31 172 178
REC 18 7 31 : 31 172 178 195
REC 21 7 28 : 31 172 178 195 212
REC 21 7 28 : 31 172 178 195 216
REC 18 7 31 : 31 172 178 197
REC 21 7 28 : 31 172 178 197 202
REC 21 7 28 : 31 172 178 197 216
REC 18 7 31 : 31 172 178 198
REC 21 7 28 : 31 172 178 198 201
REC 21 7 28 : 31 172 178 198 209
REC 21 7 28 : 31 172 178 198 216
REC 24 7 25 : 31 172 178 198 216 225
REC 21 7 28 : 31 172 178 198 225
REC 18 7 31 : 31 172 178 201
REC 21 7 28 : 31 172 178 201 212
REC 18 7 31 : 31 172 178 202
REC 21 7 28 : 31 172 178 202 209
REC 21 7 28 : 31 172 178 202 212
REC 24 7 25 : 31 172 178 202 212 225
REC 21 7 28 : 31 172 178 202 225
REC 18 7 31 : 31 172 178 209
REC 18 7 31 : 31 172 178 212
REC 21 7 28 : 31 172 178 212 225
REC 18 7 31 : 31 172 178 216
REC 21 7 28 : 31 172 178 216 225
REC 18 7 31 : 31 172 178 225
REC 15 7 34 : 31 172 195
REC 18 7 31 : 31 172 195 212
REC 18 7 31 : 31 172 195 216
REC 18 7 31 : 31 172 195 240
REC 15 7 34 : 31 172 197
REC 18 7 31 : 31 172 197 202
REC 21 7 28 : 31 172 197 202 240
REC 18 7 31 : 31 172 197 210
REC 18 7 31 : 31 172 197 216
REC 21 7 28 : 31 172 197 216 226
REC 18 7 31 : 31 172 197 226
REC 18 7 31 : 31 172 197 240
REC 24 7 25 : 31 172 197 242
REC 15 7 34 : 31 172 198
REC 18 7 31 : 31 172 198 201
REC 21 7 28 : 31 172 198 201 240
REC 18 7 31 : 31 172 198 209
REC 18 7 31 : 31 172 198 216
REC 21 7 28 : 31 172 198 216 225
REC 18 7 31 : 31 172 198 225
REC 18 7 31 : 31 172 198 240
REC 24 7 25 : 31 172 198 241
REC 15 7 34 : 31 172 201
REC 18 7 31 : 31 172 201 210
REC 18 7 31 : 31 172 201 212
REC 21 7 28 : 31 172 201 212 226
REC 18 7 31 : 31 172 201 226
REC 18 7 31 : 31 172 201 240
REC 24 7 25 : 31 172 201 242
REC 15 7 34 : 31 172 202
REC 18 7 31 : 31 172 202 209
REC 18 7 31 : 31 172 202 212
REC 21 7 28 : 31 172 202 212 225
REC 18 7 31 : 31 172 202 225
REC 18 7 31 : 31 172 202 240
REC 24 7 25 : 31 172 202 241
REC 15 7 34 : 31 172 209
REC 18 7 31 : 31 172 209 226
REC 15 7 34 : 31 172 210
REC 18 7 31 : 31 172 210 225
REC 15 7 34 : 31 172 212
REC 18 7 31 : 31 172 212 225
REC 18 7 31 : 31 172 212 226
REC 24 7 25 : 31 172 212 227
REC 15 7 34 : 31 172 216
REC 18 7 31 : 31 172 216 225
REC 18 7 31 : 31 172 216 226
REC 24 7 25 : 31 172 216 227
REC 15 7 34 : 31 172 225
REC 15 7 34 : 31 172 226
REC 21 7 28 : 31 172 227
REC 15 7 34 : 31 172 240
REC 21 7 28 : 31 172 241
REC 21 7 28 : 31 172 242
REC 12 7 37 : 31 177
REC 15 7 34 : 31 177 195
REC 18 7 31 : 31 177 195 204
REC 18 7 31 : 31 177 195 212
REC 21 7 28 : 31 177 195 212 232
REC 18 7 31 : 31 177 195 216
REC 21 7 28 : 31 177 195 216 228
REC 18 7 31 : 31 177 195 228
REC 18 7 31 : 31 177 195 232
REC 24 7 25 : 31 177 195 236
REC 15 7 34 : 31 177 197
REC 18 7 31 : 31 177 197 202
REC 18 7 31 : 31 177 197 210
REC 21 7 28 : 31 177 197 210 232
REC 18 7 31 : 31 177 197 216
REC 21 7 28 : 31 177 197 216 226
REC 18 7 31 : 31 177 197 226
REC 18 7 31 : 31 177 197 232
REC 24 7 25 : 31 177 197 234
REC 15 7 34 : 31 177 198
REC 18 7 31 : 31 177 198 201
REC 18 7 31 : 31 177 198 216
REC 18 7 31 : 31 177 198 232
REC 15 7 34 : 31 177 201
REC 18 7 31 : 31 177 201 210
REC 21 7 28 : 31 177 201 210 228
REC 18 7 31 : 31 177 201 212
REC 21 7 28 : 31 177 201 212 226
REC 18 7 31 : 31 177 201 226
REC 18 7 31 : 31 177 201 228
REC 24 7 25 : 31 177 201 230
REC 15 7 34 : 31 177 202
REC 18 7 31 : 31 177 202 212
REC 18 7 31 : 31 177 202 228
REC 15 7 34 : 31 177 204
REC 18 7 31 : 31 177 204 210
REC 18 7 31 : 31 177 204 226
REC 15 7 34 : 31 177 210
REC 18 7 31 : 31 177 210 228
REC 18 7 31 : 31 177 210 232
REC 24 7 25 : 31 177 210 236
REC 15 7 34 : 31 177 212
REC 18 7 31 : 31 177 212 226
REC 18 7 31 : 31 177 212 232
REC 24 7 25 : 31 177 212 234
REC 15 7 34 : 31 177 216
REC 18 7 31 : 31 177 216 226
REC 18 7 31 : 31 177 216 228
REC 24 7 25 : 31 177 216 230
REC 15 7 34 : 31 177 226
REC 15 7 34 : 31 177 228
REC 21 7 28 : 31 177 230
REC 15 7 34 : 31 177 232
REC 21 7 28 : 31 177 234
REC 21 7 28 : 31 177 236
REC 12 7 37 : 31 178
REC 15 7 34 : 31 178 195
REC 18 7 31 : 31 178 195 204
REC 18 7 31 : 31 178 195 212
REC 21 7 28 : 31 178 195 212 232
REC 18 7 31 : 31 178 195 216
REC 21 7 28 : 31 178 195 216 228
REC 18 7 31 : 31 178 195 228
REC 18 7 31 : 31 178 195 232
REC 24 7 25 : 31 178 195 236
REC 15 7 34 : 31 178 197
REC 18 7 31 : 31 178 197 202
REC 18 7 31 : 31 178 197 216
REC 18 7 31 : 31 178 197 232
REC 15 7 34 : 31 178 198
REC 18 7 31 : 31 178 198 201
REC 18 7 31 : 31 178 198 209
REC 21 7 28 : 31 178 198 209 232
REC 18 7 31 : 31 178 198 216
REC 21 7 28 : 31 178 198 216 225
REC 18 7 31 : 31 178 198 225
REC 18 7 31 : 31 178 198 232
REC 24 7 25 : 31 178 198 233
REC 15 7 34 : 31 178 201
REC 18 7 31 : 31 178 201 212
REC 18 7 31 : 31 178 201 228
REC 15 7 34 : 31 178 202
REC 18 7 31 : 31 178 202 209
REC 21 7 28 : 31 178 202 209 228
REC 18 7 31 : 31 178 202 212
REC 21 7 28 : 31 178 202 212 225
REC 18 7 31 : 31 178 202 225
REC 18 7 31 : 31 178 202 228
REC 24 7 25 : 31 178 202 229
REC 15 7 34 : 31 178 204
REC 18 7 31 : 31 178 204 209
REC 18 7 31 : 31 178 204 225
REC 15 7 34 : 31 178 209
REC 18 7 31 : 31 178 209 228
REC 18 7 31 : 31 178 209 232
REC 24 7 25 : 31 178 209 236
REC 15 7 34 : 31 178 212
REC 18 7 31 : 31 178 212 225
REC 18 7 31 : 31 178 212 232
REC 24 7 25 : 31 178 212 233
REC 15 7 34 : 31 178 216
REC 18 7 31 : 31 178 216 225
REC 18 7 31 : 31 178 216 228
REC 24 7 25 : 31 178 216 229
REC 15 7 34 : 31 178 225
REC 15 7 34 : 31 178 228
REC 21 7 28 : 31 178 229
REC 15 7 34 : 31 178 232
REC 21 7 28 : 31 178 233
REC 21 7 28 : 31 178 236
REC 12 7 37 : 31 180
REC 15 7 34 : 31 180 195
REC 18 7 31 : 31 180 195 204
REC 18 7 31 : 31 180 195 216
REC 18 7 31 : 31 180 195 232
REC 15 7 34 : 31 180 197
REC 18 7 31 : 31 180 197 202
REC 18 7 31 : 31 180 197 210
REC 21 7 28 : 31 180 197 210 232
REC 18 7 31 : 31 180 197 216
REC 21 7 28 : 31 180 197 216 226
REC 18 7 31 : 31 180 197 226
REC 18 7 31 : 31 180 197 232
REC 24 7 25 : 31 180 197 234
REC 15 7 34 : 31 180 198
REC 18 7 31 : 31 180 198 201
REC 18 7 31 : 31 180 198 209
REC 21 7 28 : 31 180 198 209 232
REC 18 7 31 : 31 180 198 216
REC 21 7 28 : 31 180 198 216 225
REC 18 7 31 : 31 180 198 225
REC 18 7 31 : 31 180 198 232
REC 24 7 25 : 31 180 198 233
REC 15 7 34 : 31 180 201
REC 18 7 31 : 31 180 201 210
REC 18 7 31 : 31 180 201 226
REC 15 7 34 : 31 180 202
REC 18 7 31 : 31 180 202 209
REC 18 7 31 : 31 180 202 225
REC 15 7 34 : 31 180 204
REC 18 7 31 : 31 180 204 209
REC 21 7 28 : 31 180 204 209 226
REC 18 7 31 : 31 180 204 210
REC 21 7 28 : 31 180 204 210 225
REC 18 7 31 : 31 180 204 225
REC 18 7 31 : 31 180 204 226
REC 24 7 25 : 31 180 204 227
REC 15 7 34 : 31 180 209
REC 18 7 31 : 31 180 209 226
REC 18 7 31 : 31 180 209 232
REC 24 7 25 : 31 180 209 234
REC 15 7 34 : 31 180 210
REC 18 7 31 : 31 180 210 225
REC 18 7 31 : 31 180 210 232
REC 24 7 25 : 31 180 210 233
REC 15 7 34 : 31 180 216
REC 18 7 31 : 31 180 216 225
REC 18 7 31 : 31 180 216 226
REC 24 7 25 : 31 180 216 227
REC 15 7 34 : 31 180 225
REC 15 7 34 : 31 180 226
REC 21 7 28 : 31 180 227
REC 15 7 34 : 31 180 232
REC 21 7 28 : 31 180 233
REC 21 7 28 : 31 180 234
REC 12 7 37 : 31 184
REC 15 7 34 : 31 184 195
REC 18 7 31 : 31 184 195 204
REC 18 7 31 : 31 184 195 212
REC 18 7 31 : 31 184 195 228
REC 15 7 34 : 31 184 197
REC 18 7 31 : 31 184 197 202
REC 18 7 31 : 31 184 197 210
REC 18 7 31 : 31 184 197 226
REC 15 7 34 : 31 184 198
REC 18 7 31 : 31 184 198 201
REC 18 7 31 : 31 184 198 209
REC 18 7 31 : 31 184 198 225
REC 15 7 34 : 31 184 201
REC 18 7 31 : 31 184 201 210
REC 21 7 28 : 31 184 201 210 228
REC 18 7 31 : 31 184 201 212
REC 21 7 28 : 31 184 201 212 226
REC 18 7 31 : 31 184 201 226
REC 18 7 31 : 31 184 201 228
REC 24 7 25 : 31 184 201 230
REC 15 7 34 : 31 184 202
REC 18 7 31 : 31 184 202 209
REC 21 7 28 : 31 184 202 209 228
REC 18 7 31 : 31 184 202 212
REC 21 7 28 : 31 184 202 212 225
REC 18 7 31 : 31 184 202 225
REC 18 7 31 : 31 184 202 228
REC 24 7 25 : 31 184 202 229
REC 15 7 34 : 31 184 204
REC 18 7 31 : 31 184 204 209
REC 21 7 28 : 31 184 204 209 226
REC 18 7 31 : 31 184 204 210
REC 21 7 28 : 31 184 204 210 225
REC 18 7 31 : 31 184 204 225
REC 18 7 31 : 31 184 204 226
REC 24 7 25 : 31 184 204 227
REC 15 7 34 : 31 184 209
REC 18 7 31 : 31 184 209 226
REC 18 7 31 : 31 184 209 228
REC 24 7 25 : 31 184 209 230
REC 15 7 34 : 31 184 210
REC 18 7 31 : 31 184 210 225
REC 18 7 31 : 31 184 210 228
REC 24 7 25 : 31 184 210 229
REC 15 7 34 : 31 184 212
REC 18 7 31 : 31 184 212 225
REC 18 7 31 : 31 184 212 226
REC 24 7 25 : 31 184 212 227
REC 15 7 34 : 31 184 225
REC 15 7 34 : 31 184 226
REC 21 7 28 : 31 184 227
REC 15 7 34 : 31 184 228
REC 21 7 28 : 31 184 229
REC 21 7 28 : 31 184 230
REC 12 7 37 : 31 195
REC 15 7 34 : 31 195 204
REC 18 7 31 : 31 195 204 240
REC 15 7 34 : 31 195 212
REC 18 7 31 : 31 195 212 232
REC 15 7 34 : 31 195 216
REC 18 7 31 : 31 195 216 228
REC 15 7 34 : 31 195 228
REC 15 7 34 : 31 195 232
REC 21 7 28 : 31 195 236
REC 15 7 34 : 31 195 240
REC 21 7 28 : 31 195 244
REC 21 7 28 : 31 195 248
REC 12 7 37 : 31 197
REC 15 7 34 : 31 197 202
REC 18 7 31 : 31 197 202 240
REC 15 7 34 : 31 197 210
REC 18 7 31 : 31 197 210 232
REC 15 7 34 : 31 197 216
REC 18 7 31 : 31 197 216 226
REC 15 7 34 : 31 197 226
REC 15 7 34 : 31 197 232
REC 21 7 28 : 31 197 234
REC 15 7 34 : 31 197 240
REC 21 7 28 : 31 197 242
REC 21 7 28 : 31 197 248
REC 12 7 37 : 31 198
REC 15 7 34 : 31 198 201
REC 18 7 31 : 31 198 201 240
REC 15 7 34 : 31 198 209
REC 18 7 31 : 31 198 209 232
REC 15 7 34 : 31 198 216
REC 18 7 31 : 31 198 216 225
REC 15 7 34 : 31 198 225
REC 15 7 34 : 31 198 232
REC 21 7 28 : 31 198 233
REC 15 7 34 : 31 198 240
REC 21 7 28 : 31 198 241
REC 21 7 28 : 31 198 248
REC 12 7 37 : 31 201
REC 15 7 34 : 31 201 210
REC 18 7 31 : 31 201 210 228
REC 15 7 34 : 31 201 212
REC 18 7 31 : 31 201 212 226
REC 15 7 34 : 31 201 226
REC 15 7 34 : 31 201 228
REC 21 7 28 : 31 201 230
REC 15 7 34 : 31 201 240
REC 21 7 28 : 31 201 242
REC 21 7 28 : 31 201 244
REC 12 7 37 : 31 202
REC 15 7 34 : 31 202 209
REC 18 7 31 : 31 202 209 228
REC 15 7 34 : 31 202 212
REC 18 7 31 : 31 202 212 225
REC 15 7 34 : 31 202 225
REC 15 7 34 : 31 202 228
REC 21 7 28 : 31 202 229
REC 15 7 34 : 31 202 240
REC 21 7 28 : 31 202 241
REC 21 7 28 : 31 202 244
REC 12 7 37 : 31 204
REC 15 7 34 : 31 204 209
REC 18 7 31 : 31 204 209 226
REC 15 7 34 : 31 204 210
REC 18 7 31 : 31 204 210 225
REC 15 7 34 : 31 204 225
REC 15 7 34 : 31 204 226
REC 21 7 28 : 31 204 227
REC 15 7 34 : 31 204 240
REC 21 7 28 : 31 204 241
REC 21 7 28 : 31 204 242
REC 12 7 37 : 31 209
REC 15 7 34 : 31 209 226
REC 15 7 34 : 31 209 228
REC 21 7 28 : 31 209 230
REC 15 7 34 : 31 209 232
REC 21 7 28 : 31 209 234
REC 21 7 28 : 31 209 236
REC 12 7 37 : 31 210
REC 15 7 34 : 31 210 225
REC 15 7 34 : 31 210 228
REC 21 7 28 : 31 210 229
REC 15 7 34 : 31 210 232
REC 21 7 28 : 31 210 233
REC 21 7 28 : 31 210 236
REC 12 7 37 : 31 212
REC 15 7 34 : 31 212 225
REC 15 7 34 : 31 212 226
REC 21 7 28 : 31 212 227
REC 15 7 34 : 31 212 232
REC 21 7 28 : 31 212 233
REC 21 7 28 : 31 212 234
REC 12 7 37 : 31 216
REC 15 7 34 : 31 216 225
REC 15 7 34 : 31 216 226
REC 21 7 28 : 31 216 227
REC 15 7 34 : 31 216 228
REC 21 7 28 : 31 216 229
REC 21 7 28 : 31 216 230
REC 12 7 37 : 31 225
REC 12 7 37 : 31 226
REC 18 7 31 : 31 227
REC 12 7 37 : 31 228
REC 18 7 31 : 31 229
REC 18 7 31 : 31 230
REC 12 7 37 : 31 232
REC 18 7 31 : 31 233
REC 18 7 31 : 31 234
REC 18 7 31 : 31 236
REC 12 7 37 : 31 240
REC 18 7 31 : 31 241
REC 18 7 31 : 31 242
REC 18 7 31 : 31 244
REC 18 7 31 : 31 248
DONE nodes=11056 leaves=11056 records=11056
