=== psi = 0
   exact-C2=True #blocks=42 max deg(O)=2: 476 grid values, e.g. [0.02, 0.022, 0.024, 0.026, 0.028]
   exact-C2=True #blocks=42 max deg(O)=3: 5 grid values, e.g. [0.306, 0.308, 0.31, 0.312, 0.316]
   scanning for isolated special r (triple concurrency) ...
   candidate special r values (triple nearly concurrent on the fine grid): 30
   refined special r values: [0.051253, 0.051253001, 0.062967118, 0.062967119, 0.100099392, 0.100099393, 0.100099394, 0.129455767, 0.129455768, 0.157510664, 0.157577698, 0.15758034, 0.157620787, 0.157654952, 0.157661729, 0.157675861, 0.157682857, 0.157690777, 0.157690801, 0.157691055, 0.15769137, 0.157691793, 0.157691796, 0.157691801, 0.157691803, 0.157691805, 0.157691806, 0.15769181, 0.157691811, 0.15769183, 0.157691836, 0.157691899, 0.157692046, 0.157692047, 0.157692404, 0.157692456, 0.157693399, 0.157694135, 0.157704021, 0.157704566, 0.157737987, 0.157780047, 0.157785296, 0.157799118, 0.157803252, 0.157803296, 0.157804845, 0.157807053, 0.157807509, 0.157813903, 0.157814396, 0.157815386, 0.157822601, 0.157823929, 0.157856156, 0.157872025, 0.157884468, 0.157894352, 0.15789441, 0.157894623, 0.157896695, 0.157907778, 0.157915612, 0.157924659, 0.157929453, 0.157929722, 0.157929944, 0.157929948, 0.157930337, 0.157930611, 0.157934827, 0.157939675, 0.157941777, 0.157943919, 0.157967406, 0.157968401, 0.157968467, 0.157968726, 0.157978557, 0.157978685, 0.157992043, 0.157992206, 0.157994575, 0.157994665, 0.157996171, 0.157998935, 0.158002325, 0.158004105, 0.158009132, 0.158010813, 0.158012308, 0.158015841, 0.158015901, 0.158017568, 0.158017754, 0.158017779, 0.158017912, 0.158018025, 0.158018034, 0.158018036, 0.158018086, 0.158018203, 0.158018204, 0.158026005, 0.158026153, 0.15803119, 0.158036224, 0.158038563, 0.15804266, 0.158044402, 0.158047947, 0.158073718, 0.158073744, 0.158073764, 0.15807378, 0.158074042, 0.158384439, 0.15838444, 0.158384441, 0.158526238, 0.1585604, 0.15856068, 0.158578563, 0.158579532, 0.158581202, 0.158581962, 0.158582005, 0.158583618, 0.158584878, 0.158585812, 0.158586726, 0.158607203, 0.158608354, 0.158608508, 0.158616895, 0.158630065, 0.15863007, 0.158632295, 0.158659711, 0.158670682, 0.158670728, 0.158670878, 0.158673576, 0.158676874, 0.158684491, 0.15869506, 0.158696398, 0.158703866, 0.158724287, 0.158726161, 0.158727666, 0.158727798, 0.15872786, 0.158727864, 0.158727871, 0.158727949, 0.158728063, 0.158728203, 0.15872933, 0.158732228, 0.158734293, 0.15873523, 0.158765832, 0.158767436, 0.158769656, 0.158794858, 0.158795149, 0.158802776, 0.158808376, 0.158811554, 0.158811713, 0.158903548, 0.158905932, 0.158907264, 0.158908204, 0.158914415, 0.159009289, 0.159043543, 0.184026236, 0.184026237, 0.184026238, 0.184026239, 0.215586202, 0.215586203, 0.215586204, 0.250096522, 0.25010966, 0.250136307, 0.250153968, 0.250154322, 0.250172941, 0.250173971, 0.250175364, 0.250179951, 0.25018034, 0.250180359, 0.250181331, 0.250184194, 0.250185321, 0.250186551, 0.250188688, 0.250190081, 0.250191629, 0.250193757, 0.25021019, 0.250210653, 0.250213031, 0.250214108, 0.250216861, 0.250217001, 0.250217178, 0.250217998, 0.250220789, 0.250232721, 0.250235675, 0.250235849, 0.250253189, 0.250264837, 0.250266005, 0.250266384, 0.250275039, 0.250276294, 0.250279806, 0.250280913, 0.250281696, 0.250286429, 0.250287957, 0.250288039, 0.250288937, 0.250289001, 0.2502915, 0.250291796, 0.250291983, 0.250293945, 0.25029473, 0.25029592, 0.250296893, 0.250301124, 0.25030239, 0.250303055, 0.250303484, 0.250306612, 0.250310415, 0.250310887, 0.250310986, 0.250314851, 0.250316108, 0.250318026, 0.250321639, 0.250321696, 0.250324146, 0.250324299, 0.250327696, 0.250328541, 0.250331839, 0.250333826, 0.250335516, 0.250351477, 0.250354612, 0.250358267, 0.250361777, 0.250363909, 0.250366492, 0.25037086, 0.250371992, 0.250373349, 0.250374481, 0.250376991, 0.250377779, 0.25038222, 0.250391039, 0.250392037, 0.250393692, 0.250394103, 0.250396132, 0.2503969, 0.250400134, 0.25040257, 0.250403252, 0.250403812, 0.250408002, 0.250410972, 0.250411451, 0.250419743, 0.250421726, 0.250427375, 0.250430465, 0.25043106, 0.250431856, 0.250432722, 0.25043506, 0.250443305, 0.25044432, 0.250444746, 0.250445445, 0.250446347, 0.250446725, 0.250446731, 0.250448762, 0.250451719, 0.250452464, 0.250453229, 0.250453448, 0.250458731, 0.250462941, 0.250462946, 0.250463158, 0.250463783, 0.250464661, 0.250464755, 0.250467876, 0.250467958, 0.250470577, 0.250470614, 0.250470637, 0.250471107, 0.250471361, 0.250471387, 0.250471679, 0.250471808, 0.250471953, 0.250472047, 0.250472072, 0.250472094, 0.250472107, 0.250472109, 0.250472112, 0.250472119, 0.250472124, 0.250472126, 0.250472131, 0.250472136, 0.25047214, 0.250472141, 0.250472143, 0.250472208, 0.250472234, 0.250472335, 0.250472362, 0.250472551, 0.250472997, 0.250473418, 0.250473753, 0.25047377, 0.250474442, 0.250475242, 0.250476977, 0.250477319, 0.250478822, 0.250479498, 0.250480241, 0.25048026, 0.250480262, 0.250480267, 0.250480741, 0.250480844, 0.250480991, 0.250481, 0.250484671, 0.250485251, 0.250485292, 0.250485294, 0.250494609, 0.250497216, 0.250497535, 0.250500069, 0.25050052, 0.250501883, 0.250503498, 0.250505196, 0.250505327, 0.250506065, 0.250507374, 0.250508862, 0.250511895, 0.250517306, 0.250520413, 0.250522922, 0.250523031, 0.250523131, 0.250523661, 0.250523863, 0.250523888, 0.250525213, 0.250525322, 0.250527864, 0.250527882, 0.250529783, 0.250530611, 0.250531755, 0.25053194, 0.250532282, 0.250532382, 0.250532565, 0.250532889, 0.250533745, 0.25053449, 0.250536979, 0.250538872, 0.250539409, 0.250539839, 0.250543269, 0.250543728, 0.250544708, 0.250545825, 0.250546947, 0.250546951, 0.250550802, 0.250551236, 0.250552596, 0.250552718, 0.250554458, 0.250554476, 0.25055516, 0.250555263, 0.250555337, 0.250555532, 0.250556002, 0.250557495, 0.250559281, 0.250559332, 0.250559554, 0.250560073, 0.250560186, 0.250560579, 0.250560629, 0.250561418, 0.250561697, 0.250562188, 0.250563917, 0.250563939, 0.250563981, 0.250564069, 0.2505644, 0.250564581, 0.250564624, 0.250564851, 0.250565102, 0.250565166, 0.250569285, 0.250570296, 0.250571152, 0.250571454, 0.2505721, 0.250572167, 0.250572301, 0.250576258, 0.250576406, 0.250578433, 0.250580375, 0.250582462, 0.250582508, 0.250584257, 0.250587394, 0.250590443, 0.250591219, 0.250591357, 0.250591861, 0.250593717, 0.250593726, 0.250594395, 0.250596002, 0.250596132, 0.250599628, 0.250600434, 0.250600473, 0.250600496, 0.250602695, 0.250604668, 0.250606049, 0.250610738, 0.250611023, 0.250612084, 0.250613185, 0.250615474, 0.250616188, 0.250616585, 0.250616848, 0.250617891, 0.250617982, 0.250618016, 0.250618021, 0.250618028, 0.250618034, 0.250618057, 0.250618207, 0.250618496, 0.250618554, 0.250618577, 0.250618784, 0.250620366, 0.25062047, 0.250620937, 0.250621074, 0.25062114, 0.250623059, 0.250623093, 0.250624978, 0.250625712, 0.250626165, 0.250626272, 0.250630567, 0.25063119, 0.250632043, 0.250636758, 0.25063927, 0.25063932, 0.250642444, 0.250652113, 0.250652476, 0.250656315, 0.250663466, 0.250663647, 0.250673402, 0.250673737, 0.250673753, 0.250673762, 0.250674495, 0.25067879, 0.250686877, 0.250704109, 0.250707914, 0.250708268, 0.250721573, 0.250741961, 0.250763932, 0.250773504, 0.250773989, 0.250831349, 0.250834442, 0.25083538, 0.25084286, 0.250871174, 0.250899889, 0.250932496, 0.250932497, 0.250932498, 0.250932499, 0.2509325, 0.251036134, 0.251037254, 0.251044239, 0.251090631, 0.251091796, 0.251104952, 0.251124319, 0.251124599, 0.251126238, 0.251127174, 0.251133151, 0.251134369, 0.251147524, 0.251152549, 0.251153454, 0.251156297, 0.251156404, 0.251156696, 0.251158494, 0.251160324, 0.2511604, 0.251160639, 0.25116068, 0.25116095, 0.2511611, 0.251162908, 0.251163826, 0.251164013, 0.251164569, 0.25116612, 0.251171637, 0.251171763, 0.251172716, 0.251172859, 0.251173667, 0.251177927, 0.251178098, 0.25117886, 0.251181143, 0.251181513, 0.251181531, 0.251181776, 0.251181937, 0.251181941, 0.251181966, 0.251181992, 0.251181995, 0.251181998, 0.251182, 0.251182065, 0.25118215, 0.251182179, 0.251182183, 0.251182352, 0.251182364, 0.251182428, 0.251182499, 0.251182667, 0.251182883, 0.251183021, 0.251183528, 0.251183609, 0.251183654, 0.251183795, 0.251183923, 0.251184176, 0.251184624, 0.251185439, 0.251185697, 0.251186171, 0.251186576, 0.251187517, 0.25118902, 0.251190151, 0.251190254, 0.251191637, 0.251192089, 0.251192113, 0.251193011, 0.251193245, 0.251193281, 0.251193371, 0.25119568, 0.251197039, 0.251198916, 0.251199294, 0.251200174, 0.251205279, 0.251205518, 0.251206395, 0.251206928, 0.25120695, 0.251207077, 0.251208493, 0.251208774, 0.251210375, 0.251216852, 0.251217039, 0.251218941, 0.251219002, 0.251219382, 0.251219723, 0.251220422, 0.251221068, 0.251223465, 0.251225518, 0.251227369, 0.251229538, 0.251236428, 0.251238159, 0.25123876, 0.251238849, 0.251239282, 0.25123932, 0.251239348, 0.251239814, 0.25123982, 0.251239908, 0.251240707, 0.251242934, 0.251243612, 0.251245922, 0.25124607, 0.251247984, 0.251250813, 0.25125085, 0.251255102, 0.251255418, 0.251256547, 0.25125667, 0.251258483, 0.251259844, 0.251261487, 0.251262424, 0.251268365, 0.251272136, 0.251279411, 0.251280347, 0.251283422, 0.251292019, 0.251293466, 0.251295938, 0.251296063, 0.251299313, 0.251300229, 0.251302327, 0.251303543, 0.251305216, 0.251306063, 0.251309644, 0.251310878, 0.251313649, 0.251314524, 0.251315809, 0.251315993, 0.251316174, 0.251316179, 0.251316457, 0.251317355, 0.251318031, 0.25131813, 0.251319026, 0.251319626, 0.25132135, 0.251324153, 0.251324164, 0.251324478, 0.251324703, 0.251324758, 0.251325264, 0.251325373, 0.251325375, 0.251325389, 0.251325562, 0.251325945, 0.251326386, 0.251326408, 0.251326438, 0.251326672, 0.251326678, 0.251326687, 0.251326851, 0.251326925, 0.251326969, 0.251327322, 0.251327411, 0.251327447, 0.251327611, 0.251327658, 0.251327753, 0.251327787, 0.251327796, 0.251327798, 0.251327804, 0.251327811, 0.251327841, 0.25132785, 0.251327856, 0.251327859, 0.25132786, 0.251327864, 0.251327868, 0.251327871, 0.251327872, 0.251327899, 0.251327924, 0.251327946, 0.251327954, 0.251327964, 0.25132797, 0.251328078, 0.251328209, 0.251328218, 0.251328273, 0.251328342, 0.251328362, 0.251328863, 0.251329152, 0.251329358, 0.25132938, 0.251329478, 0.251329657, 0.251330674, 0.25133071, 0.251330902, 0.251331215, 0.251331689, 0.251331837, 0.251333755, 0.251334634, 0.251334687, 0.251335582, 0.251339207, 0.251339918, 0.251347165, 0.251356785, 0.251378531, 0.2513903, 0.251390954, 0.251398478, 0.251398629, 0.251405781, 0.251410543, 0.251412737, 0.251414292, 0.251455734, 0.251458965, 0.251464011, 0.25149466, 0.25150611, 0.251506198, 0.251506801, 0.251507743, 0.251507892, 0.25150799, 0.251508155, 0.251508165, 0.251508198, 0.251508199, 0.251508204, 0.251508217, 0.251508229, 0.251508409, 0.251508556, 0.251509783, 0.251537642, 0.251540174, 0.25154289, 0.251548786, 0.251558386, 0.25156221, 0.251569377, 0.251576948, 0.25158002, 0.251580528, 0.25159085, 0.251598622, 0.251601266, 0.251601779, 0.251603399, 0.25161351, 0.251619504, 0.251619528, 0.251619543, 0.25161966, 0.251619689, 0.251619756, 0.251631561, 0.251632752, 0.251634211, 0.251646496, 0.25165711, 0.251688544, 0.251714295, 0.301814656, 0.301814677, 0.30181803, 0.301820137, 0.30191305, 0.301921929, 0.301947312, 0.301950425, 0.301959467, 0.302047504, 0.302054082, 0.302182828, 0.302274508, 0.302363901, 0.302391805, 0.302422227, 0.30242401, 0.302454049, 0.302454087, 0.302458163, 0.302527981, 0.302565032, 0.302634159, 0.302871325, 0.302994365, 0.303009706, 0.303036068, 0.303327864, 0.30338034, 0.303963932, 0.304058781, 0.304144272, 0.305126581, 0.305247519, 0.305270103, 0.305272574, 0.305422658, 0.305636068, 0.30581743, 0.305927864, 0.306124465, 0.308469715, 0.308469763, 0.308472136, 0.308472302, 0.308472596, 0.308473322, 0.308493422, 0.308527864, 0.309016995, 0.309016996, 0.309016997, 0.309237485, 0.312544272, 0.312555307, 0.312654685, 0.312798374, 0.312834138, 0.312881723, 0.312909825, 0.312940309, 0.312979066, 0.312979985, 0.312981966, 0.3129968, 0.31300324, 0.313003762, 0.313045829, 0.313049663, 0.313084185, 0.313100945, 0.313127864, 0.313221128, 0.313221149, 0.313273027, 0.313273762, 0.313280231, 0.313363932, 0.313406497, 0.313663438, 0.313670716, 0.313724727, 0.313738792, 0.313903796, 0.313921773, 0.313922408, 0.315016227, 0.315613926, 0.315655363, 0.315693041, 0.315723682, 0.31583587, 0.315836068, 0.315854102, 0.315854116, 0.31586296, 0.31588832, 0.315951147, 0.315991083, 0.31600096, 0.316075288, 0.316127864, 0.316236081, 0.316238136, 0.316254858, 0.316300579, 0.31636068, 0.316386406, 0.316390031, 0.316527864, 0.316602959, 0.316613009, 0.31661445, 0.316614475, 0.316622912, 0.316695712, 0.316706285, 0.316707924, 0.316708204, 0.316819742, 0.327376196, 0.327376197, 0.327376199, 0.408074043, 0.408081214, 0.408097378, 0.408112025, 0.408168296, 0.40822761, 0.408260888, 0.408261382, 0.408261987, 0.408287267, 0.408290642, 0.408291162, 0.408291611, 0.408291796, 0.408291863, 0.408292015, 0.408293228, 0.408294041, 0.408299785, 0.408300107, 0.408303032, 0.408303196, 0.408303582, 0.408309945, 0.408311891, 0.408315992, 0.408316074, 0.408323121, 0.408324526, 0.408325484, 0.408326184, 0.408329107, 0.40833708, 0.408340218, 0.408342617, 0.408354719, 0.408355151, 0.408364278, 0.408374668, 0.408375422, 0.40837617, 0.408381239, 0.408381434, 0.408382023, 0.408388837, 0.408389718, 0.408390087, 0.40839336, 0.40839361, 0.408394451, 0.40839644, 0.408397151, 0.408408441, 0.408408539, 0.408412674, 0.408412876, 0.408416661, 0.408417312, 0.408425641, 0.408428222, 0.408431725, 0.408442978, 0.408447894, 0.408448474, 0.40845671, 0.408456755, 0.40845716, 0.408459567, 0.408460633, 0.408460834, 0.408462008, 0.408462232, 0.408463331, 0.408463552, 0.408463898, 0.40846421, 0.408465751, 0.408467233, 0.408467703, 0.408467818, 0.408468297, 0.408468464, 0.408468469, 0.40847067, 0.40847123, 0.408471271, 0.408471922, 0.408471934, 0.408471993, 0.408472052, 0.408472054, 0.408472096, 0.408472123, 0.40847213, 0.408472136, 0.408472148, 0.408472225, 0.408472319, 0.40847267, 0.408472708, 0.40847342, 0.408473648, 0.408474027, 0.408474055, 0.408475216, 0.40847596, 0.408476554, 0.40847685, 0.408477252, 0.408479036, 0.408480375, 0.40848066, 0.408482034, 0.40848874, 0.408490141, 0.408490478, 0.408491264, 0.408491721, 0.408495342, 0.408495515, 0.408495785, 0.408496303, 0.408496812, 0.408500069, 0.40850156, 0.408502603, 0.408506578, 0.408506892, 0.408507032, 0.40850896, 0.408509253, 0.408511445, 0.408515089, 0.408519305, 0.408522834, 0.408523177, 0.40852391, 0.408527042, 0.408527369, 0.40852809, 0.408528811, 0.408530571, 0.408532428, 0.408532477, 0.408532515, 0.408535295, 0.408539307, 0.408539471, 0.408541194, 0.408541276, 0.408541788, 0.408541933, 0.408542029, 0.40854212, 0.408542837, 0.408544356, 0.408545649, 0.408545669, 0.408547176, 0.408547278, 0.408551861, 0.408552933, 0.408557969, 0.408559917, 0.40856209, 0.408562306, 0.408567874, 0.40856854, 0.408571663, 0.408572498, 0.408576528, 0.408582429, 0.408584565, 0.408584644, 0.408585775, 0.408589712, 0.408590492, 0.408593903, 0.40859585, 0.408596933, 0.40859992, 0.408600365, 0.408603541, 0.408604957, 0.408607502, 0.408607612, 0.408611765, 0.408612641, 0.40861756, 0.4086176, 0.408617792, 0.408617794, 0.408617887, 0.408618034, 0.40861804, 0.408618192, 0.408618487, 0.408619953, 0.408622388, 0.408626165, 0.408634295, 0.40863932, 0.408643317, 0.408644056, 0.408645661, 0.408646769, 0.408649776, 0.408650091, 0.408656383, 0.408670794, 0.408673148, 0.408673696, 0.408673762, 0.408675681, 0.408678787, 0.408681893, 0.408706285, 0.408707102, 0.408708204, 0.40872949, 0.408769573, 0.40897706, 0.408977061, 0.408977062, 0.408977063, 0.408977064, 0.408977065, 0.408977066, 0.409036068, 0.409036521, 0.40904929, 0.409083665, 0.409091796, 0.409092574, 0.409113057, 0.409126238, 0.409126248, 0.40913234, 0.409151097, 0.409157583, 0.409159609, 0.409160334, 0.409160664, 0.40916068, 0.409162491, 0.409163785, 0.409170668, 0.409173835, 0.409173847, 0.409174623, 0.409174684, 0.409176561, 0.409176866, 0.409180327, 0.409180473, 0.40918077, 0.409180786, 0.409181493, 0.409181712, 0.409181714, 0.409181793, 0.409181843, 0.409181919, 0.409181955, 0.409181966, 0.409181996, 0.409182056, 0.409182327, 0.409182419, 0.409185415, 0.409185893, 0.409187345, 0.409187571, 0.409188057, 0.409188257, 0.409189698, 0.409189707, 0.409189717, 0.409190097, 0.409192192, 0.409193857, 0.409194812, 0.409198242, 0.409198448, 0.409198523, 0.409198944, 0.409201405, 0.40920222, 0.409202361, 0.409207742, 0.409208298, 0.409209152, 0.409210828, 0.409211373, 0.409214602, 0.409217511, 0.409218271, 0.409222057, 0.409226118, 0.409228074, 0.409229714, 0.409230063, 0.409230874, 0.409236075, 0.409237429, 0.409245552, 0.409252572, 0.409255831, 0.409256092, 0.409256288, 0.409256913, 0.409258971, 0.40926039, 0.409264464, 0.409264526, 0.409265235, 0.409268756, 0.409269285, 0.40927213, 0.409272136, 0.409273602, 0.409273701, 0.409273961, 0.409282865, 0.409286607, 0.409288153, 0.409292349, 0.409292515, 0.409292631, 0.409300665, 0.409301005, 0.409302991, 0.409305459, 0.409306578, 0.409306972, 0.409313896, 0.409318934, 0.409319177, 0.409319571, 0.409322154, 0.409322494, 0.409325067, 0.409325729, 0.409326788, 0.40932688, 0.409327761, 0.409327794, 0.409327853, 0.409327864, 0.409327876, 0.409327883, 0.409327884, 0.409327914, 0.409329307, 0.409330143, 0.409330325, 0.409331284, 0.409331806, 0.409331987, 0.409332064, 0.409332505, 0.409335156, 0.409335773, 0.409336001, 0.409338538, 0.409338753, 0.409339118, 0.409342317, 0.409345118, 0.40934716, 0.409353981, 0.409354223, 0.409355995, 0.409363029, 0.409365053, 0.409365882, 0.409374004, 0.409374142, 0.409377007, 0.409377555, 0.409384187, 0.409395485, 0.409396388, 0.4093984, 0.409400571, 0.409410406, 0.409415904, 0.409418592, 0.409426084, 0.409430673, 0.409434019, 0.409434048, 0.409437625, 0.40943932, 0.409441347, 0.409456882, 0.409466466, 0.409473655, 0.409476913, 0.409492216, 0.409497119, 0.409503332, 0.409503876, 0.409504305, 0.409504358, 0.40950798, 0.409508103, 0.409508197, 0.409508204, 0.409516356, 0.409522851, 0.409545031, 0.409550776, 0.409585212, 0.409592005, 0.40961336, 0.409619642, 0.409619654, 0.40961966, 0.409619666, 0.40961971, 0.409619747, 0.40962095, 0.409621639, 0.409628742, 0.409629488, 0.40962971, 0.464312611, 0.464312614, 0.526034313, 0.526034314, 0.526034315, 0.526034316, 0.526034317, 0.526034318, 0.526034319, 0.618033987, 0.618033988]
      r = 0.051253000: exact-C2=True #blocks=42 sizes=[3, 4, 5] max deg(O)=3 at O=(-0.11240465697396229+0.09561711224315145j)  (#lines=0)
      r = 0.051253001: exact-C2=True #blocks=42 sizes=[3, 4, 5] max deg(O)=3 at O=(-0.11240465879795869+0.09561711404481069j)  (#lines=0)
      r = 0.062967118: exact-C2=True #blocks=42 sizes=[3, 4, 5] max deg(O)=4 at O=(0.25093249556980013+2.1124411750221683e-16j)  (#lines=0)
      r = 0.062967119: exact-C2=True #blocks=42 sizes=[3, 4, 5] max deg(O)=4 at O=(0.25093250049569865-1.0800487309260078e-17j)  (#lines=0)
      r = 0.100099392: exact-C2=True #blocks=42 sizes=[3, 4, 5] max deg(O)=4 at O=(0.06661979922725464-0.20503466073415252j)  (#lines=0)
      r = 0.100099393: exact-C2=True #blocks=42 sizes=[3, 4, 5] max deg(O)=4 at O=(0.06661980022681974-0.20503466262827158j)  (#lines=0)
      r = 0.100099394: exact-C2=True #blocks=42 sizes=[3, 4, 5] max deg(O)=4 at O=(0.06661980122638478-0.20503466452239089j)  (#lines=0)
      r = 0.129455767: exact-C2=True #blocks=42 sizes=[3, 4, 5] max deg(O)=3 at O=(0.39989252491992944-0.1647109540930855j)  (#lines=0)
      r = 0.129455768: exact-C2=True #blocks=42 sizes=[3, 4, 5] max deg(O)=3 at O=(0.39989252915932555-0.16471095468249086j)  (#lines=0)
      r = 0.157510664: exact-C2=True #blocks=42 sizes=[3, 4, 5] max deg(O)=2 at O=(0.5260961001679054-0.1723723709774276j)  (#lines=0)
      r = 0.157577698: exact-C2=True #blocks=42 sizes=[3, 4, 5] max deg(O)=2 at O=(0.5264142372625138-0.17236668950606207j)  (#lines=0)
      r = 0.157580340: exact-C2=True #blocks=42 sizes=[3, 4, 5] max deg(O)=2 at O=(0.5264267774596394-0.17236646296526836j)  (#lines=0)
      r = 0.157620787: exact-C2=True #blocks=42 sizes=[3, 4, 5] max deg(O)=2 at O=(0.5266187726016092-0.17236297000342077j)  (#lines=0)
      r = 0.157654952: exact-C2=True #blocks=42 sizes=[3, 4, 5] max deg(O)=2 at O=(0.5267809690684799-0.17235998327109414j)  (#lines=0)
      r = 0.157661729: exact-C2=True #blocks=42 sizes=[3, 4, 5] max deg(O)=2 at O=(0.526813144782256-0.17235938687025376j)  (#lines=0)
      r = 0.157675861: exact-C2=True #blocks=42 sizes=[3, 4, 5] max deg(O)=2 at O=(0.5268802428522135-0.17235813899506627j)  (#lines=0)
      r = 0.157682857: exact-C2=True #blocks=42 sizes=[3, 4, 5] max deg(O)=2 at O=(0.5269134607433515-0.17235751913367525j)  (#lines=0)
      r = 0.157690777: exact-C2=True #blocks=42 sizes=[3, 4, 5] max deg(O)=2 at O=(0.5269510668723933-0.17235681572132644j)  (#lines=0)
      r = 0.157690801: exact-C2=True #blocks=42 sizes=[3, 4, 5] max deg(O)=2 at O=(0.5269511808319239-0.17235681358705846j)  (#lines=0)
      r = 0.157691055: exact-C2=True #blocks=42 sizes=[3, 4, 5] max deg(O)=2 at O=(0.526952386904206-0.17235679099838253j)  (#lines=0)
      r = 0.157691370: exact-C2=True #blocks=42 sizes=[3, 4, 5] max deg(O)=2 at O=(0.5269538826252391-0.1723567629823143j)  (#lines=0)
      r = 0.157691793: exact-C2=True #blocks=42 sizes=[3, 4, 5] max deg(O)=2 at O=(0.526955891167473-0.1723567253562905j)  (#lines=0)
      r = 0.157691796: exact-C2=True #blocks=42 sizes=[3, 4, 5] max deg(O)=2 at O=(0.526955905412464-0.17235672508942093j)  (#lines=0)
      r = 0.157691801: exact-C2=True #blocks=42 sizes=[3, 4, 5] max deg(O)=2 at O=(0.5269559291541164-0.17235672464463808j)  (#lines=0)
      r = 0.157691803: exact-C2=True #blocks=42 sizes=[3, 4, 5] max deg(O)=2 at O=(0.5269559386507771-0.17235672446672462j)  (#lines=0)
      r = 0.157691805: exact-C2=True #blocks=42 sizes=[3, 4, 5] max deg(O)=2 at O=(0.526955948147437-0.1723567242888111j)  (#lines=0)
      r = 0.157691806: exact-C2=True #blocks=42 sizes=[3, 4, 5] max deg(O)=2 at O=(0.5269559528957677-0.17235672419985437j)  (#lines=0)
      r = 0.157691810: exact-C2=True #blocks=42 sizes=[3, 4, 5] max deg(O)=2 at O=(0.52695597188909-0.1723567238440269j)  (#lines=0)
      r = 0.157691811: exact-C2=True #blocks=42 sizes=[3, 4, 5] max deg(O)=2 at O=(0.5269559766374201-0.17235672375507005j)  (#lines=0)
      r = 0.157691830: exact-C2=True #blocks=42 sizes=[3, 4, 5] max deg(O)=2 at O=(0.5269560668557047-0.1723567220648829j)  (#lines=0)
      r = 0.157691836: exact-C2=True #blocks=42 sizes=[3, 4, 5] max deg(O)=2 at O=(0.5269560953456893-0.17235672153113743j)  (#lines=0)
      r = 0.157691899: exact-C2=True #blocks=42 sizes=[3, 4, 5] max deg(O)=2 at O=(0.5269563944905737-0.17235671592674826j)  (#lines=0)
      r = 0.157692046: exact-C2=True #blocks=42 sizes=[3, 4, 5] max deg(O)=2 at O=(0.5269570924955553-0.17235670284940036j)  (#lines=0)
      r = 0.157692047: exact-C2=True #blocks=42 sizes=[3, 4, 5] max deg(O)=2 at O=(0.5269570972438904-0.1723567027604368j)  (#lines=0)
      r = 0.157692404: exact-C2=True #blocks=42 sizes=[3, 4, 5] max deg(O)=2 at O=(0.5269587924003274-0.1723566709985907j)  (#lines=0)
      r = 0.157692456: exact-C2=True #blocks=42 sizes=[3, 4, 5] max deg(O)=2 at O=(0.5269590393140461-0.17235666637191244j)  (#lines=0)
      r = 0.157693399: exact-C2=True #blocks=42 sizes=[3, 4, 5] max deg(O)=2 at O=(0.526963517007039-0.17235658245551722j)  (#lines=0)
      r = 0.157694135: exact-C2=True #blocks=42 sizes=[3, 4, 5] max deg(O)=2 at O=(0.5269670118019524-0.1723565169421925j)  (#lines=0)
      r = 0.157704021: exact-C2=True #blocks=42 sizes=[3, 4, 5] max deg(O)=2 at O=(0.5270139549765986-0.17235563546716473j)  (#lines=0)
      r = 0.157704566: exact-C2=True #blocks=42 sizes=[3, 4, 5] max deg(O)=2 at O=(0.5270165429283715-0.17235558679181917j)  (#lines=0)
      r = 0.157737987: exact-C2=True #blocks=42 sizes=[3, 4, 5] max deg(O)=2 at O=(0.527175253039504-0.17235258570354905j)  (#lines=0)
      r = 0.157780047: exact-C2=True #blocks=42 sizes=[3, 4, 5] max deg(O)=2 at O=(0.527375014187401-0.17234876361903617j)  (#lines=0)
      r = 0.157785296: exact-C2=True #blocks=42 sizes=[3, 4, 5] max deg(O)=2 at O=(0.5273999459964547-0.17234828309080932j)  (#lines=0)
      r = 0.157799118: exact-C2=True #blocks=42 sizes=[3, 4, 5] max deg(O)=2 at O=(0.5274656001792277-0.17234701397467456j)  (#lines=0)
      r = 0.157803252: exact-C2=True #blocks=42 sizes=[3, 4, 5] max deg(O)=2 at O=(0.5274852371927141-0.17234663333819528j)  (#lines=0)
      r = 0.157803296: exact-C2=True #blocks=42 sizes=[3, 4, 5] max deg(O)=2 at O=(0.5274854461996856-0.17234662928429037j)  (#lines=0)
      r = 0.157804845: exact-C2=True #blocks=42 sizes=[3, 4, 5] max deg(O)=2 at O=(0.5274928042153453-0.17234648653321644j)  (#lines=0)
      r = 0.157807053: exact-C2=True #blocks=42 sizes=[3, 4, 5] max deg(O)=2 at O=(0.5275032926620076-0.17234628293242102j)  (#lines=0)
      r = 0.157807509: exact-C2=True #blocks=42 sizes=[3, 4, 5] max deg(O)=2 at O=(0.5275054587642088-0.17234624086710526j)  (#lines=0)
      r = 0.157813903: exact-C2=True #blocks=42 sizes=[3, 4, 5] max deg(O)=2 at O=(0.5275358320561692-0.17234565040551103j)  (#lines=0)
      r = 0.157814396: exact-C2=True #blocks=42 sizes=[3, 4, 5] max deg(O)=2 at O=(0.5275381739721574-0.17234560483040795j)  (#lines=0)
      r = 0.157815386: exact-C2=True #blocks=42 sizes=[3, 4, 5] max deg(O)=2 at O=(0.5275428768175124-0.1723455132894829j)  (#lines=0)
      r = 0.157822601: exact-C2=True #blocks=42 sizes=[3, 4, 5] max deg(O)=2 at O=(0.5275771510694874-0.172344845305903j)  (#lines=0)
      r = 0.157823929: exact-C2=True #blocks=42 sizes=[3, 4, 5] max deg(O)=2 at O=(0.5275834597149915-0.172344722194356j)  (#lines=0)
      r = 0.157856156: exact-C2=True #blocks=42 sizes=[3, 4, 5] max deg(O)=2 at O=(0.5277365624889143-0.17234171917946284j)  (#lines=0)
      r = 0.157872025: exact-C2=True #blocks=42 sizes=[3, 4, 5] max deg(O)=2 at O=(0.527811958566668-0.17234022956440223j)  (#lines=0)
      r = 0.157884468: exact-C2=True #blocks=42 sizes=[3, 4, 5] max deg(O)=2 at O=(0.5278710800726854-0.17233905651816755j)  (#lines=0)
      r = 0.157894352: exact-C2=True #blocks=42 sizes=[3, 4, 5] max deg(O)=2 at O=(0.5279180445869299-0.1723381215678814j)  (#lines=0)
      r = 0.157894410: exact-C2=True #blocks=42 sizes=[3, 4, 5] max deg(O)=2 at O=(0.5279183201826905-0.1723381160732959j)  (#lines=0)
      r = 0.157894623: exact-C2=True #blocks=42 sizes=[3, 4, 5] max deg(O)=2 at O=(0.5279193322848338-0.17233809589408056j)  (#lines=0)
      r = 0.157896695: exact-C2=True #blocks=42 sizes=[3, 4, 5] max deg(O)=2 at O=(0.5279291777491439-0.17233789952914372j)  (#lines=0)
      r = 0.157907778: exact-C2=True #blocks=42 sizes=[3, 4, 5] max deg(O)=2 at O=(0.5279818417232133-0.1723368471036253j)  (#lines=0)
      r = 0.157915612: exact-C2=True #blocks=42 sizes=[3, 4, 5] max deg(O)=2 at O=(0.5280190683783786-0.1723361010823875j)  (#lines=0)
      r = 0.157924659: exact-C2=True #blocks=42 sizes=[3, 4, 5] max deg(O)=2 at O=(0.5280620603803206-0.17233523736790973j)  (#lines=0)
      r = 0.157929453: exact-C2=True #blocks=42 sizes=[3, 4, 5] max deg(O)=2 at O=(0.5280848423600943-0.17233477873849845j)  (#lines=0)
      r = 0.157929722: exact-C2=True #blocks=42 sizes=[3, 4, 5] max deg(O)=2 at O=(0.5280861207092824-0.1723347529845225j)  (#lines=0)
      r = 0.157929944: exact-C2=True #blocks=42 sizes=[3, 4, 5] max deg(O)=2 at O=(0.5280871757046699-0.1723347317287549j)  (#lines=0)
      r = 0.157929948: exact-C2=True #blocks=42 sizes=[3, 4, 5] max deg(O)=2 at O=(0.5280871947136028-0.17233473134575517j)  (#lines=0)
      r = 0.157930337: exact-C2=True #blocks=42 sizes=[3, 4, 5] max deg(O)=2 at O=(0.528089043333619-0.17233469409684948j)  (#lines=0)
      r = 0.157930611: exact-C2=True #blocks=42 sizes=[3, 4, 5] max deg(O)=2 at O=(0.5280903454479189-0.17233466785723656j)  (#lines=0)
      r = 0.157934827: exact-C2=True #blocks=42 sizes=[3, 4, 5] max deg(O)=2 at O=(0.5281103810550067-0.17233426384158199j)  (#lines=0)
      r = 0.157939675: exact-C2=True #blocks=42 sizes=[3, 4, 5] max deg(O)=2 at O=(0.5281334204618892-0.17233379863427495j)  (#lines=0)
      r = 0.157941777: exact-C2=True #blocks=42 sizes=[3, 4, 5] max deg(O)=2 at O=(0.5281434100272562-0.17233359672062082j)  (#lines=0)
      r = 0.157943919: exact-C2=True #blocks=42 sizes=[3, 4, 5] max deg(O)=2 at O=(0.5281535897634113-0.17233339083479832j)  (#lines=0)
      r = 0.157967406: exact-C2=True #blocks=42 sizes=[3, 4, 5] max deg(O)=2 at O=(0.528265215353622-0.17233112470031645j)  (#lines=0)
      r = 0.157968401: exact-C2=True #blocks=42 sizes=[3, 4, 5] max deg(O)=2 at O=(0.5282699444439148-0.1723310283500786j)  (#lines=0)
      r = 0.157968467: exact-C2=True #blocks=42 sizes=[3, 4, 5] max deg(O)=2 at O=(0.5282702581328892-0.1723310219580071j)  (#lines=0)
      r = 0.157968726: exact-C2=True #blocks=42 sizes=[3, 4, 5] max deg(O)=2 at O=(0.5282714891251576-0.17233099687276543j)  (#lines=0)
      r = 0.157978557: exact-C2=True #blocks=42 sizes=[3, 4, 5] max deg(O)=2 at O=(0.5283182153614371-0.17233004328157173j)  (#lines=0)
      r = 0.157978685: exact-C2=True #blocks=42 sizes=[3, 4, 5] max deg(O)=2 at O=(0.5283188237492682-0.17233003084756146j)  (#lines=0)
      r = 0.157992043: exact-C2=True #blocks=42 sizes=[3, 4, 5] max deg(O)=2 at O=(0.5283823161968139-0.17232873066755722j)  (#lines=0)
      r = 0.157992206: exact-C2=True #blocks=42 sizes=[3, 4, 5] max deg(O)=2 at O=(0.5283830909767042-0.1723287147707095j)  (#lines=0)
      r = 0.157994575: exact-C2=True #blocks=42 sizes=[3, 4, 5] max deg(O)=2 at O=(0.5283943514770586-0.1723284836442895j)  (#lines=0)
      r = 0.157994665: exact-C2=True #blocks=42 sizes=[3, 4, 5] max deg(O)=2 at O=(0.5283947792733104-0.17232847486046876j)  (#lines=0)
      r = 0.157996171: exact-C2=True #blocks=42 sizes=[3, 4, 5] max deg(O)=2 at O=(0.5284019377502496-0.17232832784351423j)  (#lines=0)
      r = 0.157998935: exact-C2=True #blocks=42 sizes=[3, 4, 5] max deg(O)=2 at O=(0.5284150759810888-0.17232805785087546j)  (#lines=0)
      r = 0.158002325: exact-C2=True #blocks=42 sizes=[3, 4, 5] max deg(O)=2 at O=(0.5284311899731957-0.17232772641120137j)  (#lines=0)
      r = 0.158004105: exact-C2=True #blocks=42 sizes=[3, 4, 5] max deg(O)=2 at O=(0.5284396510826688-0.17232755224938703j)  (#lines=0)
      r = 0.158009132: exact-C2=True #blocks=42 sizes=[3, 4, 5] max deg(O)=2 at O=(0.5284635468666488-0.1723270598998805j)  (#lines=0)
      r = 0.158010813: exact-C2=True #blocks=42 sizes=[3, 4, 5] max deg(O)=2 at O=(0.5284715375721337-0.1723268950998322j)  (#lines=0)
      r = 0.158012308: exact-C2=True #blocks=42 sizes=[3, 4, 5] max deg(O)=2 at O=(0.5284786441574851-0.1723267484667721j)  (#lines=0)
      r = 0.158015841: exact-C2=True #blocks=42 sizes=[3, 4, 5] max deg(O)=2 at O=(0.5284954386613219-0.17232640168800306j)  (#lines=0)
      r = 0.158015901: exact-C2=True #blocks=42 sizes=[3, 4, 5] max deg(O)=2 at O=(0.5284957238796794-0.17232639579566938j)  (#lines=0)
      r = 0.158017568: exact-C2=True #blocks=42 sizes=[3, 4, 5] max deg(O)=2 at O=(0.5285036482199363-0.17232623204584122j)  (#lines=0)
      r = 0.158017754: exact-C2=True #blocks=42 sizes=[3, 4, 5] max deg(O)=2 at O=(0.5285045324022919-0.17232621377008708j)  (#lines=0)
      r = 0.158017779: exact-C2=True #blocks=42 sizes=[3, 4, 5] max deg(O)=2 at O=(0.5285046512440487-0.17232621131359305j)  (#lines=0)
      r = 0.158017912: exact-C2=True #blocks=42 sizes=[3, 4, 5] max deg(O)=2 at O=(0.5285052834823715-0.1723261982447447j)  (#lines=0)
      r = 0.158018025: exact-C2=True #blocks=42 sizes=[3, 4, 5] max deg(O)=2 at O=(0.5285058206474889-0.17232618714073922j)  (#lines=0)
      r = 0.158018034: exact-C2=True #blocks=42 sizes=[3, 4, 5] max deg(O)=2 at O=(0.5285058634305593-0.17232618625633364j)  (#lines=0)
      r = 0.158018036: exact-C2=True #blocks=42 sizes=[3, 4, 5] max deg(O)=2 at O=(0.5285058729379102-0.17232618605979874j)  (#lines=0)
      r = 0.158018086: exact-C2=True #blocks=42 sizes=[3, 4, 5] max deg(O)=2 at O=(0.5285061106216651-0.17232618114638976j)  (#lines=0)
      r = 0.158018203: exact-C2=True #blocks=42 sizes=[3, 4, 5] max deg(O)=2 at O=(0.5285066668018144-0.17232616964873354j)  (#lines=0)
      r = 0.158018204: exact-C2=True #blocks=42 sizes=[3, 4, 5] max deg(O)=2 at O=(0.5285066715554914-0.1723261695504611j)  (#lines=0)
      r = 0.158026005: exact-C2=True #blocks=42 sizes=[3, 4, 5] max deg(O)=2 at O=(0.5285437554909896-0.17232540205842534j)  (#lines=0)
      r = 0.158026153: exact-C2=True #blocks=42 sizes=[3, 4, 5] max deg(O)=2 at O=(0.5285444590543157-0.17232538748080223j)  (#lines=0)
      r = 0.158031190: exact-C2=True #blocks=42 sizes=[3, 4, 5] max deg(O)=2 at O=(0.5285684041899643-0.17232489097569942j)  (#lines=0)
      r = 0.158036224: exact-C2=True #blocks=42 sizes=[3, 4, 5] max deg(O)=2 at O=(0.5285923354786033-0.17232439404139252j)  (#lines=0)
      r = 0.158038563: exact-C2=True #blocks=42 sizes=[3, 4, 5] max deg(O)=2 at O=(0.5286034550642116-0.17232416289901187j)  (#lines=0)
      r = 0.158042660: exact-C2=True #blocks=42 sizes=[3, 4, 5] max deg(O)=2 at O=(0.5286229323820781-0.17232375765219413j)  (#lines=0)
      r = 0.158044402: exact-C2=True #blocks=42 sizes=[3, 4, 5] max deg(O)=2 at O=(0.5286312140097174-0.17232358520017887j)  (#lines=0)
      r = 0.158047947: exact-C2=True #blocks=42 sizes=[3, 4, 5] max deg(O)=2 at O=(0.5286480674178133-0.17232323398931915j)  (#lines=0)
      r = 0.158073718: exact-C2=True #blocks=42 sizes=[3, 4, 5] max deg(O)=2 at O=(0.5287705924034418-0.1723206699944312j)  (#lines=0)
      r = 0.158073744: exact-C2=True #blocks=42 sizes=[3, 4, 5] max deg(O)=2 at O=(0.5287707160226606-0.17232066739805849j)  (#lines=0)
      r = 0.158073764: exact-C2=True #blocks=42 sizes=[3, 4, 5] max deg(O)=2 at O=(0.5287708111143762-0.17232066540083546j)  (#lines=0)
      r = 0.158073780: exact-C2=True #blocks=42 sizes=[3, 4, 5] max deg(O)=2 at O=(0.5287708871877521-0.17232066380304867j)  (#lines=0)
      r = 0.158074042: exact-C2=True #blocks=42 sizes=[3, 4, 5] max deg(O)=2 at O=(0.5287721328898921-0.1723206376382506j)  (#lines=0)
      r = 0.158384439: exact-C2=True #blocks=42 sizes=[3, 4, 5] max deg(O)=3 at O=(0.5302487301530846-0.1722882585216927j)  (#lines=0)
      r = 0.158384440: exact-C2=True #blocks=42 sizes=[3, 4, 5] max deg(O)=3 at O=(0.5302487349127404-0.17228825841292644j)  (#lines=0)
      r = 0.158384441: exact-C2=True #blocks=42 sizes=[3, 4, 5] max deg(O)=3 at O=(0.5302487396723965-0.17228825830416022j)  (#lines=0)
      r = 0.158526238: exact-C2=True #blocks=42 sizes=[3, 4, 5] max deg(O)=2 at O=(0.5309238084367155-0.1722725467541708j)  (#lines=0)
      r = 0.158560400: exact-C2=True #blocks=42 sizes=[3, 4, 5] max deg(O)=2 at O=(0.5310864961991304-0.1722686750934211j)  (#lines=0)
      r = 0.158560680: exact-C2=True #blocks=42 sizes=[3, 4, 5] max deg(O)=2 at O=(0.5310878297057559-0.17226864322164115j)  (#lines=0)
      r = 0.158578563: exact-C2=True #blocks=42 sizes=[3, 4, 5] max deg(O)=2 at O=(0.5311730005580814-0.17226660296645147j)  (#lines=0)
      r = 0.158579532: exact-C2=True #blocks=42 sizes=[3, 4, 5] max deg(O)=2 at O=(0.5311776157352104-0.17226649215129541j)  (#lines=0)
      r = 0.158581202: exact-C2=True #blocks=42 sizes=[3, 4, 5] max deg(O)=2 at O=(0.5311855696882881-0.17226630110613772j)  (#lines=0)
      r = 0.158581962: exact-C2=True #blocks=42 sizes=[3, 4, 5] max deg(O)=2 at O=(0.5311891894663846-0.1722662141368576j)  (#lines=0)
      r = 0.158582005: exact-C2=True #blocks=42 sizes=[3, 4, 5] max deg(O)=2 at O=(0.5311893942698986-0.17226620921573027j)  (#lines=0)
      r = 0.158583618: exact-C2=True #blocks=42 sizes=[3, 4, 5] max deg(O)=2 at O=(0.5311970768048715-0.17226602457780382j)  (#lines=0)
      r = 0.158584878: exact-C2=True #blocks=42 sizes=[3, 4, 5] max deg(O)=2 at O=(0.531203078070555-0.17226588029522005j)  (#lines=0)
      r = 0.158585812: exact-C2=True #blocks=42 sizes=[3, 4, 5] max deg(O)=2 at O=(0.5312075266444779-0.172265773313405j)  (#lines=0)
      r = 0.158586726: exact-C2=True #blocks=42 sizes=[3, 4, 5] max deg(O)=2 at O=(0.531211879973593-0.17226566859811565j)  (#lines=0)
      r = 0.158607203: exact-C2=True #blocks=42 sizes=[3, 4, 5] max deg(O)=2 at O=(0.5313094143012392-0.17226331628250513j)  (#lines=0)
      r = 0.158608354: exact-C2=True #blocks=42 sizes=[3, 4, 5] max deg(O)=2 at O=(0.5313148968502182-0.17226318370196492j)  (#lines=0)
      r = 0.158608508: exact-C2=True #blocks=42 sizes=[3, 4, 5] max deg(O)=2 at O=(0.5313156303988062-0.17226316596023383j)  (#lines=0)
      r = 0.158616895: exact-C2=True #blocks=42 sizes=[3, 4, 5] max deg(O)=2 at O=(0.5313555807992965-0.17226219869603107j)  (#lines=0)
      r = 0.158630065: exact-C2=True #blocks=42 sizes=[3, 4, 5] max deg(O)=2 at O=(0.5314183167155659-0.17226067572642753j)  (#lines=0)
      r = 0.158630070: exact-C2=True #blocks=42 sizes=[3, 4, 5] max deg(O)=2 at O=(0.531418340533837-0.1722606751472825j)  (#lines=0)
      r = 0.158632295: exact-C2=True #blocks=42 sizes=[3, 4, 5] max deg(O)=2 at O=(0.531428939704893-0.17226041735638203j)  (#lines=0)
      r = 0.158659711: exact-C2=True #blocks=42 sizes=[3, 4, 5] max deg(O)=2 at O=(0.531559547151167-0.17225722920805178j)  (#lines=0)
      r = 0.158670682: exact-C2=True #blocks=42 sizes=[3, 4, 5] max deg(O)=2 at O=(0.5316118154657689-0.17225594734890387j)  (#lines=0)
      r = 0.158670728: exact-C2=True #blocks=42 sizes=[3, 4, 5] max deg(O)=2 at O=(0.5316120346242448-0.17225594196693322j)  (#lines=0)
      r = 0.158670878: exact-C2=True #blocks=42 sizes=[3, 4, 5] max deg(O)=2 at O=(0.5316127492716898-0.1722559244166052j)  (#lines=0)
      r = 0.158673576: exact-C2=True #blocks=42 sizes=[3, 4, 5] max deg(O)=2 at O=(0.5316256034594806-0.1722556086340284j)  (#lines=0)
      r = 0.158676874: exact-C2=True #blocks=42 sizes=[3, 4, 5] max deg(O)=2 at O=(0.5316413164115843-0.17225522234068594j)  (#lines=0)
      r = 0.158684491: exact-C2=True #blocks=42 sizes=[3, 4, 5] max deg(O)=2 at O=(0.5316776074314908-0.1722543289670829j)  (#lines=0)
      r = 0.158695060: exact-C2=True #blocks=42 sizes=[3, 4, 5] max deg(O)=2 at O=(0.5317279647482869-0.1722530865938582j)  (#lines=0)
      r = 0.158696398: exact-C2=True #blocks=42 sizes=[3, 4, 5] max deg(O)=2 at O=(0.5317343399453298-0.17225292908404022j)  (#lines=0)
      r = 0.158703866: exact-C2=True #blocks=42 sizes=[3, 4, 5] max deg(O)=2 at O=(0.5317699234178226-0.17225204900099084j)  (#lines=0)
      r = 0.158724287: exact-C2=True #blocks=42 sizes=[3, 4, 5] max deg(O)=2 at O=(0.5318672298764344-0.17224963423616962j)  (#lines=0)
      r = 0.158726161: exact-C2=True #blocks=42 sizes=[3, 4, 5] max deg(O)=2 at O=(0.5318761598618343-0.1722494120352377j)  (#lines=0)
      r = 0.158727666: exact-C2=True #blocks=42 sizes=[3, 4, 5] max deg(O)=2 at O=(0.5318833315296081-0.17224923351348914j)  (#lines=0)
      r = 0.158727798: exact-C2=True #blocks=42 sizes=[3, 4, 5] max deg(O)=2 at O=(0.5318839605414268-0.17224921785265324j)  (#lines=0)
      r = 0.158727860: exact-C2=True #blocks=42 sizes=[3, 4, 5] max deg(O)=2 at O=(0.531884255986468-0.17224921049663244j)  (#lines=0)
      r = 0.158727864: exact-C2=True #blocks=42 sizes=[3, 4, 5] max deg(O)=2 at O=(0.5318842750474416-0.17224921002204685j)  (#lines=0)
      r = 0.158727871: exact-C2=True #blocks=42 sizes=[3, 4, 5] max deg(O)=2 at O=(0.5318843084041448-0.1722492091915208j)  (#lines=0)
      r = 0.158727949: exact-C2=True #blocks=42 sizes=[3, 4, 5] max deg(O)=2 at O=(0.5318846800931714-0.17224919993699017j)  (#lines=0)
      r = 0.158728063: exact-C2=True #blocks=42 sizes=[3, 4, 5] max deg(O)=2 at O=(0.5318852233311582-0.17224918641082246j)  (#lines=0)
      r = 0.158728203: exact-C2=True #blocks=42 sizes=[3, 4, 5] max deg(O)=2 at O=(0.5318858904658162-0.17224916979922655j)  (#lines=0)
      r = 0.158729330: exact-C2=True #blocks=42 sizes=[3, 4, 5] max deg(O)=2 at O=(0.5318912609114118-0.1722490360553j)  (#lines=0)
      r = 0.158732228: exact-C2=True #blocks=42 sizes=[3, 4, 5] max deg(O)=2 at O=(0.5319050707233632-0.17224869197422182j)  (#lines=0)
      r = 0.158734293: exact-C2=True #blocks=42 sizes=[3, 4, 5] max deg(O)=2 at O=(0.5319149111315153-0.1722484466479549j)  (#lines=0)
      r = 0.158735230: exact-C2=True #blocks=42 sizes=[3, 4, 5] max deg(O)=2 at O=(0.5319193762693364-0.17224833528987393j)  (#lines=0)
      r = 0.158765832: exact-C2=True #blocks=42 sizes=[3, 4, 5] max deg(O)=2 at O=(0.5320652135044288-0.17224468447126354j)  (#lines=0)
      r = 0.158767436: exact-C2=True #blocks=42 sizes=[3, 4, 5] max deg(O)=2 at O=(0.5320728579641798-0.17224449236926664j)  (#lines=0)
      r = 0.158769656: exact-C2=True #blocks=42 sizes=[3, 4, 5] max deg(O)=2 at O=(0.532083438270392-0.1722442263700264j)  (#lines=0)
      r = 0.158794858: exact-C2=True #blocks=42 sizes=[3, 4, 5] max deg(O)=2 at O=(0.5322035541839658-0.1722411967132278j)  (#lines=0)
      r = 0.158795149: exact-C2=True #blocks=42 sizes=[3, 4, 5] max deg(O)=2 at O=(0.5322049411869009-0.17224116162368758j)  (#lines=0)
      r = 0.158802776: exact-C2=True #blocks=42 sizes=[3, 4, 5] max deg(O)=2 at O=(0.5322412944995465-0.17224024106899397j)  (#lines=0)
      r = 0.158808376: exact-C2=True #blocks=42 sizes=[3, 4, 5] max deg(O)=2 at O=(0.5322679869257223-0.1722395640982718j)  (#lines=0)
      r = 0.158811554: exact-C2=True #blocks=42 sizes=[3, 4, 5] max deg(O)=2 at O=(0.5322831351039022-0.17223917951494883j)  (#lines=0)
      r = 0.158811713: exact-C2=True #blocks=42 sizes=[3, 4, 5] max deg(O)=2 at O=(0.5322838929937738-0.17223916026602654j)  (#lines=0)
      r = 0.158903548: exact-C2=True #blocks=42 sizes=[3, 4, 5] max deg(O)=2 at O=(0.5327217024933113-0.17222792057623776j)  (#lines=0)
      r = 0.158905932: exact-C2=True #blocks=42 sizes=[3, 4, 5] max deg(O)=2 at O=(0.5327330696745276-0.1722276255555612j)  (#lines=0)
      r = 0.158907264: exact-C2=True #blocks=42 sizes=[3, 4, 5] max deg(O)=2 at O=(0.5327394208410592-0.1722274606486984j)  (#lines=0)
      r = 0.158908204: exact-C2=True #blocks=42 sizes=[3, 4, 5] max deg(O)=2 at O=(0.5327439029128301-0.17222734424214j)  (#lines=0)
      r = 0.158914415: exact-C2=True #blocks=42 sizes=[3, 4, 5] max deg(O)=2 at O=(0.5327735183236013-0.17222657445051576j)  (#lines=0)
      r = 0.159009289: exact-C2=True #blocks=42 sizes=[3, 4, 5] max deg(O)=2 at O=(0.5332259760697029-0.17221467719651953j)  (#lines=0)
      r = 0.159043543: exact-C2=True #blocks=42 sizes=[3, 4, 5] max deg(O)=2 at O=(0.5333893705281082-0.17221031778461696j)  (#lines=0)
      r = 0.184026236: exact-C2=True #blocks=42 sizes=[3, 4, 5] max deg(O)=3 at O=(0.6570891562549603-0.15913440843456222j)  (#lines=0)
      r = 0.184026237: exact-C2=True #blocks=42 sizes=[3, 4, 5] max deg(O)=3 at O=(0.6570891613623929-0.15913440748143692j)  (#lines=0)
      r = 0.184026238: exact-C2=True #blocks=42 sizes=[3, 4, 5] max deg(O)=3 at O=(0.6570891664698241-0.1591344065283118j)  (#lines=0)
      r = 0.184026239: exact-C2=True #blocks=42 sizes=[3, 4, 5] max deg(O)=3 at O=(0.657089171577256-0.1591344055751864j)  (#lines=0)
      r = 0.215586202: exact-C2=True #blocks=42 sizes=[3, 4, 5] max deg(O)=3 at O=(-0.08098210991289197-0.0588369466684715j)  (#lines=0)
      r = 0.215586203: exact-C2=True #blocks=42 sizes=[3, 4, 5] max deg(O)=3 at O=(-0.08098211029734055-0.058836947191170164j)  (#lines=0)
      r = 0.215586204: exact-C2=True #blocks=42 sizes=[3, 4, 5] max deg(O)=3 at O=(-0.08098211068178889-0.05883694771386899j)  (#lines=0)
      r = 0.250096522: exact-C2=True #blocks=42 sizes=[3, 4, 5] max deg(O)=2 at O=(0.996023613258006-0.0032540723177843785j)  (#lines=0)
      r = 0.250109660: exact-C2=True #blocks=42 sizes=[3, 4, 5] max deg(O)=2 at O=(0.9960862381214918-0.0032031811011457496j)  (#lines=0)
      r = 0.250136307: exact-C2=True #blocks=42 sizes=[3, 4, 5] max deg(O)=2 at O=(0.9962132433521971-0.003099937123307768j)  (#lines=0)
      r = 0.250153968: exact-C2=True #blocks=42 sizes=[3, 4, 5] max deg(O)=2 at O=(0.9962974098520716-0.0030314914210457546j)  (#lines=0)
      r = 0.250154322: exact-C2=True #blocks=42 sizes=[3, 4, 5] max deg(O)=2 at O=(0.9962990968212926-0.003030119337136787j)  (#lines=0)
      r = 0.250172941: exact-C2=True #blocks=42 sizes=[3, 4, 5] max deg(O)=2 at O=(0.9963878204174748-0.002957945002930068j)  (#lines=0)
      r = 0.250173971: exact-C2=True #blocks=42 sizes=[3, 4, 5] max deg(O)=2 at O=(0.9963927283448174-0.0029539518641048673j)  (#lines=0)
      r = 0.250175364: exact-C2=True #blocks=42 sizes=[3, 4, 5] max deg(O)=2 at O=(0.9963993659176963-0.0029485513569745244j)  (#lines=0)
      r = 0.250179951: exact-C2=True #blocks=42 sizes=[3, 4, 5] max deg(O)=2 at O=(0.9964212224002694-0.0029307674319833422j)  (#lines=0)
      r = 0.250180340: exact-C2=True #blocks=42 sizes=[3, 4, 5] max deg(O)=2 at O=(0.9964230759130154-0.002929259223712655j)  (#lines=0)
      r = 0.250180359: exact-C2=True #blocks=42 sizes=[3, 4, 5] max deg(O)=2 at O=(0.9964231664444831-0.0029291855577597203j)  (#lines=0)
      r = 0.250181331: exact-C2=True #blocks=42 sizes=[3, 4, 5] max deg(O)=2 at O=(0.9964277978273989-0.0029254169442382793j)  (#lines=0)
      r = 0.250184194: exact-C2=True #blocks=42 sizes=[3, 4, 5] max deg(O)=2 at O=(0.9964414393076223-0.0029143163408300293j)  (#lines=0)
      r = 0.250185321: exact-C2=True #blocks=42 sizes=[3, 4, 5] max deg(O)=2 at O=(0.9964468091262483-0.002909946562009246j)  (#lines=0)
      r = 0.250186551: exact-C2=True #blocks=42 sizes=[3, 4, 5] max deg(O)=2 at O=(0.9964526696735754-0.0029051773489029206j)  (#lines=0)
      r = 0.250188688: exact-C2=True #blocks=42 sizes=[3, 4, 5] max deg(O)=2 at O=(0.9964628516912619-0.002896891159716265j)  (#lines=0)
      r = 0.250190081: exact-C2=True #blocks=42 sizes=[3, 4, 5] max deg(O)=2 at O=(0.99646948876289-0.002891489707342985j)  (#lines=0)
      r = 0.250191629: exact-C2=True #blocks=42 sizes=[3, 4, 5] max deg(O)=2 at O=(0.9964768642899663-0.002885487127027169j)  (#lines=0)
      r = 0.250193757: exact-C2=True #blocks=42 sizes=[3, 4, 5] max deg(O)=2 at O=(0.9964870031617153-0.002877235337616261j)  (#lines=0)
      r = 0.250210190: exact-C2=True #blocks=42 sizes=[3, 4, 5] max deg(O)=2 at O=(0.9965652945806255-0.0028135057244577117j)  (#lines=0)
      r = 0.250210653: exact-C2=True #blocks=42 sizes=[3, 4, 5] max deg(O)=2 at O=(0.996567500346832-0.0028117099613195516j)  (#lines=0)
      r = 0.250213031: exact-C2=True #blocks=42 sizes=[3, 4, 5] max deg(O)=2 at O=(0.9965788292311043-0.002802486642610521j)  (#lines=0)
      r = 0.250214108: exact-C2=True #blocks=42 sizes=[3, 4, 5] max deg(O)=2 at O=(0.9965839600554199-0.0027983093010101484j)  (#lines=0)
      r = 0.250216861: exact-C2=True #blocks=42 sizes=[3, 4, 5] max deg(O)=2 at O=(0.9965970752088574-0.002787631043739643j)  (#lines=0)
      r = 0.250217001: exact-C2=True #blocks=42 sizes=[3, 4, 5] max deg(O)=2 at O=(0.9965977421567962-0.002787088006475288j)  (#lines=0)
      r = 0.250217178: exact-C2=True #blocks=42 sizes=[3, 4, 5] max deg(O)=2 at O=(0.9965985853689794-0.002786401450830154j)  (#lines=0)
      r = 0.250217998: exact-C2=True #blocks=42 sizes=[3, 4, 5] max deg(O)=2 at O=(0.9966024917654246-0.002783220778936106j)  (#lines=0)
      r = 0.250220789: exact-C2=True #blocks=42 sizes=[3, 4, 5] max deg(O)=2 at O=(0.9966157876818982-0.002772394625418121j)  (#lines=0)
      r = 0.250232721: exact-C2=True #blocks=42 sizes=[3, 4, 5] max deg(O)=2 at O=(0.9966726278367949-0.0027261069278631898j)  (#lines=0)
      r = 0.250235675: exact-C2=True #blocks=42 sizes=[3, 4, 5] max deg(O)=2 at O=(0.9966866991905377-0.0027146464894597724j)  (#lines=0)
      r = 0.250235849: exact-C2=True #blocks=42 sizes=[3, 4, 5] max deg(O)=2 at O=(0.9966875280314239-0.0027139714205934827j)  (#lines=0)
      r = 0.250253189: exact-C2=True #blocks=42 sizes=[3, 4, 5] max deg(O)=2 at O=(0.9967701225892193-0.002646690320533409j)  (#lines=0)
      r = 0.250264837: exact-C2=True #blocks=42 sizes=[3, 4, 5] max deg(O)=2 at O=(0.9968256006559373-0.002601487022861047j)  (#lines=0)
      r = 0.250266005: exact-C2=True #blocks=42 sizes=[3, 4, 5] max deg(O)=2 at O=(0.996831163520416-0.0025969539296277207j)  (#lines=0)
      r = 0.250266384: exact-C2=True #blocks=42 sizes=[3, 4, 5] max deg(O)=2 at O=(0.9968329685866045-0.002595482989414995j)  (#lines=0)
      r = 0.250275039: exact-C2=True #blocks=42 sizes=[3, 4, 5] max deg(O)=2 at O=(0.9968741888612321-0.002561890192629367j)  (#lines=0)
      r = 0.250276294: exact-C2=True #blocks=42 sizes=[3, 4, 5] max deg(O)=2 at O=(0.9968801657677019-0.002557018853429632j)  (#lines=0)
      r = 0.250279806: exact-C2=True #blocks=42 sizes=[3, 4, 5] max deg(O)=2 at O=(0.9968968913754613-0.002543386481096685j)  (#lines=0)
      r = 0.250280913: exact-C2=True #blocks=42 sizes=[3, 4, 5] max deg(O)=2 at O=(0.9969021633082423-0.002539089371122762j)  (#lines=0)
      r = 0.250281696: exact-C2=True #blocks=42 sizes=[3, 4, 5] max deg(O)=2 at O=(0.9969058922180559-0.0025360499178579254j)  (#lines=0)
      r = 0.250286429: exact-C2=True #blocks=42 sizes=[3, 4, 5] max deg(O)=2 at O=(0.9969284320389469-0.002517676733228285j)  (#lines=0)
      r = 0.250287957: exact-C2=True #blocks=42 sizes=[3, 4, 5] max deg(O)=2 at O=(0.9969357086692532-0.002511744920503489j)  (#lines=0)
      r = 0.250288039: exact-C2=True #blocks=42 sizes=[3, 4, 5] max deg(O)=2 at O=(0.9969360991674274-0.002511426587198015j)  (#lines=0)
      r = 0.250288937: exact-C2=True #blocks=42 sizes=[3, 4, 5] max deg(O)=2 at O=(0.9969403755877912-0.002507940429068177j)  (#lines=0)
      r = 0.250289001: exact-C2=True #blocks=42 sizes=[3, 4, 5] max deg(O)=2 at O=(0.996940680365386-0.0025076919708954294j)  (#lines=0)
      r = 0.250291500: exact-C2=True #blocks=42 sizes=[3, 4, 5] max deg(O)=2 at O=(0.9969525808972238-0.0024979903099404902j)  (#lines=0)
      r = 0.250291796: exact-C2=True #blocks=42 sizes=[3, 4, 5] max deg(O)=2 at O=(0.9969539904739493-0.002496841154510278j)  (#lines=0)
      r = 0.250291983: exact-C2=True #blocks=42 sizes=[3, 4, 5] max deg(O)=2 at O=(0.9969548809823784-0.002496115165789599j)  (#lines=0)
      r = 0.250293945: exact-C2=True #blocks=42 sizes=[3, 4, 5] max deg(O)=2 at O=(0.9969642241264596-0.0024884980101764305j)  (#lines=0)
      r = 0.250294730: exact-C2=True #blocks=42 sizes=[3, 4, 5] max deg(O)=2 at O=(0.9969679623100627-0.002485450321766908j)  (#lines=0)
      r = 0.250295920: exact-C2=True #blocks=42 sizes=[3, 4, 5] max deg(O)=2 at O=(0.9969736290817746-0.002480830204994102j)  (#lines=0)
      r = 0.250296893: exact-C2=True #blocks=42 sizes=[3, 4, 5] max deg(O)=2 at O=(0.996978262475237-0.002477052531564711j)  (#lines=0)
      r = 0.250301124: exact-C2=True #blocks=42 sizes=[3, 4, 5] max deg(O)=2 at O=(0.9969984100857794-0.00246062516258501j)  (#lines=0)
      r = 0.250302390: exact-C2=True #blocks=42 sizes=[3, 4, 5] max deg(O)=2 at O=(0.9970044385692562-0.002455709604216169j)  (#lines=0)
      r = 0.250303055: exact-C2=True #blocks=42 sizes=[3, 4, 5] max deg(O)=2 at O=(0.9970076051740225-0.0024531275474801687j)  (#lines=0)
      r = 0.250303484: exact-C2=True #blocks=42 sizes=[3, 4, 5] max deg(O)=2 at O=(0.9970096479853934-0.0024514618189285637j)  (#lines=0)
      r = 0.250306612: exact-C2=True #blocks=42 sizes=[3, 4, 5] max deg(O)=2 at O=(0.9970245427536321-0.0024393161102387742j)  (#lines=0)
      r = 0.250310415: exact-C2=True #blocks=42 sizes=[3, 4, 5] max deg(O)=2 at O=(0.9970426513827698-0.002424548837265699j)  (#lines=0)
      r = 0.250310887: exact-C2=True #blocks=42 sizes=[3, 4, 5] max deg(O)=2 at O=(0.9970448988660202-0.002422715986974055j)  (#lines=0)
      r = 0.250310986: exact-C2=True #blocks=42 sizes=[3, 4, 5] max deg(O)=2 at O=(0.9970453702655084-0.002422331553012964j)  (#lines=0)
      r = 0.250314851: exact-C2=True #blocks=42 sizes=[3, 4, 5] max deg(O)=2 at O=(0.9970637737003394-0.0024073227458148976j)  (#lines=0)
      r = 0.250316108: exact-C2=True #blocks=42 sizes=[3, 4, 5] max deg(O)=2 at O=(0.9970697589039281-0.0024024413373472026j)  (#lines=0)
      r = 0.250318026: exact-C2=True #blocks=42 sizes=[3, 4, 5] max deg(O)=2 at O=(0.9970788913833804-0.0023949928744060756j)  (#lines=0)
      r = 0.250321639: exact-C2=True #blocks=42 sizes=[3, 4, 5] max deg(O)=2 at O=(0.997096094291532-0.002380961498126665j)  (#lines=0)
      r = 0.250321696: exact-C2=True #blocks=42 sizes=[3, 4, 5] max deg(O)=2 at O=(0.997096365688395-0.00238074012913424j)  (#lines=0)
      r = 0.250324146: exact-C2=True #blocks=42 sizes=[3, 4, 5] max deg(O)=2 at O=(0.9971080309122373-0.0023712250082939534j)  (#lines=0)
      r = 0.250324299: exact-C2=True #blocks=42 sizes=[3, 4, 5] max deg(O)=2 at O=(0.9971087593886612-0.002370630789541547j)  (#lines=0)
      r = 0.250327696: exact-C2=True #blocks=42 sizes=[3, 4, 5] max deg(O)=2 at O=(0.997124933322079-0.0023574373016108517j)  (#lines=0)
      r = 0.250328541: exact-C2=True #blocks=42 sizes=[3, 4, 5] max deg(O)=2 at O=(0.9971289565260927-0.0023541553535200805j)  (#lines=0)
      r = 0.250331839: exact-C2=True #blocks=42 sizes=[3, 4, 5] max deg(O)=2 at O=(0.9971446587572919-0.0023413457309936336j)  (#lines=0)
      r = 0.250333826: exact-C2=True #blocks=42 sizes=[3, 4, 5] max deg(O)=2 at O=(0.9971541190083317-0.0023336278663218584j)  (#lines=0)
      r = 0.250335516: exact-C2=True #blocks=42 sizes=[3, 4, 5] max deg(O)=2 at O=(0.9971621651446203-0.0023270634597296735j)  (#lines=0)
      r = 0.250351477: exact-C2=True #blocks=42 sizes=[3, 4, 5] max deg(O)=2 at O=(0.9972381524425009-0.0022650602277212903j)  (#lines=0)
      r = 0.250354612: exact-C2=True #blocks=42 sizes=[3, 4, 5] max deg(O)=2 at O=(0.9972530768483521-0.002252880405320799j)  (#lines=0)
      r = 0.250358267: exact-C2=True #blocks=42 sizes=[3, 4, 5] max deg(O)=2 at O=(0.9972704764488348-0.002238679753573728j)  (#lines=0)
      r = 0.250361777: exact-C2=True #blocks=42 sizes=[3, 4, 5] max deg(O)=2 at O=(0.9972871854688269-0.0022250418862633193j)  (#lines=0)
      r = 0.250363909: exact-C2=True #blocks=42 sizes=[3, 4, 5] max deg(O)=2 at O=(0.9972973345036704-0.002216757867422622j)  (#lines=0)
      r = 0.250366492: exact-C2=True #blocks=42 sizes=[3, 4, 5] max deg(O)=2 at O=(0.9973096302999395-0.0022067211795272113j)  (#lines=0)
      r = 0.250370860: exact-C2=True #blocks=42 sizes=[3, 4, 5] max deg(O)=2 at O=(0.9973304228181668-0.002189747869580396j)  (#lines=0)
      r = 0.250371992: exact-C2=True #blocks=42 sizes=[3, 4, 5] max deg(O)=2 at O=(0.9973358112787504-0.0021853489655336454j)  (#lines=0)
      r = 0.250373349: exact-C2=True #blocks=42 sizes=[3, 4, 5] max deg(O)=2 at O=(0.997342270725879-0.002180075643117554j)  (#lines=0)
      r = 0.250374481: exact-C2=True #blocks=42 sizes=[3, 4, 5] max deg(O)=2 at O=(0.9973476591174045-0.002175676609093618j)  (#lines=0)
      r = 0.250376991: exact-C2=True #blocks=42 sizes=[3, 4, 5] max deg(O)=2 at O=(0.9973596067633751-0.0021659223568497987j)  (#lines=0)
      r = 0.250377779: exact-C2=True #blocks=42 sizes=[3, 4, 5] max deg(O)=2 at O=(0.9973633576258648-0.002162860005838101j)  (#lines=0)
      r = 0.250382220: exact-C2=True #blocks=42 sizes=[3, 4, 5] max deg(O)=2 at O=(0.9973844964018058-0.0021456007134077982j)  (#lines=0)
      r = 0.250391039: exact-C2=True #blocks=42 sizes=[3, 4, 5] max deg(O)=2 at O=(0.9974264726412669-0.0021113242751143128j)  (#lines=0)
      r = 0.250392037: exact-C2=True #blocks=42 sizes=[3, 4, 5] max deg(O)=2 at O=(0.9974312227517735-0.0021074451645894244j)  (#lines=0)
      r = 0.250393692: exact-C2=True #blocks=42 sizes=[3, 4, 5] max deg(O)=2 at O=(0.9974390998849777-0.0021010122699968107j)  (#lines=0)
      r = 0.250394103: exact-C2=True #blocks=42 sizes=[3, 4, 5] max deg(O)=2 at O=(0.9974410560689446-0.0020994147158890425j)  (#lines=0)
      r = 0.250396132: exact-C2=True #blocks=42 sizes=[3, 4, 5] max deg(O)=2 at O=(0.9974507131791552-0.002091527893024807j)  (#lines=0)
      r = 0.250396900: exact-C2=True #blocks=42 sizes=[3, 4, 5] max deg(O)=2 at O=(0.9974543684806803-0.0020885425898432893j)  (#lines=0)
      r = 0.250400134: exact-C2=True #blocks=42 sizes=[3, 4, 5] max deg(O)=2 at O=(0.9974697605682974-0.0020759713661688724j)  (#lines=0)
      r = 0.250402570: exact-C2=True #blocks=42 sizes=[3, 4, 5] max deg(O)=2 at O=(0.997481354438291-0.0020665018147161688j)  (#lines=0)
      r = 0.250403252: exact-C2=True #blocks=42 sizes=[3, 4, 5] max deg(O)=2 at O=(0.9974846003150312-0.0020638506022742737j)  (#lines=0)
      r = 0.250403812: exact-C2=True #blocks=42 sizes=[3, 4, 5] max deg(O)=2 at O=(0.997487265542432-0.0020616736376834776j)  (#lines=0)
      r = 0.250408002: exact-C2=True #blocks=42 sizes=[3, 4, 5] max deg(O)=2 at O=(0.9975072069102087-0.002045384818822998j)  (#lines=0)
      r = 0.250410972: exact-C2=True #blocks=42 sizes=[3, 4, 5] max deg(O)=2 at O=(0.9975213416990834-0.002033838316740281j)  (#lines=0)
      r = 0.250411451: exact-C2=True #blocks=42 sizes=[3, 4, 5] max deg(O)=2 at O=(0.9975236213299399-0.0020319760650132877j)  (#lines=0)
      r = 0.250419743: exact-C2=True #blocks=42 sizes=[3, 4, 5] max deg(O)=2 at O=(0.997563083271543-0.0019997368303096815j)  (#lines=0)
      r = 0.250421726: exact-C2=True #blocks=42 sizes=[3, 4, 5] max deg(O)=2 at O=(0.9975725201928601-0.0019920264716237193j)  (#lines=0)
      r = 0.250427375: exact-C2=True #blocks=42 sizes=[3, 4, 5] max deg(O)=2 at O=(0.9975994027525958-0.0019700608714994464j)  (#lines=0)
      r = 0.250430465: exact-C2=True #blocks=42 sizes=[3, 4, 5] max deg(O)=2 at O=(0.9976141071661674-0.001958045077908032j)  (#lines=0)
      r = 0.250431060: exact-C2=True #blocks=42 sizes=[3, 4, 5] max deg(O)=2 at O=(0.9976169385716052-0.001955731306603259j)  (#lines=0)
      r = 0.250431856: exact-C2=True #blocks=42 sizes=[3, 4, 5] max deg(O)=2 at O=(0.9976207264548452-0.0019526358829758724j)  (#lines=0)
      r = 0.250432722: exact-C2=True #blocks=42 sizes=[3, 4, 5] max deg(O)=2 at O=(0.9976248474257969-0.0019492682154807974j)  (#lines=0)
      r = 0.250435060: exact-C2=True #blocks=42 sizes=[3, 4, 5] max deg(O)=2 at O=(0.9976359730033707-0.0019401761185095525j)  (#lines=0)
      r = 0.250443305: exact-C2=True #blocks=42 sizes=[3, 4, 5] max deg(O)=2 at O=(0.9976752064829181-0.0019081106617401889j)  (#lines=0)
      r = 0.250444320: exact-C2=True #blocks=42 sizes=[3, 4, 5] max deg(O)=2 at O=(0.9976800362012126-0.0019041630300569734j)  (#lines=0)
      r = 0.250444746: exact-C2=True #blocks=42 sizes=[3, 4, 5] max deg(O)=2 at O=(0.9976820632477936-0.0019025061774325786j)  (#lines=0)
      r = 0.250445445: exact-C2=True #blocks=42 sizes=[3, 4, 5] max deg(O)=2 at O=(0.9976853893076234-0.0018997875207603647j)  (#lines=0)
      r = 0.250446347: exact-C2=True #blocks=42 sizes=[3, 4, 5] max deg(O)=2 at O=(0.9976896812868266-0.001896279292567072j)  (#lines=0)
      r = 0.250446725: exact-C2=True #blocks=42 sizes=[3, 4, 5] max deg(O)=2 at O=(0.9976914799151355-0.0018948090926956735j)  (#lines=0)
      r = 0.250446731: exact-C2=True #blocks=42 sizes=[3, 4, 5] max deg(O)=2 at O=(0.9976915084649488-0.0018947857559848394j)  (#lines=0)
      r = 0.250448762: exact-C2=True #blocks=42 sizes=[3, 4, 5] max deg(O)=2 at O=(0.9977011724629433-0.0018868862354179713j)  (#lines=0)
      r = 0.250451719: exact-C2=True #blocks=42 sizes=[3, 4, 5] max deg(O)=2 at O=(0.9977152424155177-0.0018753847225325842j)  (#lines=0)
      r = 0.250452464: exact-C2=True #blocks=42 sizes=[3, 4, 5] max deg(O)=2 at O=(0.9977187872292086-0.0018724869156989494j)  (#lines=0)
      r = 0.250453229: exact-C2=True #blocks=42 sizes=[3, 4, 5] max deg(O)=2 at O=(0.9977224271915106-0.0018695112887443413j)  (#lines=0)
      r = 0.250453448: exact-C2=True #blocks=42 sizes=[3, 4, 5] max deg(O)=2 at O=(0.9977234692172866-0.0018686594376280852j)  (#lines=0)
      r = 0.250458731: exact-C2=True #blocks=42 sizes=[3, 4, 5] max deg(O)=2 at O=(0.9977486059463471-0.0018481093190552836j)  (#lines=0)
      r = 0.250462941: exact-C2=True #blocks=42 sizes=[3, 4, 5] max deg(O)=2 at O=(0.9977686368054692-0.0018317320974072285j)  (#lines=0)
      r = 0.250462946: exact-C2=True #blocks=42 sizes=[3, 4, 5] max deg(O)=2 at O=(0.9977686605949816-0.0018317126464147482j)  (#lines=0)
      r = 0.250463158: exact-C2=True #blocks=42 sizes=[3, 4, 5] max deg(O)=2 at O=(0.9977696692632831-0.0018308879285506654j)  (#lines=0)
      r = 0.250463783: exact-C2=True #blocks=42 sizes=[3, 4, 5] max deg(O)=2 at O=(0.9977726429249445-0.0018284565550681178j)  (#lines=0)
      r = 0.250464661: exact-C2=True #blocks=42 sizes=[3, 4, 5] max deg(O)=2 at O=(0.9977768203088044-0.0018250409310320759j)  (#lines=0)
      r = 0.250464755: exact-C2=True #blocks=42 sizes=[3, 4, 5] max deg(O)=2 at O=(0.9977772675447831-0.0018246752469952949j)  (#lines=0)
      r = 0.250467876: exact-C2=True #blocks=42 sizes=[3, 4, 5] max deg(O)=2 at O=(0.997792116603493-0.0018125335308831411j)  (#lines=0)
      r = 0.250467958: exact-C2=True #blocks=42 sizes=[3, 4, 5] max deg(O)=2 at O=(0.9977925067388855-0.0018122145179151627j)  (#lines=0)
      r = 0.250470577: exact-C2=True #blocks=42 sizes=[3, 4, 5] max deg(O)=2 at O=(0.9978049671969703-0.001802025390874711j)  (#lines=0)
      r = 0.250470614: exact-C2=True #blocks=42 sizes=[3, 4, 5] max deg(O)=2 at O=(0.9978051432313295-0.00180188144135273j)  (#lines=0)
      r = 0.250470637: exact-C2=True #blocks=42 sizes=[3, 4, 5] max deg(O)=2 at O=(0.9978052526580292-0.0018017919592241112j)  (#lines=0)
      r = 0.250471107: exact-C2=True #blocks=42 sizes=[3, 4, 5] max deg(O)=2 at O=(0.9978074887659373-0.001799963406087828j)  (#lines=0)
      r = 0.250471361: exact-C2=True #blocks=42 sizes=[3, 4, 5] max deg(O)=2 at O=(0.9978086972134688-0.001798975205058533j)  (#lines=0)
      r = 0.250471387: exact-C2=True #blocks=42 sizes=[3, 4, 5] max deg(O)=2 at O=(0.9978088209126877-0.001798874050491376j)  (#lines=0)
      r = 0.250471679: exact-C2=True #blocks=42 sizes=[3, 4, 5] max deg(O)=2 at O=(0.9978102101495162-0.0017977380042715663j)  (#lines=0)
      r = 0.250471808: exact-C2=True #blocks=42 sizes=[3, 4, 5] max deg(O)=2 at O=(0.9978108238870291-0.0017972361195928762j)  (#lines=0)
      r = 0.250471953: exact-C2=True #blocks=42 sizes=[3, 4, 5] max deg(O)=2 at O=(0.9978115137464231-0.0017966719848276913j)  (#lines=0)
      r = 0.250472047: exact-C2=True #blocks=42 sizes=[3, 4, 5] max deg(O)=2 at O=(0.9978119609655024-0.0017963062692265103j)  (#lines=0)
      r = 0.250472072: exact-C2=True #blocks=42 sizes=[3, 4, 5] max deg(O)=2 at O=(0.9978120799067204-0.0017962090043620827j)  (#lines=0)
      r = 0.250472094: exact-C2=True #blocks=42 sizes=[3, 4, 5] max deg(O)=2 at O=(0.9978121845747622-0.0017961234114350511j)  (#lines=0)
      r = 0.250472107: exact-C2=True #blocks=42 sizes=[3, 4, 5] max deg(O)=2 at O=(0.9978122464242717-0.0017960728336079165j)  (#lines=0)
      r = 0.250472109: exact-C2=True #blocks=42 sizes=[3, 4, 5] max deg(O)=2 at O=(0.9978122559395622-0.001796065052418163j)  (#lines=0)
      r = 0.250472112: exact-C2=True #blocks=42 sizes=[3, 4, 5] max deg(O)=2 at O=(0.997812270212491-0.0017960533806384918j)  (#lines=0)
      r = 0.250472119: exact-C2=True #blocks=42 sizes=[3, 4, 5] max deg(O)=2 at O=(0.9978123035161102-0.0017960261463865691j)  (#lines=0)
      r = 0.250472124: exact-C2=True #blocks=42 sizes=[3, 4, 5] max deg(O)=2 at O=(0.9978123273041972-0.0017960066935210923j)  (#lines=0)
      r = 0.250472126: exact-C2=True #blocks=42 sizes=[3, 4, 5] max deg(O)=2 at O=(0.9978123368195558-0.0017959989122732713j)  (#lines=0)
      r = 0.250472131: exact-C2=True #blocks=42 sizes=[3, 4, 5] max deg(O)=2 at O=(0.9978123606076404-0.00179597945940742j)  (#lines=0)
      r = 0.250472136: exact-C2=True #blocks=42 sizes=[3, 4, 5] max deg(O)=2 at O=(0.9978123843959446-0.0017959600063606716j)  (#lines=0)
      r = 0.250472140: exact-C2=True #blocks=42 sizes=[3, 4, 5] max deg(O)=2 at O=(0.9978124034265496-0.0017959444439532852j)  (#lines=0)
      r = 0.250472141: exact-C2=True #blocks=42 sizes=[3, 4, 5] max deg(O)=2 at O=(0.9978124081841494-0.0017959405533933062j)  (#lines=0)
      r = 0.250472143: exact-C2=True #blocks=42 sizes=[3, 4, 5] max deg(O)=2 at O=(0.9978124176996374-0.001795932772037745j)  (#lines=0)
      r = 0.250472208: exact-C2=True #blocks=42 sizes=[3, 4, 5] max deg(O)=2 at O=(0.9978127269463862-0.0017956798832321885j)  (#lines=0)
      r = 0.250472234: exact-C2=True #blocks=42 sizes=[3, 4, 5] max deg(O)=2 at O=(0.9978128506451927-0.0017955787275445107j)  (#lines=0)
      r = 0.250472335: exact-C2=True #blocks=42 sizes=[3, 4, 5] max deg(O)=2 at O=(0.9978133311669252-0.0017951857766321097j)  (#lines=0)
      r = 0.250472362: exact-C2=True #blocks=42 sizes=[3, 4, 5] max deg(O)=2 at O=(0.9978134596231486-0.0017950807303004131j)  (#lines=0)
      r = 0.250472551: exact-C2=True #blocks=42 sizes=[3, 4, 5] max deg(O)=2 at O=(0.997814358816654-0.001794345404676346j)  (#lines=0)
      r = 0.250472997: exact-C2=True #blocks=42 sizes=[3, 4, 5] max deg(O)=2 at O=(0.9978164807195494-0.0017926101852913804j)  (#lines=0)
      r = 0.250473418: exact-C2=True #blocks=42 sizes=[3, 4, 5] max deg(O)=2 at O=(0.9978184836771321-0.0017909722232178037j)  (#lines=0)
      r = 0.250473753: exact-C2=True #blocks=42 sizes=[3, 4, 5] max deg(O)=2 at O=(0.9978200774762026-0.001789668851021036j)  (#lines=0)
      r = 0.250473770: exact-C2=True #blocks=42 sizes=[3, 4, 5] max deg(O)=2 at O=(0.9978201583555873-0.001789602709523649j)  (#lines=0)
      r = 0.250474442: exact-C2=True #blocks=42 sizes=[3, 4, 5] max deg(O)=2 at O=(0.9978233554605592-0.001786988167502784j)  (#lines=0)
      r = 0.250475242: exact-C2=True #blocks=42 sizes=[3, 4, 5] max deg(O)=2 at O=(0.9978271615233-0.0017838755904362384j)  (#lines=0)
      r = 0.250476977: exact-C2=True #blocks=42 sizes=[3, 4, 5] max deg(O)=2 at O=(0.9978354158680608-0.0017771250873137479j)  (#lines=0)
      r = 0.250477319: exact-C2=True #blocks=42 sizes=[3, 4, 5] max deg(O)=2 at O=(0.9978370429406412-0.0017757944241329616j)  (#lines=0)
      r = 0.250478822: exact-C2=True #blocks=42 sizes=[3, 4, 5] max deg(O)=2 at O=(0.9978441934616098-0.0017699464463141138j)  (#lines=0)
      r = 0.250479498: exact-C2=True #blocks=42 sizes=[3, 4, 5] max deg(O)=2 at O=(0.9978474095126754-0.001767316184253288j)  (#lines=0)
      r = 0.250480241: exact-C2=True #blocks=42 sizes=[3, 4, 5] max deg(O)=2 at O=(0.9978509443016164-0.0017644252060572481j)  (#lines=0)
      r = 0.250480260: exact-C2=True #blocks=42 sizes=[3, 4, 5] max deg(O)=2 at O=(0.9978510346929754-0.0017643512776990555j)  (#lines=0)
      r = 0.250480262: exact-C2=True #blocks=42 sizes=[3, 4, 5] max deg(O)=2 at O=(0.9978510442078408-0.001764343495777209j)  (#lines=0)
      r = 0.250480267: exact-C2=True #blocks=42 sizes=[3, 4, 5] max deg(O)=2 at O=(0.997851067995103-0.0017643240408904822j)  (#lines=0)
      r = 0.250480741: exact-C2=True #blocks=42 sizes=[3, 4, 5] max deg(O)=2 at O=(0.997853323021262-0.0017624797152568533j)  (#lines=0)
      r = 0.250480844: exact-C2=True #blocks=42 sizes=[3, 4, 5] max deg(O)=2 at O=(0.9978538130368052-0.0017620789426710656j)  (#lines=0)
      r = 0.250480991: exact-C2=True #blocks=42 sizes=[3, 4, 5] max deg(O)=2 at O=(0.9978545123787825-0.0017615069655315166j)  (#lines=0)
      r = 0.250481000: exact-C2=True #blocks=42 sizes=[3, 4, 5] max deg(O)=2 at O=(0.9978545551955423-0.0017614719465548646j)  (#lines=0)
      r = 0.250484671: exact-C2=True #blocks=42 sizes=[3, 4, 5] max deg(O)=2 at O=(0.9978720195432585-0.0017471877564978438j)  (#lines=0)
      r = 0.250485251: exact-C2=True #blocks=42 sizes=[3, 4, 5] max deg(O)=2 at O=(0.9978747787940672-0.001744930867816472j)  (#lines=0)
      r = 0.250485292: exact-C2=True #blocks=42 sizes=[3, 4, 5] max deg(O)=2 at O=(0.9978749738442866-0.0017447713285109196j)  (#lines=0)
      r = 0.250485294: exact-C2=True #blocks=42 sizes=[3, 4, 5] max deg(O)=2 at O=(0.9978749833589273-0.0017447635461061485j)  (#lines=0)
      r = 0.250494609: exact-C2=True #blocks=42 sizes=[3, 4, 5] max deg(O)=2 at O=(0.9979192967335265-0.001708514993588562j)  (#lines=0)
      r = 0.250497216: exact-C2=True #blocks=42 sizes=[3, 4, 5] max deg(O)=2 at O=(0.997931698386537-0.0016983693528902044j)  (#lines=0)
      r = 0.250497535: exact-C2=True #blocks=42 sizes=[3, 4, 5] max deg(O)=2 at O=(0.997933215876848-0.001697127881711234j)  (#lines=0)
      r = 0.250500069: exact-C2=True #blocks=42 sizes=[3, 4, 5] max deg(O)=2 at O=(0.9979452700839486-0.0016872659973264518j)  (#lines=0)
      r = 0.250500520: exact-C2=True #blocks=42 sizes=[3, 4, 5] max deg(O)=2 at O=(0.9979474154688746-0.0016855107532592417j)  (#lines=0)
      r = 0.250501883: exact-C2=True #blocks=42 sizes=[3, 4, 5] max deg(O)=2 at O=(0.9979538991625265-0.0016802060453050146j)  (#lines=0)
      r = 0.250503498: exact-C2=True #blocks=42 sizes=[3, 4, 5] max deg(O)=2 at O=(0.9979615815428725-0.0016739204588778383j)  (#lines=0)
      r = 0.250505196: exact-C2=True #blocks=42 sizes=[3, 4, 5] max deg(O)=2 at O=(0.9979696586758033-0.0016673117066329458j)  (#lines=0)
      r = 0.250505327: exact-C2=True #blocks=42 sizes=[3, 4, 5] max deg(O)=2 at O=(0.99797028182049-0.0016668018384689532j)  (#lines=0)
      r = 0.250506065: exact-C2=True #blocks=42 sizes=[3, 4, 5] max deg(O)=2 at O=(0.9979737923520253-0.0016639294373352628j)  (#lines=0)
      r = 0.250507374: exact-C2=True #blocks=42 sizes=[3, 4, 5] max deg(O)=2 at O=(0.9979800189933833-0.0016588345612328576j)  (#lines=0)
      r = 0.250508862: exact-C2=True #blocks=42 sizes=[3, 4, 5] max deg(O)=2 at O=(0.9979870970491781-0.0016530428874362954j)  (#lines=0)
      r = 0.250511895: exact-C2=True #blocks=42 sizes=[3, 4, 5] max deg(O)=2 at O=(0.9980015241268498-0.0016412373656137795j)  (#lines=0)
      r = 0.250517306: exact-C2=True #blocks=42 sizes=[3, 4, 5] max deg(O)=2 at O=(0.9980272620788989-0.0016201747641733655j)  (#lines=0)
      r = 0.250520413: exact-C2=True #blocks=42 sizes=[3, 4, 5] max deg(O)=2 at O=(0.9980420405024727-0.0016080799942938804j)  (#lines=0)
      r = 0.250522922: exact-C2=True #blocks=42 sizes=[3, 4, 5] max deg(O)=2 at O=(0.9980539743693877-0.0015983127636504365j)  (#lines=0)
      r = 0.250523031: exact-C2=True #blocks=42 sizes=[3, 4, 5] max deg(O)=2 at O=(0.9980544928160564-0.0015978884333787554j)  (#lines=0)
      r = 0.250523131: exact-C2=True #blocks=42 sizes=[3, 4, 5] max deg(O)=2 at O=(0.9980549684548775-0.0015974991391244997j)  (#lines=0)
      r = 0.250523661: exact-C2=True #blocks=42 sizes=[3, 4, 5] max deg(O)=2 at O=(0.9980574893368716-0.0015954358715928572j)  (#lines=0)
      r = 0.250523863: exact-C2=True #blocks=42 sizes=[3, 4, 5] max deg(O)=2 at O=(0.9980584501240208-0.0015946494907618462j)  (#lines=0)
      r = 0.250523888: exact-C2=True #blocks=42 sizes=[3, 4, 5] max deg(O)=2 at O=(0.9980585690331663-0.0015945521663405637j)  (#lines=0)
      r = 0.250525213: exact-C2=True #blocks=42 sizes=[3, 4, 5] max deg(O)=2 at O=(0.9980648712003506-0.0015893939271066971j)  (#lines=0)
      r = 0.250525322: exact-C2=True #blocks=42 sizes=[3, 4, 5] max deg(O)=2 at O=(0.9980653896406907-0.001588969585470873j)  (#lines=0)
      r = 0.250527864: exact-C2=True #blocks=42 sizes=[3, 4, 5] max deg(O)=2 at O=(0.9980774801604779-0.0015790733133637766j)  (#lines=0)
      r = 0.250527882: exact-C2=True #blocks=42 sizes=[3, 4, 5] max deg(O)=2 at O=(0.9980775657734653-0.001579003236320936j)  (#lines=0)
      r = 0.250529783: exact-C2=True #blocks=42 sizes=[3, 4, 5] max deg(O)=2 at O=(0.9980866073985991-0.0015716022482425702j)  (#lines=0)
      r = 0.250530611: exact-C2=True #blocks=42 sizes=[3, 4, 5] max deg(O)=2 at O=(0.9980905455430403-0.001568378620141682j)  (#lines=0)
      r = 0.250531755: exact-C2=True #blocks=42 sizes=[3, 4, 5] max deg(O)=2 at O=(0.9980959866229376-0.0015639246666026825j)  (#lines=0)
      r = 0.250531940: exact-C2=True #blocks=42 sizes=[3, 4, 5] max deg(O)=2 at O=(0.9980968665147743-0.0015632043975108362j)  (#lines=0)
      r = 0.250532282: exact-C2=True #blocks=42 sizes=[3, 4, 5] max deg(O)=2 at O=(0.9980984931234911-0.001561872868806601j)  (#lines=0)
      r = 0.250532382: exact-C2=True #blocks=42 sizes=[3, 4, 5] max deg(O)=2 at O=(0.9980989687396269-0.0015614835318306622j)  (#lines=0)
      r = 0.250532565: exact-C2=True #blocks=42 sizes=[3, 4, 5] max deg(O)=2 at O=(0.9980998391163911-0.0015607710440748853j)  (#lines=0)
      r = 0.250532889: exact-C2=True #blocks=42 sizes=[3, 4, 5] max deg(O)=2 at O=(0.998101380108986-0.001559509586810181j)  (#lines=0)
      r = 0.250533745: exact-C2=True #blocks=42 sizes=[3, 4, 5] max deg(O)=2 at O=(0.9981054513615982-0.0015561768240403215j)  (#lines=0)
      r = 0.250534490: exact-C2=True #blocks=42 sizes=[3, 4, 5] max deg(O)=2 at O=(0.998108994668351-0.0015532762028253252j)  (#lines=0)
      r = 0.250536979: exact-C2=True #blocks=42 sizes=[3, 4, 5] max deg(O)=2 at O=(0.9981208325423924-0.0015435852175770095j)  (#lines=0)
      r = 0.250538872: exact-C2=True #blocks=42 sizes=[3, 4, 5] max deg(O)=2 at O=(0.9981298356924471-0.001536214582675556j)  (#lines=0)
      r = 0.250539409: exact-C2=True #blocks=42 sizes=[3, 4, 5] max deg(O)=2 at O=(0.998132389660314-0.0015341236751813653j)  (#lines=0)
      r = 0.250539839: exact-C2=True #blocks=42 sizes=[3, 4, 5] max deg(O)=2 at O=(0.9981344347319601-0.0015324493820671097j)  (#lines=0)
      r = 0.250543269: exact-C2=True #blocks=42 sizes=[3, 4, 5] max deg(O)=2 at O=(0.998150747581016-0.0015190936700724225j)  (#lines=0)
      r = 0.250543728: exact-C2=True #blocks=42 sizes=[3, 4, 5] max deg(O)=2 at O=(0.998152930532103-0.001517306377694505j)  (#lines=0)
      r = 0.250544708: exact-C2=True #blocks=42 sizes=[3, 4, 5] max deg(O)=2 at O=(0.9981575912817003-0.0015134903397283077j)  (#lines=0)
      r = 0.250545825: exact-C2=True #blocks=42 sizes=[3, 4, 5] max deg(O)=2 at O=(0.9981629035560277-0.0015091407813994711j)  (#lines=0)
      r = 0.250546947: exact-C2=True #blocks=42 sizes=[3, 4, 5] max deg(O)=2 at O=(0.9981682395787338-0.001504771695253235j)  (#lines=0)
      r = 0.250546951: exact-C2=True #blocks=42 sizes=[3, 4, 5] max deg(O)=2 at O=(0.998168258601795-0.0015047561191970228j)  (#lines=0)
      r = 0.250550802: exact-C2=True #blocks=42 sizes=[3, 4, 5] max deg(O)=2 at O=(0.9981865730022659-0.0014897598215538248j)  (#lines=0)
      r = 0.250551236: exact-C2=True #blocks=42 sizes=[3, 4, 5] max deg(O)=2 at O=(0.998188636975569-0.0014880697260169272j)  (#lines=0)
      r = 0.250552596: exact-C2=True #blocks=42 sizes=[3, 4, 5] max deg(O)=2 at O=(0.998195104696021-0.0014827735178181284j)  (#lines=0)
      r = 0.250552718: exact-C2=True #blocks=42 sizes=[3, 4, 5] max deg(O)=2 at O=(0.9981956848863022-0.0014822984126717596j)  (#lines=0)
      r = 0.250554458: exact-C2=True #blocks=42 sizes=[3, 4, 5] max deg(O)=2 at O=(0.998203959692063-0.0014755222476515637j)  (#lines=0)
      r = 0.250554476: exact-C2=True #blocks=42 sizes=[3, 4, 5] max deg(O)=2 at O=(0.9982040452931615-0.0014754521486231085j)  (#lines=0)
      r = 0.250555160: exact-C2=True #blocks=42 sizes=[3, 4, 5] max deg(O)=2 at O=(0.9982072981269953-0.0014727883761014551j)  (#lines=0)
      r = 0.250555263: exact-C2=True #blocks=42 sizes=[3, 4, 5] max deg(O)=2 at O=(0.9982077879533424-0.0014723872505697391j)  (#lines=0)
      r = 0.250555337: exact-C2=True #blocks=42 sizes=[3, 4, 5] max deg(O)=2 at O=(0.9982081398673532-0.0014720990629128782j)  (#lines=0)
      r = 0.250555532: exact-C2=True #blocks=42 sizes=[3, 4, 5] max deg(O)=2 at O=(0.9982090672073368-0.0014713396485657652j)  (#lines=0)
      r = 0.250556002: exact-C2=True #blocks=42 sizes=[3, 4, 5] max deg(O)=2 at O=(0.9982113023307125-0.0014695092579934252j)  (#lines=0)
      r = 0.250557495: exact-C2=True #blocks=42 sizes=[3, 4, 5] max deg(O)=2 at O=(0.9982184023778957-0.0014636947796371385j)  (#lines=0)
      r = 0.250559281: exact-C2=True #blocks=42 sizes=[3, 4, 5] max deg(O)=2 at O=(0.9982268957309849-0.0014567390800101915j)  (#lines=0)
      r = 0.250559332: exact-C2=True #blocks=42 sizes=[3, 4, 5] max deg(O)=2 at O=(0.9982271382612313-0.0014565404548150798j)  (#lines=0)
      r = 0.250559554: exact-C2=True #blocks=42 sizes=[3, 4, 5] max deg(O)=2 at O=(0.9982281939802277-0.001455675849754353j)  (#lines=0)
      r = 0.250560073: exact-C2=True #blocks=42 sizes=[3, 4, 5] max deg(O)=2 at O=(0.9982306620752786-0.0014536545344863963j)  (#lines=0)
      r = 0.250560186: exact-C2=True #blocks=42 sizes=[3, 4, 5] max deg(O)=2 at O=(0.998231199443828-0.0014532144391610016j)  (#lines=0)
      r = 0.250560579: exact-C2=True #blocks=42 sizes=[3, 4, 5] max deg(O)=2 at O=(0.9982330683424968-0.0014516838376588688j)  (#lines=0)
      r = 0.250560629: exact-C2=True #blocks=42 sizes=[3, 4, 5] max deg(O)=2 at O=(0.9982333061156115-0.0014514891041163666j)  (#lines=0)
      r = 0.250561418: exact-C2=True #blocks=42 sizes=[3, 4, 5] max deg(O)=2 at O=(0.9982370581671745-0.00144841619358508j)  (#lines=0)
      r = 0.250561697: exact-C2=True #blocks=42 sizes=[3, 4, 5] max deg(O)=2 at O=(0.9982383849345042-0.0014473295682331845j)  (#lines=0)
      r = 0.250562188: exact-C2=True #blocks=42 sizes=[3, 4, 5] max deg(O)=2 at O=(0.9982407198501214-0.0014454172546948753j)  (#lines=0)
      r = 0.250563917: exact-C2=True #blocks=42 sizes=[3, 4, 5] max deg(O)=2 at O=(0.998248941939647-0.0014386831740306454j)  (#lines=0)
      r = 0.250563939: exact-C2=True #blocks=42 sizes=[3, 4, 5] max deg(O)=2 at O=(0.9982490465579499-0.0014385974879547706j)  (#lines=0)
      r = 0.250563981: exact-C2=True #blocks=42 sizes=[3, 4, 5] max deg(O)=2 at O=(0.9982492462839472-0.001438433905237429j)  (#lines=0)
      r = 0.250564069: exact-C2=True #blocks=42 sizes=[3, 4, 5] max deg(O)=2 at O=(0.9982496647571033-0.0014380911604134974j)  (#lines=0)
      r = 0.250564400: exact-C2=True #blocks=42 sizes=[3, 4, 5] max deg(O)=2 at O=(0.9982512387853978-0.0014368019690618448j)  (#lines=0)
      r = 0.250564581: exact-C2=True #blocks=42 sizes=[3, 4, 5] max deg(O)=2 at O=(0.9982520995065626-0.0014360970013559977j)  (#lines=0)
      r = 0.250564624: exact-C2=True #blocks=42 sizes=[3, 4, 5] max deg(O)=2 at O=(0.9982523039873628-0.0014359295224542021j)  (#lines=0)
      r = 0.250564851: exact-C2=True #blocks=42 sizes=[3, 4, 5] max deg(O)=2 at O=(0.9982533834540352-0.001435045389039532j)  (#lines=0)
      r = 0.250565102: exact-C2=True #blocks=42 sizes=[3, 4, 5] max deg(O)=2 at O=(0.9982545770479101-0.0014340677761619407j)  (#lines=0)
      r = 0.250565166: exact-C2=True #blocks=42 sizes=[3, 4, 5] max deg(O)=2 at O=(0.9982548813903057-0.0014338185039020023j)  (#lines=0)
      r = 0.250569285: exact-C2=True #blocks=42 sizes=[3, 4, 5] max deg(O)=2 at O=(0.9982744684652801-0.0014177750991927513j)  (#lines=0)
      r = 0.250570296: exact-C2=True #blocks=42 sizes=[3, 4, 5] max deg(O)=2 at O=(0.998279276007868-0.0014138371595985154j)  (#lines=0)
      r = 0.250571152: exact-C2=True #blocks=42 sizes=[3, 4, 5] max deg(O)=2 at O=(0.9982833464693285-0.0014105029226801151j)  (#lines=0)
      r = 0.250571454: exact-C2=True #blocks=42 sizes=[3, 4, 5] max deg(O)=2 at O=(0.9982847825390899-0.001409326583328855j)  (#lines=0)
      r = 0.250572100: exact-C2=True #blocks=42 sizes=[3, 4, 5] max deg(O)=2 at O=(0.9982878543893218-0.0014068102936936437j)  (#lines=0)
      r = 0.250572167: exact-C2=True #blocks=42 sizes=[3, 4, 5] max deg(O)=2 at O=(0.9982881729861826-0.0014065493152016152j)  (#lines=0)
      r = 0.250572301: exact-C2=True #blocks=42 sizes=[3, 4, 5] max deg(O)=2 at O=(0.9982888101795808-0.0014060273575890493j)  (#lines=0)
      r = 0.250576258: exact-C2=True #blocks=42 sizes=[3, 4, 5] max deg(O)=2 at O=(0.9983076262062808-0.0013906136538958864j)  (#lines=0)
      r = 0.250576406: exact-C2=True #blocks=42 sizes=[3, 4, 5] max deg(O)=2 at O=(0.9983083299570915-0.001390037135509528j)  (#lines=0)
      r = 0.250578433: exact-C2=True #blocks=42 sizes=[3, 4, 5] max deg(O)=2 at O=(0.9983179684364435-0.001382141068732964j)  (#lines=0)
      r = 0.250580375: exact-C2=True #blocks=42 sizes=[3, 4, 5] max deg(O)=2 at O=(0.9983272026418577-0.0013745759371115366j)  (#lines=0)
      r = 0.250582462: exact-C2=True #blocks=42 sizes=[3, 4, 5] max deg(O)=2 at O=(0.998337126217862-0.0013664457592722752j)  (#lines=0)
      r = 0.250582508: exact-C2=True #blocks=42 sizes=[3, 4, 5] max deg(O)=2 at O=(0.9983373449441265-0.0013662665581756976j)  (#lines=0)
      r = 0.250584257: exact-C2=True #blocks=42 sizes=[3, 4, 5] max deg(O)=2 at O=(0.9983456612629432-0.0013594529447500318j)  (#lines=0)
      r = 0.250587394: exact-C2=True #blocks=42 sizes=[3, 4, 5] max deg(O)=2 at O=(0.9983605771922239-0.0013472317200269052j)  (#lines=0)
      r = 0.250590443: exact-C2=True #blocks=42 sizes=[3, 4, 5] max deg(O)=2 at O=(0.9983750744627601-0.0013353528941614328j)  (#lines=0)
      r = 0.250591219: exact-C2=True #blocks=42 sizes=[3, 4, 5] max deg(O)=2 at O=(0.9983787641214265-0.001332329549932359j)  (#lines=0)
      r = 0.250591357: exact-C2=True #blocks=42 sizes=[3, 4, 5] max deg(O)=2 at O=(0.9983794202706275-0.0013317918903528155j)  (#lines=0)
      r = 0.250591861: exact-C2=True #blocks=42 sizes=[3, 4, 5] max deg(O)=2 at O=(0.9983818166373413-0.0013298282568441951j)  (#lines=0)
      r = 0.250593717: exact-C2=True #blocks=42 sizes=[3, 4, 5] max deg(O)=2 at O=(0.9983906412987669-0.0013225969976504836j)  (#lines=0)
      r = 0.250593726: exact-C2=True #blocks=42 sizes=[3, 4, 5] max deg(O)=2 at O=(0.9983906840904603-0.0013225619319725658j)  (#lines=0)
      r = 0.250594395: exact-C2=True #blocks=42 sizes=[3, 4, 5] max deg(O)=2 at O=(0.9983938649413711-0.0013199553668059953j)  (#lines=0)
      r = 0.250596002: exact-C2=True #blocks=42 sizes=[3, 4, 5] max deg(O)=2 at O=(0.9984015055948801-0.001313694071474524j)  (#lines=0)
      r = 0.250596132: exact-C2=True #blocks=42 sizes=[3, 4, 5] max deg(O)=2 at O=(0.9984021236909104-0.001313187552106557j)  (#lines=0)
      r = 0.250599628: exact-C2=True #blocks=42 sizes=[3, 4, 5] max deg(O)=2 at O=(0.998418745565452-0.0012995657834458715j)  (#lines=0)
      r = 0.250600434: exact-C2=True #blocks=42 sizes=[3, 4, 5] max deg(O)=2 at O=(0.9984225776825582-0.001296425215679423j)  (#lines=0)
      r = 0.250600473: exact-C2=True #blocks=42 sizes=[3, 4, 5] max deg(O)=2 at O=(0.9984227631069823-0.001296273252119689j)  (#lines=0)
      r = 0.250600496: exact-C2=True #blocks=42 sizes=[3, 4, 5] max deg(O)=2 at O=(0.9984228724599433-0.0012961836324588446j)  (#lines=0)
      r = 0.250602695: exact-C2=True #blocks=42 sizes=[3, 4, 5] max deg(O)=2 at O=(0.9984333274930416-0.0012876151014902665j)  (#lines=0)
      r = 0.250604668: exact-C2=True #blocks=42 sizes=[3, 4, 5] max deg(O)=2 at O=(0.9984427079189842-0.0012799270030815608j)  (#lines=0)
      r = 0.250606049: exact-C2=True #blocks=42 sizes=[3, 4, 5] max deg(O)=2 at O=(0.9984492736843057-0.0012745456173393556j)  (#lines=0)
      r = 0.250610738: exact-C2=True #blocks=42 sizes=[3, 4, 5] max deg(O)=2 at O=(0.9984715665065258-0.0012562731897378695j)  (#lines=0)
      r = 0.250611023: exact-C2=True #blocks=42 sizes=[3, 4, 5] max deg(O)=2 at O=(0.9984729214589468-0.001255162548942482j)  (#lines=0)
      r = 0.250612084: exact-C2=True #blocks=42 sizes=[3, 4, 5] max deg(O)=2 at O=(0.9984779656678561-0.0012510278145656895j)  (#lines=0)
      r = 0.250613185: exact-C2=True #blocks=42 sizes=[3, 4, 5] max deg(O)=2 at O=(0.9984832000153628-0.0012467371447938422j)  (#lines=0)
      r = 0.250615474: exact-C2=True #blocks=42 sizes=[3, 4, 5] max deg(O)=2 at O=(0.9984940822276175-0.0012378165819425444j)  (#lines=0)
      r = 0.250616188: exact-C2=True #blocks=42 sizes=[3, 4, 5] max deg(O)=2 at O=(0.9984974766529561-0.0012350339714277477j)  (#lines=0)
      r = 0.250616585: exact-C2=True #blocks=42 sizes=[3, 4, 5] max deg(O)=2 at O=(0.9984993640236791-0.001233486767780622j)  (#lines=0)
      r = 0.250616848: exact-C2=True #blocks=42 sizes=[3, 4, 5] max deg(O)=2 at O=(0.9985006143454128-0.0012324617899182367j)  (#lines=0)
      r = 0.250617891: exact-C2=True #blocks=42 sizes=[3, 4, 5] max deg(O)=2 at O=(0.998505572828509-0.0012283969226593566j)  (#lines=0)
      r = 0.250617982: exact-C2=True #blocks=42 sizes=[3, 4, 5] max deg(O)=2 at O=(0.998506005446643-0.0012280422673706126j)  (#lines=0)
      r = 0.250618016: exact-C2=True #blocks=42 sizes=[3, 4, 5] max deg(O)=2 at O=(0.9985061670838481-0.001227909758938102j)  (#lines=0)
      r = 0.250618021: exact-C2=True #blocks=42 sizes=[3, 4, 5] max deg(O)=2 at O=(0.9985061908542403-0.0012278902722213582j)  (#lines=0)
      r = 0.250618028: exact-C2=True #blocks=42 sizes=[3, 4, 5] max deg(O)=2 at O=(0.9985062241325726-0.001227862990992909j)  (#lines=0)
      r = 0.250618034: exact-C2=True #blocks=42 sizes=[3, 4, 5] max deg(O)=2 at O=(0.9985062526566977-0.001227839607210718j)  (#lines=0)
      r = 0.250618057: exact-C2=True #blocks=42 sizes=[3, 4, 5] max deg(O)=2 at O=(0.9985063619998931-0.0012277499687715363j)  (#lines=0)
      r = 0.250618207: exact-C2=True #blocks=42 sizes=[3, 4, 5] max deg(O)=2 at O=(0.9985070751057528-0.001227165370979013j)  (#lines=0)
      r = 0.250618496: exact-C2=True #blocks=42 sizes=[3, 4, 5] max deg(O)=2 at O=(0.9985084490217455-0.0012260390427552112j)  (#lines=0)
      r = 0.250618554: exact-C2=True #blocks=42 sizes=[3, 4, 5] max deg(O)=2 at O=(0.9985087247553969-0.0012258129972675283j)  (#lines=0)
      r = 0.250618577: exact-C2=True #blocks=42 sizes=[3, 4, 5] max deg(O)=2 at O=(0.998508834098071-0.001225723358461983j)  (#lines=0)
      r = 0.250618784: exact-C2=True #blocks=42 sizes=[3, 4, 5] max deg(O)=2 at O=(0.9985098181812737-0.0012249166083426709j)  (#lines=0)
      r = 0.250620366: exact-C2=True #blocks=42 sizes=[3, 4, 5] max deg(O)=2 at O=(0.9985173390159454-0.001218750944092943j)  (#lines=0)
      r = 0.250620470: exact-C2=True #blocks=42 sizes=[3, 4, 5] max deg(O)=2 at O=(0.9985178334301339-0.0012183456120059546j)  (#lines=0)
      r = 0.250620937: exact-C2=True #blocks=42 sizes=[3, 4, 5] max deg(O)=2 at O=(0.9985200535369941-0.0012165255086587778j)  (#lines=0)
      r = 0.250621074: exact-C2=True #blocks=42 sizes=[3, 4, 5] max deg(O)=2 at O=(0.9985207048307436-0.0012159915577727737j)  (#lines=0)
      r = 0.250621140: exact-C2=True #blocks=42 sizes=[3, 4, 5] max deg(O)=2 at O=(0.9985210185924197-0.0012157343257412192j)  (#lines=0)
      r = 0.250623059: exact-C2=True #blocks=42 sizes=[3, 4, 5] max deg(O)=2 at O=(0.9985301414063857-0.0012082550196903003j)  (#lines=0)
      r = 0.250623093: exact-C2=True #blocks=42 sizes=[3, 4, 5] max deg(O)=2 at O=(0.9985303030396171-0.001208122503068103j)  (#lines=0)
      r = 0.250624978: exact-C2=True #blocks=42 sizes=[3, 4, 5] max deg(O)=2 at O=(0.9985392641293623-0.0012007755440049412j)  (#lines=0)
      r = 0.250625712: exact-C2=True #blocks=42 sizes=[3, 4, 5] max deg(O)=2 at O=(0.9985427534631457-0.0011979146683255859j)  (#lines=0)
      r = 0.250626165: exact-C2=True #blocks=42 sizes=[3, 4, 5] max deg(O)=2 at O=(0.9985449069557787-0.0011961490198378272j)  (#lines=0)
      r = 0.250626272: exact-C2=True #blocks=42 sizes=[3, 4, 5] max deg(O)=2 at O=(0.9985454156166056-0.0011957319668674951j)  (#lines=0)
      r = 0.250630567: exact-C2=True #blocks=42 sizes=[3, 4, 5] max deg(O)=2 at O=(0.9985658331240118-0.0011789909469558102j)  (#lines=0)
      r = 0.250631190: exact-C2=True #blocks=42 sizes=[3, 4, 5] max deg(O)=2 at O=(0.9985687946941809-0.0011765625516195902j)  (#lines=0)
      r = 0.250632043: exact-C2=True #blocks=42 sizes=[3, 4, 5] max deg(O)=2 at O=(0.9985728496055444-0.0011732376087892006j)  (#lines=0)
      r = 0.250636758: exact-C2=True #blocks=42 sizes=[3, 4, 5] max deg(O)=2 at O=(0.998595263004631-0.0011548582178762946j)  (#lines=0)
      r = 0.250639270: exact-C2=True #blocks=42 sizes=[3, 4, 5] max deg(O)=2 at O=(0.9986072039163748-0.0011450658531037055j)  (#lines=0)
      r = 0.250639320: exact-C2=True #blocks=42 sizes=[3, 4, 5] max deg(O)=2 at O=(0.9986074415921976-0.001144870938415601j)  (#lines=0)
      r = 0.250642444: exact-C2=True #blocks=42 sizes=[3, 4, 5] max deg(O)=2 at O=(0.9986222914533004-0.0011326924417837609j)  (#lines=0)
      r = 0.250652113: exact-C2=True #blocks=42 sizes=[3, 4, 5] max deg(O)=2 at O=(0.998668251287627-0.0010949962903774096j)  (#lines=0)
      r = 0.250652476: exact-C2=True #blocks=42 sizes=[3, 4, 5] max deg(O)=2 at O=(0.9986699766971752-0.0010935809926051212j)  (#lines=0)
      r = 0.250656315: exact-C2=True #blocks=42 sizes=[3, 4, 5] max deg(O)=2 at O=(0.9986882240095502-0.0010786127760067743j)  (#lines=0)
      r = 0.250663466: exact-C2=True #blocks=42 sizes=[3, 4, 5] max deg(O)=2 at O=(0.9987222127545624-0.001050729301551338j)  (#lines=0)
      r = 0.250663647: exact-C2=True #blocks=42 sizes=[3, 4, 5] max deg(O)=2 at O=(0.9987230730324832-0.00105002350809565j)  (#lines=0)
      r = 0.250673402: exact-C2=True #blocks=42 sizes=[3, 4, 5] max deg(O)=2 at O=(0.9987694365185356-0.0010119825325309768j)  (#lines=0)
      r = 0.250673737: exact-C2=True #blocks=42 sizes=[3, 4, 5] max deg(O)=2 at O=(0.9987710286619005-0.001010676075846259j)  (#lines=0)
      r = 0.250673753: exact-C2=True #blocks=42 sizes=[3, 4, 5] max deg(O)=2 at O=(0.9987711047044782-0.0010106136778028638j)  (#lines=0)
      r = 0.250673762: exact-C2=True #blocks=42 sizes=[3, 4, 5] max deg(O)=2 at O=(0.9987711474784802-0.001010578578853504j)  (#lines=0)
      r = 0.250674495: exact-C2=True #blocks=42 sizes=[3, 4, 5] max deg(O)=2 at O=(0.9987746311732332-0.0010077199546311634j)  (#lines=0)
      r = 0.250678790: exact-C2=True #blocks=42 sizes=[3, 4, 5] max deg(O)=2 at O=(0.9987950435509535-0.0009909694016502222j)  (#lines=0)
      r = 0.250686877: exact-C2=True #blocks=42 sizes=[3, 4, 5] max deg(O)=2 at O=(0.9988334765122501-0.0009594276977157635j)  (#lines=0)
      r = 0.250704109: exact-C2=True #blocks=42 sizes=[3, 4, 5] max deg(O)=2 at O=(0.9989153651056895-0.0008922077356165374j)  (#lines=0)
      r = 0.250707914: exact-C2=True #blocks=42 sizes=[3, 4, 5] max deg(O)=2 at O=(0.9989334459431974-0.0008773630460003625j)  (#lines=0)
      r = 0.250708268: exact-C2=True #blocks=42 sizes=[3, 4, 5] max deg(O)=2 at O=(0.9989351280843493-0.0008759819292888486j)  (#lines=0)
      r = 0.250721573: exact-C2=True #blocks=42 sizes=[3, 4, 5] max deg(O)=2 at O=(0.998998348677606-0.0008240688275223259j)  (#lines=0)
      r = 0.250741961: exact-C2=True #blocks=42 sizes=[3, 4, 5] max deg(O)=2 at O=(0.999095216626867-0.0007445036560340846j)  (#lines=0)
      r = 0.250763932: exact-C2=True #blocks=42 sizes=[3, 4, 5] max deg(O)=2 at O=(0.9991995942111769-0.0006587393376463401j)  (#lines=0)
      r = 0.250773504: exact-C2=True #blocks=42 sizes=[3, 4, 5] max deg(O)=2 at O=(0.9992450641425794-0.0006213678629613937j)  (#lines=0)
      r = 0.250773989: exact-C2=True #blocks=42 sizes=[3, 4, 5] max deg(O)=2 at O=(0.9992473679804036-0.0006194741899197226j)  (#lines=0)
      r = 0.250831349: exact-C2=True #blocks=42 sizes=[3, 4, 5] max deg(O)=2 at O=(0.9995197971380374-0.0003954368570455988j)  (#lines=0)
      r = 0.250834442: exact-C2=True #blocks=42 sizes=[3, 4, 5] max deg(O)=2 at O=(0.9995344848992392-0.00038335188246450347j)  (#lines=0)
      r = 0.250835380: exact-C2=True #blocks=42 sizes=[3, 4, 5] max deg(O)=2 at O=(0.9995389391425904-0.0003796868403403166j)  (#lines=0)
      r = 0.250842860: exact-C2=True #blocks=42 sizes=[3, 4, 5] max deg(O)=2 at O=(0.999574458339267-0.00035045882920163156j)  (#lines=0)
      r = 0.250871174: exact-C2=True #blocks=42 sizes=[3, 4, 5] max deg(O)=2 at O=(0.9997088963258819-0.00023979890604419388j)  (#lines=0)
      r = 0.250899889: exact-C2=True #blocks=42 sizes=[3, 4, 5] max deg(O)=2 at O=(0.9998452179078481-0.00012753409221804183j)  (#lines=0)
      r = 0.250932496: exact-C2=True #blocks=42 sizes=[3, 4, 5] max deg(O)=5 at O=(0.4868575727016421-0.11790757815908359j)  (#lines=0)
      r = 0.250932497: exact-C2=True #blocks=42 sizes=[3, 4, 5] max deg(O)=5 at O=(0.48685757536106156-0.11790757828001798j)  (#lines=0)
      r = 0.250932498: exact-C2=True #blocks=42 sizes=[3, 4, 5] max deg(O)=5 at O=(0.486857578020481-0.11790757840095217j)  (#lines=0)
      r = 0.250932499: exact-C2=True #blocks=42 sizes=[3, 4, 5] max deg(O)=5 at O=(0.4868575806798993-0.11790757852188614j)  (#lines=0)
      r = 0.250932500: exact-C2=True #blocks=42 sizes=[3, 4, 5] max deg(O)=5 at O=(0.4868575833393175-0.11790757864282j)  (#lines=0)
      r = 0.251036134: exact-C2=True #blocks=42 sizes=[3, 4, 5] max deg(O)=2 at O=(1.0004917469787933+0.0004056491667147293j)  (#lines=0)
      r = 0.251037254: exact-C2=True #blocks=42 sizes=[3, 4, 5] max deg(O)=2 at O=(1.0004970598391434+0.0004100357281841602j)  (#lines=0)
      r = 0.251044239: exact-C2=True #blocks=42 sizes=[3, 4, 5] max deg(O)=2 at O=(1.0005301933532773+0.0004373942895372657j)  (#lines=0)
      r = 0.251090631: exact-C2=True #blocks=42 sizes=[3, 4, 5] max deg(O)=2 at O=(1.0007502239214816+0.0006191574806038169j)  (#lines=0)
      r = 0.251091796: exact-C2=True #blocks=42 sizes=[3, 4, 5] max deg(O)=2 at O=(1.000755748655193+0.0006237232074136215j)  (#lines=0)
      r = 0.251104952: exact-C2=True #blocks=42 sizes=[3, 4, 5] max deg(O)=2 at O=(1.0008181354710384+0.0006752869329334016j)  (#lines=0)
      r = 0.251124319: exact-C2=True #blocks=42 sizes=[3, 4, 5] max deg(O)=2 at O=(1.000909967457889+0.0007512085716582832j)  (#lines=0)
      r = 0.251124599: exact-C2=True #blocks=42 sizes=[3, 4, 5] max deg(O)=2 at O=(1.0009112950575922+0.0007523063415242005j)  (#lines=0)
      r = 0.251126238: exact-C2=True #blocks=42 sizes=[3, 4, 5] max deg(O)=2 at O=(1.000919066216911+0.0007587322873328466j)  (#lines=0)
      r = 0.251127174: exact-C2=True #blocks=42 sizes=[3, 4, 5] max deg(O)=2 at O=(1.0009235041397242+0.0007624020713198089j)  (#lines=0)
      r = 0.251133151: exact-C2=True #blocks=42 sizes=[3, 4, 5] max deg(O)=2 at O=(1.0009518427939366+0.0007858371012124281j)  (#lines=0)
      r = 0.251134369: exact-C2=True #blocks=42 sizes=[3, 4, 5] max deg(O)=2 at O=(1.0009576175683046+0.0007906129204916412j)  (#lines=0)
      r = 0.251147524: exact-C2=True #blocks=42 sizes=[3, 4, 5] max deg(O)=2 at O=(1.0010199856001738+0.0008421984615220204j)  (#lines=0)
      r = 0.251152549: exact-C2=True #blocks=42 sizes=[3, 4, 5] max deg(O)=2 at O=(1.0010438080466157+0.0008619054133884929j)  (#lines=0)
      r = 0.251153454: exact-C2=True #blocks=42 sizes=[3, 4, 5] max deg(O)=2 at O=(1.0010480983903012+0.0008654547491264832j)  (#lines=0)
      r = 0.251156297: exact-C2=True #blocks=42 sizes=[3, 4, 5] max deg(O)=2 at O=(1.0010615760977901+0.0008766050058792031j)  (#lines=0)
      r = 0.251156404: exact-C2=True #blocks=42 sizes=[3, 4, 5] max deg(O)=2 at O=(1.001062083344871+0.0008770246675381724j)  (#lines=0)
      r = 0.251156696: exact-C2=True #blocks=42 sizes=[3, 4, 5] max deg(O)=2 at O=(1.0010634676065644+0.0008781699151941245j)  (#lines=0)
      r = 0.251158494: exact-C2=True #blocks=42 sizes=[3, 4, 5] max deg(O)=2 at O=(1.0010719911976507+0.0008852219027330223j)  (#lines=0)
      r = 0.251160324: exact-C2=True #blocks=42 sizes=[3, 4, 5] max deg(O)=2 at O=(1.0010806664045602+0.0008923995509791992j)  (#lines=0)
      r = 0.251160400: exact-C2=True #blocks=42 sizes=[3, 4, 5] max deg(O)=2 at O=(1.0010810266844854+0.0008926976423694151j)  (#lines=0)
      r = 0.251160639: exact-C2=True #blocks=42 sizes=[3, 4, 5] max deg(O)=2 at O=(1.001082159669162+0.0008936350631322937j)  (#lines=0)
      r = 0.251160680: exact-C2=True #blocks=42 sizes=[3, 4, 5] max deg(O)=2 at O=(1.0010823540306943+0.0008937958764014662j)  (#lines=0)
      r = 0.251160950: exact-C2=True #blocks=42 sizes=[3, 4, 5] max deg(O)=2 at O=(1.0010836339697446+0.0008948548911402513j)  (#lines=0)
      r = 0.251161100: exact-C2=True #blocks=42 sizes=[3, 4, 5] max deg(O)=2 at O=(1.0010843450460918+0.0008954432340161607j)  (#lines=0)
      r = 0.251162908: exact-C2=True #blocks=42 sizes=[3, 4, 5] max deg(O)=2 at O=(1.0010929158430497+0.0009025348090882256j)  (#lines=0)
      r = 0.251163826: exact-C2=True #blocks=42 sizes=[3, 4, 5] max deg(O)=2 at O=(1.0010972675769683+0.0009061355667972876j)  (#lines=0)
      r = 0.251164013: exact-C2=True #blocks=42 sizes=[3, 4, 5] max deg(O)=2 at O=(1.0010981540385024+0.0009068690590692448j)  (#lines=0)
      r = 0.251164569: exact-C2=True #blocks=42 sizes=[3, 4, 5] max deg(O)=2 at O=(1.001100789716362+0.0009090499337968249j)  (#lines=0)
      r = 0.251166120: exact-C2=True #blocks=42 sizes=[3, 4, 5] max deg(O)=2 at O=(1.0011081420783678+0.0009151337075580187j)  (#lines=0)
      r = 0.251171637: exact-C2=True #blocks=42 sizes=[3, 4, 5] max deg(O)=2 at O=(1.001134294382462+0.0009367749522534752j)  (#lines=0)
      r = 0.251171763: exact-C2=True #blocks=42 sizes=[3, 4, 5] max deg(O)=2 at O=(1.0011348916529674+0.0009372692221814487j)  (#lines=0)
      r = 0.251172716: exact-C2=True #blocks=42 sizes=[3, 4, 5] max deg(O)=2 at O=(1.0011394090902777+0.0009410076520616j)  (#lines=0)
      r = 0.251172859: exact-C2=True #blocks=42 sizes=[3, 4, 5] max deg(O)=2 at O=(1.0011400869408233+0.0009415686162056514j)  (#lines=0)
      r = 0.251173667: exact-C2=True #blocks=42 sizes=[3, 4, 5] max deg(O)=2 at O=(1.0011439170244594+0.0009447382779818248j)  (#lines=0)
      r = 0.251177927: exact-C2=True #blocks=42 sizes=[3, 4, 5] max deg(O)=2 at O=(1.0011641100153772+0.0009614501088935795j)  (#lines=0)
      r = 0.251178098: exact-C2=True #blocks=42 sizes=[3, 4, 5] max deg(O)=2 at O=(1.0011649205696032+0.0009621209533299661j)  (#lines=0)
      r = 0.251178860: exact-C2=True #blocks=42 sizes=[3, 4, 5] max deg(O)=2 at O=(1.0011685325042519+0.0009651103467749368j)  (#lines=0)
      r = 0.251181143: exact-C2=True #blocks=42 sizes=[3, 4, 5] max deg(O)=2 at O=(1.0011793539997544+0.0009740669167526642j)  (#lines=0)
      r = 0.251181513: exact-C2=True #blocks=42 sizes=[3, 4, 5] max deg(O)=2 at O=(1.0011811077997228+0.0009755185078515055j)  (#lines=0)
      r = 0.251181531: exact-C2=True #blocks=42 sizes=[3, 4, 5] max deg(O)=2 at O=(1.0011811931195993+0.000975589125928845j)  (#lines=0)
      r = 0.251181776: exact-C2=True #blocks=42 sizes=[3, 4, 5] max deg(O)=2 at O=(1.001182354417661+0.0009765503183637278j)  (#lines=0)
      r = 0.251181937: exact-C2=True #blocks=42 sizes=[3, 4, 5] max deg(O)=2 at O=(1.001183117555774+0.00097718196077992j)  (#lines=0)
      r = 0.251181941: exact-C2=True #blocks=42 sizes=[3, 4, 5] max deg(O)=2 at O=(1.0011831365155086+0.000977197653600497j)  (#lines=0)
      r = 0.251181966: exact-C2=True #blocks=42 sizes=[3, 4, 5] max deg(O)=2 at O=(1.0011832550151896+0.000977295734861208j)  (#lines=0)
      r = 0.251181992: exact-C2=True #blocks=42 sizes=[3, 4, 5] max deg(O)=2 at O=(1.0011833782547002+0.0009773977392863115j)  (#lines=0)
      r = 0.251181995: exact-C2=True #blocks=42 sizes=[3, 4, 5] max deg(O)=2 at O=(1.0011833924744755+0.0009774095088912432j)  (#lines=0)
      r = 0.251181998: exact-C2=True #blocks=42 sizes=[3, 4, 5] max deg(O)=2 at O=(1.0011834066945275+0.0009774212787258593j)  (#lines=0)
      r = 0.251182000: exact-C2=True #blocks=42 sizes=[3, 4, 5] max deg(O)=2 at O=(1.001183416174477+0.0009774291252123532j)  (#lines=0)
      r = 0.251182065: exact-C2=True #blocks=42 sizes=[3, 4, 5] max deg(O)=2 at O=(1.0011837242731294+0.000977684136403997j)  (#lines=0)
      r = 0.251182150: exact-C2=True #blocks=42 sizes=[3, 4, 5] max deg(O)=2 at O=(1.001184127171455+0.0009780176130759057j)  (#lines=0)
      r = 0.251182179: exact-C2=True #blocks=42 sizes=[3, 4, 5] max deg(O)=2 at O=(1.0011842646311264+0.000978131387781518j)  (#lines=0)
      r = 0.251182183: exact-C2=True #blocks=42 sizes=[3, 4, 5] max deg(O)=2 at O=(1.0011842835908589+0.0009781470806645505j)  (#lines=0)
      r = 0.251182352: exact-C2=True #blocks=42 sizes=[3, 4, 5] max deg(O)=2 at O=(1.0011850846470385+0.0009788101121518083j)  (#lines=0)
      r = 0.251182364: exact-C2=True #blocks=42 sizes=[3, 4, 5] max deg(O)=2 at O=(1.001185141526639+0.0009788571912769475j)  (#lines=0)
      r = 0.251182428: exact-C2=True #blocks=42 sizes=[3, 4, 5] max deg(O)=2 at O=(1.0011854448849018+0.000979108280432362j)  (#lines=0)
      r = 0.251182499: exact-C2=True #blocks=42 sizes=[3, 4, 5] max deg(O)=2 at O=(1.001185781422911+0.0009793868327315578j)  (#lines=0)
      r = 0.251182667: exact-C2=True #blocks=42 sizes=[3, 4, 5] max deg(O)=2 at O=(1.0011865777375584+0.0009800459432049752j)  (#lines=0)
      r = 0.251182883: exact-C2=True #blocks=42 sizes=[3, 4, 5] max deg(O)=2 at O=(1.001187601569703+0.0009808933729188022j)  (#lines=0)
      r = 0.251183021: exact-C2=True #blocks=42 sizes=[3, 4, 5] max deg(O)=2 at O=(1.0011882556841825+0.0009814347875613453j)  (#lines=0)
      r = 0.251183528: exact-C2=True #blocks=42 sizes=[3, 4, 5] max deg(O)=2 at O=(1.0011906588391761+0.0009834239048793034j)  (#lines=0)
      r = 0.251183609: exact-C2=True #blocks=42 sizes=[3, 4, 5] max deg(O)=2 at O=(1.0011910427747968+0.0009837416941244075j)  (#lines=0)
      r = 0.251183654: exact-C2=True #blocks=42 sizes=[3, 4, 5] max deg(O)=2 at O=(1.0011912560718428+0.0009839182434626557j)  (#lines=0)
      r = 0.251183795: exact-C2=True #blocks=42 sizes=[3, 4, 5] max deg(O)=2 at O=(1.001191924403419+0.000984471432953199j)  (#lines=0)
      r = 0.251183923: exact-C2=True #blocks=42 sizes=[3, 4, 5] max deg(O)=2 at O=(1.0011925311155119+0.0009849736200913486j)  (#lines=0)
      r = 0.251184176: exact-C2=True #blocks=42 sizes=[3, 4, 5] max deg(O)=2 at O=(1.0011937303181093+0.0009859662261044217j)  (#lines=0)
      r = 0.251184624: exact-C2=True #blocks=42 sizes=[3, 4, 5] max deg(O)=2 at O=(1.001195853803269+0.0009877238913294701j)  (#lines=0)
      r = 0.251185439: exact-C2=True #blocks=42 sizes=[3, 4, 5] max deg(O)=2 at O=(1.0011997168274596+0.0009909214536867j)  (#lines=0)
      r = 0.251185697: exact-C2=True #blocks=42 sizes=[3, 4, 5] max deg(O)=2 at O=(1.0012009397200514+0.0009919336945652514j)  (#lines=0)
      r = 0.251186171: exact-C2=True #blocks=42 sizes=[3, 4, 5] max deg(O)=2 at O=(1.001203186425202+0.0009937934007793218j)  (#lines=0)
      r = 0.251186576: exact-C2=True #blocks=42 sizes=[3, 4, 5] max deg(O)=2 at O=(1.0012051060736173+0.000995382398237155j)  (#lines=0)
      r = 0.251187517: exact-C2=True #blocks=42 sizes=[3, 4, 5] max deg(O)=2 at O=(1.0012095662784088+0.0009990743947219474j)  (#lines=0)
      r = 0.251189020: exact-C2=True #blocks=42 sizes=[3, 4, 5] max deg(O)=2 at O=(1.001216690236176+0.0010049714723060158j)  (#lines=0)
      r = 0.251190151: exact-C2=True #blocks=42 sizes=[3, 4, 5] max deg(O)=2 at O=(1.0012220509414866+0.0010094090622353373j)  (#lines=0)
      r = 0.251190254: exact-C2=True #blocks=42 sizes=[3, 4, 5] max deg(O)=2 at O=(1.0012225391384517+0.0010098131957485658j)  (#lines=0)
      r = 0.251191637: exact-C2=True #blocks=42 sizes=[3, 4, 5] max deg(O)=2 at O=(1.0012290942243052+0.0010152396189808054j)  (#lines=0)
      r = 0.251192089: exact-C2=True #blocks=42 sizes=[3, 4, 5] max deg(O)=2 at O=(1.0012312365846983+0.001017013132842368j)  (#lines=0)
      r = 0.251192113: exact-C2=True #blocks=42 sizes=[3, 4, 5] max deg(O)=2 at O=(1.00123135033816+0.0010171073019461063j)  (#lines=0)
      r = 0.251193011: exact-C2=True #blocks=42 sizes=[3, 4, 5] max deg(O)=2 at O=(1.001235606604674+0.0010206308162100802j)  (#lines=0)
      r = 0.251193245: exact-C2=True #blocks=42 sizes=[3, 4, 5] max deg(O)=2 at O=(1.0012367156951905+0.0010215489762603648j)  (#lines=0)
      r = 0.251193281: exact-C2=True #blocks=42 sizes=[3, 4, 5] max deg(O)=2 at O=(1.0012368863244145+0.0010216902319054983j)  (#lines=0)
      r = 0.251193371: exact-C2=True #blocks=42 sizes=[3, 4, 5] max deg(O)=2 at O=(1.0012373128971883+0.0010220433711601203j)  (#lines=0)
      r = 0.251195680: exact-C2=True #blocks=42 sizes=[3, 4, 5] max deg(O)=2 at O=(1.001248256791318+0.0010311034839924297j)  (#lines=0)
      r = 0.251197039: exact-C2=True #blocks=42 sizes=[3, 4, 5] max deg(O)=2 at O=(1.0012546979379688+0.0010364360772277667j)  (#lines=0)
      r = 0.251198916: exact-C2=True #blocks=42 sizes=[3, 4, 5] max deg(O)=2 at O=(1.001263594132845+0.001043801395347549j)  (#lines=0)
      r = 0.251199294: exact-C2=True #blocks=42 sizes=[3, 4, 5] max deg(O)=2 at O=(1.0012653856841054+0.0010452846809760764j)  (#lines=0)
      r = 0.251200174: exact-C2=True #blocks=42 sizes=[3, 4, 5] max deg(O)=2 at O=(1.0012695564773149+0.001048737858089588j)  (#lines=0)
      r = 0.251205279: exact-C2=True #blocks=42 sizes=[3, 4, 5] max deg(O)=2 at O=(1.0012937514321991+0.0010687709100274294j)  (#lines=0)
      r = 0.251205518: exact-C2=True #blocks=42 sizes=[3, 4, 5] max deg(O)=2 at O=(1.0012948841475315+0.0010697088235907311j)  (#lines=0)
      r = 0.251206395: exact-C2=True #blocks=42 sizes=[3, 4, 5] max deg(O)=2 at O=(1.0012990405849467+0.0010731504791526843j)  (#lines=0)
      r = 0.251206928: exact-C2=True #blocks=42 sizes=[3, 4, 5] max deg(O)=2 at O=(1.001301566665584+0.0010752421752024395j)  (#lines=0)
      r = 0.251206950: exact-C2=True #blocks=42 sizes=[3, 4, 5] max deg(O)=2 at O=(1.0013016709315994+0.0010753285120510326j)  (#lines=0)
      r = 0.251207077: exact-C2=True #blocks=42 sizes=[3, 4, 5] max deg(O)=2 at O=(1.001302272829619+0.00107582691072788j)  (#lines=0)
      r = 0.251208493: exact-C2=True #blocks=42 sizes=[3, 4, 5] max deg(O)=2 at O=(1.0013089837281384+0.0010813839099570964j)  (#lines=0)
      r = 0.251208774: exact-C2=True #blocks=42 sizes=[3, 4, 5] max deg(O)=2 at O=(1.0013103154752454+0.0010824866869436683j)  (#lines=0)
      r = 0.251210375: exact-C2=True #blocks=42 sizes=[3, 4, 5] max deg(O)=2 at O=(1.0013179030789727+0.0010887698383382138j)  (#lines=0)
      r = 0.251216852: exact-C2=True #blocks=42 sizes=[3, 4, 5] max deg(O)=2 at O=(1.0013485988041282+0.00111419013500982j)  (#lines=0)
      r = 0.251217039: exact-C2=True #blocks=42 sizes=[3, 4, 5] max deg(O)=2 at O=(1.0013494850169473+0.0011149240831201251j)  (#lines=0)
      r = 0.251218941: exact-C2=True #blocks=42 sizes=[3, 4, 5] max deg(O)=2 at O=(1.0013584987442457+0.0011223892489353937j)  (#lines=0)
      r = 0.251219002: exact-C2=True #blocks=42 sizes=[3, 4, 5] max deg(O)=2 at O=(1.0013587878268215+0.0011226286710206887j)  (#lines=0)
      r = 0.251219382: exact-C2=True #blocks=42 sizes=[3, 4, 5] max deg(O)=2 at O=(1.0013605886650023+0.0011241201550668805j)  (#lines=0)
      r = 0.251219723: exact-C2=True #blocks=42 sizes=[3, 4, 5] max deg(O)=2 at O=(1.0013622046776094+0.001125458571714084j)  (#lines=0)
      r = 0.251220422: exact-C2=True #blocks=42 sizes=[3, 4, 5] max deg(O)=2 at O=(1.001365517257134+0.0011282021460979562j)  (#lines=0)
      r = 0.251221068: exact-C2=True #blocks=42 sizes=[3, 4, 5] max deg(O)=2 at O=(1.0013685786572946+0.0011307377154522714j)  (#lines=0)
      r = 0.251223465: exact-C2=True #blocks=42 sizes=[3, 4, 5] max deg(O)=2 at O=(1.0013799379711297+0.0011401461795141157j)  (#lines=0)
      r = 0.251225518: exact-C2=True #blocks=42 sizes=[3, 4, 5] max deg(O)=2 at O=(1.001389666963941+0.0011482046190041866j)  (#lines=0)
      r = 0.251227369: exact-C2=True #blocks=42 sizes=[3, 4, 5] max deg(O)=2 at O=(1.001398438605346+0.0011554703339263835j)  (#lines=0)
      r = 0.251229538: exact-C2=True #blocks=42 sizes=[3, 4, 5] max deg(O)=2 at O=(1.0014087170964587+0.0011639844917504423j)  (#lines=0)
      r = 0.251236428: exact-C2=True #blocks=42 sizes=[3, 4, 5] max deg(O)=2 at O=(1.001441366751161+0.001191031820568362j)  (#lines=0)
      r = 0.251238159: exact-C2=True #blocks=42 sizes=[3, 4, 5] max deg(O)=2 at O=(1.0014495692565115+0.0011978273633253573j)  (#lines=0)
      r = 0.251238760: exact-C2=True #blocks=42 sizes=[3, 4, 5] max deg(O)=2 at O=(1.0014524171332164+0.0012001867950931899j)  (#lines=0)
      r = 0.251238849: exact-C2=True #blocks=42 sizes=[3, 4, 5] max deg(O)=2 at O=(1.001452838864673+0.0012005361966083241j)  (#lines=0)
      r = 0.251239282: exact-C2=True #blocks=42 sizes=[3, 4, 5] max deg(O)=2 at O=(1.001454890656336+0.0012022360989665233j)  (#lines=0)
      r = 0.251239320: exact-C2=True #blocks=42 sizes=[3, 4, 5] max deg(O)=2 at O=(1.0014550707208516+0.001202385282397797j)  (#lines=0)
      r = 0.251239348: exact-C2=True #blocks=42 sizes=[3, 4, 5] max deg(O)=2 at O=(1.001455203400131+0.001202495207228147j)  (#lines=0)
      r = 0.251239814: exact-C2=True #blocks=42 sizes=[3, 4, 5] max deg(O)=2 at O=(1.0014574115578339+0.0012043246743535898j)  (#lines=0)
      r = 0.251239820: exact-C2=True #blocks=42 sizes=[3, 4, 5] max deg(O)=2 at O=(1.0014574399889773+0.0012043482297597278j)  (#lines=0)
      r = 0.251239908: exact-C2=True #blocks=42 sizes=[3, 4, 5] max deg(O)=2 at O=(1.001457856979469+0.0012046937096443025j)  (#lines=0)
      r = 0.251240707: exact-C2=True #blocks=42 sizes=[3, 4, 5] max deg(O)=2 at O=(1.0014616430549925+0.0012078305264946038j)  (#lines=0)
      r = 0.251242934: exact-C2=True #blocks=42 sizes=[3, 4, 5] max deg(O)=2 at O=(1.0014721956485941+0.0012165737237757462j)  (#lines=0)
      r = 0.251243612: exact-C2=True #blocks=42 sizes=[3, 4, 5] max deg(O)=2 at O=(1.0014754083131034+0.0012192355957828212j)  (#lines=0)
      r = 0.251245922: exact-C2=True #blocks=42 sizes=[3, 4, 5] max deg(O)=2 at O=(1.0014863540295087+0.001228304963700697j)  (#lines=0)
      r = 0.251246070: exact-C2=True #blocks=42 sizes=[3, 4, 5] max deg(O)=2 at O=(1.0014870553087891+0.0012288860396684341j)  (#lines=0)
      r = 0.251247984: exact-C2=True #blocks=42 sizes=[3, 4, 5] max deg(O)=2 at O=(1.0014961245079284+0.0012364008575437356j)  (#lines=0)
      r = 0.251250813: exact-C2=True #blocks=42 sizes=[3, 4, 5] max deg(O)=2 at O=(1.0015095291268887+0.0012475084902704584j)  (#lines=0)
      r = 0.251250850: exact-C2=True #blocks=42 sizes=[3, 4, 5] max deg(O)=2 at O=(1.001509704442254+0.0012476537675181478j)  (#lines=0)
      r = 0.251255102: exact-C2=True #blocks=42 sizes=[3, 4, 5] max deg(O)=2 at O=(1.0015298512636117+0.0012643492893593786j)  (#lines=0)
      r = 0.251255418: exact-C2=True #blocks=42 sizes=[3, 4, 5] max deg(O)=2 at O=(1.0015313485163782+0.001265590099850577j)  (#lines=0)
      r = 0.251256547: exact-C2=True #blocks=42 sizes=[3, 4, 5] max deg(O)=2 at O=(1.0015366978573175+0.0012700232857953302j)  (#lines=0)
      r = 0.251256670: exact-C2=True #blocks=42 sizes=[3, 4, 5] max deg(O)=2 at O=(1.0015372806444292+0.0012705062670013588j)  (#lines=0)
      r = 0.251258483: exact-C2=True #blocks=42 sizes=[3, 4, 5] max deg(O)=2 at O=(1.0015458707891036+0.0012776254133541477j)  (#lines=0)
      r = 0.251259844: exact-C2=True #blocks=42 sizes=[3, 4, 5] max deg(O)=2 at O=(1.0015523192659015+0.0012829697807557711j)  (#lines=0)
      r = 0.251261487: exact-C2=True #blocks=42 sizes=[3, 4, 5] max deg(O)=2 at O=(1.0015601038085173+0.001289421617348492j)  (#lines=0)
      r = 0.251262424: exact-C2=True #blocks=42 sizes=[3, 4, 5] max deg(O)=2 at O=(1.0015645432892455+0.0012931011440776219j)  (#lines=0)
      r = 0.251268365: exact-C2=True #blocks=42 sizes=[3, 4, 5] max deg(O)=2 at O=(1.0015926910716282+0.0013164319302275975j)  (#lines=0)
      r = 0.251272136: exact-C2=True #blocks=42 sizes=[3, 4, 5] max deg(O)=2 at O=(1.001610557179839+0.0013312417923556706j)  (#lines=0)
      r = 0.251279411: exact-C2=True #blocks=42 sizes=[3, 4, 5] max deg(O)=2 at O=(1.0016450234020344+0.0013598147720522602j)  (#lines=0)
      r = 0.251280347: exact-C2=True #blocks=42 sizes=[3, 4, 5] max deg(O)=2 at O=(1.0016494577223205+0.001363491142202212j)  (#lines=0)
      r = 0.251283422: exact-C2=True #blocks=42 sizes=[3, 4, 5] max deg(O)=2 at O=(1.0016640254463396+0.0013755692441438456j)  (#lines=0)
      r = 0.251292019: exact-C2=True #blocks=42 sizes=[3, 4, 5] max deg(O)=2 at O=(1.0017047522226679+0.0014093391714864j)  (#lines=0)
      r = 0.251293466: exact-C2=True #blocks=42 sizes=[3, 4, 5] max deg(O)=2 at O=(1.0017116069475211+0.0014150234743627423j)  (#lines=0)
      r = 0.251295938: exact-C2=True #blocks=42 sizes=[3, 4, 5] max deg(O)=2 at O=(1.0017233171782427+0.0014247345448884724j)  (#lines=0)
      r = 0.251296063: exact-C2=True #blocks=42 sizes=[3, 4, 5] max deg(O)=2 at O=(1.0017239093178052+0.0014252256057542202j)  (#lines=0)
      r = 0.251299313: exact-C2=True #blocks=42 sizes=[3, 4, 5] max deg(O)=2 at O=(1.0017393048055212+0.0014379934378390686j)  (#lines=0)
      r = 0.251300229: exact-C2=True #blocks=42 sizes=[3, 4, 5] max deg(O)=2 at O=(1.001743643916441+0.0014415920898131092j)  (#lines=0)
      r = 0.251302327: exact-C2=True #blocks=42 sizes=[3, 4, 5] max deg(O)=2 at O=(1.0017535821062244+0.0014498345624214364j)  (#lines=0)
      r = 0.251303543: exact-C2=True #blocks=42 sizes=[3, 4, 5] max deg(O)=2 at O=(1.0017593422265947+0.0014546119890316354j)  (#lines=0)
      r = 0.251305216: exact-C2=True #blocks=42 sizes=[3, 4, 5] max deg(O)=2 at O=(1.0017672670678373+0.0014611849901324785j)  (#lines=0)
      r = 0.251306063: exact-C2=True #blocks=42 sizes=[3, 4, 5] max deg(O)=2 at O=(1.0017712791992814+0.0014645127930133853j)  (#lines=0)
      r = 0.251309644: exact-C2=True #blocks=42 sizes=[3, 4, 5] max deg(O)=2 at O=(1.0017882417409736+0.0014785826512346628j)  (#lines=0)
      r = 0.251310878: exact-C2=True #blocks=42 sizes=[3, 4, 5] max deg(O)=2 at O=(1.0017940868984339+0.00148343121140592j)  (#lines=0)
      r = 0.251313649: exact-C2=True #blocks=42 sizes=[3, 4, 5] max deg(O)=2 at O=(1.0018072123104218+0.001494319116063522j)  (#lines=0)
      r = 0.251314524: exact-C2=True #blocks=42 sizes=[3, 4, 5] max deg(O)=2 at O=(1.0018113568880234+0.0014977572683197147j)  (#lines=0)
      r = 0.251315809: exact-C2=True #blocks=42 sizes=[3, 4, 5] max deg(O)=2 at O=(1.001817443461215+0.0015028065041473321j)  (#lines=0)
      r = 0.251315993: exact-C2=True #blocks=42 sizes=[3, 4, 5] max deg(O)=2 at O=(1.0018183149982371+0.0015035295137601074j)  (#lines=0)
      r = 0.251316174: exact-C2=True #blocks=42 sizes=[3, 4, 5] max deg(O)=2 at O=(1.0018191723246068+0.0015042407367086203j)  (#lines=0)
      r = 0.251316179: exact-C2=True #blocks=42 sizes=[3, 4, 5] max deg(O)=2 at O=(1.0018191960075504+0.0015042603836948488j)  (#lines=0)
      r = 0.251316457: exact-C2=True #blocks=42 sizes=[3, 4, 5] max deg(O)=2 at O=(1.0018205127834545+0.0015053527622907147j)  (#lines=0)
      r = 0.251317355: exact-C2=True #blocks=42 sizes=[3, 4, 5] max deg(O)=2 at O=(1.001824766240337+0.0015088814050202765j)  (#lines=0)
      r = 0.251318031: exact-C2=True #blocks=42 sizes=[3, 4, 5] max deg(O)=2 at O=(1.0018279681609445+0.0015115377350137871j)  (#lines=0)
      r = 0.251318130: exact-C2=True #blocks=42 sizes=[3, 4, 5] max deg(O)=2 at O=(1.0018284370802464+0.0015119267554698193j)  (#lines=0)
      r = 0.251319026: exact-C2=True #blocks=42 sizes=[3, 4, 5] max deg(O)=2 at O=(1.0018326810263043+0.0015154476081898007j)  (#lines=0)
      r = 0.251319626: exact-C2=True #blocks=42 sizes=[3, 4, 5] max deg(O)=2 at O=(1.0018355229430371+0.0015178053425739832j)  (#lines=0)
      r = 0.251321350: exact-C2=True #blocks=42 sizes=[3, 4, 5] max deg(O)=2 at O=(1.0018436886666595+0.0015245799913878228j)  (#lines=0)
      r = 0.251324153: exact-C2=True #blocks=42 sizes=[3, 4, 5] max deg(O)=2 at O=(1.0018569649126052+0.0015355949816502376j)  (#lines=0)
      r = 0.251324164: exact-C2=True #blocks=42 sizes=[3, 4, 5] max deg(O)=2 at O=(1.0018570170131065+0.0015356382092499067j)  (#lines=0)
      r = 0.251324478: exact-C2=True #blocks=42 sizes=[3, 4, 5] max deg(O)=2 at O=(1.0018585042432213+0.0015368721621735594j)  (#lines=0)
      r = 0.251324703: exact-C2=True #blocks=42 sizes=[3, 4, 5] max deg(O)=2 at O=(1.0018595699322073+0.0015377563670144613j)  (#lines=0)
      r = 0.251324758: exact-C2=True #blocks=42 sizes=[3, 4, 5] max deg(O)=2 at O=(1.001859830433643+0.0015379725062273082j)  (#lines=0)
      r = 0.251325264: exact-C2=True #blocks=42 sizes=[3, 4, 5] max deg(O)=2 at O=(1.001862227044216+0.0015399609942874299j)  (#lines=0)
      r = 0.251325373: exact-C2=True #blocks=42 sizes=[3, 4, 5] max deg(O)=2 at O=(1.00186274330958+0.001540389346266146j)  (#lines=0)
      r = 0.251325375: exact-C2=True #blocks=42 sizes=[3, 4, 5] max deg(O)=2 at O=(1.0018627527822745+0.0015403972058896098j)  (#lines=0)
      r = 0.251325389: exact-C2=True #blocks=42 sizes=[3, 4, 5] max deg(O)=2 at O=(1.001862819091432+0.0015404522235053547j)  (#lines=0)
      r = 0.251325562: exact-C2=True #blocks=42 sizes=[3, 4, 5] max deg(O)=2 at O=(1.0018636384839446+0.001541132085773081j)  (#lines=0)
      r = 0.251325945: exact-C2=True #blocks=42 sizes=[3, 4, 5] max deg(O)=2 at O=(1.0018654525121058+0.0015426372192849265j)  (#lines=0)
      r = 0.251326386: exact-C2=True #blocks=42 sizes=[3, 4, 5] max deg(O)=2 at O=(1.001867541244907+0.0015443702925811884j)  (#lines=0)
      r = 0.251326408: exact-C2=True #blocks=42 sizes=[3, 4, 5] max deg(O)=2 at O=(1.001867645444547+0.001544456749941638j)  (#lines=0)
      r = 0.251326438: exact-C2=True #blocks=42 sizes=[3, 4, 5] max deg(O)=2 at O=(1.0018677875350033+0.0015445746464256974j)  (#lines=0)
      r = 0.251326672: exact-C2=True #blocks=42 sizes=[3, 4, 5] max deg(O)=2 at O=(1.0018688958399837+0.001545494240587488j)  (#lines=0)
      r = 0.251326678: exact-C2=True #blocks=42 sizes=[3, 4, 5] max deg(O)=2 at O=(1.0018689242579992+0.0015455178199223064j)  (#lines=0)
      r = 0.251326687: exact-C2=True #blocks=42 sizes=[3, 4, 5] max deg(O)=2 at O=(1.0018689668849483+0.0015455531888681068j)  (#lines=0)
      r = 0.251326851: exact-C2=True #blocks=42 sizes=[3, 4, 5] max deg(O)=2 at O=(1.0018697436448962+0.0015461976924345483j)  (#lines=0)
      r = 0.251326925: exact-C2=True #blocks=42 sizes=[3, 4, 5] max deg(O)=2 at O=(1.0018700941337284+0.001546488505265469j)  (#lines=0)
      r = 0.251326969: exact-C2=True #blocks=42 sizes=[3, 4, 5] max deg(O)=2 at O=(1.001870302532585+0.001546661421252329j)  (#lines=0)
      r = 0.251327322: exact-C2=True #blocks=42 sizes=[3, 4, 5] max deg(O)=2 at O=(1.0018719744574014+0.0015480486817691025j)  (#lines=0)
      r = 0.251327411: exact-C2=True #blocks=42 sizes=[3, 4, 5] max deg(O)=2 at O=(1.0018723959903115+0.001548398445199974j)  (#lines=0)
      r = 0.251327447: exact-C2=True #blocks=42 sizes=[3, 4, 5] max deg(O)=2 at O=(1.001872566498096+0.001548539922768608j)  (#lines=0)
      r = 0.251327611: exact-C2=True #blocks=42 sizes=[3, 4, 5] max deg(O)=2 at O=(1.0018733432546942+0.001549184431885953j)  (#lines=0)
      r = 0.251327658: exact-C2=True #blocks=42 sizes=[3, 4, 5] max deg(O)=2 at O=(1.0018735658615214+0.0015493691388938848j)  (#lines=0)
      r = 0.251327753: exact-C2=True #blocks=42 sizes=[3, 4, 5] max deg(O)=2 at O=(1.0018740158117654+0.0015497424835242267j)  (#lines=0)
      r = 0.251327787: exact-C2=True #blocks=42 sizes=[3, 4, 5] max deg(O)=2 at O=(1.0018741768464572+0.0015498761016391432j)  (#lines=0)
      r = 0.251327796: exact-C2=True #blocks=42 sizes=[3, 4, 5] max deg(O)=2 at O=(1.0018742194733778+0.0015499114712281311j)  (#lines=0)
      r = 0.251327798: exact-C2=True #blocks=42 sizes=[3, 4, 5] max deg(O)=2 at O=(1.0018742289458924+0.001549919331025889j)  (#lines=0)
      r = 0.251327804: exact-C2=True #blocks=42 sizes=[3, 4, 5] max deg(O)=2 at O=(1.0018742573638009+0.0015499429107236422j)  (#lines=0)
      r = 0.251327811: exact-C2=True #blocks=42 sizes=[3, 4, 5] max deg(O)=2 at O=(1.0018742905180984+0.0015499704204333382j)  (#lines=0)
      r = 0.251327841: exact-C2=True #blocks=42 sizes=[3, 4, 5] max deg(O)=2 at O=(1.0018744326074631+0.0015500883188247479j)  (#lines=0)
      r = 0.251327850: exact-C2=True #blocks=42 sizes=[3, 4, 5] max deg(O)=2 at O=(1.001874475234303+0.0015501236883793132j)  (#lines=0)
      r = 0.251327856: exact-C2=True #blocks=42 sizes=[3, 4, 5] max deg(O)=2 at O=(1.0018745036520367+0.001550147267952724j)  (#lines=0)
      r = 0.251327859: exact-C2=True #blocks=42 sizes=[3, 4, 5] max deg(O)=2 at O=(1.001874517861059+0.0015501590578695238j)  (#lines=0)
      r = 0.251327860: exact-C2=True #blocks=42 sizes=[3, 4, 5] max deg(O)=2 at O=(1.0018745225973+0.0015501629877590407j)  (#lines=0)
      r = 0.251327864: exact-C2=True #blocks=42 sizes=[3, 4, 5] max deg(O)=2 at O=(1.0018745415425376+0.0015501787075450158j)  (#lines=0)
      r = 0.251327868: exact-C2=True #blocks=42 sizes=[3, 4, 5] max deg(O)=2 at O=(1.001874560487977+0.001550194427499933j)  (#lines=0)
      r = 0.251327871: exact-C2=True #blocks=42 sizes=[3, 4, 5] max deg(O)=2 at O=(1.001874574696906+0.001550206217341348j)  (#lines=0)
      r = 0.251327872: exact-C2=True #blocks=42 sizes=[3, 4, 5] max deg(O)=2 at O=(1.0018745794330222+0.0015502101471279919j)  (#lines=0)
      r = 0.251327899: exact-C2=True #blocks=42 sizes=[3, 4, 5] max deg(O)=2 at O=(1.0018747073135372+0.0015503162558601334j)  (#lines=0)
      r = 0.251327924: exact-C2=True #blocks=42 sizes=[3, 4, 5] max deg(O)=2 at O=(1.001874825721342+0.0015504145046633016j)  (#lines=0)
      r = 0.251327946: exact-C2=True #blocks=42 sizes=[3, 4, 5] max deg(O)=2 at O=(1.0018749299201999+0.0015505009636361435j)  (#lines=0)
      r = 0.251327954: exact-C2=True #blocks=42 sizes=[3, 4, 5] max deg(O)=2 at O=(1.0018749678106864+0.0015505324032645351j)  (#lines=0)
      r = 0.251327964: exact-C2=True #blocks=42 sizes=[3, 4, 5] max deg(O)=2 at O=(1.0018750151737974+0.0015505717028084704j)  (#lines=0)
      r = 0.251327970: exact-C2=True #blocks=42 sizes=[3, 4, 5] max deg(O)=2 at O=(1.0018750435914872+0.001550595282391159j)  (#lines=0)
      r = 0.251328078: exact-C2=True #blocks=42 sizes=[3, 4, 5] max deg(O)=2 at O=(1.0018755551130583+0.0015510197179126673j)  (#lines=0)
      r = 0.251328209: exact-C2=True #blocks=42 sizes=[3, 4, 5] max deg(O)=2 at O=(1.0018761755690384+0.0015515345429119752j)  (#lines=0)
      r = 0.251328218: exact-C2=True #blocks=42 sizes=[3, 4, 5] max deg(O)=2 at O=(1.001876218195678+0.0015515699125215065j)  (#lines=0)
      r = 0.251328273: exact-C2=True #blocks=42 sizes=[3, 4, 5] max deg(O)=2 at O=(1.0018764786923395+0.0015517860606941206j)  (#lines=0)
      r = 0.251328342: exact-C2=True #blocks=42 sizes=[3, 4, 5] max deg(O)=2 at O=(1.0018768054971627+0.0015520572286212922j)  (#lines=0)
      r = 0.251328362: exact-C2=True #blocks=42 sizes=[3, 4, 5] max deg(O)=2 at O=(1.001876900223164+0.0015521358280515011j)  (#lines=0)
      r = 0.251328863: exact-C2=True #blocks=42 sizes=[3, 4, 5] max deg(O)=2 at O=(1.001879273106437+0.0015541047499610498j)  (#lines=0)
      r = 0.251329152: exact-C2=True #blocks=42 sizes=[3, 4, 5] max deg(O)=2 at O=(1.0018806418925603+0.0015552405205752132j)  (#lines=0)
      r = 0.251329358: exact-C2=True #blocks=42 sizes=[3, 4, 5] max deg(O)=2 at O=(1.0018816175657017+0.001556050103261607j)  (#lines=0)
      r = 0.251329380: exact-C2=True #blocks=42 sizes=[3, 4, 5] max deg(O)=2 at O=(1.0018817217637817+0.0015561365636977882j)  (#lines=0)
      r = 0.251329478: exact-C2=True #blocks=42 sizes=[3, 4, 5] max deg(O)=2 at O=(1.0018821859185547+0.0015565217057747656j)  (#lines=0)
      r = 0.251329657: exact-C2=True #blocks=42 sizes=[3, 4, 5] max deg(O)=2 at O=(1.0018830337108247+0.001557225180700964j)  (#lines=0)
      r = 0.251330674: exact-C2=True #blocks=42 sizes=[3, 4, 5] max deg(O)=2 at O=(1.001887850481797+0.0015612220466618915j)  (#lines=0)
      r = 0.251330710: exact-C2=True #blocks=42 sizes=[3, 4, 5] max deg(O)=2 at O=(1.001888020986536+0.0015613635295544204j)  (#lines=0)
      r = 0.251330902: exact-C2=True #blocks=42 sizes=[3, 4, 5] max deg(O)=2 at O=(1.0018889303442446+0.0015621181056975498j)  (#lines=0)
      r = 0.251331215: exact-C2=True #blocks=42 sizes=[3, 4, 5] max deg(O)=2 at O=(1.0018904127850097+0.0015633482258446151j)  (#lines=0)
      r = 0.251331689: exact-C2=True #blocks=42 sizes=[3, 4, 5] max deg(O)=2 at O=(1.001892657754235+0.0015652110998422516j)  (#lines=0)
      r = 0.251331837: exact-C2=True #blocks=42 sizes=[3, 4, 5] max deg(O)=2 at O=(1.0018933587141252+0.0015657927589782892j)  (#lines=0)
      r = 0.251333755: exact-C2=True #blocks=42 sizes=[3, 4, 5] max deg(O)=2 at O=(1.0019024427232852+0.0015733308361433511j)  (#lines=0)
      r = 0.251334634: exact-C2=True #blocks=42 sizes=[3, 4, 5] max deg(O)=2 at O=(1.0019066058019939+0.001576785517261941j)  (#lines=0)
      r = 0.251334687: exact-C2=True #blocks=42 sizes=[3, 4, 5] max deg(O)=2 at O=(1.0019068568176044+0.0015769938212173728j)  (#lines=0)
      r = 0.251335582: exact-C2=True #blocks=42 sizes=[3, 4, 5] max deg(O)=2 at O=(1.0019110956533759+0.001580511424661292j)  (#lines=0)
      r = 0.251339207: exact-C2=True #blocks=42 sizes=[3, 4, 5] max deg(O)=2 at O=(1.0019282639158313+0.001594759077447812j)  (#lines=0)
      r = 0.251339918: exact-C2=True #blocks=42 sizes=[3, 4, 5] max deg(O)=2 at O=(1.00193163122452+0.001597553653430762j)  (#lines=0)
      r = 0.251347165: exact-C2=True #blocks=42 sizes=[3, 4, 5] max deg(O)=2 at O=(1.0019659524178592+0.0016260392132677625j)  (#lines=0)
      r = 0.251356785: exact-C2=True #blocks=42 sizes=[3, 4, 5] max deg(O)=2 at O=(1.0020115098969808+0.0016638559762802033j)  (#lines=0)
      r = 0.251378531: exact-C2=True #blocks=42 sizes=[3, 4, 5] max deg(O)=2 at O=(1.0021144839257778+0.0017493563871812745j)  (#lines=0)
      r = 0.251390300: exact-C2=True #blocks=42 sizes=[3, 4, 5] max deg(O)=2 at O=(1.0021702087991502+0.001795638518576022j)  (#lines=0)
      r = 0.251390954: exact-C2=True #blocks=42 sizes=[3, 4, 5] max deg(O)=2 at O=(1.0021733053118917+0.0017982105898971456j)  (#lines=0)
      r = 0.251398478: exact-C2=True #blocks=42 sizes=[3, 4, 5] max deg(O)=2 at O=(1.002208928637246+0.0018278026222042947j)  (#lines=0)
      r = 0.251398629: exact-C2=True #blocks=42 sizes=[3, 4, 5] max deg(O)=2 at O=(1.0022096435510748+0.001828396534579235j)  (#lines=0)
      r = 0.251405781: exact-C2=True #blocks=42 sizes=[3, 4, 5] max deg(O)=2 at O=(1.0022435042427909+0.0018565279426490475j)  (#lines=0)
      r = 0.251410543: exact-C2=True #blocks=42 sizes=[3, 4, 5] max deg(O)=2 at O=(1.0022660489139614+0.0018752599165931649j)  (#lines=0)
      r = 0.251412737: exact-C2=True #blocks=42 sizes=[3, 4, 5] max deg(O)=2 at O=(1.0022764357454295+0.001883890664095631j)  (#lines=0)
      r = 0.251414292: exact-C2=True #blocks=42 sizes=[3, 4, 5] max deg(O)=2 at O=(1.002283797350096+0.0018900078497495598j)  (#lines=0)
      r = 0.251455734: exact-C2=True #blocks=42 sizes=[3, 4, 5] max deg(O)=2 at O=(1.0024799675187883+0.002053076663643807j)  (#lines=0)
      r = 0.251458965: exact-C2=True #blocks=42 sizes=[3, 4, 5] max deg(O)=2 at O=(1.0024952599802865+0.0020657935356326877j)  (#lines=0)
      r = 0.251464011: exact-C2=True #blocks=42 sizes=[3, 4, 5] max deg(O)=2 at O=(1.0025191423862818+0.0020856550127513864j)  (#lines=0)
      r = 0.251494660: exact-C2=True #blocks=42 sizes=[3, 4, 5] max deg(O)=2 at O=(1.0026641883661658+0.0022063171381198838j)  (#lines=0)
      r = 0.251506110: exact-C2=True #blocks=42 sizes=[3, 4, 5] max deg(O)=2 at O=(1.0027183692355865+0.0022514057321696597j)  (#lines=0)
      r = 0.251506198: exact-C2=True #blocks=42 sizes=[3, 4, 5] max deg(O)=2 at O=(1.0027187856347557+0.002251752287977407j)  (#lines=0)
      r = 0.251506801: exact-C2=True #blocks=42 sizes=[3, 4, 5] max deg(O)=2 at O=(1.0027216389094706+0.0022541269918822703j)  (#lines=0)
      r = 0.251507743: exact-C2=True #blocks=42 sizes=[3, 4, 5] max deg(O)=2 at O=(1.0027260962453928+0.002257836761574936j)  (#lines=0)
      r = 0.251507892: exact-C2=True #blocks=42 sizes=[3, 4, 5] max deg(O)=2 at O=(1.0027268012783859+0.0022584235547483513j)  (#lines=0)
      r = 0.251507990: exact-C2=True #blocks=42 sizes=[3, 4, 5] max deg(O)=2 at O=(1.0027272649912078+0.0022588094999348675j)  (#lines=0)
      r = 0.251508155: exact-C2=True #blocks=42 sizes=[3, 4, 5] max deg(O)=2 at O=(1.0027280457314323+0.002259459306433228j)  (#lines=0)
      r = 0.251508165: exact-C2=True #blocks=42 sizes=[3, 4, 5] max deg(O)=2 at O=(1.0027280930491111+0.0022594986887785598j)  (#lines=0)
      r = 0.251508198: exact-C2=True #blocks=42 sizes=[3, 4, 5] max deg(O)=2 at O=(1.002728249196983+0.0022596286501746035j)  (#lines=0)
      r = 0.251508199: exact-C2=True #blocks=42 sizes=[3, 4, 5] max deg(O)=2 at O=(1.00272825392876+0.0022596325884195636j)  (#lines=0)
      r = 0.251508204: exact-C2=True #blocks=42 sizes=[3, 4, 5] max deg(O)=2 at O=(1.002728277587511+0.002259652279532509j)  (#lines=0)
      r = 0.251508217: exact-C2=True #blocks=42 sizes=[3, 4, 5] max deg(O)=2 at O=(1.002728339100389+0.0022597034765381918j)  (#lines=0)
      r = 0.251508229: exact-C2=True #blocks=42 sizes=[3, 4, 5] max deg(O)=2 at O=(1.0027283958814481+0.0022597507352735244j)  (#lines=0)
      r = 0.251508409: exact-C2=True #blocks=42 sizes=[3, 4, 5] max deg(O)=2 at O=(1.0027292475968625+0.002260459617067382j)  (#lines=0)
      r = 0.251508556: exact-C2=True #blocks=42 sizes=[3, 4, 5] max deg(O)=2 at O=(1.002729943163843+0.002261038538302772j)  (#lines=0)
      r = 0.251509783: exact-C2=True #blocks=42 sizes=[3, 4, 5] max deg(O)=2 at O=(1.0027357489981208+0.0022658707976123075j)  (#lines=0)
      r = 0.251537642: exact-C2=True #blocks=42 sizes=[3, 4, 5] max deg(O)=2 at O=(1.002867560032369+0.0023756056954073023j)  (#lines=0)
      r = 0.251540174: exact-C2=True #blocks=42 sizes=[3, 4, 5] max deg(O)=2 at O=(1.0028795388677796+0.0023855808539689164j)  (#lines=0)
      r = 0.251542890: exact-C2=True #blocks=42 sizes=[3, 4, 5] max deg(O)=2 at O=(1.0028923880223124+0.0023962812324651427j)  (#lines=0)
      r = 0.251548786: exact-C2=True #blocks=42 sizes=[3, 4, 5] max deg(O)=2 at O=(1.0029202808307056+0.0024195112014448183j)  (#lines=0)
      r = 0.251558386: exact-C2=True #blocks=42 sizes=[3, 4, 5] max deg(O)=2 at O=(1.0029656946436005+0.002457338172703684j)  (#lines=0)
      r = 0.251562210: exact-C2=True #blocks=42 sizes=[3, 4, 5] max deg(O)=2 at O=(1.0029837838280016+0.0024724070936620705j)  (#lines=0)
      r = 0.251569377: exact-C2=True #blocks=42 sizes=[3, 4, 5] max deg(O)=2 at O=(1.0030176858586441+0.002500651305705321j)  (#lines=0)
      r = 0.251576948: exact-C2=True #blocks=42 sizes=[3, 4, 5] max deg(O)=2 at O=(1.0030534975134764+0.0025304901884822496j)  (#lines=0)
      r = 0.251580020: exact-C2=True #blocks=42 sizes=[3, 4, 5] max deg(O)=2 at O=(1.0030680279933855+0.0025425983281976757j)  (#lines=0)
      r = 0.251580528: exact-C2=True #blocks=42 sizes=[3, 4, 5] max deg(O)=2 at O=(1.0030704307970688+0.0025446006273922776j)  (#lines=0)
      r = 0.251590850: exact-C2=True #blocks=42 sizes=[3, 4, 5] max deg(O)=2 at O=(1.0031192517006233+0.0025852877037522938j)  (#lines=0)
      r = 0.251598622: exact-C2=True #blocks=42 sizes=[3, 4, 5] max deg(O)=2 at O=(1.0031560098522154+0.0026159264608182787j)  (#lines=0)
      r = 0.251601266: exact-C2=True #blocks=42 sizes=[3, 4, 5] max deg(O)=2 at O=(1.003168514463101+0.002626350261991604j)  (#lines=0)
      r = 0.251601779: exact-C2=True #blocks=42 sizes=[3, 4, 5] max deg(O)=2 at O=(1.0031709406396798+0.0026283727688317226j)  (#lines=0)
      r = 0.251603399: exact-C2=True #blocks=42 sizes=[3, 4, 5] max deg(O)=2 at O=(1.0031786022062905+0.002634759711981217j)  (#lines=0)
      r = 0.251613510: exact-C2=True #blocks=42 sizes=[3, 4, 5] max deg(O)=2 at O=(1.0032264192803086+0.002674625630970367j)  (#lines=0)
      r = 0.251619504: exact-C2=True #blocks=42 sizes=[3, 4, 5] max deg(O)=2 at O=(1.003254764958029+0.0026982611470796752j)  (#lines=0)
      r = 0.251619528: exact-C2=True #blocks=42 sizes=[3, 4, 5] max deg(O)=2 at O=(1.0032548784522104+0.0026983557869335907j)  (#lines=0)
      r = 0.251619543: exact-C2=True #blocks=42 sizes=[3, 4, 5] max deg(O)=2 at O=(1.0032549493863259+0.0026984149370723786j)  (#lines=0)
      r = 0.251619660: exact-C2=True #blocks=42 sizes=[3, 4, 5] max deg(O)=2 at O=(1.003255502671159+0.0026988763076136136j)  (#lines=0)
      r = 0.251619689: exact-C2=True #blocks=42 sizes=[3, 4, 5] max deg(O)=2 at O=(1.0032556398100385+0.0026989906644762744j)  (#lines=0)
      r = 0.251619756: exact-C2=True #blocks=42 sizes=[3, 4, 5] max deg(O)=2 at O=(1.0032559566481214+0.0026992548684625106j)  (#lines=0)
      r = 0.251631561: exact-C2=True #blocks=42 sizes=[3, 4, 5] max deg(O)=2 at O=(1.003311779850539+0.0027458092509320946j)  (#lines=0)
      r = 0.251632752: exact-C2=True #blocks=42 sizes=[3, 4, 5] max deg(O)=2 at O=(1.0033174116263064+0.0027505064521082274j)  (#lines=0)
      r = 0.251634211: exact-C2=True #blocks=42 sizes=[3, 4, 5] max deg(O)=2 at O=(1.003324310620813+0.002756260710894436j)  (#lines=0)
      r = 0.251646496: exact-C2=True #blocks=42 sizes=[3, 4, 5] max deg(O)=2 at O=(1.003382399048422+0.002804716308728334j)  (#lines=0)
      r = 0.251657110: exact-C2=True #blocks=42 sizes=[3, 4, 5] max deg(O)=2 at O=(1.0034325832260833+0.002846586572145225j)  (#lines=0)
      r = 0.251688544: exact-C2=True #blocks=42 sizes=[3, 4, 5] max deg(O)=2 at O=(1.0035811898829634+0.002970618185087035j)  (#lines=0)
      r = 0.251714295: exact-C2=True #blocks=42 sizes=[3, 4, 5] max deg(O)=2 at O=(1.003702910984091+0.003072259699528914j)  (#lines=0)
      r = 0.301814656: exact-C2=True #blocks=42 sizes=[3, 4, 5] max deg(O)=2 at O=(1.1954892507237571+0.25168381432869436j)  (#lines=0)
      r = 0.301814677: exact-C2=True #blocks=42 sizes=[3, 4, 5] max deg(O)=2 at O=(1.195489307360028+0.2516839357890664j)  (#lines=0)
      r = 0.301818030: exact-C2=True #blocks=42 sizes=[3, 4, 5] max deg(O)=2 at O=(1.1954983499860405+0.2517033290917286j)  (#lines=0)
      r = 0.301820137: exact-C2=True #blocks=42 sizes=[3, 4, 5] max deg(O)=2 at O=(1.1955040320006267+0.2517155158294563j)  (#lines=0)
      r = 0.301913050: exact-C2=True #blocks=42 sizes=[3, 4, 5] max deg(O)=2 at O=(1.1957543604059573+0.25225301926185584j)  (#lines=0)
      r = 0.301921929: exact-C2=True #blocks=42 sizes=[3, 4, 5] max deg(O)=2 at O=(1.1957782585531587+0.25230439479807487j)  (#lines=0)
      r = 0.301947312: exact-C2=True #blocks=42 sizes=[3, 4, 5] max deg(O)=2 at O=(1.1958465548392263+0.2524512754829567j)  (#lines=0)
      r = 0.301950425: exact-C2=True #blocks=42 sizes=[3, 4, 5] max deg(O)=2 at O=(1.1958549284303437+0.252469290112019j)  (#lines=0)
      r = 0.301959467: exact-C2=True #blocks=42 sizes=[3, 4, 5] max deg(O)=2 at O=(1.195879247406602+0.2525216165457713j)  (#lines=0)
      r = 0.302047504: exact-C2=True #blocks=42 sizes=[3, 4, 5] max deg(O)=9 at O=(-0.24436235659002084-0.17753797722242465j)  (#lines=0)
      r = 0.302054082: exact-C2=True #blocks=42 sizes=[3, 4, 5] max deg(O)=2 at O=(1.1961334607314889+0.25306926955073816j)  (#lines=0)
      r = 0.302182828: exact-C2=True #blocks=42 sizes=[3, 4, 5] max deg(O)=2 at O=(1.1964786176902535+0.2538148081976189j)  (#lines=0)
      r = 0.302274508: exact-C2=True #blocks=42 sizes=[3, 4, 5] max deg(O)=9 at O=(-0.2445444211928591+0.1776735890669025j)  (#lines=0)
      r = 0.302363901: exact-C2=True #blocks=42 sizes=[3, 4, 5] max deg(O)=2 at O=(1.1969625746500745+0.25486399718946284j)  (#lines=0)
      r = 0.302391805: exact-C2=True #blocks=42 sizes=[3, 4, 5] max deg(O)=9 at O=(0.09344548939383812+0.28759127984855654j)  (#lines=0)
      r = 0.302422227: exact-C2=True #blocks=42 sizes=[3, 4, 5] max deg(O)=2 at O=(1.1971180938758683+0.2552021126575481j)  (#lines=0)
      r = 0.302424010: exact-C2=True #blocks=42 sizes=[3, 4, 5] max deg(O)=2 at O=(1.197122845190812+0.2552124499064097j)  (#lines=0)
      r = 0.302454049: exact-C2=True #blocks=42 sizes=[3, 4, 5] max deg(O)=2 at O=(1.197202867397337+0.2553866169406743j)  (#lines=0)
      r = 0.302454087: exact-C2=True #blocks=42 sizes=[3, 4, 5] max deg(O)=2 at O=(1.1972029685969177+0.25538683727870154j)  (#lines=0)
      r = 0.302458163: exact-C2=True #blocks=42 sizes=[3, 4, 5] max deg(O)=9 at O=(-0.24469300120896828+0.17778153876740904j)  (#lines=0)
      r = 0.302527981: exact-C2=True #blocks=42 sizes=[3, 4, 5] max deg(O)=2 at O=(1.1973996143911763+0.2558153634359256j)  (#lines=0)
      r = 0.302565032: exact-C2=True #blocks=42 sizes=[3, 4, 5] max deg(O)=2 at O=(1.197498105091295+0.2560302758285435j)  (#lines=0)
      r = 0.302634159: exact-C2=True #blocks=42 sizes=[3, 4, 5] max deg(O)=2 at O=(1.197681667087838+0.25643132571950344j)  (#lines=0)
      r = 0.302871325: exact-C2=True #blocks=42 sizes=[3, 4, 5] max deg(O)=2 at O=(1.1983095175404417+0.25780808916043685j)  (#lines=0)
      r = 0.302994365: exact-C2=True #blocks=42 sizes=[3, 4, 5] max deg(O)=2 at O=(1.1986340647720675+0.2585228372031752j)  (#lines=0)
      r = 0.303009706: exact-C2=True #blocks=42 sizes=[3, 4, 5] max deg(O)=9 at O=(0.09363386592543876-0.2881797721629475j)  (#lines=0)
      r = 0.303036068: exact-C2=True #blocks=42 sizes=[3, 4, 5] max deg(O)=2 at O=(1.198743883738516+0.2587651689979495j)  (#lines=0)
      r = 0.303327864: exact-C2=True #blocks=42 sizes=[3, 4, 5] max deg(O)=9 at O=(-0.2453981895889297-0.17829055394804866j)  (#lines=0)
      r = 0.303380340: exact-C2=True #blocks=42 sizes=[3, 4, 5] max deg(O)=2 at O=(1.199646940136704+0.26076716221499663j)  (#lines=0)
      r = 0.303963932: exact-C2=True #blocks=42 sizes=[3, 4, 5] max deg(O)=2 at O=(1.2011633205685186+0.2641667431116213j)  (#lines=0)
      r = 0.304058781: exact-C2=True #blocks=42 sizes=[3, 4, 5] max deg(O)=2 at O=(1.2014080535037233+0.2647199582517805j)  (#lines=0)
      r = 0.304144272: exact-C2=True #blocks=42 sizes=[3, 4, 5] max deg(O)=9 at O=(0.09398703147891907+0.289257975008497j)  (#lines=0)
      r = 0.305126581: exact-C2=True #blocks=42 sizes=[3, 4, 5] max deg(O)=7 at O=(-0.2468537105759355-0.17934736131677342j)  (#lines=0)
      r = 0.305247519: exact-C2=True #blocks=42 sizes=[3, 4, 5] max deg(O)=2 at O=(1.204434384954839+0.2716694995954721j)  (#lines=0)
      r = 0.305270103: exact-C2=True #blocks=42 sizes=[3, 4, 5] max deg(O)=2 at O=(1.2044911451619487+0.271801813876496j)  (#lines=0)
      r = 0.305272574: exact-C2=True #blocks=42 sizes=[3, 4, 5] max deg(O)=9 at O=(-0.24697149302806-0.17943362580604455j)  (#lines=0)
      r = 0.305422658: exact-C2=True #blocks=42 sizes=[3, 4, 5] max deg(O)=7 at O=(0.09438260578551644+0.29047361971194763j)  (#lines=0)
      r = 0.305636068: exact-C2=True #blocks=42 sizes=[3, 4, 5] max deg(O)=5 at O=(0.09444417372770575-0.2906780076281578j)  (#lines=0)
      r = 0.305817430: exact-C2=True #blocks=42 sizes=[3, 4, 5] max deg(O)=5 at O=(-0.24741308353701993-0.17975279300693323j)  (#lines=0)
      r = 0.305927864: exact-C2=True #blocks=42 sizes=[3, 4, 5] max deg(O)=2 at O=(1.2061322286861245+0.27566003859302696j)  (#lines=0)
      r = 0.306124465: exact-C2=True #blocks=42 sizes=[3, 4, 5] max deg(O)=2 at O=(1.2066182046430018+0.27681493370149246j)  (#lines=0)
      r = 0.308469715: exact-C2=True #blocks=42 sizes=[3, 4, 5] max deg(O)=3 at O=(0.09533264569800612+0.2933687983629681j)  (#lines=0)
      r = 0.308469763: exact-C2=True #blocks=42 sizes=[3, 4, 5] max deg(O)=2 at O=(1.2122537213914826+0.29064976490117805j)  (#lines=0)
      r = 0.308472136: exact-C2=True #blocks=42 sizes=[3, 4, 5] max deg(O)=3 at O=(0.30847213600009127-1.0789593218711261e-05j)  (#lines=0)
      r = 0.308472302: exact-C2=True #blocks=42 sizes=[3, 4, 5] max deg(O)=2 at O=(1.2122596599037438+0.29066479836335346j)  (#lines=0)
      r = 0.308472596: exact-C2=True #blocks=42 sizes=[3, 4, 5] max deg(O)=2 at O=(1.2122603475227927+0.2906665391499378j)  (#lines=0)
      r = 0.308473322: exact-C2=True #blocks=42 sizes=[3, 4, 5] max deg(O)=3 at O=(0.09530898683859541-0.29338027821653423j)  (#lines=0)
      r = 0.308493422: exact-C2=True #blocks=42 sizes=[3, 4, 5] max deg(O)=3 at O=(0.09533997156385784+0.29339134505972303j)  (#lines=0)
      r = 0.308527864: exact-C2=True #blocks=42 sizes=[3, 4, 5] max deg(O)=3 at O=(0.09533009170128717-0.2934307696835902j)  (#lines=0)
      r = 0.309016995: exact-C2=False #blocks=42 sizes=[2, 3, 4, 5] max deg(O)=5 at O=(-2.1354351620317402e-10-1.551484773987255e-10j)  (#lines=0)
      r = 0.309016996: exact-C2=True #blocks=42 sizes=[3, 4, 5] max deg(O)=5 at O=(-5.551843429429937e-10-4.0336498030590917e-10j)  (#lines=0)
      r = 0.309016997: exact-C2=False #blocks=42 sizes=[1, 2, 3, 4, 5] max deg(O)=5 at O=(-8.96824836615906e-10-6.515816497465465e-10j)  (#lines=0)
      r = 0.309237485: exact-C2=True #blocks=42 sizes=[3, 4, 5] max deg(O)=3 at O=(0.09560068421449577-0.29408898852104787j)  (#lines=0)
      r = 0.312544272: exact-C2=True #blocks=42 sizes=[3, 4, 5] max deg(O)=2 at O=(1.2213272725142235+0.3149178386589081j)  (#lines=0)
      r = 0.312555307: exact-C2=True #blocks=42 sizes=[3, 4, 5] max deg(O)=7 at O=(0.0965830875487183+0.2972583508281005j)  (#lines=0)
      r = 0.312654685: exact-C2=True #blocks=42 sizes=[3, 4, 5] max deg(O)=7 at O=(0.31265468499998406+1.907348632789538e-06j)  (#lines=0)
      r = 0.312798374: exact-C2=True #blocks=42 sizes=[3, 4, 5] max deg(O)=9 at O=(0.09666129606796203-0.29748851510824253j)  (#lines=0)
      r = 0.312834138: exact-C2=True #blocks=42 sizes=[3, 4, 5] max deg(O)=7 at O=(0.0966692510662836+0.2975235348675923j)  (#lines=0)
      r = 0.312881723: exact-C2=True #blocks=42 sizes=[3, 4, 5] max deg(O)=9 at O=(0.09668705232543373-0.29756778471784245j)  (#lines=0)
      r = 0.312909825: exact-C2=True #blocks=42 sizes=[3, 4, 5] max deg(O)=7 at O=(-0.25315048724327643+0.1839222373549504j)  (#lines=0)
      r = 0.312940309: exact-C2=True #blocks=42 sizes=[3, 4, 5] max deg(O)=7 at O=(0.09670205970958795+0.2976245094889961j)  (#lines=0)
      r = 0.312979066: exact-C2=True #blocks=42 sizes=[3, 4, 5] max deg(O)=9 at O=(0.09671456758847286+0.2976611969542226j)  (#lines=0)
      r = 0.312979985: exact-C2=True #blocks=42 sizes=[3, 4, 5] max deg(O)=7 at O=(0.09671794826055896-0.29766106480106347j)  (#lines=0)
      r = 0.312981966: exact-C2=True #blocks=42 sizes=[3, 4, 5] max deg(O)=2 at O=(1.2222473270107206+0.31754068197944973j)  (#lines=0)
      r = 0.312996800: exact-C2=True #blocks=42 sizes=[3, 4, 5] max deg(O)=7 at O=(0.09672314438131929-0.29767705681638434j)  (#lines=0)
      r = 0.313003240: exact-C2=True #blocks=42 sizes=[3, 4, 5] max deg(O)=9 at O=(-0.25322573319987335+0.18397759727121238j)  (#lines=0)
      r = 0.313003762: exact-C2=True #blocks=42 sizes=[3, 4, 5] max deg(O)=9 at O=(0.09672219907217028+0.2976846842459501j)  (#lines=0)
      r = 0.313045829: exact-C2=True #blocks=42 sizes=[3, 4, 5] max deg(O)=7 at O=(0.09673466718284635+0.2977248649726064j)  (#lines=0)
      r = 0.313049663: exact-C2=True #blocks=42 sizes=[3, 4, 5] max deg(O)=7 at O=(0.09673947994668902-0.29772733251700034j)  (#lines=0)
      r = 0.313084185: exact-C2=True #blocks=42 sizes=[3, 4, 5] max deg(O)=2 at O=(1.2224606607112019+0.3181536334062329j)  (#lines=0)
      r = 0.313100945: exact-C2=True #blocks=42 sizes=[3, 4, 5] max deg(O)=9 at O=(0.313100944999988+1.3486991523255607e-06j)  (#lines=0)
      r = 0.313127864: exact-C2=True #blocks=42 sizes=[3, 4, 5] max deg(O)=7 at O=(0.3131278639999806+1.9073486328051312e-06j)  (#lines=0)
      r = 0.313221128: exact-C2=True #blocks=42 sizes=[3, 4, 5] max deg(O)=9 at O=(0.09678936886017397+0.29789141159665106j)  (#lines=0)
      r = 0.313221149: exact-C2=True #blocks=42 sizes=[3, 4, 5] max deg(O)=2 at O=(1.2227455958698146+0.31897517394336394j)  (#lines=0)
      r = 0.313273027: exact-C2=True #blocks=42 sizes=[3, 4, 5] max deg(O)=9 at O=(0.3132730269999797+1.3486991523412234e-06j)  (#lines=0)
      r = 0.313273762: exact-C2=True #blocks=42 sizes=[3, 4, 5] max deg(O)=9 at O=(0.0968081990388805-0.29794063596342896j)  (#lines=0)
      r = 0.313280231: exact-C2=True #blocks=42 sizes=[3, 4, 5] max deg(O)=2 at O=(1.2228681853618644+0.3193296461790529j)  (#lines=0)
      r = 0.313363932: exact-C2=True #blocks=42 sizes=[3, 4, 5] max deg(O)=7 at O=(-0.2535156253007484-0.18419224090743425j)  (#lines=0)
      r = 0.313406497: exact-C2=True #blocks=42 sizes=[3, 4, 5] max deg(O)=9 at O=(0.31340649699998835+1.348699152341208e-06j)  (#lines=0)
      r = 0.313663438: exact-C2=True #blocks=42 sizes=[3, 4, 5] max deg(O)=9 at O=(-0.2537582591105933-0.1843678341602734j)  (#lines=0)
      r = 0.313670716: exact-C2=True #blocks=42 sizes=[3, 4, 5] max deg(O)=9 at O=(0.0969282991926319+0.2983189951936957j)  (#lines=0)
      r = 0.313724727: exact-C2=True #blocks=42 sizes=[3, 4, 5] max deg(O)=9 at O=(0.09694755488774986-0.29836952916528575j)  (#lines=0)
      r = 0.313738792: exact-C2=True #blocks=42 sizes=[3, 4, 5] max deg(O)=2 at O=(1.2238130385741743+0.3220825866289587j)  (#lines=0)
      r = 0.313903796: exact-C2=True #blocks=42 sizes=[3, 4, 5] max deg(O)=2 at O=(1.2241501548288127+0.3230739173500437j)  (#lines=0)
      r = 0.313921773: exact-C2=True #blocks=42 sizes=[3, 4, 5] max deg(O)=7 at O=(0.09700534876496553+0.29855793722171453j)  (#lines=0)
      r = 0.313922408: exact-C2=True #blocks=42 sizes=[3, 4, 5] max deg(O)=9 at O=(0.09700864167621659-0.29855753496849574j)  (#lines=0)
      r = 0.315016227: exact-C2=True #blocks=42 sizes=[3, 4, 5] max deg(O)=2 at O=(1.2263832265328076+0.3297672276112188j)  (#lines=0)
      r = 0.315613926: exact-C2=True #blocks=42 sizes=[3, 4, 5] max deg(O)=9 at O=(0.09753134948451048-0.3001662641848249j)  (#lines=0)
      r = 0.315655363: exact-C2=True #blocks=42 sizes=[3, 4, 5] max deg(O)=2 at O=(1.2276348712476954+0.3336203431856577j)  (#lines=0)
      r = 0.315693041: exact-C2=True #blocks=42 sizes=[3, 4, 5] max deg(O)=9 at O=(0.09755579736402153-0.3002415070211136j)  (#lines=0)
      r = 0.315723682: exact-C2=True #blocks=42 sizes=[3, 4, 5] max deg(O)=2 at O=(1.2277673074311637+0.33403252784467174j)  (#lines=0)
      r = 0.315835870: exact-C2=True #blocks=42 sizes=[3, 4, 5] max deg(O)=9 at O=(0.0975973685740732+0.3003781790141879j)  (#lines=0)
      r = 0.315836068: exact-C2=True #blocks=42 sizes=[3, 4, 5] max deg(O)=9 at O=(0.31583606799998165+1.3486991523409252e-06j)  (#lines=0)
      r = 0.315854102: exact-C2=True #blocks=42 sizes=[3, 4, 5] max deg(O)=2 at O=(1.2280193987284718+0.334819548465247j)  (#lines=0)
      r = 0.315854116: exact-C2=True #blocks=42 sizes=[3, 4, 5] max deg(O)=9 at O=(0.09760300689815637+0.30039553199139774j)  (#lines=0)
      r = 0.315862960: exact-C2=True #blocks=42 sizes=[3, 4, 5] max deg(O)=9 at O=(0.3158629599999756+1.348699152338322e-06j)  (#lines=0)
      r = 0.315888320: exact-C2=True #blocks=42 sizes=[3, 4, 5] max deg(O)=2 at O=(1.228085381198636+0.3350260731900754j)  (#lines=0)
      r = 0.315951147: exact-C2=True #blocks=42 sizes=[3, 4, 5] max deg(O)=9 at O=(0.09763299112613155+0.3004878139562159j)  (#lines=0)
      r = 0.315991083: exact-C2=True #blocks=42 sizes=[3, 4, 5] max deg(O)=2 at O=(1.2282831435272086+0.3356463944878415j)  (#lines=0)
      r = 0.316000960: exact-C2=True #blocks=42 sizes=[3, 4, 5] max deg(O)=9 at O=(0.09765094956790832-0.30053435539255063j)  (#lines=0)
      r = 0.316075288: exact-C2=True #blocks=42 sizes=[3, 4, 5] max deg(O)=2 at O=(1.2284447497379665+0.33615479116104985j)  (#lines=0)
      r = 0.316127864: exact-C2=True #blocks=42 sizes=[3, 4, 5] max deg(O)=2 at O=(1.2285454515688141+0.3364722695490494j)  (#lines=0)
      r = 0.316236081: exact-C2=True #blocks=42 sizes=[3, 4, 5] max deg(O)=2 at O=(1.228752236902797+0.33712584299954396j)  (#lines=0)
      r = 0.316238136: exact-C2=True #blocks=42 sizes=[3, 4, 5] max deg(O)=2 at O=(1.2287561573104213+0.33713825552473586j)  (#lines=0)
      r = 0.316254858: exact-C2=True #blocks=42 sizes=[3, 4, 5] max deg(O)=2 at O=(1.228788049730133+0.3372392610022718j)  (#lines=0)
      r = 0.316300579: exact-C2=True #blocks=42 sizes=[3, 4, 5] max deg(O)=2 at O=(1.2288751691875042+0.33751544613262396j)  (#lines=0)
      r = 0.316360680: exact-C2=True #blocks=42 sizes=[3, 4, 5] max deg(O)=2 at O=(1.2289895103675197+0.3378785353662592j)  (#lines=0)
      r = 0.316386406: exact-C2=True #blocks=42 sizes=[3, 4, 5] max deg(O)=2 at O=(1.2290383915973495+0.3380339679384149j)  (#lines=0)
      r = 0.316390031: exact-C2=True #blocks=42 sizes=[3, 4, 5] max deg(O)=2 at O=(1.2290452763640174+0.33805587029184936j)  (#lines=0)
      r = 0.316527864: exact-C2=True #blocks=42 sizes=[3, 4, 5] max deg(O)=2 at O=(1.2293065069198534+0.3388887809718458j)  (#lines=0)
      r = 0.316602959: exact-C2=True #blocks=42 sizes=[3, 4, 5] max deg(O)=2 at O=(1.2294483824475575+0.339342670132451j)  (#lines=0)
      r = 0.316613009: exact-C2=True #blocks=42 sizes=[3, 4, 5] max deg(O)=2 at O=(1.229467345649078+0.33940341954597475j)  (#lines=0)
      r = 0.316614450: exact-C2=True #blocks=42 sizes=[3, 4, 5] max deg(O)=2 at O=(1.2294700641856269+0.3394121300848811j)  (#lines=0)
      r = 0.316614475: exact-C2=True #blocks=42 sizes=[3, 4, 5] max deg(O)=2 at O=(1.229470111348658+0.33941228120479205j)  (#lines=0)
      r = 0.316622912: exact-C2=True #blocks=42 sizes=[3, 4, 5] max deg(O)=2 at O=(1.2294860259201852+0.3394632815863683j)  (#lines=0)
      r = 0.316695712: exact-C2=True #blocks=42 sizes=[3, 4, 5] max deg(O)=2 at O=(1.229623180967308+0.3399033823696723j)  (#lines=0)
      r = 0.316706285: exact-C2=True #blocks=42 sizes=[3, 4, 5] max deg(O)=2 at O=(1.2296430756772612+0.3399673050884795j)  (#lines=0)
      r = 0.316707924: exact-C2=True #blocks=42 sizes=[3, 4, 5] max deg(O)=2 at O=(1.2296461591422638+0.3399772143492852j)  (#lines=0)
      r = 0.316708204: exact-C2=True #blocks=42 sizes=[3, 4, 5] max deg(O)=2 at O=(1.2296466858935895+0.33997890720977675j)  (#lines=0)
      r = 0.316819742: exact-C2=True #blocks=42 sizes=[3, 4, 5] max deg(O)=2 at O=(1.2298561663437166+0.3406533333289291j)  (#lines=0)
      r = 0.327376196: exact-C2=True #blocks=42 sizes=[3, 4, 5] max deg(O)=3 at O=(0.7130888761290133-0.10361788125740568j)  (#lines=0)
      r = 0.327376197: exact-C2=True #blocks=42 sizes=[3, 4, 5] max deg(O)=3 at O=(0.7130888793916677-0.10361788067313546j)  (#lines=0)
      r = 0.327376199: exact-C2=True #blocks=42 sizes=[3, 4, 5] max deg(O)=3 at O=(0.7130888859169265-0.1036178795045988j)  (#lines=0)
      r = 0.408074043: exact-C2=True #blocks=42 sizes=[3, 4, 5] max deg(O)=2 at O=(1.1847852778238905+0.8551995865280244j)  (#lines=0)
      r = 0.408081214: exact-C2=True #blocks=42 sizes=[3, 4, 5] max deg(O)=2 at O=(1.1847682951619125+0.8552317498416886j)  (#lines=0)
      r = 0.408097378: exact-C2=True #blocks=42 sizes=[3, 4, 5] max deg(O)=2 at O=(1.1847300099401736+0.8553042418020338j)  (#lines=0)
      r = 0.408112025: exact-C2=True #blocks=42 sizes=[3, 4, 5] max deg(O)=2 at O=(1.1846953118724783+0.8553699223519429j)  (#lines=0)
      r = 0.408168296: exact-C2=True #blocks=42 sizes=[3, 4, 5] max deg(O)=2 at O=(1.1845619560221434+0.8556221838243927j)  (#lines=0)
      r = 0.408227610: exact-C2=True #blocks=42 sizes=[3, 4, 5] max deg(O)=2 at O=(1.184421298586686+0.8558879654054539j)  (#lines=0)
      r = 0.408260888: exact-C2=True #blocks=42 sizes=[3, 4, 5] max deg(O)=2 at O=(1.1843423425969708+0.8560370269715432j)  (#lines=0)
      r = 0.408261382: exact-C2=True #blocks=42 sizes=[3, 4, 5] max deg(O)=2 at O=(1.1843411703048488+0.8560392394411953j)  (#lines=0)
      r = 0.408261987: exact-C2=True #blocks=42 sizes=[3, 4, 5] max deg(O)=2 at O=(1.1843397345942452+0.8560419490329201j)  (#lines=0)
      r = 0.408287267: exact-C2=True #blocks=42 sizes=[3, 4, 5] max deg(O)=2 at O=(1.1842797346735996+0.8561551580502709j)  (#lines=0)
      r = 0.408290642: exact-C2=True #blocks=42 sizes=[3, 4, 5] max deg(O)=2 at O=(1.184271723132311+0.8561702702757363j)  (#lines=0)
      r = 0.408291162: exact-C2=True #blocks=42 sizes=[3, 4, 5] max deg(O)=2 at O=(1.1842704887349735+0.8561725986419491j)  (#lines=0)
      r = 0.408291611: exact-C2=True #blocks=42 sizes=[3, 4, 5] max deg(O)=2 at O=(1.1842694228746509+0.8561746090889021j)  (#lines=0)
      r = 0.408291796: exact-C2=True #blocks=42 sizes=[3, 4, 5] max deg(O)=2 at O=(1.1842689837101752+0.8561754374446964j)  (#lines=0)
      r = 0.408291863: exact-C2=True #blocks=42 sizes=[3, 4, 5] max deg(O)=2 at O=(1.1842688246611985+0.8561757374435226j)  (#lines=0)
      r = 0.408292015: exact-C2=True #blocks=42 sizes=[3, 4, 5] max deg(O)=2 at O=(1.1842684638332321+0.856176418037284j)  (#lines=0)
      r = 0.408293228: exact-C2=True #blocks=42 sizes=[3, 4, 5] max deg(O)=2 at O=(1.1842655843094185+0.856181849325228j)  (#lines=0)
      r = 0.408294041: exact-C2=True #blocks=42 sizes=[3, 4, 5] max deg(O)=2 at O=(1.1842636543184621+0.8561854895574209j)  (#lines=0)
      r = 0.408299785: exact-C2=True #blocks=42 sizes=[3, 4, 5] max deg(O)=2 at O=(1.184250018071099+0.8562112078236651j)  (#lines=0)
      r = 0.408300107: exact-C2=True #blocks=42 sizes=[3, 4, 5] max deg(O)=2 at O=(1.184249253618002+0.8562126495163314j)  (#lines=0)
      r = 0.408303032: exact-C2=True #blocks=42 sizes=[3, 4, 5] max deg(O)=2 at O=(1.1842423093156396+0.8562257454690954j)  (#lines=0)
      r = 0.408303196: exact-C2=True #blocks=42 sizes=[3, 4, 5] max deg(O)=2 at O=(1.1842419199532488+0.8562264797289119j)  (#lines=0)
      r = 0.408303582: exact-C2=True #blocks=42 sizes=[3, 4, 5] max deg(O)=2 at O=(1.1842410035243538+0.8562282079220301j)  (#lines=0)
      r = 0.408309945: exact-C2=True #blocks=42 sizes=[3, 4, 5] max deg(O)=2 at O=(1.1842258961302494+0.8562566954834476j)  (#lines=0)
      r = 0.408311891: exact-C2=True #blocks=42 sizes=[3, 4, 5] max deg(O)=2 at O=(1.1842212756153778+0.8562654075640804j)  (#lines=0)
      r = 0.408315992: exact-C2=True #blocks=42 sizes=[3, 4, 5] max deg(O)=2 at O=(1.1842115380185945+0.8562837669610144j)  (#lines=0)
      r = 0.408316074: exact-C2=True #blocks=42 sizes=[3, 4, 5] max deg(O)=2 at O=(1.1842113433096564+0.8562841340533317j)  (#lines=0)
      r = 0.408323121: exact-C2=True #blocks=42 sizes=[3, 4, 5] max deg(O)=2 at O=(1.1841946095558227+0.8563156807174945j)  (#lines=0)
      r = 0.408324526: exact-C2=True #blocks=42 sizes=[3, 4, 5] max deg(O)=2 at O=(1.1841912730978086+0.856321970142544j)  (#lines=0)
      r = 0.408325484: exact-C2=True #blocks=42 sizes=[3, 4, 5] max deg(O)=2 at O=(1.184188998102498+0.8563262585502046j)  (#lines=0)
      r = 0.408326184: exact-C2=True #blocks=42 sizes=[3, 4, 5] max deg(O)=2 at O=(1.184187335773405+0.8563293920216393j)  (#lines=0)
      r = 0.408329107: exact-C2=True #blocks=42 sizes=[3, 4, 5] max deg(O)=2 at O=(1.184180394223447+0.8563424763151644j)  (#lines=0)
      r = 0.408337080: exact-C2=True #blocks=42 sizes=[3, 4, 5] max deg(O)=2 at O=(1.1841614587799432+0.8563781645007729j)  (#lines=0)
      r = 0.408340218: exact-C2=True #blocks=42 sizes=[3, 4, 5] max deg(O)=2 at O=(1.1841540057434718+0.8563922099784785j)  (#lines=0)
      r = 0.408342617: exact-C2=True #blocks=42 sizes=[3, 4, 5] max deg(O)=2 at O=(1.1841483077256412+0.8564029475060049j)  (#lines=0)
      r = 0.408354719: exact-C2=True #blocks=42 sizes=[3, 4, 5] max deg(O)=2 at O=(1.1841195611977766+0.856457110943903j)  (#lines=0)
      r = 0.408355151: exact-C2=True #blocks=42 sizes=[3, 4, 5] max deg(O)=2 at O=(1.1841185349742311+0.856459044297263j)  (#lines=0)
      r = 0.408364278: exact-C2=True #blocks=42 sizes=[3, 4, 5] max deg(O)=2 at O=(1.1840968524850444+0.8564998893141414j)  (#lines=0)
      r = 0.408374668: exact-C2=True #blocks=42 sizes=[3, 4, 5] max deg(O)=2 at O=(1.184072166907104+0.8565463828916053j)  (#lines=0)
      r = 0.408375422: exact-C2=True #blocks=42 sizes=[3, 4, 5] max deg(O)=2 at O=(1.1840703753702915+0.8565497567711156j)  (#lines=0)
      r = 0.408376170: exact-C2=True #blocks=42 sizes=[3, 4, 5] max deg(O)=2 at O=(1.184068598075049+0.8565531037828398j)  (#lines=0)
      r = 0.408381239: exact-C2=True #blocks=42 sizes=[3, 4, 5] max deg(O)=2 at O=(1.1840565534253327+0.8565757850809874j)  (#lines=0)
      r = 0.408381434: exact-C2=True #blocks=42 sizes=[3, 4, 5] max deg(O)=2 at O=(1.184056090064763+0.8565766575924878j)  (#lines=0)
      r = 0.408382023: exact-C2=True #blocks=42 sizes=[3, 4, 5] max deg(O)=2 at O=(1.1840546904721834+0.8565792930164673j)  (#lines=0)
      r = 0.408388837: exact-C2=True #blocks=42 sizes=[3, 4, 5] max deg(O)=2 at O=(1.1840384982611525+0.8566097807103646j)  (#lines=0)
      r = 0.408389718: exact-C2=True #blocks=42 sizes=[3, 4, 5] max deg(O)=2 at O=(1.1840364046389273+0.8566137224242636j)  (#lines=0)
      r = 0.408390087: exact-C2=True #blocks=42 sizes=[3, 4, 5] max deg(O)=2 at O=(1.1840355277355072+0.8566153733722962j)  (#lines=0)
      r = 0.408393360: exact-C2=True #blocks=42 sizes=[3, 4, 5] max deg(O)=2 at O=(1.1840277495176346+0.8566300169355703j)  (#lines=0)
      r = 0.408393610: exact-C2=True #blocks=42 sizes=[3, 4, 5] max deg(O)=2 at O=(1.1840271553862107+0.8566311354322574j)  (#lines=0)
      r = 0.408394451: exact-C2=True #blocks=42 sizes=[3, 4, 5] max deg(O)=2 at O=(1.184025156716106+0.8566348980388305j)  (#lines=0)
      r = 0.408396440: exact-C2=True #blocks=42 sizes=[3, 4, 5] max deg(O)=2 at O=(1.1840204297045522+0.8566437966600642j)  (#lines=0)
      r = 0.408397151: exact-C2=True #blocks=42 sizes=[3, 4, 5] max deg(O)=2 at O=(1.1840187399332476+0.8566469775810961j)  (#lines=0)
      r = 0.408408441: exact-C2=True #blocks=42 sizes=[3, 4, 5] max deg(O)=2 at O=(1.1839919062101696+0.8566974851601454j)  (#lines=0)
      r = 0.408408539: exact-C2=True #blocks=42 sizes=[3, 4, 5] max deg(O)=2 at O=(1.183991673272213+0.8566979235586505j)  (#lines=0)
      r = 0.408412674: exact-C2=True #blocks=42 sizes=[3, 4, 5] max deg(O)=2 at O=(1.1839818444878742+0.8567164209808263j)  (#lines=0)
      r = 0.408412876: exact-C2=True #blocks=42 sizes=[3, 4, 5] max deg(O)=2 at O=(1.1839813643278323+0.8567173245878361j)  (#lines=0)
      r = 0.408416661: exact-C2=True #blocks=42 sizes=[3, 4, 5] max deg(O)=2 at O=(1.1839723670724398+0.8567342557681654j)  (#lines=0)
      r = 0.408417312: exact-C2=True #blocks=42 sizes=[3, 4, 5] max deg(O)=2 at O=(1.1839708195543217+0.8567371677904609j)  (#lines=0)
      r = 0.408425641: exact-C2=True #blocks=42 sizes=[3, 4, 5] max deg(O)=2 at O=(1.183951019378356+0.8567744233503409j)  (#lines=0)
      r = 0.408428222: exact-C2=True #blocks=42 sizes=[3, 4, 5] max deg(O)=2 at O=(1.1839448833094302+0.8567859676458413j)  (#lines=0)
      r = 0.408431725: exact-C2=True #blocks=42 sizes=[3, 4, 5] max deg(O)=2 at O=(1.1839365549994783+0.8568016354841944j)  (#lines=0)
      r = 0.408442978: exact-C2=True #blocks=42 sizes=[3, 4, 5] max deg(O)=2 at O=(1.183909799056246+0.8568519637343728j)  (#lines=0)
      r = 0.408447894: exact-C2=True #blocks=42 sizes=[3, 4, 5] max deg(O)=2 at O=(1.1838981093825511+0.856873948787321j)  (#lines=0)
      r = 0.408448474: exact-C2=True #blocks=42 sizes=[3, 4, 5] max deg(O)=2 at O=(1.1838967301686842+0.8568765425734376j)  (#lines=0)
      r = 0.408456710: exact-C2=True #blocks=42 sizes=[3, 4, 5] max deg(O)=2 at O=(1.1838771443837481+0.8569133730474165j)  (#lines=0)
      r = 0.408456755: exact-C2=True #blocks=42 sizes=[3, 4, 5] max deg(O)=2 at O=(1.1838770373657304+0.8569135742757858j)  (#lines=0)
      r = 0.408457160: exact-C2=True #blocks=42 sizes=[3, 4, 5] max deg(O)=2 at O=(1.1838760742011938+0.8569153853278739j)  (#lines=0)
      r = 0.408459567: exact-C2=True #blocks=42 sizes=[3, 4, 5] max deg(O)=2 at O=(1.1838703498238432+0.8569261486703816j)  (#lines=0)
      r = 0.408460633: exact-C2=True #blocks=42 sizes=[3, 4, 5] max deg(O)=2 at O=(1.183867814592191+0.8569309154194165j)  (#lines=0)
      r = 0.408460834: exact-C2=True #blocks=42 sizes=[3, 4, 5] max deg(O)=2 at O=(1.1838673365573822+0.8569318142109148j)  (#lines=0)
      r = 0.408462008: exact-C2=True #blocks=42 sizes=[3, 4, 5] max deg(O)=2 at O=(1.183864544432502+0.8569370638400633j)  (#lines=0)
      r = 0.408462232: exact-C2=True #blocks=42 sizes=[3, 4, 5] max deg(O)=2 at O=(1.1838640116890842+0.8569380654673237j)  (#lines=0)
      r = 0.408463331: exact-C2=True #blocks=42 sizes=[3, 4, 5] max deg(O)=2 at O=(1.1838613978977113+0.8569429796752568j)  (#lines=0)
      r = 0.408463552: exact-C2=True #blocks=42 sizes=[3, 4, 5] max deg(O)=2 at O=(1.183860872281625+0.8569439678774975j)  (#lines=0)
      r = 0.408463898: exact-C2=True #blocks=42 sizes=[3, 4, 5] max deg(O)=2 at O=(1.1838600493688123+0.856945515014174j)  (#lines=0)
      r = 0.408464210: exact-C2=True #blocks=42 sizes=[3, 4, 5] max deg(O)=2 at O=(1.1838593073175845+0.8569469101164344j)  (#lines=0)
      r = 0.408465751: exact-C2=True #blocks=42 sizes=[3, 4, 5] max deg(O)=2 at O=(1.1838556422131894+0.8569538006188981j)  (#lines=0)
      r = 0.408467233: exact-C2=True #blocks=42 sizes=[3, 4, 5] max deg(O)=2 at O=(1.1838521173755334+0.8569604272263572j)  (#lines=0)
      r = 0.408467703: exact-C2=True #blocks=42 sizes=[3, 4, 5] max deg(O)=2 at O=(1.183850999500065+0.8569625287657423j)  (#lines=0)
      r = 0.408467818: exact-C2=True #blocks=42 sizes=[3, 4, 5] max deg(O)=2 at O=(1.1838507259764648+0.8569630429709947j)  (#lines=0)
      r = 0.408468297: exact-C2=True #blocks=42 sizes=[3, 4, 5] max deg(O)=2 at O=(1.1838495866874992+0.8569651847425983j)  (#lines=0)
      r = 0.408468464: exact-C2=True #blocks=42 sizes=[3, 4, 5] max deg(O)=2 at O=(1.1838491894809606+0.8569659314543745j)  (#lines=0)
      r = 0.408468469: exact-C2=True #blocks=42 sizes=[3, 4, 5] max deg(O)=2 at O=(1.1838491775885378+0.8569659538109994j)  (#lines=0)
      r = 0.408470670: exact-C2=True #blocks=42 sizes=[3, 4, 5] max deg(O)=2 at O=(1.1838439424807583+0.8569757951110101j)  (#lines=0)
      r = 0.408471230: exact-C2=True #blocks=42 sizes=[3, 4, 5] max deg(O)=2 at O=(1.1838426104931288+0.8569782990036019j)  (#lines=0)
      r = 0.408471271: exact-C2=True #blocks=42 sizes=[3, 4, 5] max deg(O)=2 at O=(1.1838425129722845+0.8569784823238717j)  (#lines=0)
      r = 0.408471922: exact-C2=True #blocks=42 sizes=[3, 4, 5] max deg(O)=2 at O=(1.1838409645256793+0.8569813930840668j)  (#lines=0)
      r = 0.408471934: exact-C2=True #blocks=42 sizes=[3, 4, 5] max deg(O)=2 at O=(1.1838409359827804+0.8569814467384917j)  (#lines=0)
      r = 0.408471993: exact-C2=True #blocks=42 sizes=[3, 4, 5] max deg(O)=2 at O=(1.1838407956468089+0.8569817105393382j)  (#lines=0)
      r = 0.408472052: exact-C2=True #blocks=42 sizes=[3, 4, 5] max deg(O)=2 at O=(1.1838406553107463+0.8569819743400606j)  (#lines=0)
      r = 0.408472054: exact-C2=True #blocks=42 sizes=[3, 4, 5] max deg(O)=2 at O=(1.1838406505535901+0.8569819832824562j)  (#lines=0)
      r = 0.408472096: exact-C2=True #blocks=42 sizes=[3, 4, 5] max deg(O)=2 at O=(1.1838405506532848+0.8569821710727228j)  (#lines=0)
      r = 0.408472123: exact-C2=True #blocks=42 sizes=[3, 4, 5] max deg(O)=2 at O=(1.1838404864316356+0.8569822917950036j)  (#lines=0)
      r = 0.408472130: exact-C2=True #blocks=42 sizes=[3, 4, 5] max deg(O)=2 at O=(1.1838404697815752+0.8569823230933689j)  (#lines=0)
      r = 0.408472136: exact-C2=True #blocks=42 sizes=[3, 4, 5] max deg(O)=2 at O=(1.1838404555100936+0.8569823499205376j)  (#lines=0)
      r = 0.408472148: exact-C2=True #blocks=42 sizes=[3, 4, 5] max deg(O)=2 at O=(1.1838404269671283+0.8569824035748708j)  (#lines=0)
      r = 0.408472225: exact-C2=True #blocks=42 sizes=[3, 4, 5] max deg(O)=2 at O=(1.183840243816344+0.856982747856722j)  (#lines=0)
      r = 0.408472319: exact-C2=True #blocks=42 sizes=[3, 4, 5] max deg(O)=2 at O=(1.183840020229463+0.8569831681485655j)  (#lines=0)
      r = 0.408472670: exact-C2=True #blocks=42 sizes=[3, 4, 5] max deg(O)=2 at O=(1.183839185344494+0.8569847375334256j)  (#lines=0)
      r = 0.408472708: exact-C2=True #blocks=42 sizes=[3, 4, 5] max deg(O)=2 at O=(1.1838390949578943+0.8569849074380764j)  (#lines=0)
      r = 0.408473420: exact-C2=True #blocks=42 sizes=[3, 4, 5] max deg(O)=2 at O=(1.1838374013914768+0.8569880909052173j)  (#lines=0)
      r = 0.408473648: exact-C2=True #blocks=42 sizes=[3, 4, 5] max deg(O)=2 at O=(1.183836859066849+0.8569891103262839j)  (#lines=0)
      r = 0.408474027: exact-C2=True #blocks=42 sizes=[3, 4, 5] max deg(O)=2 at O=(1.1838359575680846+0.8569908048861656j)  (#lines=0)
      r = 0.408474055: exact-C2=True #blocks=42 sizes=[3, 4, 5] max deg(O)=2 at O=(1.183835890966444+0.8569909300777225j)  (#lines=0)
      r = 0.408475216: exact-C2=True #blocks=42 sizes=[3, 4, 5] max deg(O)=2 at O=(1.1838331293589757+0.8569961210316941j)  (#lines=0)
      r = 0.408475960: exact-C2=True #blocks=42 sizes=[3, 4, 5] max deg(O)=2 at O=(1.1838313596281995+0.8569994475093377j)  (#lines=0)
      r = 0.408476554: exact-C2=True #blocks=42 sizes=[3, 4, 5] max deg(O)=2 at O=(1.1838299466876108+0.8570021033120574j)  (#lines=0)
      r = 0.408476850: exact-C2=True #blocks=42 sizes=[3, 4, 5] max deg(O)=2 at O=(1.1838292425925667+0.8570034267376916j)  (#lines=0)
      r = 0.408477252: exact-C2=True #blocks=42 sizes=[3, 4, 5] max deg(O)=2 at O=(1.1838282863517164+0.8570052240877951j)  (#lines=0)
      r = 0.408479036: exact-C2=True #blocks=42 sizes=[3, 4, 5] max deg(O)=2 at O=(1.183824042684713+0.8570132003185256j)  (#lines=0)
      r = 0.408480375: exact-C2=True #blocks=42 sizes=[3, 4, 5] max deg(O)=2 at O=(1.183820857501155+0.8570191868883186j)  (#lines=0)
      r = 0.408480660: exact-C2=True #blocks=42 sizes=[3, 4, 5] max deg(O)=2 at O=(1.1838201795434247+0.8570204610939862j)  (#lines=0)
      r = 0.408482034: exact-C2=True #blocks=42 sizes=[3, 4, 5] max deg(O)=2 at O=(1.1838169110437802+0.857026604066107j)  (#lines=0)
      r = 0.408488740: exact-C2=True #blocks=42 sizes=[3, 4, 5] max deg(O)=2 at O=(1.1838009579651465+0.857056584742494j)  (#lines=0)
      r = 0.408490141: exact-C2=True #blocks=42 sizes=[3, 4, 5] max deg(O)=2 at O=(1.1837976249414475+0.8570628480254409j)  (#lines=0)
      r = 0.408490478: exact-C2=True #blocks=42 sizes=[3, 4, 5] max deg(O)=2 at O=(1.183796823200054+0.8570643546005916j)  (#lines=0)
      r = 0.408491264: exact-C2=True #blocks=42 sizes=[3, 4, 5] max deg(O)=2 at O=(1.1837949532516385+0.8570678684367553j)  (#lines=0)
      r = 0.408491721: exact-C2=True #blocks=42 sizes=[3, 4, 5] max deg(O)=2 at O=(1.1837938660095895+0.8570699114586374j)  (#lines=0)
      r = 0.408495342: exact-C2=True #blocks=42 sizes=[3, 4, 5] max deg(O)=2 at O=(1.183785251148546+0.8570860989037893j)  (#lines=0)
      r = 0.408495515: exact-C2=True #blocks=42 sizes=[3, 4, 5] max deg(O)=2 at O=(1.1837848395489978+0.8570868722773923j)  (#lines=0)
      r = 0.408495785: exact-C2=True #blocks=42 sizes=[3, 4, 5] max deg(O)=2 at O=(1.183784197166639+0.8570880792745347j)  (#lines=0)
      r = 0.408496303: exact-C2=True #blocks=42 sizes=[3, 4, 5] max deg(O)=2 at O=(1.1837829647388631+0.8570903949136555j)  (#lines=0)
      r = 0.408496812: exact-C2=True #blocks=42 sizes=[3, 4, 5] max deg(O)=2 at O=(1.1837817537171065+0.8570926703103833j)  (#lines=0)
      r = 0.408500069: exact-C2=True #blocks=42 sizes=[3, 4, 5] max deg(O)=2 at O=(1.1837740044453915+0.8571072299494858j)  (#lines=0)
      r = 0.408501560: exact-C2=True #blocks=42 sizes=[3, 4, 5] max deg(O)=2 at O=(1.1837704568663663+0.8571138949825071j)  (#lines=0)
      r = 0.408502603: exact-C2=True #blocks=42 sizes=[3, 4, 5] max deg(O)=2 at O=(1.183767975192105+0.8571185573295764j)  (#lines=0)
      r = 0.408506578: exact-C2=True #blocks=42 sizes=[3, 4, 5] max deg(O)=2 at O=(1.183758516969158+0.8571363257478318j)  (#lines=0)
      r = 0.408506892: exact-C2=True #blocks=42 sizes=[3, 4, 5] max deg(O)=2 at O=(1.1837577698114659+0.8571377293172132j)  (#lines=0)
      r = 0.408507032: exact-C2=True #blocks=42 sizes=[3, 4, 5] max deg(O)=2 at O=(1.1837574366830037+0.8571383551113496j)  (#lines=0)
      r = 0.408508960: exact-C2=True #blocks=42 sizes=[3, 4, 5] max deg(O)=2 at O=(1.1837528489761802+0.8571469731198192j)  (#lines=0)
      r = 0.408509253: exact-C2=True #blocks=42 sizes=[3, 4, 5] max deg(O)=2 at O=(1.1837521517695087+0.8571482827952384j)  (#lines=0)
      r = 0.408511445: exact-C2=True #blocks=42 sizes=[3, 4, 5] max deg(O)=2 at O=(1.183746935735936+0.8571580806798125j)  (#lines=0)
      r = 0.408515089: exact-C2=True #blocks=42 sizes=[3, 4, 5] max deg(O)=2 at O=(1.1837382642787073+0.8571743683913786j)  (#lines=0)
      r = 0.408519305: exact-C2=True #blocks=42 sizes=[3, 4, 5] max deg(O)=2 at O=(1.1837282312275854+0.8571932122025813j)  (#lines=0)
      r = 0.408522834: exact-C2=True #blocks=42 sizes=[3, 4, 5] max deg(O)=2 at O=(1.1837198327124294+0.8572089849169555j)  (#lines=0)
      r = 0.408523177: exact-C2=True #blocks=42 sizes=[3, 4, 5] max deg(O)=2 at O=(1.1837190164041813+0.8572105179171868j)  (#lines=0)
      r = 0.408523910: exact-C2=True #blocks=42 sizes=[3, 4, 5] max deg(O)=2 at O=(1.1837172719217541+0.8572137939649014j)  (#lines=0)
      r = 0.408527042: exact-C2=True #blocks=42 sizes=[3, 4, 5] max deg(O)=2 at O=(1.183709817849933+0.8572277918146962j)  (#lines=0)
      r = 0.408527369: exact-C2=True #blocks=42 sizes=[3, 4, 5] max deg(O)=2 at O=(1.1837090395843934+0.8572292532559418j)  (#lines=0)
      r = 0.408528090: exact-C2=True #blocks=42 sizes=[3, 4, 5] max deg(O)=2 at O=(1.1837073235823286+0.8572324755640506j)  (#lines=0)
      r = 0.408528811: exact-C2=True #blocks=42 sizes=[3, 4, 5] max deg(O)=2 at O=(1.1837056075667103+0.8572356978536995j)  (#lines=0)
      r = 0.408530571: exact-C2=True #blocks=42 sizes=[3, 4, 5] max deg(O)=2 at O=(1.1837014186228403+0.8572435635594994j)  (#lines=0)
      r = 0.408532428: exact-C2=True #blocks=42 sizes=[3, 4, 5] max deg(O)=2 at O=(1.1836969987234829+0.85725186265369j)  (#lines=0)
      r = 0.408532477: exact-C2=True #blocks=42 sizes=[3, 4, 5] max deg(O)=2 at O=(1.1836968820959495+0.8572520816372848j)  (#lines=0)
      r = 0.408532515: exact-C2=True #blocks=42 sizes=[3, 4, 5] max deg(O)=2 at O=(1.1836967916500647+0.8572522514612384j)  (#lines=0)
      r = 0.408535295: exact-C2=True #blocks=42 sizes=[3, 4, 5] max deg(O)=2 at O=(1.1836901747173962+0.8572646752850723j)  (#lines=0)
      r = 0.408539307: exact-C2=True #blocks=42 sizes=[3, 4, 5] max deg(O)=2 at O=(1.1836806250334861+0.8572826044347681j)  (#lines=0)
      r = 0.408539471: exact-C2=True #blocks=42 sizes=[3, 4, 5] max deg(O)=2 at O=(1.1836802346586173+0.8572833373190551j)  (#lines=0)
      r = 0.408541194: exact-C2=True #blocks=42 sizes=[3, 4, 5] max deg(O)=2 at O=(1.1836761332997838+0.8572910370151536j)  (#lines=0)
      r = 0.408541276: exact-C2=True #blocks=42 sizes=[3, 4, 5] max deg(O)=2 at O=(1.1836759381084037+0.8572914034519219j)  (#lines=0)
      r = 0.408541788: exact-C2=True #blocks=42 sizes=[3, 4, 5] max deg(O)=2 at O=(1.1836747193485053+0.8572936914419527j)  (#lines=0)
      r = 0.408541933: exact-C2=True #blocks=42 sizes=[3, 4, 5] max deg(O)=2 at O=(1.1836743741906517+0.8572943394061884j)  (#lines=0)
      r = 0.408542029: exact-C2=True #blocks=42 sizes=[3, 4, 5] max deg(O)=2 at O=(1.1836741456720472+0.8572947684027885j)  (#lines=0)
      r = 0.408542120: exact-C2=True #blocks=42 sizes=[3, 4, 5] max deg(O)=2 at O=(1.1836739290552316+0.8572951750555138j)  (#lines=0)
      r = 0.408542837: exact-C2=True #blocks=42 sizes=[3, 4, 5] max deg(O)=2 at O=(1.1836722222976066+0.8572983791112041j)  (#lines=0)
      r = 0.408544356: exact-C2=True #blocks=42 sizes=[3, 4, 5] max deg(O)=2 at O=(1.1836686064028084+0.8573051670015128j)  (#lines=0)
      r = 0.408545649: exact-C2=True #blocks=42 sizes=[3, 4, 5] max deg(O)=2 at O=(1.1836655284410238+0.8573109449107312j)  (#lines=0)
      r = 0.408545669: exact-C2=True #blocks=42 sizes=[3, 4, 5] max deg(O)=2 at O=(1.183665480831064+0.8573110342824104j)  (#lines=0)
      r = 0.408547176: exact-C2=True #blocks=42 sizes=[3, 4, 5] max deg(O)=2 at O=(1.1836618933905954+0.8573177683975926j)  (#lines=0)
      r = 0.408547278: exact-C2=True #blocks=42 sizes=[3, 4, 5] max deg(O)=2 at O=(1.1836616505756314+0.8573182241874779j)  (#lines=0)
      r = 0.408551861: exact-C2=True #blocks=42 sizes=[3, 4, 5] max deg(O)=2 at O=(1.183650740286228+0.8573387030713544j)  (#lines=0)
      r = 0.408552933: exact-C2=True #blocks=42 sizes=[3, 4, 5] max deg(O)=2 at O=(1.1836481882041274+0.857343493136854j)  (#lines=0)
      r = 0.408557969: exact-C2=True #blocks=42 sizes=[3, 4, 5] max deg(O)=2 at O=(1.1836361987310842+0.857365995174475j)  (#lines=0)
      r = 0.408559917: exact-C2=True #blocks=42 sizes=[3, 4, 5] max deg(O)=2 at O=(1.1836315608466232+0.8573746990570561j)  (#lines=0)
      r = 0.408562090: exact-C2=True #blocks=42 sizes=[3, 4, 5] max deg(O)=2 at O=(1.183626387155556+0.8573844081058699j)  (#lines=0)
      r = 0.408562306: exact-C2=True #blocks=42 sizes=[3, 4, 5] max deg(O)=2 at O=(1.1836258728748936+0.8573853731931378j)  (#lines=0)
      r = 0.408567874: exact-C2=True #blocks=42 sizes=[3, 4, 5] max deg(O)=2 at O=(1.1836126154427333+0.8574102504263701j)  (#lines=0)
      r = 0.408568540: exact-C2=True #blocks=42 sizes=[3, 4, 5] max deg(O)=2 at O=(1.1836110296397597+0.8574132259699805j)  (#lines=0)
      r = 0.408571663: exact-C2=True #blocks=42 sizes=[3, 4, 5] max deg(O)=2 at O=(1.1836035933554667+0.857427178646783j)  (#lines=0)
      r = 0.408572498: exact-C2=True #blocks=42 sizes=[3, 4, 5] max deg(O)=2 at O=(1.183601605064778+0.8574309091308838j)  (#lines=0)
      r = 0.408576528: exact-C2=True #blocks=42 sizes=[3, 4, 5] max deg(O)=2 at O=(1.1835920086280116+0.8574489133946077j)  (#lines=0)
      r = 0.408582429: exact-C2=True #blocks=42 sizes=[3, 4, 5] max deg(O)=2 at O=(1.1835779561096187+0.8574752754209825j)  (#lines=0)
      r = 0.408584565: exact-C2=True #blocks=42 sizes=[3, 4, 5] max deg(O)=2 at O=(1.183572869260186+0.8574848174459551j)  (#lines=0)
      r = 0.408584644: exact-C2=True #blocks=42 sizes=[3, 4, 5] max deg(O)=2 at O=(1.1835726811206857+0.8574851703548201j)  (#lines=0)
      r = 0.408585775: exact-C2=True #blocks=42 sizes=[3, 4, 5] max deg(O)=2 at O=(1.1835699876120476+0.8574902227346448j)  (#lines=0)
      r = 0.408589712: exact-C2=True #blocks=42 sizes=[3, 4, 5] max deg(O)=2 at O=(1.183560611274869+0.857507809665341j)  (#lines=0)
      r = 0.408590492: exact-C2=True #blocks=42 sizes=[3, 4, 5] max deg(O)=2 at O=(1.1835587535833254+0.8575112939296798j)  (#lines=0)
      r = 0.408593903: exact-C2=True #blocks=42 sizes=[3, 4, 5] max deg(O)=2 at O=(1.1835506295691829+0.85752653063178j)  (#lines=0)
      r = 0.408595850: exact-C2=True #blocks=42 sizes=[3, 4, 5] max deg(O)=2 at O=(1.1835459922432352+0.8575352275614345j)  (#lines=0)
      r = 0.408596933: exact-C2=True #blocks=42 sizes=[3, 4, 5] max deg(O)=2 at O=(1.183543412732614+0.8575400650865258j)  (#lines=0)
      r = 0.408599920: exact-C2=True #blocks=42 sizes=[3, 4, 5] max deg(O)=2 at O=(1.1835362980792217+0.8575534071489672j)  (#lines=0)
      r = 0.408600365: exact-C2=True #blocks=42 sizes=[3, 4, 5] max deg(O)=2 at O=(1.1835352381260429+0.8575553948077455j)  (#lines=0)
      r = 0.408603541: exact-C2=True #blocks=42 sizes=[3, 4, 5] max deg(O)=2 at O=(1.1835276730071362+0.857569580680537j)  (#lines=0)
      r = 0.408604957: exact-C2=True #blocks=42 sizes=[3, 4, 5] max deg(O)=2 at O=(1.1835243000609206+0.8575759052488969j)  (#lines=0)
      r = 0.408607502: exact-C2=True #blocks=42 sizes=[3, 4, 5] max deg(O)=2 at O=(1.1835182376782096+0.8575872723202036j)  (#lines=0)
      r = 0.408607612: exact-C2=True #blocks=42 sizes=[3, 4, 5] max deg(O)=2 at O=(1.1835179756460794+0.857587763622617j)  (#lines=0)
      r = 0.408611765: exact-C2=True #blocks=42 sizes=[3, 4, 5] max deg(O)=2 at O=(1.1835080825116702+0.8576063122075054j)  (#lines=0)
      r = 0.408612641: exact-C2=True #blocks=42 sizes=[3, 4, 5] max deg(O)=2 at O=(1.1835059956771277+0.8576102246167109j)  (#lines=0)
      r = 0.408617560: exact-C2=True #blocks=42 sizes=[3, 4, 5] max deg(O)=2 at O=(1.1834942771108221+0.857632193449347j)  (#lines=0)
      r = 0.408617600: exact-C2=True #blocks=42 sizes=[3, 4, 5] max deg(O)=2 at O=(1.1834941818159754+0.8576323720905294j)  (#lines=0)
      r = 0.408617792: exact-C2=True #blocks=42 sizes=[3, 4, 5] max deg(O)=2 at O=(1.1834937244001331+0.8576332295674132j)  (#lines=0)
      r = 0.408617794: exact-C2=True #blocks=42 sizes=[3, 4, 5] max deg(O)=2 at O=(1.18349371963538+0.8576332384994572j)  (#lines=0)
      r = 0.408617887: exact-C2=True #blocks=42 sizes=[3, 4, 5] max deg(O)=2 at O=(1.1834934980742313+0.8576336538393459j)  (#lines=0)
      r = 0.408618034: exact-C2=True #blocks=42 sizes=[3, 4, 5] max deg(O)=2 at O=(1.1834931478642146+0.8576343103437041j)  (#lines=0)
      r = 0.408618040: exact-C2=True #blocks=42 sizes=[3, 4, 5] max deg(O)=2 at O=(1.1834931335699164+0.8576343371397839j)  (#lines=0)
      r = 0.408618192: exact-C2=True #blocks=42 sizes=[3, 4, 5] max deg(O)=2 at O=(1.1834927714473795+0.857635015973383j)  (#lines=0)
      r = 0.408618487: exact-C2=True #blocks=42 sizes=[3, 4, 5] max deg(O)=2 at O=(1.1834920686420551+0.8576363334441446j)  (#lines=0)
      r = 0.408619953: exact-C2=True #blocks=42 sizes=[3, 4, 5] max deg(O)=2 at O=(1.1834885760233607+0.857642880558077j)  (#lines=0)
      r = 0.408622388: exact-C2=True #blocks=42 sizes=[3, 4, 5] max deg(O)=2 at O=(1.1834827747220498+0.8576537550294954j)  (#lines=0)
      r = 0.408626165: exact-C2=True #blocks=42 sizes=[3, 4, 5] max deg(O)=2 at O=(1.1834737758479534+0.8576706223247081j)  (#lines=0)
      r = 0.408634295: exact-C2=True #blocks=42 sizes=[3, 4, 5] max deg(O)=2 at O=(1.1834544044941446+0.8577069274918028j)  (#lines=0)
      r = 0.408639320: exact-C2=True #blocks=42 sizes=[3, 4, 5] max deg(O)=2 at O=(1.1834424305649758+0.8577293658582513j)  (#lines=0)
      r = 0.408643317: exact-C2=True #blocks=42 sizes=[3, 4, 5] max deg(O)=2 at O=(1.1834329057586284+0.8577472132079356j)  (#lines=0)
      r = 0.408644056: exact-C2=True #blocks=42 sizes=[3, 4, 5] max deg(O)=2 at O=(1.1834311446843628+0.8577505129184544j)  (#lines=0)
      r = 0.408645661: exact-C2=True #blocks=42 sizes=[3, 4, 5] max deg(O)=2 at O=(1.1834273198394976+0.8577576793406465j)  (#lines=0)
      r = 0.408646769: exact-C2=True #blocks=42 sizes=[3, 4, 5] max deg(O)=2 at O=(1.183424679346751+0.8577626265743493j)  (#lines=0)
      r = 0.408649776: exact-C2=True #blocks=42 sizes=[3, 4, 5] max deg(O)=2 at O=(1.183417513155424+0.8577760526467519j)  (#lines=0)
      r = 0.408650091: exact-C2=True #blocks=42 sizes=[3, 4, 5] max deg(O)=2 at O=(1.183416762443356+0.8577774590840366j)  (#lines=0)
      r = 0.408656383: exact-C2=True #blocks=42 sizes=[3, 4, 5] max deg(O)=2 at O=(1.1834017667271097+0.8578055513722826j)  (#lines=0)
      r = 0.408670794: exact-C2=True #blocks=42 sizes=[3, 4, 5] max deg(O)=2 at O=(1.183367417128485+0.857869887771042j)  (#lines=0)
      r = 0.408673148: exact-C2=True #blocks=42 sizes=[3, 4, 5] max deg(O)=2 at O=(1.183361805696341+0.85788039625624j)  (#lines=0)
      r = 0.408673696: exact-C2=True #blocks=42 sizes=[3, 4, 5] max deg(O)=2 at O=(1.183360499360965+0.8578828425533462j)  (#lines=0)
      r = 0.408673762: exact-C2=True #blocks=42 sizes=[3, 4, 5] max deg(O)=2 at O=(1.1833603420280756+0.85788313717965j)  (#lines=0)
      r = 0.408675681: exact-C2=True #blocks=42 sizes=[3, 4, 5] max deg(O)=2 at O=(1.183355767405608+0.8578917035949731j)  (#lines=0)
      r = 0.408678787: exact-C2=True #blocks=42 sizes=[3, 4, 5] max deg(O)=2 at O=(1.1833483629414727+0.8579055685006248j)  (#lines=0)
      r = 0.408681893: exact-C2=True #blocks=42 sizes=[3, 4, 5] max deg(O)=2 at O=(1.1833409582265695+0.8579194330635302j)  (#lines=0)
      r = 0.408706285: exact-C2=True #blocks=42 sizes=[3, 4, 5] max deg(O)=2 at O=(1.1832827988973489+0.8580283021586822j)  (#lines=0)
      r = 0.408707102: exact-C2=True #blocks=42 sizes=[3, 4, 5] max deg(O)=2 at O=(1.1832808506069818+0.8580319483183261j)  (#lines=0)
      r = 0.408708204: exact-C2=True #blocks=42 sizes=[3, 4, 5] max deg(O)=2 at O=(1.1832782226529712+0.8580368663565556j)  (#lines=0)
      r = 0.408729490: exact-C2=True #blocks=42 sizes=[3, 4, 5] max deg(O)=2 at O=(1.183227455457415+0.8581318536811778j)  (#lines=0)
      r = 0.408769573: exact-C2=True #blocks=42 sizes=[3, 4, 5] max deg(O)=2 at O=(1.183131825407757+0.8583106776326617j)  (#lines=0)
      r = 0.408977060: exact-C2=True #blocks=42 sizes=[3, 4, 5] max deg(O)=4 at O=(2.8916930512881502+2.1009378919328117j)  (#lines=0)
      r = 0.408977061: exact-C2=True #blocks=42 sizes=[3, 4, 5] max deg(O)=4 at O=(2.891693054488862+2.100937933888941j)  (#lines=0)
      r = 0.408977062: exact-C2=True #blocks=42 sizes=[3, 4, 5] max deg(O)=4 at O=(2.8916930576895723+2.1009379758450724j)  (#lines=0)
      r = 0.408977063: exact-C2=True #blocks=42 sizes=[3, 4, 5] max deg(O)=4 at O=(2.891693060890282+2.1009380178012007j)  (#lines=0)
      r = 0.408977064: exact-C2=True #blocks=42 sizes=[3, 4, 5] max deg(O)=4 at O=(2.8916930640909912+2.10093805975733j)  (#lines=0)
      r = 0.408977065: exact-C2=True #blocks=42 sizes=[3, 4, 5] max deg(O)=4 at O=(2.8916930672916994+2.1009381017134636j)  (#lines=0)
      r = 0.408977066: exact-C2=True #blocks=42 sizes=[3, 4, 5] max deg(O)=4 at O=(2.891693070492407+2.1009381436695946j)  (#lines=0)
      r = 0.409036068: exact-C2=True #blocks=42 sizes=[3, 4, 5] max deg(O)=2 at O=(1.1824949631534412+0.8594981507204826j)  (#lines=0)
      r = 0.409036521: exact-C2=True #blocks=42 sizes=[3, 4, 5] max deg(O)=2 at O=(1.182493879023637+0.8595001670898217j)  (#lines=0)
      r = 0.409049290: exact-C2=True #blocks=42 sizes=[3, 4, 5] max deg(O)=2 at O=(1.1824633177869477+0.8595570007762001j)  (#lines=0)
      r = 0.409083665: exact-C2=True #blocks=42 sizes=[3, 4, 5] max deg(O)=2 at O=(1.182381023996924+0.8597099720297584j)  (#lines=0)
      r = 0.409091796: exact-C2=True #blocks=42 sizes=[3, 4, 5] max deg(O)=2 at O=(1.1823615539174728+0.8597461494247176j)  (#lines=0)
      r = 0.409092574: exact-C2=True #blocks=42 sizes=[3, 4, 5] max deg(O)=2 at O=(1.1823596908688672+0.8597496108699074j)  (#lines=0)
      r = 0.409113057: exact-C2=True #blocks=42 sizes=[3, 4, 5] max deg(O)=2 at O=(1.1823106353538695+0.8598407352339128j)  (#lines=0)
      r = 0.409126238: exact-C2=True #blocks=42 sizes=[3, 4, 5] max deg(O)=2 at O=(1.1822790619593952+0.8598993667120969j)  (#lines=0)
      r = 0.409126248: exact-C2=True #blocks=42 sizes=[3, 4, 5] max deg(O)=2 at O=(1.1822790380039787+0.8598994111915639j)  (#lines=0)
      r = 0.409132340: exact-C2=True #blocks=42 sizes=[3, 4, 5] max deg(O)=2 at O=(1.1822644438857113+0.8599265074214681j)  (#lines=0)
      r = 0.409151097: exact-C2=True #blocks=42 sizes=[3, 4, 5] max deg(O)=2 at O=(1.1822195032358582+0.8600099272296795j)  (#lines=0)
      r = 0.409157583: exact-C2=True #blocks=42 sizes=[3, 4, 5] max deg(O)=2 at O=(1.1822039610600843+0.8600387701279028j)  (#lines=0)
      r = 0.409159609: exact-C2=True #blocks=42 sizes=[3, 4, 5] max deg(O)=2 at O=(1.182199106004912+0.8600477793357124j)  (#lines=0)
      r = 0.409160334: exact-C2=True #blocks=42 sizes=[3, 4, 5] max deg(O)=2 at O=(1.1821973686075737+0.8600510032270114j)  (#lines=0)
      r = 0.409160664: exact-C2=True #blocks=42 sizes=[3, 4, 5] max deg(O)=2 at O=(1.1821965777877528+0.8600524706472015j)  (#lines=0)
      r = 0.409160680: exact-C2=True #blocks=42 sizes=[3, 4, 5] max deg(O)=2 at O=(1.182196539444902+0.8600525417947488j)  (#lines=0)
      r = 0.409162491: exact-C2=True #blocks=42 sizes=[3, 4, 5] max deg(O)=2 at O=(1.1821921994709323+0.8600605947488715j)  (#lines=0)
      r = 0.409163785: exact-C2=True #blocks=42 sizes=[3, 4, 5] max deg(O)=2 at O=(1.1821890984107652+0.8600663486932014j)  (#lines=0)
      r = 0.409170668: exact-C2=True #blocks=42 sizes=[3, 4, 5] max deg(O)=2 at O=(1.182172602634585+0.8600969538733351j)  (#lines=0)
      r = 0.409173835: exact-C2=True #blocks=42 sizes=[3, 4, 5] max deg(O)=2 at O=(1.1821650122027636+0.8601110353360424j)  (#lines=0)
      r = 0.409173847: exact-C2=True #blocks=42 sizes=[3, 4, 5] max deg(O)=2 at O=(1.1821649834415586+0.8601110886910801j)  (#lines=0)
      r = 0.409174623: exact-C2=True #blocks=42 sizes=[3, 4, 5] max deg(O)=2 at O=(1.1821631235424301+0.8601145389726106j)  (#lines=0)
      r = 0.409174684: exact-C2=True #blocks=42 sizes=[3, 4, 5] max deg(O)=2 at O=(1.1821629773383628+0.8601148101922853j)  (#lines=0)
      r = 0.409176561: exact-C2=True #blocks=42 sizes=[3, 4, 5] max deg(O)=2 at O=(1.1821584785204897+0.8601231556903768j)  (#lines=0)
      r = 0.409176866: exact-C2=True #blocks=42 sizes=[3, 4, 5] max deg(O)=2 at O=(1.1821577474839828+0.8601245117663983j)  (#lines=0)
      r = 0.409180327: exact-C2=True #blocks=42 sizes=[3, 4, 5] max deg(O)=2 at O=(1.1821494518495652+0.8601398996627296j)  (#lines=0)
      r = 0.409180473: exact-C2=True #blocks=42 sizes=[3, 4, 5] max deg(O)=2 at O=(1.1821491018969288+0.8601405487816075j)  (#lines=0)
      r = 0.409180770: exact-C2=True #blocks=42 sizes=[3, 4, 5] max deg(O)=2 at O=(1.1821483900052845+0.8601418692471208j)  (#lines=0)
      r = 0.409180786: exact-C2=True #blocks=42 sizes=[3, 4, 5] max deg(O)=2 at O=(1.1821483516541549+0.8601419403832206j)  (#lines=0)
      r = 0.409181493: exact-C2=True #blocks=42 sizes=[3, 4, 5] max deg(O)=2 at O=(1.182146657007046+0.8601450837005515j)  (#lines=0)
      r = 0.409181712: exact-C2=True #blocks=42 sizes=[3, 4, 5] max deg(O)=2 at O=(1.1821461320713158+0.860146057369497j)  (#lines=0)
      r = 0.409181714: exact-C2=True #blocks=42 sizes=[3, 4, 5] max deg(O)=2 at O=(1.1821461272773766+0.8601460662614433j)  (#lines=0)
      r = 0.409181793: exact-C2=True #blocks=42 sizes=[3, 4, 5] max deg(O)=2 at O=(1.182145937916692+0.8601464174931952j)  (#lines=0)
      r = 0.409181843: exact-C2=True #blocks=42 sizes=[3, 4, 5] max deg(O)=2 at O=(1.1821458180680744+0.860146639791658j)  (#lines=0)
      r = 0.409181919: exact-C2=True #blocks=42 sizes=[3, 4, 5] max deg(O)=2 at O=(1.1821456358980529+0.8601469776851509j)  (#lines=0)
      r = 0.409181955: exact-C2=True #blocks=42 sizes=[3, 4, 5] max deg(O)=2 at O=(1.1821455496069377+0.8601471377398919j)  (#lines=0)
      r = 0.409181966: exact-C2=True #blocks=42 sizes=[3, 4, 5] max deg(O)=2 at O=(1.1821455232402016+0.8601471866454976j)  (#lines=0)
      r = 0.409181996: exact-C2=True #blocks=42 sizes=[3, 4, 5] max deg(O)=2 at O=(1.1821454513309053+0.8601473200244012j)  (#lines=0)
      r = 0.409182056: exact-C2=True #blocks=42 sizes=[3, 4, 5] max deg(O)=2 at O=(1.182145307512243+0.860147586782112j)  (#lines=0)
      r = 0.409182327: exact-C2=True #blocks=42 sizes=[3, 4, 5] max deg(O)=2 at O=(1.1821446579301322+0.8601487916361774j)  (#lines=0)
      r = 0.409182419: exact-C2=True #blocks=42 sizes=[3, 4, 5] max deg(O)=2 at O=(1.1821444374073622+0.8601492006635317j)  (#lines=0)
      r = 0.409185415: exact-C2=True #blocks=42 sizes=[3, 4, 5] max deg(O)=2 at O=(1.1821372559164025+0.8601625205636336j)  (#lines=0)
      r = 0.409185893: exact-C2=True #blocks=42 sizes=[3, 4, 5] max deg(O)=2 at O=(1.1821361101164423+0.8601646456716889j)  (#lines=0)
      r = 0.409187345: exact-C2=True #blocks=42 sizes=[3, 4, 5] max deg(O)=2 at O=(1.1821326295332366+0.86017110097098j)  (#lines=0)
      r = 0.409187571: exact-C2=True #blocks=42 sizes=[3, 4, 5] max deg(O)=2 at O=(1.1821320877846913+0.8601721057146741j)  (#lines=0)
      r = 0.409188057: exact-C2=True #blocks=42 sizes=[3, 4, 5] max deg(O)=2 at O=(1.1821309227811563+0.860174266352034j)  (#lines=0)
      r = 0.409188257: exact-C2=True #blocks=42 sizes=[3, 4, 5] max deg(O)=2 at O=(1.1821304433540678+0.8601751555007715j)  (#lines=0)
      r = 0.409189698: exact-C2=True #blocks=42 sizes=[3, 4, 5] max deg(O)=2 at O=(1.1821269890514825+0.8601815617753413j)  (#lines=0)
      r = 0.409189707: exact-C2=True #blocks=42 sizes=[3, 4, 5] max deg(O)=2 at O=(1.1821269674769053+0.86018160178654j)  (#lines=0)
      r = 0.409189717: exact-C2=True #blocks=42 sizes=[3, 4, 5] max deg(O)=2 at O=(1.1821269435051516+0.860181646243422j)  (#lines=0)
      r = 0.409190097: exact-C2=True #blocks=42 sizes=[3, 4, 5] max deg(O)=2 at O=(1.1821260325765766+0.8601833356023572j)  (#lines=0)
      r = 0.409192192: exact-C2=True #blocks=42 sizes=[3, 4, 5] max deg(O)=2 at O=(1.1821210104168194+0.8601926492126468j)  (#lines=0)
      r = 0.409193857: exact-C2=True #blocks=42 sizes=[3, 4, 5] max deg(O)=2 at O=(1.1821170189778267+0.8602000510874774j)  (#lines=0)
      r = 0.409194812: exact-C2=True #blocks=42 sizes=[3, 4, 5] max deg(O)=2 at O=(1.1821147295617185+0.8602042965627565j)  (#lines=0)
      r = 0.409198242: exact-C2=True #blocks=42 sizes=[3, 4, 5] max deg(O)=2 at O=(1.1821065066486445+0.8602195444419531j)  (#lines=0)
      r = 0.409198448: exact-C2=True #blocks=42 sizes=[3, 4, 5] max deg(O)=2 at O=(1.1821060127847574+0.8602204601904662j)  (#lines=0)
      r = 0.409198523: exact-C2=True #blocks=42 sizes=[3, 4, 5] max deg(O)=2 at O=(1.1821058329796725+0.8602207935936768j)  (#lines=0)
      r = 0.409198944: exact-C2=True #blocks=42 sizes=[3, 4, 5] max deg(O)=2 at O=(1.1821048236711131+0.8602226650933137j)  (#lines=0)
      r = 0.409201405: exact-C2=True #blocks=42 sizes=[3, 4, 5] max deg(O)=2 at O=(1.1820989235600319+0.8602336050160622j)  (#lines=0)
      r = 0.409202220: exact-C2=True #blocks=42 sizes=[3, 4, 5] max deg(O)=2 at O=(1.1820969696083743+0.8602372279011197j)  (#lines=0)
      r = 0.409202361: exact-C2=True #blocks=42 sizes=[3, 4, 5] max deg(O)=2 at O=(1.1820966315610164+0.8602378546800624j)  (#lines=0)
      r = 0.409207742: exact-C2=True #blocks=42 sizes=[3, 4, 5] max deg(O)=2 at O=(1.1820837302368592+0.8602617739917114j)  (#lines=0)
      r = 0.409208298: exact-C2=True #blocks=42 sizes=[3, 4, 5] max deg(O)=2 at O=(1.1820823971454952+0.8602642454321906j)  (#lines=0)
      r = 0.409209152: exact-C2=True #blocks=42 sizes=[3, 4, 5] max deg(O)=2 at O=(1.1820803495400396+0.8602680414722201j)  (#lines=0)
      r = 0.409210828: exact-C2=True #blocks=42 sizes=[3, 4, 5] max deg(O)=2 at O=(1.1820763309998723+0.8602754912364529j)  (#lines=0)
      r = 0.409211373: exact-C2=True #blocks=42 sizes=[3, 4, 5] max deg(O)=2 at O=(1.1820750242394453+0.8602779137217802j)  (#lines=0)
      r = 0.409214602: exact-C2=True #blocks=42 sizes=[3, 4, 5] max deg(O)=2 at O=(1.1820672818269564+0.8602922661748887j)  (#lines=0)
      r = 0.409217511: exact-C2=True #blocks=42 sizes=[3, 4, 5] max deg(O)=2 at O=(1.1820603064726172+0.8603051959550618j)  (#lines=0)
      r = 0.409218271: exact-C2=True #blocks=42 sizes=[3, 4, 5] max deg(O)=2 at O=(1.1820584840684998+0.8603085739160774j)  (#lines=0)
      r = 0.409222057: exact-C2=True #blocks=42 sizes=[3, 4, 5] max deg(O)=2 at O=(1.1820494053972659+0.8603254011892962j)  (#lines=0)
      r = 0.409226118: exact-C2=True #blocks=42 sizes=[3, 4, 5] max deg(O)=2 at O=(1.1820396668777966+0.8603434501617486j)  (#lines=0)
      r = 0.409228074: exact-C2=True #blocks=42 sizes=[3, 4, 5] max deg(O)=2 at O=(1.182034976122217+0.8603521433259012j)  (#lines=0)
      r = 0.409229714: exact-C2=True #blocks=42 sizes=[3, 4, 5] max deg(O)=2 at O=(1.1820310431020677+0.860359431967999j)  (#lines=0)
      r = 0.409230063: exact-C2=True #blocks=42 sizes=[3, 4, 5] max deg(O)=2 at O=(1.1820302061272732+0.8603609830142382j)  (#lines=0)
      r = 0.409230874: exact-C2=True #blocks=42 sizes=[3, 4, 5] max deg(O)=2 at O=(1.182028261168023+0.8603645872911965j)  (#lines=0)
      r = 0.409236075: exact-C2=True #blocks=42 sizes=[3, 4, 5] max deg(O)=2 at O=(1.1820157876058048+0.8603877012162289j)  (#lines=0)
      r = 0.409237429: exact-C2=True #blocks=42 sizes=[3, 4, 5] max deg(O)=2 at O=(1.1820125401925272+0.8603937184115853j)  (#lines=0)
      r = 0.409245552: exact-C2=True #blocks=42 sizes=[3, 4, 5] max deg(O)=2 at O=(1.1819930571220558+0.8604298157697956j)  (#lines=0)
      r = 0.409252572: exact-C2=True #blocks=42 sizes=[3, 4, 5] max deg(O)=2 at O=(1.181976218238735+0.8604610096745083j)  (#lines=0)
      r = 0.409255831: exact-C2=True #blocks=42 sizes=[3, 4, 5] max deg(O)=2 at O=(1.1819684004407562+0.8604754906930936j)  (#lines=0)
      r = 0.409256092: exact-C2=True #blocks=42 sizes=[3, 4, 5] max deg(O)=2 at O=(1.181967774333443+0.8604766504023811j)  (#lines=0)
      r = 0.409256288: exact-C2=True #blocks=42 sizes=[3, 4, 5] max deg(O)=2 at O=(1.1819673041520877+0.8604775212935853j)  (#lines=0)
      r = 0.409256913: exact-C2=True #blocks=42 sizes=[3, 4, 5] max deg(O)=2 at O=(1.1819658048427057+0.8604802983609967j)  (#lines=0)
      r = 0.409258971: exact-C2=True #blocks=42 sizes=[3, 4, 5] max deg(O)=2 at O=(1.1819608678458473+0.8604894425903069j)  (#lines=0)
      r = 0.409260390: exact-C2=True #blocks=42 sizes=[3, 4, 5] max deg(O)=2 at O=(1.1819574637015502+0.8604957474885992j)  (#lines=0)
      r = 0.409264464: exact-C2=True #blocks=42 sizes=[3, 4, 5] max deg(O)=2 at O=(1.1819476899934944+0.8605138486799431j)  (#lines=0)
      r = 0.409264526: exact-C2=True #blocks=42 sizes=[3, 4, 5] max deg(O)=2 at O=(1.181947541249431+0.8605141241476085j)  (#lines=0)
      r = 0.409265235: exact-C2=True #blocks=42 sizes=[3, 4, 5] max deg(O)=2 at O=(1.1819458402820648+0.8605172742439304j)  (#lines=0)
      r = 0.409268756: exact-C2=True #blocks=42 sizes=[3, 4, 5] max deg(O)=2 at O=(1.1819373928325412+0.8605329178281655j)  (#lines=0)
      r = 0.409269285: exact-C2=True #blocks=42 sizes=[3, 4, 5] max deg(O)=2 at O=(1.1819361236483108+0.8605352681041691j)  (#lines=0)
      r = 0.409272130: exact-C2=True #blocks=42 sizes=[3, 4, 5] max deg(O)=2 at O=(1.1819292977610825+0.8605479078865114j)  (#lines=0)
      r = 0.409272136: exact-C2=True #blocks=42 sizes=[3, 4, 5] max deg(O)=2 at O=(1.1819292833653183+0.8605479345430416j)  (#lines=0)
      r = 0.409273602: exact-C2=True #blocks=42 sizes=[3, 4, 5] max deg(O)=2 at O=(1.1819257659726272+0.860554447583473j)  (#lines=0)
      r = 0.409273701: exact-C2=True #blocks=42 sizes=[3, 4, 5] max deg(O)=2 at O=(1.1819255284386616+0.8605548874108677j)  (#lines=0)
      r = 0.409273961: exact-C2=True #blocks=42 sizes=[3, 4, 5] max deg(O)=2 at O=(1.181924904610888+0.8605560425114542j)  (#lines=0)
      r = 0.409282865: exact-C2=True #blocks=42 sizes=[3, 4, 5] max deg(O)=2 at O=(1.1819035398612776+0.8605955988116665j)  (#lines=0)
      r = 0.409286607: exact-C2=True #blocks=42 sizes=[3, 4, 5] max deg(O)=2 at O=(1.1818945604921567+0.8606122219222216j)  (#lines=0)
      r = 0.409288153: exact-C2=True #blocks=42 sizes=[3, 4, 5] max deg(O)=2 at O=(1.1818908505783718+0.8606190895824171j)  (#lines=0)
      r = 0.409292349: exact-C2=True #blocks=42 sizes=[3, 4, 5] max deg(O)=2 at O=(1.1818807811887277+0.860637728676356j)  (#lines=0)
      r = 0.409292515: exact-C2=True #blocks=42 sizes=[3, 4, 5] max deg(O)=2 at O=(1.1818803828194044+0.860638466053743j)  (#lines=0)
      r = 0.409292631: exact-C2=True #blocks=42 sizes=[3, 4, 5] max deg(O)=2 at O=(1.181880104440421+0.8606389813289257j)  (#lines=0)
      r = 0.409300665: exact-C2=True #blocks=42 sizes=[3, 4, 5] max deg(O)=2 at O=(1.18186082345561+0.8606746674119576j)  (#lines=0)
      r = 0.409301005: exact-C2=True #blocks=42 sizes=[3, 4, 5] max deg(O)=2 at O=(1.1818600074451036+0.8606761776012921j)  (#lines=0)
      r = 0.409302991: exact-C2=True #blocks=42 sizes=[3, 4, 5] max deg(O)=2 at O=(1.1818552409244494+0.8606849988014738j)  (#lines=0)
      r = 0.409305459: exact-C2=True #blocks=42 sizes=[3, 4, 5] max deg(O)=2 at O=(1.1818493174334468+0.8606959607015136j)  (#lines=0)
      r = 0.409306578: exact-C2=True #blocks=42 sizes=[3, 4, 5] max deg(O)=2 at O=(1.1818466316499974+0.860700930794636j)  (#lines=0)
      r = 0.409306972: exact-C2=True #blocks=42 sizes=[3, 4, 5] max deg(O)=2 at O=(1.1818456859777555+0.8607026807542576j)  (#lines=0)
      r = 0.409313896: exact-C2=True #blocks=42 sizes=[3, 4, 5] max deg(O)=2 at O=(1.181829066458033+0.8607334329499028j)  (#lines=0)
      r = 0.409318934: exact-C2=True #blocks=42 sizes=[3, 4, 5] max deg(O)=2 at O=(1.1818169730879997+0.8607558076082633j)  (#lines=0)
      r = 0.409319177: exact-C2=True #blocks=42 sizes=[3, 4, 5] max deg(O)=2 at O=(1.1818163897668683+0.8607568867918485j)  (#lines=0)
      r = 0.409319571: exact-C2=True #blocks=42 sizes=[3, 4, 5] max deg(O)=2 at O=(1.1818154439672457+0.8607586365747588j)  (#lines=0)
      r = 0.409322154: exact-C2=True #blocks=42 sizes=[3, 4, 5] max deg(O)=2 at O=(1.181809243359906+0.8607701077304157j)  (#lines=0)
      r = 0.409322494: exact-C2=True #blocks=42 sizes=[3, 4, 5] max deg(O)=2 at O=(1.1818084271619087+0.8607716176596578j)  (#lines=0)
      r = 0.409325067: exact-C2=True #blocks=42 sizes=[3, 4, 5] max deg(O)=2 at O=(1.1818022503673924+0.8607830441378276j)  (#lines=0)
      r = 0.409325729: exact-C2=True #blocks=42 sizes=[3, 4, 5] max deg(O)=2 at O=(1.1818006611296727+0.8607859839864347j)  (#lines=0)
      r = 0.409326788: exact-C2=True #blocks=42 sizes=[3, 4, 5] max deg(O)=2 at O=(1.181798118806076+0.8607906868235925j)  (#lines=0)
      r = 0.409326880: exact-C2=True #blocks=42 sizes=[3, 4, 5] max deg(O)=2 at O=(1.1817978979418555+0.860791095377911j)  (#lines=0)
      r = 0.409327761: exact-C2=True #blocks=42 sizes=[3, 4, 5] max deg(O)=2 at O=(1.1817957829158807+0.860795007714326j)  (#lines=0)
      r = 0.409327794: exact-C2=True #blocks=42 sizes=[3, 4, 5] max deg(O)=2 at O=(1.1817957036920468+0.8607951542598744j)  (#lines=0)
      r = 0.409327853: exact-C2=True #blocks=42 sizes=[3, 4, 5] max deg(O)=2 at O=(1.1817955620493643+0.8607954162654569j)  (#lines=0)
      r = 0.409327864: exact-C2=True #blocks=42 sizes=[3, 4, 5] max deg(O)=2 at O=(1.1817955356413967+0.8607954651139411j)  (#lines=0)
      r = 0.409327876: exact-C2=True #blocks=42 sizes=[3, 4, 5] max deg(O)=2 at O=(1.181795506832701+0.8607955184031924j)  (#lines=0)
      r = 0.409327883: exact-C2=True #blocks=42 sizes=[3, 4, 5] max deg(O)=2 at O=(1.181795490027627+0.860795549488586j)  (#lines=0)
      r = 0.409327884: exact-C2=True #blocks=42 sizes=[3, 4, 5] max deg(O)=2 at O=(1.181795487626902+0.8607955539293571j)  (#lines=0)
      r = 0.409327914: exact-C2=True #blocks=42 sizes=[3, 4, 5] max deg(O)=2 at O=(1.1817954156051413+0.860795687152453j)  (#lines=0)
      r = 0.409329307: exact-C2=True #blocks=42 sizes=[3, 4, 5] max deg(O)=2 at O=(1.1817920713692789+0.8608018731096218j)  (#lines=0)
      r = 0.409330143: exact-C2=True #blocks=42 sizes=[3, 4, 5] max deg(O)=2 at O=(1.1817900643237114+0.8608055855389031j)  (#lines=0)
      r = 0.409330325: exact-C2=True #blocks=42 sizes=[3, 4, 5] max deg(O)=2 at O=(1.1817896273807933+0.8608063937438926j)  (#lines=0)
      r = 0.409331284: exact-C2=True #blocks=42 sizes=[3, 4, 5] max deg(O)=2 at O=(1.1817873250136883+0.8608106523430188j)  (#lines=0)
      r = 0.409331806: exact-C2=True #blocks=42 sizes=[3, 4, 5] max deg(O)=2 at O=(1.1817860717862252+0.8608129703571439j)  (#lines=0)
      r = 0.409331987: exact-C2=True #blocks=42 sizes=[3, 4, 5] max deg(O)=2 at O=(1.181785637236373+0.8608137741107356j)  (#lines=0)
      r = 0.409332064: exact-C2=True #blocks=42 sizes=[3, 4, 5] max deg(O)=2 at O=(1.1817854523723688+0.8608141160387053j)  (#lines=0)
      r = 0.409332505: exact-C2=True #blocks=42 sizes=[3, 4, 5] max deg(O)=2 at O=(1.181784393602871+0.8608160743493738j)  (#lines=0)
      r = 0.409335156: exact-C2=True #blocks=42 sizes=[3, 4, 5] max deg(O)=2 at O=(1.1817780288765667+0.8608278462705462j)  (#lines=0)
      r = 0.409335773: exact-C2=True #blocks=42 sizes=[3, 4, 5] max deg(O)=2 at O=(1.1817765475092779+0.8608305860593856j)  (#lines=0)
      r = 0.409336001: exact-C2=True #blocks=42 sizes=[3, 4, 5] max deg(O)=2 at O=(1.1817760000971766+0.8608315984900816j)  (#lines=0)
      r = 0.409338538: exact-C2=True #blocks=42 sizes=[3, 4, 5] max deg(O)=2 at O=(1.1817699088471283+0.8608428638769487j)  (#lines=0)
      r = 0.409338753: exact-C2=True #blocks=42 sizes=[3, 4, 5] max deg(O)=2 at O=(1.1817693926319095+0.8608438185602189j)  (#lines=0)
      r = 0.409339118: exact-C2=True #blocks=42 sizes=[3, 4, 5] max deg(O)=2 at O=(1.1817685162638232+0.8608454392978157j)  (#lines=0)
      r = 0.409342317: exact-C2=True #blocks=42 sizes=[3, 4, 5] max deg(O)=2 at O=(1.1817608352915714+0.8608596438608165j)  (#lines=0)
      r = 0.409345118: exact-C2=True #blocks=42 sizes=[3, 4, 5] max deg(O)=2 at O=(1.1817541097233744+0.8608720808798682j)  (#lines=0)
      r = 0.409347160: exact-C2=True #blocks=42 sizes=[3, 4, 5] max deg(O)=2 at O=(1.1817492064868755+0.8608811476059699j)  (#lines=0)
      r = 0.409353981: exact-C2=True #blocks=42 sizes=[3, 4, 5] max deg(O)=2 at O=(1.1817328271730208+0.8609114325918665j)  (#lines=0)
      r = 0.409354223: exact-C2=True #blocks=42 sizes=[3, 4, 5] max deg(O)=2 at O=(1.1817322460348565+0.8609125070324233j)  (#lines=0)
      r = 0.409355995: exact-C2=True #blocks=42 sizes=[3, 4, 5] max deg(O)=2 at O=(1.181727990712958+0.860920374360084j)  (#lines=0)
      r = 0.409363029: exact-C2=True #blocks=42 sizes=[3, 4, 5] max deg(O)=2 at O=(1.1817110983082078+0.8609516028187982j)  (#lines=0)
      r = 0.409365053: exact-C2=True #blocks=42 sizes=[3, 4, 5] max deg(O)=2 at O=(1.181706237364199+0.8609605883326938j)  (#lines=0)
      r = 0.409365882: exact-C2=True #blocks=42 sizes=[3, 4, 5] max deg(O)=2 at O=(1.1817042463642302+0.860964268622121j)  (#lines=0)
      r = 0.409374004: exact-C2=True #blocks=42 sizes=[3, 4, 5] max deg(O)=2 at O=(1.1816847389165277+0.8610003243975245j)  (#lines=0)
      r = 0.409374142: exact-C2=True #blocks=42 sizes=[3, 4, 5] max deg(O)=2 at O=(1.1816844074530428+0.8610009369969067j)  (#lines=0)
      r = 0.409377007: exact-C2=True #blocks=42 sizes=[3, 4, 5] max deg(O)=2 at O=(1.1816775258726127+0.8610136549396252j)  (#lines=0)
      r = 0.409377555: exact-C2=True #blocks=42 sizes=[3, 4, 5] max deg(O)=2 at O=(1.1816762095812556+0.8610160875180591j)  (#lines=0)
      r = 0.409384187: exact-C2=True #blocks=42 sizes=[3, 4, 5] max deg(O)=2 at O=(1.1816602789633182+0.8610455261961882j)  (#lines=0)
      r = 0.409395485: exact-C2=True #blocks=42 sizes=[3, 4, 5] max deg(O)=2 at O=(1.1816331376284144+0.8610956731002011j)  (#lines=0)
      r = 0.409396388: exact-C2=True #blocks=42 sizes=[3, 4, 5] max deg(O)=2 at O=(1.181630968198434+0.8610996809279767j)  (#lines=0)
      r = 0.409398400: exact-C2=True #blocks=42 sizes=[3, 4, 5] max deg(O)=2 at O=(1.18162613435463+0.8611086107786885j)  (#lines=0)
      r = 0.409400571: exact-C2=True #blocks=42 sizes=[3, 4, 5] max deg(O)=2 at O=(1.1816209183959208+0.8611182461567165j)  (#lines=0)
      r = 0.409410406: exact-C2=True #blocks=42 sizes=[3, 4, 5] max deg(O)=2 at O=(1.1815972877018082+0.8611618939590135j)  (#lines=0)
      r = 0.409415904: exact-C2=True #blocks=42 sizes=[3, 4, 5] max deg(O)=2 at O=(1.1815840764996652+0.8611862926224927j)  (#lines=0)
      r = 0.409418592: exact-C2=True #blocks=42 sizes=[3, 4, 5] max deg(O)=2 at O=(1.1815776171944044+0.861198220860659j)  (#lines=0)
      r = 0.409426084: exact-C2=True #blocks=42 sizes=[3, 4, 5] max deg(O)=2 at O=(1.1815596128269856+0.8612314659165032j)  (#lines=0)
      r = 0.409430673: exact-C2=True #blocks=42 sizes=[3, 4, 5] max deg(O)=2 at O=(1.1815485840817834+0.861251828191693j)  (#lines=0)
      r = 0.409434019: exact-C2=True #blocks=42 sizes=[3, 4, 5] max deg(O)=2 at O=(1.1815405422990493+0.8612666745641776j)  (#lines=0)
      r = 0.409434048: exact-C2=True #blocks=42 sizes=[3, 4, 5] max deg(O)=2 at O=(1.1815404725991412+0.8612668032369134j)  (#lines=0)
      r = 0.409437625: exact-C2=True #blocks=42 sizes=[3, 4, 5] max deg(O)=2 at O=(1.1815318753109731+0.8612826741235369j)  (#lines=0)
      r = 0.409439320: exact-C2=True #blocks=42 sizes=[3, 4, 5] max deg(O)=2 at O=(1.1815278012789572+0.8612901945550911j)  (#lines=0)
      r = 0.409441347: exact-C2=True #blocks=42 sizes=[3, 4, 5] max deg(O)=2 at O=(1.1815229291689002+0.8612991878807881j)  (#lines=0)
      r = 0.409456882: exact-C2=True #blocks=42 sizes=[3, 4, 5] max deg(O)=2 at O=(1.1814855856533888+0.8613681081903031j)  (#lines=0)
      r = 0.409466466: exact-C2=True #blocks=42 sizes=[3, 4, 5] max deg(O)=2 at O=(1.1814625442566609+0.8614106228764875j)  (#lines=0)
      r = 0.409473655: exact-C2=True #blocks=42 sizes=[3, 4, 5] max deg(O)=2 at O=(1.1814452592626787+0.8614425111798745j)  (#lines=0)
      r = 0.409476913: exact-C2=True #blocks=42 sizes=[3, 4, 5] max deg(O)=2 at O=(1.1814374253998858+0.8614569621097753j)  (#lines=0)
      r = 0.409492216: exact-C2=True #blocks=42 sizes=[3, 4, 5] max deg(O)=2 at O=(1.1814006256961198+0.8615248338410184j)  (#lines=0)
      r = 0.409497119: exact-C2=True #blocks=42 sizes=[3, 4, 5] max deg(O)=2 at O=(1.18138883399975+0.8615465778192497j)  (#lines=0)
      r = 0.409503332: exact-C2=True #blocks=42 sizes=[3, 4, 5] max deg(O)=2 at O=(1.1813738908755795+0.8615741301966067j)  (#lines=0)
      r = 0.409503876: exact-C2=True #blocks=42 sizes=[3, 4, 5] max deg(O)=2 at O=(1.1813725824333712+0.8615765425717159j)  (#lines=0)
      r = 0.409504305: exact-C2=True #blocks=42 sizes=[3, 4, 5] max deg(O)=2 at O=(1.1813715505866624+0.8615784449703887j)  (#lines=0)
      r = 0.409504358: exact-C2=True #blocks=42 sizes=[3, 4, 5] max deg(O)=2 at O=(1.1813714231087709+0.8615786799982079j)  (#lines=0)
      r = 0.409507980: exact-C2=True #blocks=42 sizes=[3, 4, 5] max deg(O)=2 at O=(1.1813627111476324+0.8615947414736204j)  (#lines=0)
      r = 0.409508103: exact-C2=True #blocks=42 sizes=[3, 4, 5] max deg(O)=2 at O=(1.1813624152910498+0.8615952868992858j)  (#lines=0)
      r = 0.409508197: exact-C2=True #blocks=42 sizes=[3, 4, 5] max deg(O)=2 at O=(1.181362189189011+0.8615957037282932j)  (#lines=0)
      r = 0.409508204: exact-C2=True #blocks=42 sizes=[3, 4, 5] max deg(O)=2 at O=(1.1813621723516157+0.8615957347687387j)  (#lines=0)
      r = 0.409516356: exact-C2=True #blocks=42 sizes=[3, 4, 5] max deg(O)=2 at O=(1.181342563152617+0.8616318824000002j)  (#lines=0)
      r = 0.409522851: exact-C2=True #blocks=42 sizes=[3, 4, 5] max deg(O)=2 at O=(1.1813269385627596+0.8616606808608505j)  (#lines=0)
      r = 0.409545031: exact-C2=True #blocks=42 sizes=[3, 4, 5] max deg(O)=2 at O=(1.1812735734863293+0.8617590143922707j)  (#lines=0)
      r = 0.409550776: exact-C2=True #blocks=42 sizes=[3, 4, 5] max deg(O)=2 at O=(1.1812597489684022+0.8617844816041227j)  (#lines=0)
      r = 0.409585212: exact-C2=True #blocks=42 sizes=[3, 4, 5] max deg(O)=2 at O=(1.1811768660135042+0.861937109508553j)  (#lines=0)
      r = 0.409592005: exact-C2=True #blocks=42 sizes=[3, 4, 5] max deg(O)=2 at O=(1.1811605125755194+0.8619672125853808j)  (#lines=0)
      r = 0.409613360: exact-C2=True #blocks=42 sizes=[3, 4, 5] max deg(O)=2 at O=(1.1811090949758283+0.8620618362367487j)  (#lines=0)
      r = 0.409619642: exact-C2=True #blocks=42 sizes=[3, 4, 5] max deg(O)=2 at O=(1.1810939672472396+0.8620896685817219j)  (#lines=0)
      r = 0.409619654: exact-C2=True #blocks=42 sizes=[3, 4, 5] max deg(O)=2 at O=(1.1810939383489918+0.8620897217462695j)  (#lines=0)
      r = 0.409619660: exact-C2=True #blocks=42 sizes=[3, 4, 5] max deg(O)=2 at O=(1.1810939238998661+0.8620897483285412j)  (#lines=0)
      r = 0.409619666: exact-C2=True #blocks=42 sizes=[3, 4, 5] max deg(O)=2 at O=(1.1810939094507402+0.8620897749108113j)  (#lines=0)
      r = 0.409619710: exact-C2=True #blocks=42 sizes=[3, 4, 5] max deg(O)=2 at O=(1.1810938034904537+0.8620899698474223j)  (#lines=0)
      r = 0.409619747: exact-C2=True #blocks=42 sizes=[3, 4, 5] max deg(O)=2 at O=(1.1810937143874465+0.862090133771338j)  (#lines=0)
      r = 0.409620950: exact-C2=True #blocks=42 sizes=[3, 4, 5] max deg(O)=2 at O=(1.1810908173166135+0.8620954634871867j)  (#lines=0)
      r = 0.409621639: exact-C2=True #blocks=42 sizes=[3, 4, 5] max deg(O)=2 at O=(1.1810891580466232+0.8620985159778607j)  (#lines=0)
      r = 0.409628742: exact-C2=True #blocks=42 sizes=[3, 4, 5] max deg(O)=2 at O=(1.1810720516882625+0.8621299835567668j)  (#lines=0)
      r = 0.409629488: exact-C2=True #blocks=42 sizes=[3, 4, 5] max deg(O)=2 at O=(1.1810702550004484+0.8621332883678148j)  (#lines=0)
      r = 0.409629710: exact-C2=True #blocks=42 sizes=[3, 4, 5] max deg(O)=2 at O=(1.1810697203265361+0.8621342718332262j)  (#lines=0)
      r = 0.464312611: exact-C2=True #blocks=42 sizes=[3, 4, 5] max deg(O)=3 at O=(1.4333803194391037+4.411490596671825j)  (#lines=0)
      r = 0.464312614: exact-C2=True #blocks=42 sizes=[3, 4, 5] max deg(O)=3 at O=(1.4333801566058373+4.411490659317476j)  (#lines=0)
      r = 0.526034313: exact-C2=True #blocks=42 sizes=[3, 4, 5] max deg(O)=3 at O=(0.8374464612047291+1.1526461618006747j)  (#lines=0)
      r = 0.526034314: exact-C2=True #blocks=42 sizes=[3, 4, 5] max deg(O)=3 at O=(0.8374464583685164+1.1526461627175402j)  (#lines=0)
      r = 0.526034315: exact-C2=True #blocks=42 sizes=[3, 4, 5] max deg(O)=3 at O=(0.8374464555323038+1.1526461636344052j)  (#lines=0)
      r = 0.526034316: exact-C2=True #blocks=42 sizes=[3, 4, 5] max deg(O)=3 at O=(0.8374464526960913+1.1526461645512707j)  (#lines=0)
      r = 0.526034317: exact-C2=True #blocks=42 sizes=[3, 4, 5] max deg(O)=3 at O=(0.8374464498598784+1.152646165468136j)  (#lines=0)
      r = 0.526034318: exact-C2=True #blocks=42 sizes=[3, 4, 5] max deg(O)=3 at O=(0.8374464470236657+1.1526461663850012j)  (#lines=0)
      r = 0.526034319: exact-C2=True #blocks=42 sizes=[3, 4, 5] max deg(O)=3 at O=(0.8374464441874534+1.1526461673018664j)  (#lines=0)
      r = 0.618033987: exact-C2=True #blocks=42 sizes=[3, 4, 5] max deg(O)=3 at O=(1.3090169989562312+0.9510565075810331j)  (#lines=0)
      r = 0.618033988: exact-C2=True #blocks=42 sizes=[3, 4, 5] max deg(O)=3 at O=(1.3090169963381975+0.9510565125608301j)  (#lines=0)
=== psi = pi/5
   exact-C2=True #blocks=42 max deg(O)=2: 481 grid values, e.g. [0.02, 0.022, 0.024, 0.026, 0.028]
   scanning for isolated special r (triple concurrency) ...
   candidate special r values (triple nearly concurrent on the fine grid): 30
   refined special r values: [0.048748248, 0.048748249, 0.09091525, 0.090915251, 0.114420647, 0.114420648, 0.114420649, 0.136317439, 0.13631744, 0.136317441, 0.197711428, 0.197711456, 0.197748189, 0.197761038, 0.197773387, 0.197774266, 0.1977784, 0.197778924, 0.197780237, 0.197780307, 0.19778034, 0.197780345, 0.197786551, 0.19779543, 0.197807531, 0.197835447, 0.197837308, 0.197840758, 0.197847439, 0.197849142, 0.197849224, 0.197849375, 0.197850983, 0.197852096, 0.19785687, 0.197859234, 0.197859274, 0.197859279, 0.197868412, 0.197869638, 0.197871814, 0.197879472, 0.197881279, 0.197884055, 0.197887929, 0.19789055, 0.197891527, 0.197891796, 0.197891806, 0.197891843, 0.197893425, 0.197900734, 0.197904005, 0.197910432, 0.197913532, 0.197916449, 0.197916641, 0.197918107, 0.197920611, 0.1979227, 0.197924012, 0.197927033, 0.197927699, 0.19792794, 0.197929328, 0.197931747, 0.197934369, 0.197940935, 0.197951125, 0.197951948, 0.197959256, 0.19796078, 0.197966888, 0.197970506, 0.197975078, 0.197976254, 0.197977278, 0.197977819, 0.197977951, 0.19797809, 0.197979922, 0.197980072, 0.197988508, 0.19799185, 0.19799325, 0.197993811, 0.197996814, 0.198002967, 0.198003667, 0.198005058, 0.198010147, 0.198015511, 0.198025406, 0.198043573, 0.198049478, 0.198053871, 0.19805566, 0.198057004, 0.198057546, 0.198060872, 0.198061532, 0.198062906, 0.198065524, 0.198066406, 0.198068297, 0.198070477, 0.198071465, 0.198071706, 0.198071875, 0.198072083, 0.198072136, 0.198072139, 0.198072165, 0.198072202, 0.198072236, 0.198072309, 0.198072399, 0.198072559, 0.198072676, 0.198072812, 0.198073215, 0.198073261, 0.198073539, 0.198075932, 0.198076173, 0.198080689, 0.198084277, 0.198085143, 0.198085738, 0.198086387, 0.198087341, 0.19808758, 0.198088583, 0.198088732, 0.198089723, 0.198092546, 0.198093422, 0.198093473, 0.198095834, 0.198097024, 0.198097181, 0.198099556, 0.198103312, 0.198103729, 0.198104623, 0.198106505, 0.198106578, 0.198107596, 0.1981099, 0.198113684, 0.198113967, 0.198116032, 0.198119407, 0.198120152, 0.198121563, 0.198126672, 0.19812706, 0.198127178, 0.198127864, 0.198129389, 0.198129532, 0.198133959, 0.198134179, 0.198137107, 0.198142785, 0.198143863, 0.198144018, 0.198144393, 0.198145209, 0.198146052, 0.198147983, 0.198153838, 0.198153908, 0.198153988, 0.198158151, 0.198159479, 0.198159789, 0.198160697, 0.198161939, 0.19816225, 0.198162303, 0.198162304, 0.198162306, 0.198162359, 0.198162498, 0.19816268, 0.198163492, 0.198169062, 0.198174002, 0.198176001, 0.198180096, 0.198180776, 0.198180928, 0.198181032, 0.19818322, 0.198183354, 0.198183472, 0.198186357, 0.198187662, 0.198188607, 0.198188905, 0.198190131, 0.19819187, 0.198192249, 0.198192463, 0.198195561, 0.198196465, 0.198196748, 0.198196851, 0.198197931, 0.198205065, 0.198205573, 0.198206041, 0.1982062, 0.198208191, 0.198209068, 0.198210314, 0.198210899, 0.198211119, 0.198211137, 0.198212624, 0.198213512, 0.198213707, 0.198213961, 0.198214057, 0.198214289, 0.198214318, 0.198215227, 0.198216052, 0.198216202, 0.198216237, 0.19821649, 0.198216512, 0.19821669, 0.198216696, 0.198216706, 0.198216769, 0.198216974, 0.198217206, 0.198217375, 0.19821747, 0.198217529, 0.198217581, 0.198217606, 0.198217793, 0.198217799, 0.198217879, 0.198217939, 0.198217942, 0.198218006, 0.19821801, 0.198218011, 0.198218012, 0.198218026, 0.198218028, 0.198218034, 0.198218037, 0.198218039, 0.198218113, 0.19821813, 0.198218141, 0.19821817, 0.198218173, 0.19821818, 0.198218188, 0.198218189, 0.198218222, 0.1982185, 0.198218836, 0.19821922, 0.198219239, 0.198220712, 0.198220788, 0.198220862, 0.198221133, 0.19822114, 0.198222022, 0.198222743, 0.19822308, 0.198224333, 0.198224435, 0.198224938, 0.198226171, 0.198226445, 0.198226952, 0.198230591, 0.19823119, 0.198240064, 0.198241224, 0.198244509, 0.198252476, 0.198253865, 0.198262779, 0.198270616, 0.198273538, 0.198273737, 0.198273762, 0.198274042, 0.19827451, 0.198278689, 0.198294277, 0.198298573, 0.19832949, 0.198342646, 0.198356988, 0.198357029, 0.198363928, 0.198363932, 0.198373982, 0.198508833, 0.198508834, 0.198508836, 0.198508837, 0.198508838, 0.198567184, 0.198609757, 0.198634602, 0.198635505, 0.198635866, 0.198636068, 0.198636072, 0.198636073, 0.198636075, 0.19863622, 0.198636374, 0.198636521, 0.198637541, 0.198641907, 0.198642078, 0.198646399, 0.198646534, 0.198648845, 0.198651142, 0.198662991, 0.198663142, 0.198668017, 0.198691778, 0.198691796, 0.198704952, 0.198706693, 0.198706745, 0.198706852, 0.19870688, 0.198726154, 0.198726233, 0.198726238, 0.198734369, 0.198746193, 0.1987469, 0.198746905, 0.198754102, 0.1987549, 0.198759198, 0.198759656, 0.198760642, 0.198760659, 0.198763808, 0.198764944, 0.198766314, 0.198766472, 0.198768249, 0.198772119, 0.198773562, 0.198773835, 0.198775884, 0.198776941, 0.198777936, 0.198778023, 0.198778675, 0.198778685, 0.198778751, 0.19877886, 0.198780715, 0.198780759, 0.1987811, 0.198781447, 0.198781484, 0.198781513, 0.198781818, 0.198781844, 0.1987819, 0.19878196, 0.198781962, 0.198781963, 0.198781966, 0.198781969, 0.19878197, 0.198781976, 0.198781979, 0.198781997, 0.198782011, 0.198782419, 0.198782531, 0.198782764, 0.198783384, 0.198783406, 0.198783572, 0.198783885, 0.198784619, 0.198785112, 0.198789346, 0.198790008, 0.198794816, 0.198796505, 0.19879729, 0.198797439, 0.198800688, 0.198800785, 0.198802799, 0.198803252, 0.198803255, 0.198807859, 0.198817237, 0.198818451, 0.19882175, 0.19882422, 0.198832342, 0.198837366, 0.198837561, 0.198837613, 0.198839362, 0.1988402, 0.198843878, 0.198844472, 0.198853423, 0.19885416, 0.198854915, 0.198855463, 0.19885772, 0.198858318, 0.198858402, 0.198858543, 0.198858708, 0.198859125, 0.198860452, 0.198864005, 0.198867547, 0.19887001, 0.198871121, 0.198872047, 0.19887214, 0.198875873, 0.198877161, 0.198877251, 0.198879249, 0.198879533, 0.198884249, 0.198884966, 0.198885292, 0.198885331, 0.198885569, 0.198888875, 0.198896298, 0.198897205, 0.198897433, 0.19889758, 0.198898991, 0.198899072, 0.198901432, 0.198902435, 0.198903278, 0.198905492, 0.198906458, 0.198906559, 0.198906641, 0.198906647, 0.198907675, 0.198911357, 0.198919731, 0.198919756, 0.198920046, 0.198922596, 0.19892339, 0.198923701, 0.198924443, 0.198924454, 0.198924758, 0.198924942, 0.198924967, 0.198925174, 0.198925362, 0.198925588, 0.198926389, 0.19892658, 0.198926684, 0.198926726, 0.198926743, 0.198927009, 0.198927268, 0.198927531, 0.19892754, 0.198927715, 0.198927757, 0.198927861, 0.198927864, 0.198927867, 0.198927918, 0.198927949, 0.19892797, 0.198928354, 0.198928499, 0.198928835, 0.198930683, 0.198931262, 0.198931703, 0.198931747, 0.198931959, 0.198932607, 0.198934324, 0.198937008, 0.198938606, 0.198938756, 0.198942482, 0.198944012, 0.198948959, 0.198950892, 0.198958474, 0.198959325, 0.198959468, 0.198959759, 0.198959794, 0.198959929, 0.198962002, 0.198962308, 0.198972933, 0.198973221, 0.198973523, 0.198973825, 0.19897413, 0.198982259, 0.19898371, 0.198987006, 0.198994219, 0.198996748, 0.199001591, 0.199002251, 0.199004969, 0.199005234, 0.199014309, 0.199014553, 0.199023204, 0.199029786, 0.199033116, 0.199039125, 0.1990423, 0.199061716, 0.199074594, 0.199080826, 0.199080986, 0.199081893, 0.199083079, 0.199092415, 0.199101275, 0.199106873, 0.199107824, 0.199108108, 0.199108196, 0.199108204, 0.199108209, 0.199108211, 0.199108219, 0.199108261, 0.199108282, 0.19910911, 0.1991096, 0.199110457, 0.199111874, 0.199113261, 0.199116155, 0.199120852, 0.199168097, 0.199198939, 0.199219567, 0.19921966, 0.199219666, 0.199219675, 0.19922155, 0.199288539, 0.199288544, 0.199288563, 0.199288594, 0.199288673, 0.199288675, 0.199294755, 0.199331367, 0.199332488, 0.259141724, 0.259141725, 0.259141726, 0.259141727, 0.259141728, 0.278850697, 0.278969075, 0.278971744, 0.27898034, 0.279022618, 0.279039814, 0.279049765, 0.279050712, 0.279062216, 0.279062429, 0.279067536, 0.279069134, 0.27906937, 0.279078057, 0.27909089, 0.279091796, 0.279091801, 0.279092304, 0.279094739, 0.27909521, 0.279095654, 0.279095876, 0.279101823, 0.279105817, 0.279112607, 0.279119721, 0.279131804, 0.279152562, 0.279152723, 0.279159821, 0.279160641, 0.279161529, 0.27916273, 0.279164343, 0.279165162, 0.279173243, 0.27918397, 0.279190499, 0.27919121, 0.279191282, 0.279191787, 0.27919355, 0.279193765, 0.279194407, 0.279194794, 0.279203357, 0.279203983, 0.279205169, 0.27920736, 0.279208863, 0.279210712, 0.279216402, 0.279219964, 0.279223926, 0.279237972, 0.279238608, 0.279241239, 0.279242444, 0.279257537, 0.279260695, 0.279260816, 0.279266463, 0.279267436, 0.279267606, 0.279267631, 0.279269889, 0.279270091, 0.279270398, 0.279270477, 0.279270664, 0.279271076, 0.279271418, 0.279271474, 0.279271477, 0.279271503, 0.279271927, 0.279272105, 0.279272131, 0.279272136, 0.27927214, 0.279272142, 0.279272173, 0.279272241, 0.279272606, 0.279272957, 0.279273587, 0.279282084, 0.27929223, 0.27929356, 0.279296639, 0.279299478, 0.279308038, 0.279318373, 0.279333061, 0.279345746, 0.279353785, 0.27935543, 0.279356483, 0.279361529, 0.279362306, 0.27936237, 0.279366246, 0.279366302, 0.279373783, 0.279375032, 0.279376469, 0.279378973, 0.279390634, 0.279390758, 0.279390785, 0.27939085, 0.279395264, 0.279401305, 0.279402794, 0.279405163, 0.279408296, 0.279408627, 0.279411008, 0.2794141, 0.279416392, 0.279416728, 0.279417281, 0.279417851, 0.279417933, 0.279417949, 0.279417954, 0.279417977, 0.279418002, 0.279418006, 0.279418008, 0.279418024, 0.279418026, 0.27941803, 0.279418034, 0.279418038, 0.279418066, 0.279418121, 0.279418193, 0.279418239, 0.279418316, 0.279418446, 0.279418491, 0.279418523, 0.279418771, 0.27941922, 0.279419567, 0.279419968, 0.279421823, 0.279423806, 0.279423942, 0.279428075, 0.27942808, 0.279428084, 0.279430621, 0.27943119, 0.279433341, 0.279452322, 0.279458655, 0.279468856, 0.279472559, 0.279473762, 0.279473778, 0.279473787, 0.279475401, 0.279475574, 0.279479295, 0.279479377, 0.279481536, 0.279481574, 0.279486938, 0.279489495, 0.279506325, 0.279508204, 0.279562746, 0.279563479, 0.279563565, 0.279563932, 0.279580174, 0.279580193, 0.279591149, 0.279772774, 0.279772775, 0.279772776, 0.279772777, 0.279772778, 0.279772779, 0.279826018, 0.279835854, 0.279836031, 0.279836063, 0.279836068, 0.279836072, 0.27989178, 0.279891796, 0.279914494, 0.279960699, 0.279973117, 0.279973555, 0.279976854, 0.279981941, 0.279981962, 0.279981966, 0.27998197, 0.279981976, 0.279981978, 0.279981992, 0.279982097, 0.279983694, 0.279990989, 0.27999429, 0.28000076, 0.280003252, 0.28000591, 0.280006154, 0.280008294, 0.280009052, 0.280014707, 0.280021958, 0.280025022, 0.280028154, 0.280032254, 0.280032461, 0.280032473, 0.28003453, 0.280035627, 0.280037312, 0.280037805, 0.280038976, 0.280039348, 0.280043384, 0.280043589, 0.280045745, 0.280045797, 0.280047312, 0.280051298, 0.280052982, 0.280058823, 0.28005895, 0.280061283, 0.280068908, 0.280068921, 0.280070582, 0.280072136, 0.280073425, 0.280077589, 0.280082417, 0.280094554, 0.28009495, 0.280095592, 0.280100432, 0.280102191, 0.280103807, 0.280107271, 0.280107491, 0.28011082, 0.280111974, 0.28011424, 0.280118331, 0.280119733, 0.280123891, 0.280124852, 0.280126442, 0.280126665, 0.280127132, 0.28012727, 0.280127805, 0.280127849, 0.280127864, 0.280127946, 0.28012837, 0.280128424, 0.280129016, 0.28012933, 0.280129381, 0.280129698, 0.280129746, 0.280135664, 0.28013702, 0.280139508, 0.280142151, 0.280148932, 0.280148972, 0.280152794, 0.280154094, 0.280155363, 0.280161469, 0.280162645, 0.280166469, 0.280175884, 0.280184864, 0.280185338, 0.280193148, 0.28019674, 0.280196829, 0.28020272, 0.280207253, 0.280215709, 0.280216386, 0.280218616, 0.280226685, 0.280229944, 0.2802572, 0.280285331, 0.280314968, 0.280324465, 0.280324501, 0.280324564, 0.280364326, 0.280364581, 0.280494755, 0.32206237, 0.322062373, 0.322062374, 0.322062375, 0.38091442, 0.381056042, 0.381082277, 0.381087899, 0.381096409, 0.381124873, 0.381152016, 0.381155993, 0.381158382, 0.381168204, 0.381171088, 0.381176079, 0.38120535, 0.381207237, 0.381217723, 0.381225637, 0.381229351, 0.381236175, 0.381255295, 0.381257049, 0.381258634, 0.381259809, 0.381270579, 0.381275535, 0.381278752, 0.381278976, 0.381280045, 0.381286435, 0.38129089, 0.381290983, 0.381290992, 0.381291375, 0.381291582, 0.381291588, 0.381291737, 0.381291788, 0.38129179, 0.381291796, 0.381291802, 0.38129185, 0.381292635, 0.381292649, 0.381293412, 0.381293977, 0.381296066, 0.381297104, 0.381297459, 0.381298289, 0.381300114, 0.381302203, 0.381306708, 0.381314837, 0.381315569, 0.381315989, 0.381316339, 0.381318301, 0.381318437, 0.381323242, 0.3813347, 0.38133716, 0.381342282, 0.381351725, 0.381351985, 0.381353651, 0.381357049, 0.381359673, 0.381360619, 0.381360661, 0.381361592, 0.381361805, 0.381365094, 0.38137328, 0.381374871, 0.381375639, 0.381375672, 0.381381972, 0.381385368, 0.381391768, 0.381400067, 0.381404081, 0.381405457, 0.381409856, 0.381427126, 0.381432921, 0.381433381, 0.381434125, 0.381438518, 0.381441909, 0.381446061, 0.381447331, 0.38145357, 0.381453574, 0.381454909, 0.381454966, 0.38145512, 0.381455427, 0.381458139, 0.381458962, 0.381459713, 0.381461215, 0.381461522, 0.381461826, 0.381464095, 0.381466561, 0.381468053, 0.381468448, 0.381469487, 0.381470862, 0.381471493, 0.381471707, 0.381472016, 0.381472084, 0.38147213, 0.381472136, 0.381472146, 0.38147216, 0.381472218, 0.381472227, 0.381472351, 0.38147241, 0.381472827, 0.381474528, 0.381474545, 0.381474876, 0.381474982, 0.381475567, 0.381476808, 0.381478184, 0.381478563, 0.38147909, 0.38148096, 0.381480961, 0.381483186, 0.381483282, 0.381485123, 0.381485337, 0.38148601, 0.381490154, 0.381490317, 0.381493357, 0.381498192, 0.381504459, 0.38150511, 0.381507757, 0.381510759, 0.381515498, 0.381518068, 0.381518306, 0.381519733, 0.381523537, 0.381525062, 0.381525708, 0.381527167, 0.381527871, 0.38153069, 0.381531021, 0.381532246, 0.381537362, 0.381538448, 0.381540458, 0.3815408, 0.381541435, 0.381543441, 0.381544272, 0.381545826, 0.38154793, 0.381553217, 0.381556374, 0.381557413, 0.381557898, 0.381560887, 0.381562306, 0.381575566, 0.381575736, 0.381586686, 0.381586746, 0.381592771, 0.381593923, 0.381595206, 0.381595935, 0.381596532, 0.38159717, 0.381597746, 0.381598959, 0.381601854, 0.381604925, 0.381605882, 0.381606063, 0.381607572, 0.381608431, 0.381608686, 0.381609737, 0.381613013, 0.381614755, 0.381614757, 0.381616061, 0.381616694, 0.381617162, 0.381617518, 0.381617545, 0.3816177, 0.381617963, 0.381617997, 0.38161802, 0.381618024, 0.381618034, 0.38161804, 0.381618207, 0.381619139, 0.381623696, 0.381626165, 0.381636561, 0.381647847, 0.381648225, 0.381648244, 0.381652476, 0.381665731, 0.38167375, 0.381673762, 0.381673768, 0.381697619, 0.38172008, 0.381725957, 0.381763932, 0.381764687, 0.38180892, 0.381832709, 0.381965986, 0.381965991, 0.381965997, 0.381965998, 0.381966004, 0.381966012, 0.382009757, 0.382024561, 0.382027321, 0.382028878, 0.382046405, 0.38205169, 0.382077423, 0.382105045, 0.382111165, 0.382113082, 0.382116024, 0.382121936, 0.382125484, 0.382126227, 0.382127349, 0.382133824, 0.382143678, 0.382147266, 0.382147483, 0.382153241, 0.382158402, 0.382166132, 0.38217158, 0.382178716, 0.382179738, 0.382181513, 0.382181927, 0.382181945, 0.38218196, 0.382181966, 0.382181995, 0.382184355, 0.382184388, 0.38218817, 0.382189782, 0.382200771, 0.382200885, 0.382202391, 0.382202789, 0.382205251, 0.382206481, 0.382213119, 0.382218913, 0.382221151, 0.382222335, 0.382222973, 0.38222354, 0.382225145, 0.382227404, 0.382227881, 0.382227965, 0.38223313, 0.382236081, 0.382236434, 0.382238113, 0.382238939, 0.382241039, 0.382246171, 0.382248734, 0.382249879, 0.38225179, 0.382251902, 0.382252069, 0.382253788, 0.382254668, 0.382257028, 0.382257284, 0.382261421, 0.382261658, 0.382266336, 0.382266582, 0.382266926, 0.382269034, 0.382274905, 0.382275904, 0.382276312, 0.382278733, 0.382289245, 0.382289538, 0.382289931, 0.382290491, 0.382296987, 0.382301085, 0.382302228, 0.382302363, 0.382304805, 0.382306298, 0.382306477, 0.382306578, 0.38230894, 0.382311116, 0.382314045, 0.382314708, 0.382314973, 0.382317613, 0.382317809, 0.382318222, 0.382318612, 0.382319233, 0.382321942, 0.382322238, 0.382323484, 0.382323657, 0.382323809, 0.382324408, 0.382324758, 0.382325139, 0.382326402, 0.382326697, 0.382326941, 0.382327093, 0.382327221, 0.382327302, 0.382327668, 0.382327691, 0.382327761, 0.382327777, 0.382327811, 0.382327847, 0.382327856, 0.382327857, 0.382327864, 0.38232787, 0.382327921, 0.382327963, 0.382328005, 0.382328136, 0.382328151, 0.382328174, 0.382328275, 0.382328499, 0.382329401, 0.382330149, 0.382332122, 0.382332378, 0.38233535, 0.382336547, 0.382337983, 0.382338592, 0.382338777, 0.382339021, 0.382340134, 0.382340497, 0.382343785, 0.382344446, 0.382346061, 0.382352032, 0.382352541, 0.382354175, 0.38235479, 0.382355081, 0.382357924, 0.382357961, 0.382358195, 0.382358619, 0.382359895, 0.382361805, 0.382363471, 0.3823752, 0.38237997, 0.382381481, 0.382385442, 0.382387456, 0.382387486, 0.382392006, 0.382393606, 0.382394079, 0.38239759, 0.382397657, 0.382399647, 0.382399834, 0.382400123, 0.382406125, 0.382406923, 0.38241171, 0.3824141, 0.382417222, 0.382423231, 0.38243932, 0.382442954, 0.382444235, 0.382449256, 0.382455298, 0.382457995, 0.382469756, 0.382483141, 0.382489017, 0.382489471, 0.382494024, 0.382504442, 0.382504511, 0.382506193, 0.382507485, 0.382507946, 0.38250909, 0.382509815, 0.382516339, 0.382518676, 0.382521653, 0.382525746, 0.382527613, 0.382527811, 0.382527814, 0.382527864, 0.38252886, 0.382532156, 0.382533326, 0.382540174, 0.382542469, 0.382548099, 0.382560826, 0.382578493, 0.382580926, 0.382582014, 0.382582017, 0.382582018, 0.382582021, 0.382582028, 0.382582029, 0.382582031, 0.382582034, 0.382582035, 0.382582036, 0.382582841, 0.382585575, 0.382585576, 0.382589935, 0.382606925, 0.382607226, 0.38261188, 0.382612888, 0.38261966, 0.382619666, 0.382621006, 0.382642787, 0.38264562, 0.382654862, 0.382660705, 0.382660707, 0.382681642, 0.382685576, 0.382686289, 0.3826883, 0.382688488, 0.382694821, 0.382707591, 0.382722614, 0.382725278, 0.382725492, 0.382725497, 0.382725498, 0.382726716, 0.382729304, 0.382731069, 0.382732769, 0.382742939, 0.382743163, 0.382744241, 0.382748236, 0.382751556, 0.382755207, 0.38275521, 0.382755954, 0.382755956, 0.382756901, 0.382759257, 0.382762537, 0.382773251, 0.382795194, 0.382796215, 0.382796518, 0.382796713, 0.382796714, 0.382796719, 0.382796919, 0.382800157, 0.382806303, 0.382817151, 0.38281831, 0.382819874, 0.382826121, 0.382847987, 0.382852278, 0.382859753, 0.38286277, 0.382874449, 0.382896893, 0.382904194, 0.38290823, 0.382909015, 0.382920493, 0.382921105, 0.38293694, 0.382942573, 0.38294816, 0.38295075, 0.38300921, 0.383046086, 0.383067256, 0.383068365, 0.383119622, 0.434483245, 0.434483246, 0.46431261, 0.464312611, 0.464312612, 0.464312615, 0.508780258, 0.508780444, 0.508780464, 0.508784803, 0.508816701, 0.508843178, 0.508849224, 0.508892859, 0.508909202, 0.508910577, 0.508912971, 0.508914112, 0.508914555, 0.508916002, 0.508969738, 0.508972561, 0.508984567, 0.508986567, 0.508990584, 0.508995501, 0.508997254, 0.509003517, 0.509010047, 0.509010175, 0.509011121, 0.50902123, 0.509029207, 0.50905704, 0.509064035, 0.509070309, 0.509072047, 0.509072136, 0.509072174, 0.509073349, 0.509074208, 0.509075249, 0.509075786, 0.50907597, 0.509076441, 0.509077032, 0.509079081, 0.509082067, 0.509094246, 0.509094511, 0.509098164, 0.509098255, 0.5091009, 0.509116294, 0.509116338, 0.509116367, 0.509127017, 0.50912912, 0.509130262, 0.509131722, 0.509140719, 0.509145317, 0.509146621, 0.509147467, 0.509152889, 0.509156115, 0.50916213, 0.509166145, 0.509170328, 0.509172556, 0.509179818, 0.509187377, 0.509191046, 0.509199397, 0.509209001, 0.509209077, 0.509211486, 0.509214678, 0.50921538, 0.509217581, 0.509217692, 0.509217995, 0.509217996, 0.509218004, 0.509218014, 0.509218026, 0.509218034, 0.509219348, 0.509219857, 0.509227131, 0.509231999, 0.509241374, 0.509241402, 0.509243118, 0.509273762, 0.509281893, 0.509300236, 0.509316387, 0.509342646, 0.509363932, 0.509525447, 0.509525448, 0.509525449, 0.50952545, 0.509525451, 0.509525452, 0.509623057, 0.509635986, 0.50963605, 0.509636055, 0.509636068, 0.509636373, 0.509636451, 0.509650526, 0.509691796, 0.509724794, 0.509744846, 0.509745227, 0.509747524, 0.509752567, 0.50976068, 0.509771321, 0.509771617, 0.509773835, 0.509775568, 0.509778588, 0.509779517, 0.509780558, 0.509781513, 0.509781521, 0.509781966, 0.509781991, 0.509781997, 0.509786351, 0.509787242, 0.509791627, 0.509793965, 0.509794113, 0.509795619, 0.509796881, 0.509800763, 0.509803376, 0.509806207, 0.509809665, 0.509812811, 0.509821681, 0.509822804, 0.509824673, 0.509831352, 0.509837709, 0.509841149, 0.509846707, 0.509852545, 0.50985344, 0.509853549, 0.509853863, 0.509856939, 0.5098591, 0.509861017, 0.509864818, 0.509866422, 0.509881912, 0.509882731, 0.509882914, 0.509882943, 0.509899753, 0.509912927, 0.50991761, 0.509923791, 0.509923889, 0.50992481, 0.509925202, 0.509926897, 0.509927048, 0.509927864, 0.509927872, 0.509927876, 0.509927882, 0.50992814, 0.509928387, 0.509929234, 0.509930639, 0.509934897, 0.509954175, 0.509958522, 0.509972372, 0.509988057, 0.509992278, 0.509992419, 0.509993934, 0.510028982, 0.510107216, 0.51011628, 0.510154377, 0.510167038, 0.510257734, 0.577542403, 0.577542404, 0.577542406, 0.61803399, 0.618033991, 0.684079375, 0.68407938, 0.684079381, 0.684079384, 0.684079385, 0.684079386, 0.806636068, 0.806649103, 0.80667408, 0.806693552, 0.806736808, 0.80674102, 0.806787285, 0.806803788, 0.806818034, 0.806829603, 0.806839385, 0.806850865, 0.806886918, 0.807032816, 0.807050788, 0.807060127, 0.807068454, 0.807078493, 0.807094142, 0.807095453, 0.807116242, 0.807363932, 0.807364082, 0.807364129, 0.807483833, 0.807489688, 0.8078, 0.807802743, 0.807945898, 0.808001626, 0.80802897, 0.808031043, 0.808035949, 0.808035961, 0.80803601, 0.808036041, 0.808036068, 0.808036158, 0.809016995, 0.809016996, 0.809159054, 0.80918034, 0.809215382, 0.809241157, 0.809271087, 0.809273886, 0.809278218, 0.80927864, 0.809282251, 0.809284656, 0.809287192, 0.809287318, 0.809288906, 0.809292741, 0.809295983, 0.809307957, 0.80931334, 0.809323242, 0.809330029, 0.809332457, 0.809333647, 0.809333909, 0.809432826, 0.809432838, 0.809437917, 0.809480476, 0.80950851, 0.809510621, 0.809528371, 0.809584132, 0.809587278, 0.809703831, 0.809721685, 0.809853266, 0.809872199, 0.809901692, 0.80990983, 0.809909878, 0.809926091, 0.809928011, 0.809931116, 0.809941512, 0.811509377, 0.811560533, 0.81156486, 0.8116, 0.811746583, 0.811748748, 0.81178034, 0.811802071, 0.811804416, 0.811819807, 0.811823055, 0.811835639, 0.811836068, 0.811836426, 0.811851983]
      r = 0.048748248: exact-C2=True #blocks=42 sizes=[3, 4, 5] max deg(O)=3 at O=(0.15313886508251828-0.09001276654676774j)  (#lines=0)
      r = 0.048748249: exact-C2=True #blocks=42 sizes=[3, 4, 5] max deg(O)=3 at O=(0.15313886881049493-0.09001276826713558j)  (#lines=0)
      r = 0.090915250: exact-C2=True #blocks=42 sizes=[3, 4, 5] max deg(O)=3 at O=(0.33573519863604767-0.15075449796000173j)  (#lines=0)
      r = 0.090915251: exact-C2=True #blocks=42 sizes=[3, 4, 5] max deg(O)=3 at O=(0.335735203601238-0.1507544990093082j)  (#lines=0)
      r = 0.114420647: exact-C2=True #blocks=42 sizes=[3, 4, 5] max deg(O)=4 at O=(0.22634092779471743-0.16444631050702246j)  (#lines=0)
      r = 0.114420648: exact-C2=True #blocks=42 sizes=[3, 4, 5] max deg(O)=4 at O=(0.2263409303001781-0.16444631170945603j)  (#lines=0)
      r = 0.114420649: exact-C2=True #blocks=42 sizes=[3, 4, 5] max deg(O)=4 at O=(0.22634093280563844-0.16444631291188966j)  (#lines=0)
      r = 0.136317439: exact-C2=True #blocks=42 sizes=[3, 4, 5] max deg(O)=4 at O=(0.3511413966772324-0.11409275649086997j)  (#lines=0)
      r = 0.136317440: exact-C2=True #blocks=42 sizes=[3, 4, 5] max deg(O)=4 at O=(0.351141400080391-0.11409275702763128j)  (#lines=0)
      r = 0.136317441: exact-C2=True #blocks=42 sizes=[3, 4, 5] max deg(O)=4 at O=(0.35114140348355033-0.1140927575643928j)  (#lines=0)
      r = 0.197711428: exact-C2=True #blocks=42 sizes=[3, 4, 5] max deg(O)=2 at O=(0.5901763756729148-0.12449285889405304j)  (#lines=0)
      r = 0.197711456: exact-C2=True #blocks=42 sizes=[3, 4, 5] max deg(O)=2 at O=(0.5901764990252045-0.12449284990572773j)  (#lines=0)
      r = 0.197748189: exact-C2=True #blocks=42 sizes=[3, 4, 5] max deg(O)=2 at O=(0.5903383354448648-0.12448104422155284j)  (#lines=0)
      r = 0.197761038: exact-C2=True #blocks=42 sizes=[3, 4, 5] max deg(O)=2 at O=(0.5903949503212195-0.1244769080690386j)  (#lines=0)
      r = 0.197773387: exact-C2=True #blocks=42 sizes=[3, 4, 5] max deg(O)=2 at O=(0.5904493647466541-0.12447292964942704j)  (#lines=0)
      r = 0.197774266: exact-C2=True #blocks=42 sizes=[3, 4, 5] max deg(O)=2 at O=(0.5904532380558596-0.12447264634579308j)  (#lines=0)
      r = 0.197778400: exact-C2=True #blocks=42 sizes=[3, 4, 5] max deg(O)=2 at O=(0.5904714546820855-0.12447131373404735j)  (#lines=0)
      r = 0.197778924: exact-C2=True #blocks=42 sizes=[3, 4, 5] max deg(O)=2 at O=(0.5904737637284219-0.12447114479525412j)  (#lines=0)
      r = 0.197780237: exact-C2=True #blocks=42 sizes=[3, 4, 5] max deg(O)=2 at O=(0.5904795495844101-0.1244707214561033j)  (#lines=0)
      r = 0.197780307: exact-C2=True #blocks=42 sizes=[3, 4, 5] max deg(O)=2 at O=(0.5904798580467053-0.12447069888561144j)  (#lines=0)
      r = 0.197780340: exact-C2=True #blocks=42 sizes=[3, 4, 5] max deg(O)=2 at O=(0.590480003464673-0.12447068824520148j)  (#lines=0)
      r = 0.197780345: exact-C2=True #blocks=42 sizes=[3, 4, 5] max deg(O)=2 at O=(0.5904800254977008-0.12447068663301614j)  (#lines=0)
      r = 0.197786551: exact-C2=True #blocks=42 sizes=[3, 4, 5] max deg(O)=2 at O=(0.5905073732172522-0.12446868518972068j)  (#lines=0)
      r = 0.197795430: exact-C2=True #blocks=42 sizes=[3, 4, 5] max deg(O)=2 at O=(0.5905465010673844-0.12446582031412007j)  (#lines=0)
      r = 0.197807531: exact-C2=True #blocks=42 sizes=[3, 4, 5] max deg(O)=2 at O=(0.5905998297299684-0.1244619132083089j)  (#lines=0)
      r = 0.197835447: exact-C2=True #blocks=42 sizes=[3, 4, 5] max deg(O)=2 at O=(0.5907228639724009-0.12445288827480078j)  (#lines=0)
      r = 0.197837308: exact-C2=True #blocks=42 sizes=[3, 4, 5] max deg(O)=2 at O=(0.590731066430454-0.12445228606030297j)  (#lines=0)
      r = 0.197840758: exact-C2=True #blocks=42 sizes=[3, 4, 5] max deg(O)=2 at O=(0.590746272646955-0.12445116946000187j)  (#lines=0)
      r = 0.197847439: exact-C2=True #blocks=42 sizes=[3, 4, 5] max deg(O)=2 at O=(0.5907757203886708-0.12444900643823562j)  (#lines=0)
      r = 0.197849142: exact-C2=True #blocks=42 sizes=[3, 4, 5] max deg(O)=2 at O=(0.5907832267966242-0.1244484549318634j)  (#lines=0)
      r = 0.197849224: exact-C2=True #blocks=42 sizes=[3, 4, 5] max deg(O)=2 at O=(0.5907835882338306-0.12444842837513727j)  (#lines=0)
      r = 0.197849375: exact-C2=True #blocks=42 sizes=[3, 4, 5] max deg(O)=2 at O=(0.5907842538075194-0.12444837947153337j)  (#lines=0)
      r = 0.197850983: exact-C2=True #blocks=42 sizes=[3, 4, 5] max deg(O)=2 at O=(0.5907913415300883-0.12444785866743568j)  (#lines=0)
      r = 0.197852096: exact-C2=True #blocks=42 sizes=[3, 4, 5] max deg(O)=2 at O=(0.5907962474233939-0.12444749815412556j)  (#lines=0)
      r = 0.197856870: exact-C2=True #blocks=42 sizes=[3, 4, 5] max deg(O)=2 at O=(0.5908172905495386-0.12444595151031812j)  (#lines=0)
      r = 0.197859234: exact-C2=True #blocks=42 sizes=[3, 4, 5] max deg(O)=2 at O=(0.5908277108746409-0.12444518546498073j)  (#lines=0)
      r = 0.197859274: exact-C2=True #blocks=42 sizes=[3, 4, 5] max deg(O)=2 at O=(0.5908278871922935-0.12444517250213463j)  (#lines=0)
      r = 0.197859279: exact-C2=True #blocks=42 sizes=[3, 4, 5] max deg(O)=2 at O=(0.5908279092320019-0.1244451708817765j)  (#lines=0)
      r = 0.197868412: exact-C2=True #blocks=42 sizes=[3, 4, 5] max deg(O)=2 at O=(0.590868167669637-0.12444221027107932j)  (#lines=0)
      r = 0.197869638: exact-C2=True #blocks=42 sizes=[3, 4, 5] max deg(O)=2 at O=(0.5908735720084385-0.12444181271163735j)  (#lines=0)
      r = 0.197871814: exact-C2=True #blocks=42 sizes=[3, 4, 5] max deg(O)=2 at O=(0.5908831641112503-0.12444110701557115j)  (#lines=0)
      r = 0.197879472: exact-C2=True #blocks=42 sizes=[3, 4, 5] max deg(O)=2 at O=(0.5909169222501796-0.12443862267808378j)  (#lines=0)
      r = 0.197881279: exact-C2=True #blocks=42 sizes=[3, 4, 5] max deg(O)=2 at O=(0.5909248880461586-0.12443803629064906j)  (#lines=0)
      r = 0.197884055: exact-C2=True #blocks=42 sizes=[3, 4, 5] max deg(O)=2 at O=(0.5909371255913778-0.12443713532233724j)  (#lines=0)
      r = 0.197887929: exact-C2=True #blocks=42 sizes=[3, 4, 5] max deg(O)=2 at O=(0.5909542037093423-0.12443587772423736j)  (#lines=0)
      r = 0.197890550: exact-C2=True #blocks=42 sizes=[3, 4, 5] max deg(O)=2 at O=(0.5909657582538317-0.1244350267051241j)  (#lines=0)
      r = 0.197891527: exact-C2=True #blocks=42 sizes=[3, 4, 5] max deg(O)=2 at O=(0.5909700653381297-0.1244347094440959j)  (#lines=0)
      r = 0.197891796: exact-C2=True #blocks=42 sizes=[3, 4, 5] max deg(O)=2 at O=(0.5909712512219042-0.12443462208830225j)  (#lines=0)
      r = 0.197891806: exact-C2=True #blocks=42 sizes=[3, 4, 5] max deg(O)=2 at O=(0.5909712953068273-0.12443461884084614j)  (#lines=0)
      r = 0.197891843: exact-C2=True #blocks=42 sizes=[3, 4, 5] max deg(O)=2 at O=(0.5909714584210538-0.12443460682524023j)  (#lines=0)
      r = 0.197893425: exact-C2=True #blocks=42 sizes=[3, 4, 5] max deg(O)=2 at O=(0.5909784326780686-0.12443409305035719j)  (#lines=0)
      r = 0.197900734: exact-C2=True #blocks=42 sizes=[3, 4, 5] max deg(O)=2 at O=(0.5910106550008382-0.12443171868493702j)  (#lines=0)
      r = 0.197904005: exact-C2=True #blocks=42 sizes=[3, 4, 5] max deg(O)=2 at O=(0.591025075764086-0.12443065572544292j)  (#lines=0)
      r = 0.197910432: exact-C2=True #blocks=42 sizes=[3, 4, 5] max deg(O)=2 at O=(0.5910534108209279-0.12442856653133363j)  (#lines=0)
      r = 0.197913532: exact-C2=True #blocks=42 sizes=[3, 4, 5] max deg(O)=2 at O=(0.5910670782058189-0.1244275585230373j)  (#lines=0)
      r = 0.197916449: exact-C2=True #blocks=42 sizes=[3, 4, 5] max deg(O)=2 at O=(0.5910799389226634-0.1244266098377996j)  (#lines=0)
      r = 0.197916641: exact-C2=True #blocks=42 sizes=[3, 4, 5] max deg(O)=2 at O=(0.5910807854335897-0.12442654738815387j)  (#lines=0)
      r = 0.197918107: exact-C2=True #blocks=42 sizes=[3, 4, 5] max deg(O)=2 at O=(0.5910872489177943-0.12442607053389006j)  (#lines=0)
      r = 0.197920611: exact-C2=True #blocks=42 sizes=[3, 4, 5] max deg(O)=2 at O=(0.59109828895039-0.1244252559403293j)  (#lines=0)
      r = 0.197922700: exact-C2=True #blocks=42 sizes=[3, 4, 5] max deg(O)=2 at O=(0.5911074993463296-0.12442457625381667j)  (#lines=0)
      r = 0.197924012: exact-C2=True #blocks=42 sizes=[3, 4, 5] max deg(O)=2 at O=(0.5911132839889158-0.12442414932928575j)  (#lines=0)
      r = 0.197927033: exact-C2=True #blocks=42 sizes=[3, 4, 5] max deg(O)=2 at O=(0.5911266037683366-0.12442316616078967j)  (#lines=0)
      r = 0.197927699: exact-C2=True #blocks=42 sizes=[3, 4, 5] max deg(O)=2 at O=(0.5911295402250989-0.12442294938914718j)  (#lines=0)
      r = 0.197927940: exact-C2=True #blocks=42 sizes=[3, 4, 5] max deg(O)=2 at O=(0.5911306028186599-0.1244228709454908j)  (#lines=0)
      r = 0.197929328: exact-C2=True #blocks=42 sizes=[3, 4, 5] max deg(O)=2 at O=(0.5911367226712513-0.12442241913866489j)  (#lines=0)
      r = 0.197931747: exact-C2=True #blocks=42 sizes=[3, 4, 5] max deg(O)=2 at O=(0.5911473884000688-0.12442163163632619j)  (#lines=0)
      r = 0.197934369: exact-C2=True #blocks=42 sizes=[3, 4, 5] max deg(O)=2 at O=(0.5911589492977772-0.12442077791054798j)  (#lines=0)
      r = 0.197940935: exact-C2=True #blocks=42 sizes=[3, 4, 5] max deg(O)=2 at O=(0.5911879005537193-0.12441863938892228j)  (#lines=0)
      r = 0.197951125: exact-C2=True #blocks=42 sizes=[3, 4, 5] max deg(O)=2 at O=(0.5912328324431697-0.12441531877340523j)  (#lines=0)
      r = 0.197951948: exact-C2=True #blocks=42 sizes=[3, 4, 5] max deg(O)=2 at O=(0.5912364614644314-0.12441505048837784j)  (#lines=0)
      r = 0.197959256: exact-C2=True #blocks=42 sizes=[3, 4, 5] max deg(O)=2 at O=(0.5912686866178485-0.12441266757926095j)  (#lines=0)
      r = 0.197960780: exact-C2=True #blocks=42 sizes=[3, 4, 5] max deg(O)=2 at O=(0.5912754069197486-0.12441217051114827j)  (#lines=0)
      r = 0.197966888: exact-C2=True #blocks=42 sizes=[3, 4, 5] max deg(O)=2 at O=(0.5913023414376191-0.12441017784122764j)  (#lines=0)
      r = 0.197970506: exact-C2=True #blocks=42 sizes=[3, 4, 5] max deg(O)=2 at O=(0.5913182960716441-0.12440899714224912j)  (#lines=0)
      r = 0.197975078: exact-C2=True #blocks=42 sizes=[3, 4, 5] max deg(O)=2 at O=(0.5913384579658599-0.12440750472623069j)  (#lines=0)
      r = 0.197976254: exact-C2=True #blocks=42 sizes=[3, 4, 5] max deg(O)=2 at O=(0.5913436440221032-0.12440712078006638j)  (#lines=0)
      r = 0.197977278: exact-C2=True #blocks=42 sizes=[3, 4, 5] max deg(O)=2 at O=(0.5913481597908224-0.12440678643622441j)  (#lines=0)
      r = 0.197977819: exact-C2=True #blocks=42 sizes=[3, 4, 5] max deg(O)=2 at O=(0.5913505455703278-0.12440660978679746j)  (#lines=0)
      r = 0.197977951: exact-C2=True #blocks=42 sizes=[3, 4, 5] max deg(O)=2 at O=(0.5913511276836392-0.1244065666847215j)  (#lines=0)
      r = 0.197978090: exact-C2=True #blocks=42 sizes=[3, 4, 5] max deg(O)=2 at O=(0.5913517406669151-0.12440652129653891j)  (#lines=0)
      r = 0.197979922: exact-C2=True #blocks=42 sizes=[3, 4, 5] max deg(O)=2 at O=(0.5913598197288468-0.1244059230493579j)  (#lines=0)
      r = 0.197980072: exact-C2=True #blocks=42 sizes=[3, 4, 5] max deg(O)=2 at O=(0.591360481226608-0.12440587406315262j)  (#lines=0)
      r = 0.197988508: exact-C2=True #blocks=42 sizes=[3, 4, 5] max deg(O)=2 at O=(0.5913976844736876-0.12440311832744269j)  (#lines=0)
      r = 0.197991850: exact-C2=True #blocks=42 sizes=[3, 4, 5] max deg(O)=2 at O=(0.5914124232197607-0.12440202620863668j)  (#lines=0)
      r = 0.197993250: exact-C2=True #blocks=42 sizes=[3, 4, 5] max deg(O)=2 at O=(0.5914185974963206-0.12440156863934967j)  (#lines=0)
      r = 0.197993811: exact-C2=True #blocks=42 sizes=[3, 4, 5] max deg(O)=2 at O=(0.591421071626452-0.12440138527338353j)  (#lines=0)
      r = 0.197996814: exact-C2=True #blocks=42 sizes=[3, 4, 5] max deg(O)=2 at O=(0.5914343155900814-0.12440040361508961j)  (#lines=0)
      r = 0.198002967: exact-C2=True #blocks=42 sizes=[3, 4, 5] max deg(O)=2 at O=(0.5914614523000145-0.1243983916606527j)  (#lines=0)
      r = 0.198003667: exact-C2=True #blocks=42 sizes=[3, 4, 5] max deg(O)=2 at O=(0.5914645395658591-0.12439816271957814j)  (#lines=0)
      r = 0.198005058: exact-C2=True #blocks=42 sizes=[3, 4, 5] max deg(O)=2 at O=(0.5914706744287443-0.12439770775077028j)  (#lines=0)
      r = 0.198010147: exact-C2=True #blocks=42 sizes=[3, 4, 5] max deg(O)=2 at O=(0.591493119220552-0.12439604289646096j)  (#lines=0)
      r = 0.198015511: exact-C2=True #blocks=42 sizes=[3, 4, 5] max deg(O)=2 at O=(0.5915167773612392-0.12439428749458459j)  (#lines=0)
      r = 0.198025406: exact-C2=True #blocks=42 sizes=[3, 4, 5] max deg(O)=2 at O=(0.5915604209398857-0.1243910477278995j)  (#lines=0)
      r = 0.198043573: exact-C2=True #blocks=42 sizes=[3, 4, 5] max deg(O)=2 at O=(0.5916405538940698-0.12438509429567615j)  (#lines=0)
      r = 0.198049478: exact-C2=True #blocks=42 sizes=[3, 4, 5] max deg(O)=2 at O=(0.591666601504959-0.1243831577166922j)  (#lines=0)
      r = 0.198053871: exact-C2=True #blocks=42 sizes=[3, 4, 5] max deg(O)=2 at O=(0.5916859798987246-0.12438171653708922j)  (#lines=0)
      r = 0.198055660: exact-C2=True #blocks=42 sizes=[3, 4, 5] max deg(O)=2 at O=(0.5916938716259232-0.12438112951799868j)  (#lines=0)
      r = 0.198057004: exact-C2=True #blocks=42 sizes=[3, 4, 5] max deg(O)=2 at O=(0.591699800382267-0.12438068847166522j)  (#lines=0)
      r = 0.198057546: exact-C2=True #blocks=42 sizes=[3, 4, 5] max deg(O)=2 at O=(0.5917021913030747-0.12438051059861373j)  (#lines=0)
      r = 0.198060872: exact-C2=True #blocks=42 sizes=[3, 4, 5] max deg(O)=2 at O=(0.5917168633724619-0.12437941894144296j)  (#lines=0)
      r = 0.198061532: exact-C2=True #blocks=42 sizes=[3, 4, 5] max deg(O)=2 at O=(0.5917197748697067-0.12437920228942595j)  (#lines=0)
      r = 0.198062906: exact-C2=True #blocks=42 sizes=[3, 4, 5] max deg(O)=2 at O=(0.5917258361012563-0.12437875123029116j)  (#lines=0)
      r = 0.198065524: exact-C2=True #blocks=42 sizes=[3, 4, 5] max deg(O)=2 at O=(0.5917373851738271-0.12437789168010122j)  (#lines=0)
      r = 0.198066406: exact-C2=True #blocks=42 sizes=[3, 4, 5] max deg(O)=2 at O=(0.5917412760639709-0.12437760206695775j)  (#lines=0)
      r = 0.198068297: exact-C2=True #blocks=42 sizes=[3, 4, 5] max deg(O)=2 at O=(0.5917496181415192-0.12437698108453901j)  (#lines=0)
      r = 0.198070477: exact-C2=True #blocks=42 sizes=[3, 4, 5] max deg(O)=2 at O=(0.5917592352071295-0.12437626510569653j)  (#lines=0)
      r = 0.198071465: exact-C2=True #blocks=42 sizes=[3, 4, 5] max deg(O)=2 at O=(0.591763593793625-0.12437594058369089j)  (#lines=0)
      r = 0.198071706: exact-C2=True #blocks=42 sizes=[3, 4, 5] max deg(O)=2 at O=(0.5917646569736054-0.12437586142089414j)  (#lines=0)
      r = 0.198071875: exact-C2=True #blocks=42 sizes=[3, 4, 5] max deg(O)=2 at O=(0.5917654025236407-0.12437580590767391j)  (#lines=0)
      r = 0.198072083: exact-C2=True #blocks=42 sizes=[3, 4, 5] max deg(O)=2 at O=(0.5917663201243457-0.12437573758289575j)  (#lines=0)
      r = 0.198072136: exact-C2=True #blocks=42 sizes=[3, 4, 5] max deg(O)=2 at O=(0.591766553936181-0.124375720173073j)  (#lines=0)
      r = 0.198072139: exact-C2=True #blocks=42 sizes=[3, 4, 5] max deg(O)=2 at O=(0.591766567170815-0.12437571918760973j)  (#lines=0)
      r = 0.198072165: exact-C2=True #blocks=42 sizes=[3, 4, 5] max deg(O)=2 at O=(0.5917666818709791-0.12437571064691899j)  (#lines=0)
      r = 0.198072202: exact-C2=True #blocks=42 sizes=[3, 4, 5] max deg(O)=2 at O=(0.5917668450981561-0.12437569849283489j)  (#lines=0)
      r = 0.198072236: exact-C2=True #blocks=42 sizes=[3, 4, 5] max deg(O)=2 at O=(0.5917669950907158-0.12437568732419194j)  (#lines=0)
      r = 0.198072309: exact-C2=True #blocks=42 sizes=[3, 4, 5] max deg(O)=2 at O=(0.5917673171336344-0.12437566334437761j)  (#lines=0)
      r = 0.198072399: exact-C2=True #blocks=42 sizes=[3, 4, 5] max deg(O)=2 at O=(0.5917677141729704-0.1243756337800706j)  (#lines=0)
      r = 0.198072559: exact-C2=True #blocks=42 sizes=[3, 4, 5] max deg(O)=2 at O=(0.591768420021022-0.12437558122088702j)  (#lines=0)
      r = 0.198072676: exact-C2=True #blocks=42 sizes=[3, 4, 5] max deg(O)=2 at O=(0.5917689361726834-0.12437554278664753j)  (#lines=0)
      r = 0.198072812: exact-C2=True #blocks=42 sizes=[3, 4, 5] max deg(O)=2 at O=(0.5917695361441367-0.12437549811059287j)  (#lines=0)
      r = 0.198073215: exact-C2=True #blocks=42 sizes=[3, 4, 5] max deg(O)=2 at O=(0.5917713140025584-0.12437536572267385j)  (#lines=0)
      r = 0.198073261: exact-C2=True #blocks=42 sizes=[3, 4, 5] max deg(O)=2 at O=(0.5917715169344638-0.12437535061118335j)  (#lines=0)
      r = 0.198073539: exact-C2=True #blocks=42 sizes=[3, 4, 5] max deg(O)=2 at O=(0.5917727433497844-0.12437525928428252j)  (#lines=0)
      r = 0.198075932: exact-C2=True #blocks=42 sizes=[3, 4, 5] max deg(O)=2 at O=(0.5917833002810733-0.12437447308380917j)  (#lines=0)
      r = 0.198076173: exact-C2=True #blocks=42 sizes=[3, 4, 5] max deg(O)=2 at O=(0.5917843634792748-0.12437439389864674j)  (#lines=0)
      r = 0.198080689: exact-C2=True #blocks=42 sizes=[3, 4, 5] max deg(O)=2 at O=(0.5918042864953963-0.12437290985724553j)  (#lines=0)
      r = 0.198084277: exact-C2=True #blocks=42 sizes=[3, 4, 5] max deg(O)=2 at O=(0.5918201157453946-0.12437173047179183j)  (#lines=0)
      r = 0.198085143: exact-C2=True #blocks=42 sizes=[3, 4, 5] max deg(O)=2 at O=(0.5918239363272253-0.12437144577514123j)  (#lines=0)
      r = 0.198085738: exact-C2=True #blocks=42 sizes=[3, 4, 5] max deg(O)=2 at O=(0.5918265613301802-0.12437125016044323j)  (#lines=0)
      r = 0.198086387: exact-C2=True #blocks=42 sizes=[3, 4, 5] max deg(O)=2 at O=(0.5918294245755287-0.12437103678409106j)  (#lines=0)
      r = 0.198087341: exact-C2=True #blocks=42 sizes=[3, 4, 5] max deg(O)=2 at O=(0.5918336334267791-0.12437072311482805j)  (#lines=0)
      r = 0.198087580: exact-C2=True #blocks=42 sizes=[3, 4, 5] max deg(O)=2 at O=(0.5918346878479022-0.12437064453015298j)  (#lines=0)
      r = 0.198088583: exact-C2=True #blocks=42 sizes=[3, 4, 5] max deg(O)=2 at O=(0.5918391128977117-0.12437031472462035j)  (#lines=0)
      r = 0.198088732: exact-C2=True #blocks=42 sizes=[3, 4, 5] max deg(O)=2 at O=(0.5918397702595058-0.12437026572879487j)  (#lines=0)
      r = 0.198089723: exact-C2=True #blocks=42 sizes=[3, 4, 5] max deg(O)=2 at O=(0.591844142386763-0.12436993984549187j)  (#lines=0)
      r = 0.198092546: exact-C2=True #blocks=42 sizes=[3, 4, 5] max deg(O)=2 at O=(0.5918565970845824-0.12436901141014861j)  (#lines=0)
      r = 0.198093422: exact-C2=True #blocks=42 sizes=[3, 4, 5] max deg(O)=2 at O=(0.5918604619066479-0.12436872327539672j)  (#lines=0)
      r = 0.198093473: exact-C2=True #blocks=42 sizes=[3, 4, 5] max deg(O)=2 at O=(0.5918606869138131-0.12436870649993707j)  (#lines=0)
      r = 0.198095834: exact-C2=True #blocks=42 sizes=[3, 4, 5] max deg(O)=2 at O=(0.5918711034701296-0.124367929835663j)  (#lines=0)
      r = 0.198097024: exact-C2=True #blocks=42 sizes=[3, 4, 5] max deg(O)=2 at O=(0.5918763536973373-0.12436753833453956j)  (#lines=0)
      r = 0.198097181: exact-C2=True #blocks=42 sizes=[3, 4, 5] max deg(O)=2 at O=(0.5918770463761627-0.12436748668051334j)  (#lines=0)
      r = 0.198099556: exact-C2=True #blocks=42 sizes=[3, 4, 5] max deg(O)=2 at O=(0.5918875248487547-0.12436670522750101j)  (#lines=0)
      r = 0.198103312: exact-C2=True #blocks=42 sizes=[3, 4, 5] max deg(O)=2 at O=(0.5919040964722679-0.1243654691408359j)  (#lines=0)
      r = 0.198103729: exact-C2=True #blocks=42 sizes=[3, 4, 5] max deg(O)=2 at O=(0.5919059363078133-0.1243653318894891j)  (#lines=0)
      r = 0.198104623: exact-C2=True #blocks=42 sizes=[3, 4, 5] max deg(O)=2 at O=(0.5919098807133605-0.1243650376262207j)  (#lines=0)
      r = 0.198106505: exact-C2=True #blocks=42 sizes=[3, 4, 5] max deg(O)=2 at O=(0.5919181843048199-0.12436441810495918j)  (#lines=0)
      r = 0.198106578: exact-C2=True #blocks=42 sizes=[3, 4, 5] max deg(O)=2 at O=(0.5919185063900729-0.1243643940731613j)  (#lines=0)
      r = 0.198107596: exact-C2=True #blocks=42 sizes=[3, 4, 5] max deg(O)=2 at O=(0.5919229979445273-0.12436405893326222j)  (#lines=0)
      r = 0.198109900: exact-C2=True #blocks=42 sizes=[3, 4, 5] max deg(O)=2 at O=(0.5919331635706506-0.12436330034455725j)  (#lines=0)
      r = 0.198113684: exact-C2=True #blocks=42 sizes=[3, 4, 5] max deg(O)=2 at O=(0.591949859394595-0.1243620542285534j)  (#lines=0)
      r = 0.198113967: exact-C2=True #blocks=42 sizes=[3, 4, 5] max deg(O)=2 at O=(0.5919511080613563-0.12436196102134048j)  (#lines=0)
      r = 0.198116032: exact-C2=True #blocks=42 sizes=[3, 4, 5] max deg(O)=2 at O=(0.5919602193987232-0.12436128085471368j)  (#lines=0)
      r = 0.198119407: exact-C2=True #blocks=42 sizes=[3, 4, 5] max deg(O)=2 at O=(0.5919751109650276-0.12436016901141184j)  (#lines=0)
      r = 0.198120152: exact-C2=True #blocks=42 sizes=[3, 4, 5] max deg(O)=2 at O=(0.5919783981663749-0.12435992355039524j)  (#lines=0)
      r = 0.198121563: exact-C2=True #blocks=42 sizes=[3, 4, 5] max deg(O)=2 at O=(0.5919846240191-0.12435945862549447j)  (#lines=0)
      r = 0.198126672: exact-C2=True #blocks=42 sizes=[3, 4, 5] max deg(O)=2 at O=(0.5920071670944159-0.12435777486230057j)  (#lines=0)
      r = 0.198127060: exact-C2=True #blocks=42 sizes=[3, 4, 5] max deg(O)=2 at O=(0.5920088791330581-0.12435764696772506j)  (#lines=0)
      r = 0.198127178: exact-C2=True #blocks=42 sizes=[3, 4, 5] max deg(O)=2 at O=(0.5920093998051092-0.12435760807133162j)  (#lines=0)
      r = 0.198127864: exact-C2=True #blocks=42 sizes=[3, 4, 5] max deg(O)=2 at O=(0.5920124267676321-0.12435738193910667j)  (#lines=0)
      r = 0.198129389: exact-C2=True #blocks=42 sizes=[3, 4, 5] max deg(O)=2 at O=(0.5920191558309263-0.1243568792048688j)  (#lines=0)
      r = 0.198129532: exact-C2=True #blocks=42 sizes=[3, 4, 5] max deg(O)=2 at O=(0.592019786820519-0.12435683206075271j)  (#lines=0)
      r = 0.198133959: exact-C2=True #blocks=42 sizes=[3, 4, 5] max deg(O)=2 at O=(0.5920393211939918-0.12435537236091132j)  (#lines=0)
      r = 0.198134179: exact-C2=True #blocks=42 sizes=[3, 4, 5] max deg(O)=2 at O=(0.5920402919643675-0.12435529981042251j)  (#lines=0)
      r = 0.198137107: exact-C2=True #blocks=42 sizes=[3, 4, 5] max deg(O)=2 at O=(0.5920532121135592-0.1243543341335461j)  (#lines=0)
      r = 0.198142785: exact-C2=True #blocks=42 sizes=[3, 4, 5] max deg(O)=2 at O=(0.5920782673791761-0.12435246097754307j)  (#lines=0)
      r = 0.198143863: exact-C2=True #blocks=42 sizes=[3, 4, 5] max deg(O)=2 at O=(0.5920830243228592-0.12435210527269872j)  (#lines=0)
      r = 0.198144018: exact-C2=True #blocks=42 sizes=[3, 4, 5] max deg(O)=2 at O=(0.5920837083006097-0.12435205412576661j)  (#lines=0)
      r = 0.198144393: exact-C2=True #blocks=42 sizes=[3, 4, 5] max deg(O)=2 at O=(0.5920853630871693-0.12435193038112233j)  (#lines=0)
      r = 0.198145209: exact-C2=True #blocks=42 sizes=[3, 4, 5] max deg(O)=2 at O=(0.5920889639109453-0.1243516611026714j)  (#lines=0)
      r = 0.198146052: exact-C2=True #blocks=42 sizes=[3, 4, 5] max deg(O)=2 at O=(0.5920926838914614-0.12435138289973097j)  (#lines=0)
      r = 0.198147983: exact-C2=True #blocks=42 sizes=[3, 4, 5] max deg(O)=2 at O=(0.5921012050309435-0.12435074558439448j)  (#lines=0)
      r = 0.198153838: exact-C2=True #blocks=42 sizes=[3, 4, 5] max deg(O)=2 at O=(0.5921270424294357-0.12434881270163611j)  (#lines=0)
      r = 0.198153908: exact-C2=True #blocks=42 sizes=[3, 4, 5] max deg(O)=2 at O=(0.5921273513343785-0.12434878958856295j)  (#lines=0)
      r = 0.198153988: exact-C2=True #blocks=42 sizes=[3, 4, 5] max deg(O)=2 at O=(0.5921277043687007-0.1243487631734976j)  (#lines=0)
      r = 0.198158151: exact-C2=True #blocks=42 sizes=[3, 4, 5] max deg(O)=2 at O=(0.5921460755416942-0.12434738841584339j)  (#lines=0)
      r = 0.198159479: exact-C2=True #blocks=42 sizes=[3, 4, 5] max deg(O)=2 at O=(0.5921519360208171-0.1243469497913316j)  (#lines=0)
      r = 0.198159789: exact-C2=True #blocks=42 sizes=[3, 4, 5] max deg(O)=2 at O=(0.5921533040586414-0.12434684739629295j)  (#lines=0)
      r = 0.198160697: exact-C2=True #blocks=42 sizes=[3, 4, 5] max deg(O)=2 at O=(0.5921573110949243-0.12434654746642111j)  (#lines=0)
      r = 0.198161939: exact-C2=True #blocks=42 sizes=[3, 4, 5] max deg(O)=2 at O=(0.592162792107673-0.12434613718215301j)  (#lines=0)
      r = 0.198162250: exact-C2=True #blocks=42 sizes=[3, 4, 5] max deg(O)=2 at O=(0.5921641645714747-0.12434603444089232j)  (#lines=0)
      r = 0.198162303: exact-C2=True #blocks=42 sizes=[3, 4, 5] max deg(O)=2 at O=(0.5921643984641839-0.12434601693173085j)  (#lines=0)
      r = 0.198162304: exact-C2=True #blocks=42 sizes=[3, 4, 5] max deg(O)=2 at O=(0.5921644028772539-0.12434601660136872j)  (#lines=0)
      r = 0.198162306: exact-C2=True #blocks=42 sizes=[3, 4, 5] max deg(O)=2 at O=(0.5921644117033944-0.12434601594064455j)  (#lines=0)
      r = 0.198162359: exact-C2=True #blocks=42 sizes=[3, 4, 5] max deg(O)=2 at O=(0.5921646455961533-0.12434599843142137j)  (#lines=0)
      r = 0.198162498: exact-C2=True #blocks=42 sizes=[3, 4, 5] max deg(O)=2 at O=(0.5921652590132356-0.12434595251072836j)  (#lines=0)
      r = 0.198162680: exact-C2=True #blocks=42 sizes=[3, 4, 5] max deg(O)=2 at O=(0.5921660621929312-0.1243458923837456j)  (#lines=0)
      r = 0.198163492: exact-C2=True #blocks=42 sizes=[3, 4, 5] max deg(O)=2 at O=(0.5921696456168659-0.12434562411650607j)  (#lines=0)
      r = 0.198169062: exact-C2=True #blocks=42 sizes=[3, 4, 5] max deg(O)=2 at O=(0.5921942267936372-0.12434378353926895j)  (#lines=0)
      r = 0.198174002: exact-C2=True #blocks=42 sizes=[3, 4, 5] max deg(O)=2 at O=(0.5922160281329756-0.12434215060223568j)  (#lines=0)
      r = 0.198176001: exact-C2=True #blocks=42 sizes=[3, 4, 5] max deg(O)=2 at O=(0.5922248502902853-0.12434148968040581j)  (#lines=0)
      r = 0.198180096: exact-C2=True #blocks=42 sizes=[3, 4, 5] max deg(O)=2 at O=(0.5922429229047215-0.12434013550643311j)  (#lines=0)
      r = 0.198180776: exact-C2=True #blocks=42 sizes=[3, 4, 5] max deg(O)=2 at O=(0.5922459240012581-0.1243399106037201j)  (#lines=0)
      r = 0.198180928: exact-C2=True #blocks=42 sizes=[3, 4, 5] max deg(O)=2 at O=(0.5922465948356729-0.12433986033003366j)  (#lines=0)
      r = 0.198181032: exact-C2=True #blocks=42 sizes=[3, 4, 5] max deg(O)=2 at O=(0.5922470538278638-0.12433982593197132j)  (#lines=0)
      r = 0.198183220: exact-C2=True #blocks=42 sizes=[3, 4, 5] max deg(O)=2 at O=(0.592256710359881-0.12433910219749048j)  (#lines=0)
      r = 0.198183354: exact-C2=True #blocks=42 sizes=[3, 4, 5] max deg(O)=2 at O=(0.5922573017588987-0.12433905787047844j)  (#lines=0)
      r = 0.198183472: exact-C2=True #blocks=42 sizes=[3, 4, 5] max deg(O)=2 at O=(0.5922578225433591-0.1243390188359346j)  (#lines=0)
      r = 0.198186357: exact-C2=True #blocks=42 sizes=[3, 4, 5] max deg(O)=2 at O=(0.5922705553553924-0.12433806438429575j)  (#lines=0)
      r = 0.198187662: exact-C2=True #blocks=42 sizes=[3, 4, 5] max deg(O)=2 at O=(0.5922763149578782-0.12433763259105741j)  (#lines=0)
      r = 0.198188607: exact-C2=True #blocks=42 sizes=[3, 4, 5] max deg(O)=2 at O=(0.5922804857224964-0.12433731989107599j)  (#lines=0)
      r = 0.198188905: exact-C2=True #blocks=42 sizes=[3, 4, 5] max deg(O)=2 at O=(0.592281800950875-0.12433722127918603j)  (#lines=0)
      r = 0.198190131: exact-C2=True #blocks=42 sizes=[3, 4, 5] max deg(O)=2 at O=(0.5922872119398113-0.12433681556116782j)  (#lines=0)
      r = 0.198191870: exact-C2=True #blocks=42 sizes=[3, 4, 5] max deg(O)=2 at O=(0.5922948871137464-0.12433624002332302j)  (#lines=0)
      r = 0.198192249: exact-C2=True #blocks=42 sizes=[3, 4, 5] max deg(O)=2 at O=(0.5922965598582752-0.12433611458147958j)  (#lines=0)
      r = 0.198192463: exact-C2=True #blocks=42 sizes=[3, 4, 5] max deg(O)=2 at O=(0.5922975043641736-0.12433604375020041j)  (#lines=0)
      r = 0.198195561: exact-C2=True #blocks=42 sizes=[3, 4, 5] max deg(O)=2 at O=(0.5923111777186261-0.12433501824483809j)  (#lines=0)
      r = 0.198196465: exact-C2=True #blocks=42 sizes=[3, 4, 5] max deg(O)=2 at O=(0.5923151676499538-0.12433471896354228j)  (#lines=0)
      r = 0.198196748: exact-C2=True #blocks=42 sizes=[3, 4, 5] max deg(O)=2 at O=(0.5923164167131566-0.12433462526911074j)  (#lines=0)
      r = 0.198196851: exact-C2=True #blocks=42 sizes=[3, 4, 5] max deg(O)=2 at O=(0.5923168713195348-0.12433459116789693j)  (#lines=0)
      r = 0.198197931: exact-C2=True #blocks=42 sizes=[3, 4, 5] max deg(O)=2 at O=(0.5923216380768357-0.12433423358847837j)  (#lines=0)
      r = 0.198205065: exact-C2=True #blocks=42 sizes=[3, 4, 5] max deg(O)=2 at O=(0.5923531256527932-0.12433187096806621j)  (#lines=0)
      r = 0.198205573: exact-C2=True #blocks=42 sizes=[3, 4, 5] max deg(O)=2 at O=(0.5923553678623407-0.1243317026894936j)  (#lines=0)
      r = 0.198206041: exact-C2=True #blocks=42 sizes=[3, 4, 5] max deg(O)=2 at O=(0.5923574335238186-0.12433154765644945j)  (#lines=0)
      r = 0.198206200: exact-C2=True #blocks=42 sizes=[3, 4, 5] max deg(O)=2 at O=(0.5923581353199078-0.12433149498392919j)  (#lines=0)
      r = 0.198208191: exact-C2=True #blocks=42 sizes=[3, 4, 5] max deg(O)=2 at O=(0.5923669232555846-0.12433083537342461j)  (#lines=0)
      r = 0.198209068: exact-C2=True #blocks=42 sizes=[3, 4, 5] max deg(O)=2 at O=(0.5923707942058398-0.12433054480058561j)  (#lines=0)
      r = 0.198210314: exact-C2=True #blocks=42 sizes=[3, 4, 5] max deg(O)=2 at O=(0.5923762938907267-0.12433013194095308j)  (#lines=0)
      r = 0.198210899: exact-C2=True #blocks=42 sizes=[3, 4, 5] max deg(O)=2 at O=(0.5923788760150843-0.12432993809121545j)  (#lines=0)
      r = 0.198211119: exact-C2=True #blocks=42 sizes=[3, 4, 5] max deg(O)=2 at O=(0.5923798470718967-0.12432986518861648j)  (#lines=0)
      r = 0.198211137: exact-C2=True #blocks=42 sizes=[3, 4, 5] max deg(O)=2 at O=(0.592379926522036-0.12432985922381379j)  (#lines=0)
      r = 0.198212624: exact-C2=True #blocks=42 sizes=[3, 4, 5] max deg(O)=2 at O=(0.5923864900052398-0.1243293664415488j)  (#lines=0)
      r = 0.198213512: exact-C2=True #blocks=42 sizes=[3, 4, 5] max deg(O)=2 at O=(0.5923904095745853-0.12432907214209568j)  (#lines=0)
      r = 0.198213707: exact-C2=True #blocks=42 sizes=[3, 4, 5] max deg(O)=2 at O=(0.5923912702926144-0.12432900751332907j)  (#lines=0)
      r = 0.198213961: exact-C2=True #blocks=42 sizes=[3, 4, 5] max deg(O)=2 at O=(0.5923923914339853-0.12432892332903075j)  (#lines=0)
      r = 0.198214057: exact-C2=True #blocks=42 sizes=[3, 4, 5] max deg(O)=2 at O=(0.5923928151727408-0.12432889151099341j)  (#lines=0)
      r = 0.198214289: exact-C2=True #blocks=42 sizes=[3, 4, 5] max deg(O)=2 at O=(0.5923938392087096-0.12432881461661159j)  (#lines=0)
      r = 0.198214318: exact-C2=True #blocks=42 sizes=[3, 4, 5] max deg(O)=2 at O=(0.5923939672132705-0.1243288050047352j)  (#lines=0)
      r = 0.198215227: exact-C2=True #blocks=42 sizes=[3, 4, 5] max deg(O)=2 at O=(0.5923979795013516-0.12432850371325038j)  (#lines=0)
      r = 0.198216052: exact-C2=True #blocks=42 sizes=[3, 4, 5] max deg(O)=2 at O=(0.5924016210290413-0.12432823024899593j)  (#lines=0)
      r = 0.198216202: exact-C2=True #blocks=42 sizes=[3, 4, 5] max deg(O)=2 at O=(0.5924022831262228-0.12432818052670043j)  (#lines=0)
      r = 0.198216237: exact-C2=True #blocks=42 sizes=[3, 4, 5] max deg(O)=2 at O=(0.5924024376156186-0.124328168924764j)  (#lines=0)
      r = 0.198216490: exact-C2=True #blocks=42 sizes=[3, 4, 5] max deg(O)=2 at O=(0.5924035543538764-0.12432808505858023j)  (#lines=0)
      r = 0.198216512: exact-C2=True #blocks=42 sizes=[3, 4, 5] max deg(O)=2 at O=(0.592403651461603-0.12432807776580576j)  (#lines=0)
      r = 0.198216690: exact-C2=True #blocks=42 sizes=[3, 4, 5] max deg(O)=2 at O=(0.5924044371516849-0.12432801876025908j)  (#lines=0)
      r = 0.198216696: exact-C2=True #blocks=42 sizes=[3, 4, 5] max deg(O)=2 at O=(0.5924044636356292-0.12432801677129646j)  (#lines=0)
      r = 0.198216706: exact-C2=True #blocks=42 sizes=[3, 4, 5] max deg(O)=2 at O=(0.5924045077755383-0.12432801345635733j)  (#lines=0)
      r = 0.198216769: exact-C2=True #blocks=42 sizes=[3, 4, 5] max deg(O)=2 at O=(0.5924047858570046-0.12432799257219262j)  (#lines=0)
      r = 0.198216974: exact-C2=True #blocks=42 sizes=[3, 4, 5] max deg(O)=2 at O=(0.592405690725735-0.12432792461521208j)  (#lines=0)
      r = 0.198217206: exact-C2=True #blocks=42 sizes=[3, 4, 5] max deg(O)=2 at O=(0.5924067147731551-0.12432784770674496j)  (#lines=0)
      r = 0.198217375: exact-C2=True #blocks=42 sizes=[3, 4, 5] max deg(O)=2 at O=(0.592407460739306-0.1243277916821992j)  (#lines=0)
      r = 0.198217470: exact-C2=True #blocks=42 sizes=[3, 4, 5] max deg(O)=2 at O=(0.5924078800696031-0.12432776018885056j)  (#lines=0)
      r = 0.198217529: exact-C2=True #blocks=42 sizes=[3, 4, 5] max deg(O)=2 at O=(0.5924081404958651-0.12432774062972876j)  (#lines=0)
      r = 0.198217581: exact-C2=True #blocks=42 sizes=[3, 4, 5] max deg(O)=2 at O=(0.5924083700241446-0.12432772339112069j)  (#lines=0)
      r = 0.198217606: exact-C2=True #blocks=42 sizes=[3, 4, 5] max deg(O)=2 at O=(0.5924084803742946-0.12432771510330846j)  (#lines=0)
      r = 0.198217793: exact-C2=True #blocks=42 sizes=[3, 4, 5] max deg(O)=2 at O=(0.5924093057937558-0.1243276531100597j)  (#lines=0)
      r = 0.198217799: exact-C2=True #blocks=42 sizes=[3, 4, 5] max deg(O)=2 at O=(0.5924093322778128-0.12432765112095942j)  (#lines=0)
      r = 0.198217879: exact-C2=True #blocks=42 sizes=[3, 4, 5] max deg(O)=2 at O=(0.5924096853986266-0.12432762459955102j)  (#lines=0)
      r = 0.198217939: exact-C2=True #blocks=42 sizes=[3, 4, 5] max deg(O)=2 at O=(0.5924099502393078-0.1243276047084074j)  (#lines=0)
      r = 0.198217942: exact-C2=True #blocks=42 sizes=[3, 4, 5] max deg(O)=2 at O=(0.5924099634813438-0.12432760371384827j)  (#lines=0)
      r = 0.198218006: exact-C2=True #blocks=42 sizes=[3, 4, 5] max deg(O)=2 at O=(0.5924102459781416-0.12432758249654191j)  (#lines=0)
      r = 0.198218010: exact-C2=True #blocks=42 sizes=[3, 4, 5] max deg(O)=2 at O=(0.5924102636341925-0.12432758117045739j)  (#lines=0)
      r = 0.198218011: exact-C2=True #blocks=42 sizes=[3, 4, 5] max deg(O)=2 at O=(0.5924102680482062-0.12432758083893622j)  (#lines=0)
      r = 0.198218012: exact-C2=True #blocks=42 sizes=[3, 4, 5] max deg(O)=2 at O=(0.5924102724622198-0.12432758050741506j)  (#lines=0)
      r = 0.198218026: exact-C2=True #blocks=42 sizes=[3, 4, 5] max deg(O)=2 at O=(0.5924103342584045-0.12432757586611626j)  (#lines=0)
      r = 0.198218028: exact-C2=True #blocks=42 sizes=[3, 4, 5] max deg(O)=2 at O=(0.5924103430864307-0.1243275752030731j)  (#lines=0)
      r = 0.198218034: exact-C2=True #blocks=42 sizes=[3, 4, 5] max deg(O)=2 at O=(0.592410369570512-0.1243275732139435j)  (#lines=0)
      r = 0.198218037: exact-C2=True #blocks=42 sizes=[3, 4, 5] max deg(O)=2 at O=(0.5924103828125531-0.1243275722193784j)  (#lines=0)
      r = 0.198218039: exact-C2=True #blocks=42 sizes=[3, 4, 5] max deg(O)=2 at O=(0.5924103916405792-0.12432757155633495j)  (#lines=0)
      r = 0.198218113: exact-C2=True #blocks=42 sizes=[3, 4, 5] max deg(O)=2 at O=(0.5924107182776295-0.1243275470236673j)  (#lines=0)
      r = 0.198218130: exact-C2=True #blocks=42 sizes=[3, 4, 5] max deg(O)=2 at O=(0.5924107933158838-0.12432754138776808j)  (#lines=0)
      r = 0.198218141: exact-C2=True #blocks=42 sizes=[3, 4, 5] max deg(O)=2 at O=(0.59241084187005-0.12432753774100654j)  (#lines=0)
      r = 0.198218170: exact-C2=True #blocks=42 sizes=[3, 4, 5] max deg(O)=2 at O=(0.592410969876501-0.12432752812680498j)  (#lines=0)
      r = 0.198218173: exact-C2=True #blocks=42 sizes=[3, 4, 5] max deg(O)=2 at O=(0.5924109831185478-0.12432752713223127j)  (#lines=0)
      r = 0.198218180: exact-C2=True #blocks=42 sizes=[3, 4, 5] max deg(O)=2 at O=(0.5924110140166584-0.12432752481155901j)  (#lines=0)
      r = 0.198218188: exact-C2=True #blocks=42 sizes=[3, 4, 5] max deg(O)=2 at O=(0.5924110493287874-0.12432752215936078j)  (#lines=0)
      r = 0.198218189: exact-C2=True #blocks=42 sizes=[3, 4, 5] max deg(O)=2 at O=(0.592411053742804-0.12432752182783592j)  (#lines=0)
      r = 0.198218222: exact-C2=True #blocks=42 sizes=[3, 4, 5] max deg(O)=2 at O=(0.5924111994053445-0.12432751088750313j)  (#lines=0)
      r = 0.198218500: exact-C2=True #blocks=42 sizes=[3, 4, 5] max deg(O)=2 at O=(0.5924124265026282-0.12432741872258901j)  (#lines=0)
      r = 0.198218836: exact-C2=True #blocks=42 sizes=[3, 4, 5] max deg(O)=2 at O=(0.5924139096147611-0.12432730732687666j)  (#lines=0)
      r = 0.198219220: exact-C2=True #blocks=42 sizes=[3, 4, 5] max deg(O)=2 at O=(0.592415604602394-0.12432718001461374j)  (#lines=0)
      r = 0.198219239: exact-C2=True #blocks=42 sizes=[3, 4, 5] max deg(O)=2 at O=(0.5924156884690344-0.12432717371522928j)  (#lines=0)
      r = 0.198220712: exact-C2=True #blocks=42 sizes=[3, 4, 5] max deg(O)=2 at O=(0.5924221903592736-0.12432668532429567j)  (#lines=0)
      r = 0.198220788: exact-C2=True #blocks=42 sizes=[3, 4, 5] max deg(O)=2 at O=(0.59242252582779-0.12432666012435273j)  (#lines=0)
      r = 0.198220862: exact-C2=True #blocks=42 sizes=[3, 4, 5] max deg(O)=2 at O=(0.5924228524682816-0.12432663558745077j)  (#lines=0)
      r = 0.198221133: exact-C2=True #blocks=42 sizes=[3, 4, 5] max deg(O)=2 at O=(0.5924240486795227-0.12432654572836427j)  (#lines=0)
      r = 0.198221140: exact-C2=True #blocks=42 sizes=[3, 4, 5] max deg(O)=2 at O=(0.592424079577985-0.12432654340726065j)  (#lines=0)
      r = 0.198222022: exact-C2=True #blocks=42 sizes=[3, 4, 5] max deg(O)=2 at O=(0.5924279727908066-0.12432625094003708j)  (#lines=0)
      r = 0.198222743: exact-C2=True #blocks=42 sizes=[3, 4, 5] max deg(O)=2 at O=(0.5924311553475746-0.12432601184765928j)  (#lines=0)
      r = 0.198223080: exact-C2=True #blocks=42 sizes=[3, 4, 5] max deg(O)=2 at O=(0.5924326428979279-0.12432590009064554j)  (#lines=0)
      r = 0.198224333: exact-C2=True #blocks=42 sizes=[3, 4, 5] max deg(O)=2 at O=(0.5924381737770812-0.1243254845460584j)  (#lines=0)
      r = 0.198224435: exact-C2=True #blocks=42 sizes=[3, 4, 5] max deg(O)=2 at O=(0.5924386240174147-0.12432545071736725j)  (#lines=0)
      r = 0.198224938: exact-C2=True #blocks=42 sizes=[3, 4, 5] max deg(O)=2 at O=(0.5924408443228146-0.12432528389231993j)  (#lines=0)
      r = 0.198226171: exact-C2=True #blocks=42 sizes=[3, 4, 5] max deg(O)=2 at O=(0.5924462869583336-0.12432487493309699j)  (#lines=0)
      r = 0.198226445: exact-C2=True #blocks=42 sizes=[3, 4, 5] max deg(O)=2 at O=(0.5924474964363874-0.12432478404897196j)  (#lines=0)
      r = 0.198226952: exact-C2=True #blocks=42 sizes=[3, 4, 5] max deg(O)=2 at O=(0.5924497344155519-0.12432461587605012j)  (#lines=0)
      r = 0.198230591: exact-C2=True #blocks=42 sizes=[3, 4, 5] max deg(O)=2 at O=(0.5924657976717547-0.12432340865538122j)  (#lines=0)
      r = 0.198231190: exact-C2=True #blocks=42 sizes=[3, 4, 5] max deg(O)=2 at O=(0.5924684417961341-0.12432320991360223j)  (#lines=0)
      r = 0.198240064: exact-C2=True #blocks=42 sizes=[3, 4, 5] max deg(O)=2 at O=(0.5925076143934161-0.12432026474050029j)  (#lines=0)
      r = 0.198241224: exact-C2=True #blocks=42 sizes=[3, 4, 5] max deg(O)=2 at O=(0.5925127350928423-0.12431987962939015j)  (#lines=0)
      r = 0.198244509: exact-C2=True #blocks=42 sizes=[3, 4, 5] max deg(O)=2 at O=(0.5925272365074246-0.1243187888825564j)  (#lines=0)
      r = 0.198252476: exact-C2=True #blocks=42 sizes=[3, 4, 5] max deg(O)=2 at O=(0.5925624070588392-0.1243161425976811j)  (#lines=0)
      r = 0.198253865: exact-C2=True #blocks=42 sizes=[3, 4, 5] max deg(O)=2 at O=(0.5925685389493681-0.12431568109804121j)  (#lines=0)
      r = 0.198262779: exact-C2=True #blocks=42 sizes=[3, 4, 5] max deg(O)=2 at O=(0.5926078915421862-0.12431271843710763j)  (#lines=0)
      r = 0.198270616: exact-C2=True #blocks=42 sizes=[3, 4, 5] max deg(O)=2 at O=(0.5926424906189239-0.12431011236137635j)  (#lines=0)
      r = 0.198273538: exact-C2=True #blocks=42 sizes=[3, 4, 5] max deg(O)=2 at O=(0.5926553910382935-0.12430914036711499j)  (#lines=0)
      r = 0.198273737: exact-C2=True #blocks=42 sizes=[3, 4, 5] max deg(O)=2 at O=(0.5926562696142038-0.12430907416391238j)  (#lines=0)
      r = 0.198273762: exact-C2=True #blocks=42 sizes=[3, 4, 5] max deg(O)=2 at O=(0.5926563799881093-0.12430906584686882j)  (#lines=0)
      r = 0.198274042: exact-C2=True #blocks=42 sizes=[3, 4, 5] max deg(O)=2 at O=(0.5926576161765726-0.1243089726950915j)  (#lines=0)
      r = 0.198274510: exact-C2=True #blocks=42 sizes=[3, 4, 5] max deg(O)=2 at O=(0.59265968238025-0.12430881699490377j)  (#lines=0)
      r = 0.198278689: exact-C2=True #blocks=42 sizes=[3, 4, 5] max deg(O)=2 at O=(0.5926781326837915-0.12430742646981993j)  (#lines=0)
      r = 0.198294277: exact-C2=True #blocks=42 sizes=[3, 4, 5] max deg(O)=2 at O=(0.5927469563797014-0.12430223649210315j)  (#lines=0)
      r = 0.198298573: exact-C2=True #blocks=42 sizes=[3, 4, 5] max deg(O)=2 at O=(0.5927659246798296-0.12430080526201129j)  (#lines=0)
      r = 0.198329490: exact-C2=True #blocks=42 sizes=[3, 4, 5] max deg(O)=2 at O=(0.5929024429528439-0.12429049379320796j)  (#lines=0)
      r = 0.198342646: exact-C2=True #blocks=42 sizes=[3, 4, 5] max deg(O)=2 at O=(0.5929605399884341-0.12428609994848899j)  (#lines=0)
      r = 0.198356988: exact-C2=True #blocks=42 sizes=[3, 4, 5] max deg(O)=2 at O=(0.5930238777487782-0.12428130589227276j)  (#lines=0)
      r = 0.198357029: exact-C2=True #blocks=42 sizes=[3, 4, 5] max deg(O)=2 at O=(0.59302405881974-0.12428129218118113j)  (#lines=0)
      r = 0.198363928: exact-C2=True #blocks=42 sizes=[3, 4, 5] max deg(O)=2 at O=(0.593054527726174-0.12427898454004302j)  (#lines=0)
      r = 0.198363932: exact-C2=True #blocks=42 sizes=[3, 4, 5] max deg(O)=2 at O=(0.5930545453921001-0.12427898320179828j)  (#lines=0)
      r = 0.198373982: exact-C2=True #blocks=42 sizes=[3, 4, 5] max deg(O)=2 at O=(0.593098931890895-0.12427561980823482j)  (#lines=0)
      r = 0.198508833: exact-C2=True #blocks=42 sizes=[3, 4, 5] max deg(O)=4 at O=(0.3745025327747924-0.06423221267630502j)  (#lines=0)
      r = 0.198508834: exact-C2=True #blocks=42 sizes=[3, 4, 5] max deg(O)=4 at O=(0.3745025352003793-0.06423221288799785j)  (#lines=0)
      r = 0.198508836: exact-C2=True #blocks=42 sizes=[3, 4, 5] max deg(O)=4 at O=(0.3745025400515508-0.06423221331138339j)  (#lines=0)
      r = 0.198508837: exact-C2=True #blocks=42 sizes=[3, 4, 5] max deg(O)=4 at O=(0.374502542477136-0.06423221352307568j)  (#lines=0)
      r = 0.198508838: exact-C2=True #blocks=42 sizes=[3, 4, 5] max deg(O)=4 at O=(0.37450254490272245-0.0642322137347685j)  (#lines=0)
      r = 0.198567184: exact-C2=True #blocks=42 sizes=[3, 4, 5] max deg(O)=2 at O=(0.5939525536293957-0.12421055185350235j)  (#lines=0)
      r = 0.198609757: exact-C2=True #blocks=42 sizes=[3, 4, 5] max deg(O)=2 at O=(0.5941407382243732-0.12419610895011526j)  (#lines=0)
      r = 0.198634602: exact-C2=True #blocks=42 sizes=[3, 4, 5] max deg(O)=2 at O=(0.5942505742545404-0.12418766275800837j)  (#lines=0)
      r = 0.198635505: exact-C2=True #blocks=42 sizes=[3, 4, 5] max deg(O)=2 at O=(0.5942545664791414-0.12418735553503658j)  (#lines=0)
      r = 0.198635866: exact-C2=True #blocks=42 sizes=[3, 4, 5] max deg(O)=2 at O=(0.5942561624886281-0.12418723270911877j)  (#lines=0)
      r = 0.198636068: exact-C2=True #blocks=42 sizes=[3, 4, 5] max deg(O)=2 at O=(0.5942570555475294-0.12418716397985297j)  (#lines=0)
      r = 0.198636072: exact-C2=True #blocks=42 sizes=[3, 4, 5] max deg(O)=2 at O=(0.59425707323187-0.12418716261886868j)  (#lines=0)
      r = 0.198636073: exact-C2=True #blocks=42 sizes=[3, 4, 5] max deg(O)=2 at O=(0.5942570776529552-0.12418716227862261j)  (#lines=0)
      r = 0.198636075: exact-C2=True #blocks=42 sizes=[3, 4, 5] max deg(O)=2 at O=(0.5942570864951271-0.1241871615981302j)  (#lines=0)
      r = 0.198636220: exact-C2=True #blocks=42 sizes=[3, 4, 5] max deg(O)=2 at O=(0.5942577275527006-0.12418711226221858j)  (#lines=0)
      r = 0.198636374: exact-C2=True #blocks=42 sizes=[3, 4, 5] max deg(O)=2 at O=(0.5942584084004452-0.12418705986359593j)  (#lines=0)
      r = 0.198636521: exact-C2=True #blocks=42 sizes=[3, 4, 5] max deg(O)=2 at O=(0.59425905830094-0.12418700984626588j)  (#lines=0)
      r = 0.198637541: exact-C2=True #blocks=42 sizes=[3, 4, 5] max deg(O)=2 at O=(0.5942635678246367-0.1241866627747871j)  (#lines=0)
      r = 0.198641907: exact-C2=True #blocks=42 sizes=[3, 4, 5] max deg(O)=2 at O=(0.5942828705533548-0.12418517692670386j)  (#lines=0)
      r = 0.198642078: exact-C2=True #blocks=42 sizes=[3, 4, 5] max deg(O)=2 at O=(0.5942836265760888-0.12418511872343663j)  (#lines=0)
      r = 0.198646399: exact-C2=True #blocks=42 sizes=[3, 4, 5] max deg(O)=2 at O=(0.5943027306831028-0.1241836477816313j)  (#lines=0)
      r = 0.198646534: exact-C2=True #blocks=42 sizes=[3, 4, 5] max deg(O)=2 at O=(0.5943033275533711-0.1241836018190432j)  (#lines=0)
      r = 0.198648845: exact-C2=True #blocks=42 sizes=[3, 4, 5] max deg(O)=2 at O=(0.5943135451359074-0.12418281494847365j)  (#lines=0)
      r = 0.198651142: exact-C2=True #blocks=42 sizes=[3, 4, 5] max deg(O)=2 at O=(0.5943237009100023-0.1241820327339894j)  (#lines=0)
      r = 0.198662991: exact-C2=True #blocks=42 sizes=[3, 4, 5] max deg(O)=2 at O=(0.594376090558689-0.12417799595177717j)  (#lines=0)
      r = 0.198663142: exact-C2=True #blocks=42 sizes=[3, 4, 5] max deg(O)=2 at O=(0.59437675821153-0.12417794448930586j)  (#lines=0)
      r = 0.198668017: exact-C2=True #blocks=42 sizes=[3, 4, 5] max deg(O)=2 at O=(0.5943983134359286-0.1241762827788909j)  (#lines=0)
      r = 0.198691778: exact-C2=True #blocks=42 sizes=[3, 4, 5] max deg(O)=2 at O=(0.5945033804587097-0.12416817639443455j)  (#lines=0)
      r = 0.198691796: exact-C2=True #blocks=42 sizes=[3, 4, 5] max deg(O)=2 at O=(0.5945034600552072-0.12416817024901158j)  (#lines=0)
      r = 0.198704952: exact-C2=True #blocks=42 sizes=[3, 4, 5] max deg(O)=2 at O=(0.5945616377173465-0.12416367681282359j)  (#lines=0)
      r = 0.198706693: exact-C2=True #blocks=42 sizes=[3, 4, 5] max deg(O)=2 at O=(0.5945693368808443-0.12416308190210332j)  (#lines=0)
      r = 0.198706745: exact-C2=True #blocks=42 sizes=[3, 4, 5] max deg(O)=2 at O=(0.5945695668394164-0.12416306413239775j)  (#lines=0)
      r = 0.198706852: exact-C2=True #blocks=42 sizes=[3, 4, 5] max deg(O)=2 at O=(0.5945700400235464-0.12416302756763314j)  (#lines=0)
      r = 0.198706880: exact-C2=True #blocks=42 sizes=[3, 4, 5] max deg(O)=2 at O=(0.5945701638474623-0.12416301799924395j)  (#lines=0)
      r = 0.198726154: exact-C2=True #blocks=42 sizes=[3, 4, 5] max deg(O)=2 at O=(0.5946554020703991-0.12415642763385204j)  (#lines=0)
      r = 0.198726233: exact-C2=True #blocks=42 sizes=[3, 4, 5] max deg(O)=2 at O=(0.5946557514565562-0.1241564006053413j)  (#lines=0)
      r = 0.198726238: exact-C2=True #blocks=42 sizes=[3, 4, 5] max deg(O)=2 at O=(0.5946557735696081-0.12415639889467193j)  (#lines=0)
      r = 0.198734369: exact-C2=True #blocks=42 sizes=[3, 4, 5] max deg(O)=2 at O=(0.5946917343732024-0.12415361631072333j)  (#lines=0)
      r = 0.198746193: exact-C2=True #blocks=42 sizes=[3, 4, 5] max deg(O)=2 at O=(0.5947440301256736-0.12414956743958047j)  (#lines=0)
      r = 0.198746900: exact-C2=True #blocks=42 sizes=[3, 4, 5] max deg(O)=2 at O=(0.5947471571539831-0.12414932525001482j)  (#lines=0)
      r = 0.198746905: exact-C2=True #blocks=42 sizes=[3, 4, 5] max deg(O)=2 at O=(0.5947471792687817-0.12414932353717997j)  (#lines=0)
      r = 0.198754102: exact-C2=True #blocks=42 sizes=[3, 4, 5] max deg(O)=2 at O=(0.5947790117485892-0.1241468575396664j)  (#lines=0)
      r = 0.198754900: exact-C2=True #blocks=42 sizes=[3, 4, 5] max deg(O)=2 at O=(0.5947825413730327-0.1241465840441606j)  (#lines=0)
      r = 0.198759198: exact-C2=True #blocks=42 sizes=[3, 4, 5] max deg(O)=2 at O=(0.5948015519916343-0.12414511077744485j)  (#lines=0)
      r = 0.198759656: exact-C2=True #blocks=42 sizes=[3, 4, 5] max deg(O)=2 at O=(0.5948035778042158-0.12414495376156223j)  (#lines=0)
      r = 0.198760642: exact-C2=True #blocks=42 sizes=[3, 4, 5] max deg(O)=2 at O=(0.5948079390634301-0.12414461571681555j)  (#lines=0)
      r = 0.198760659: exact-C2=True #blocks=42 sizes=[3, 4, 5] max deg(O)=2 at O=(0.5948080142576978-0.12414460988827912j)  (#lines=0)
      r = 0.198763808: exact-C2=True #blocks=42 sizes=[3, 4, 5] max deg(O)=2 at O=(0.5948219429744405-0.12414353013314633j)  (#lines=0)
      r = 0.198764944: exact-C2=True #blocks=42 sizes=[3, 4, 5] max deg(O)=2 at O=(0.5948269677924216-0.12414314056106805j)  (#lines=0)
      r = 0.198766314: exact-C2=True #blocks=42 sizes=[3, 4, 5] max deg(O)=2 at O=(0.5948330276811635-0.1241426707066479j)  (#lines=0)
      r = 0.198766472: exact-C2=True #blocks=42 sizes=[3, 4, 5] max deg(O)=2 at O=(0.5948337265608848-0.12414261651652769j)  (#lines=0)
      r = 0.198768249: exact-C2=True #blocks=42 sizes=[3, 4, 5] max deg(O)=2 at O=(0.5948415867751757-0.12414200701312539j)  (#lines=0)
      r = 0.198772119: exact-C2=True #blocks=42 sizes=[3, 4, 5] max deg(O)=2 at O=(0.5948587051531423-0.1241406793906264j)  (#lines=0)
      r = 0.198773562: exact-C2=True #blocks=42 sizes=[3, 4, 5] max deg(O)=2 at O=(0.5948650881170368-0.12414018428203749j)  (#lines=0)
      r = 0.198773835: exact-C2=True #blocks=42 sizes=[3, 4, 5] max deg(O)=2 at O=(0.5948662957087607-0.12414009060793495j)  (#lines=0)
      r = 0.198775884: exact-C2=True #blocks=42 sizes=[3, 4, 5] max deg(O)=2 at O=(0.5948753593220422-0.12413938748760345j)  (#lines=0)
      r = 0.198776941: exact-C2=True #blocks=42 sizes=[3, 4, 5] max deg(O)=2 at O=(0.5948800349179986-0.12413902474055621j)  (#lines=0)
      r = 0.198777936: exact-C2=True #blocks=42 sizes=[3, 4, 5] max deg(O)=2 at O=(0.5948844362767709-0.12413868324960746j)  (#lines=0)
      r = 0.198778023: exact-C2=True #blocks=42 sizes=[3, 4, 5] max deg(O)=2 at O=(0.5948848211199922-0.1241386533896131j)  (#lines=0)
      r = 0.198778675: exact-C2=True #blocks=42 sizes=[3, 4, 5] max deg(O)=2 at O=(0.5948877052364835-0.12413842960621455j)  (#lines=0)
      r = 0.198778685: exact-C2=True #blocks=42 sizes=[3, 4, 5] max deg(O)=2 at O=(0.594887749471455-0.12413842617388446j)  (#lines=0)
      r = 0.198778751: exact-C2=True #blocks=42 sizes=[3, 4, 5] max deg(O)=2 at O=(0.59488804142231-0.12413840352045317j)  (#lines=0)
      r = 0.198778860: exact-C2=True #blocks=42 sizes=[3, 4, 5] max deg(O)=2 at O=(0.5948885235837296-0.12413836610776822j)  (#lines=0)
      r = 0.198780715: exact-C2=True #blocks=42 sizes=[3, 4, 5] max deg(O)=2 at O=(0.594896729205679-0.12413772936746442j)  (#lines=0)
      r = 0.198780759: exact-C2=True #blocks=42 sizes=[3, 4, 5] max deg(O)=2 at O=(0.594896923841084-0.1241377142633146j)  (#lines=0)
      r = 0.198781100: exact-C2=True #blocks=42 sizes=[3, 4, 5] max deg(O)=2 at O=(0.5948984322665816-0.12413759720477671j)  (#lines=0)
      r = 0.198781447: exact-C2=True #blocks=42 sizes=[3, 4, 5] max deg(O)=2 at O=(0.5948999672353106-0.12413747808405504j)  (#lines=0)
      r = 0.198781484: exact-C2=True #blocks=42 sizes=[3, 4, 5] max deg(O)=2 at O=(0.5949001309064473-0.12413746538227301j)  (#lines=0)
      r = 0.198781513: exact-C2=True #blocks=42 sizes=[3, 4, 5] max deg(O)=2 at O=(0.5949002591892463-0.12413745542680209j)  (#lines=0)
      r = 0.198781818: exact-C2=True #blocks=42 sizes=[3, 4, 5] max deg(O)=2 at O=(0.5949016083712748-0.1241373507216442j)  (#lines=0)
      r = 0.198781844: exact-C2=True #blocks=42 sizes=[3, 4, 5] max deg(O)=2 at O=(0.5949017233835865-0.1241373417958683j)  (#lines=0)
      r = 0.198781900: exact-C2=True #blocks=42 sizes=[3, 4, 5] max deg(O)=2 at O=(0.5949019711024481-0.12413732257107224j)  (#lines=0)
      r = 0.198781960: exact-C2=True #blocks=42 sizes=[3, 4, 5] max deg(O)=2 at O=(0.5949022365155754-0.12413730197300354j)  (#lines=0)
      r = 0.198781962: exact-C2=True #blocks=42 sizes=[3, 4, 5] max deg(O)=2 at O=(0.5949022453626812-0.12413730128640008j)  (#lines=0)
      r = 0.198781963: exact-C2=True #blocks=42 sizes=[3, 4, 5] max deg(O)=2 at O=(0.5949022497862331-0.12413730094309822j)  (#lines=0)
      r = 0.198781966: exact-C2=True #blocks=42 sizes=[3, 4, 5] max deg(O)=2 at O=(0.5949022630568912-0.1241372999131926j)  (#lines=0)
      r = 0.198781969: exact-C2=True #blocks=42 sizes=[3, 4, 5] max deg(O)=2 at O=(0.59490227632755-0.1241372988832867j)  (#lines=0)
      r = 0.198781970: exact-C2=True #blocks=42 sizes=[3, 4, 5] max deg(O)=2 at O=(0.5949022807511031-0.12413729853998481j)  (#lines=0)
      r = 0.198781976: exact-C2=True #blocks=42 sizes=[3, 4, 5] max deg(O)=2 at O=(0.5949023072924196-0.12413729648017241j)  (#lines=0)
      r = 0.198781979: exact-C2=True #blocks=42 sizes=[3, 4, 5] max deg(O)=2 at O=(0.594902320563078-0.12413729545026617j)  (#lines=0)
      r = 0.198781997: exact-C2=True #blocks=42 sizes=[3, 4, 5] max deg(O)=2 at O=(0.594902400187034-0.12413728927082361j)  (#lines=0)
      r = 0.198782011: exact-C2=True #blocks=42 sizes=[3, 4, 5] max deg(O)=2 at O=(0.5949024621167809-0.12413728446458591j)  (#lines=0)
      r = 0.198782419: exact-C2=True #blocks=42 sizes=[3, 4, 5] max deg(O)=2 at O=(0.5949042669280066-0.12413714439528076j)  (#lines=0)
      r = 0.198782531: exact-C2=True #blocks=42 sizes=[3, 4, 5] max deg(O)=2 at O=(0.5949047623668744-0.12413710594427274j)  (#lines=0)
      r = 0.198782764: exact-C2=True #blocks=42 sizes=[3, 4, 5] max deg(O)=2 at O=(0.5949057930573414-0.12413702595160106j)  (#lines=0)
      r = 0.198783384: exact-C2=True #blocks=42 sizes=[3, 4, 5] max deg(O)=2 at O=(0.5949085356716401-0.12413681309002085j)  (#lines=0)
      r = 0.198783406: exact-C2=True #blocks=42 sizes=[3, 4, 5] max deg(O)=2 at O=(0.5949086329903315-0.12413680553671969j)  (#lines=0)
      r = 0.198783572: exact-C2=True #blocks=42 sizes=[3, 4, 5] max deg(O)=2 at O=(0.594909367304357-0.12413674854330398j)  (#lines=0)
      r = 0.198783885: exact-C2=True #blocks=42 sizes=[3, 4, 5] max deg(O)=2 at O=(0.5949107518856851-0.12413664107824363j)  (#lines=0)
      r = 0.198784619: exact-C2=True #blocks=42 sizes=[3, 4, 5] max deg(O)=2 at O=(0.5949139988017501-0.12413638905947078j)  (#lines=0)
      r = 0.198785112: exact-C2=True #blocks=42 sizes=[3, 4, 5] max deg(O)=2 at O=(0.5949161796374097-0.12413621978166511j)  (#lines=0)
      r = 0.198789346: exact-C2=True #blocks=42 sizes=[3, 4, 5] max deg(O)=2 at O=(0.5949349093364102-0.12413476577422944j)  (#lines=0)
      r = 0.198790008: exact-C2=True #blocks=42 sizes=[3, 4, 5] max deg(O)=2 at O=(0.5949378378146255-0.12413453840134683j)  (#lines=0)
      r = 0.198794816: exact-C2=True #blocks=42 sizes=[3, 4, 5] max deg(O)=2 at O=(0.5949591071053559-0.12413288675278615j)  (#lines=0)
      r = 0.198796505: exact-C2=True #blocks=42 sizes=[3, 4, 5] max deg(O)=2 at O=(0.5949665788770115-0.12413230643091397j)  (#lines=0)
      r = 0.198797290: exact-C2=True #blocks=42 sizes=[3, 4, 5] max deg(O)=2 at O=(0.5949700515640954-0.12413203669316367j)  (#lines=0)
      r = 0.198797439: exact-C2=True #blocks=42 sizes=[3, 4, 5] max deg(O)=2 at O=(0.5949707107122468-0.1241319854930743j)  (#lines=0)
      r = 0.198800688: exact-C2=True #blocks=42 sizes=[3, 4, 5] max deg(O)=2 at O=(0.5949850837743433-0.12413086894047251j)  (#lines=0)
      r = 0.198800785: exact-C2=True #blocks=42 sizes=[3, 4, 5] max deg(O)=2 at O=(0.5949855128897447-0.12413083560201174j)  (#lines=0)
      r = 0.198802799: exact-C2=True #blocks=42 sizes=[3, 4, 5] max deg(O)=2 at O=(0.5949944226001062-0.12413014335475592j)  (#lines=0)
      r = 0.198803252: exact-C2=True #blocks=42 sizes=[3, 4, 5] max deg(O)=2 at O=(0.5949964266308028-0.12412998763896305j)  (#lines=0)
      r = 0.198803255: exact-C2=True #blocks=42 sizes=[3, 4, 5] max deg(O)=2 at O=(0.5949964399025409-0.12412998660771833j)  (#lines=0)
      r = 0.198807859: exact-C2=True #blocks=42 sizes=[3, 4, 5] max deg(O)=2 at O=(0.5950168077758409-0.12412840376835566j)  (#lines=0)
      r = 0.198817237: exact-C2=True #blocks=42 sizes=[3, 4, 5] max deg(O)=2 at O=(0.5950582967028191-0.12412517826923372j)  (#lines=0)
      r = 0.198818451: exact-C2=True #blocks=42 sizes=[3, 4, 5] max deg(O)=2 at O=(0.595063667632321-0.12412476058736838j)  (#lines=0)
      r = 0.198821750: exact-C2=True #blocks=42 sizes=[3, 4, 5] max deg(O)=2 at O=(0.5950782630600324-0.12412362539624025j)  (#lines=0)
      r = 0.198824220: exact-C2=True #blocks=42 sizes=[3, 4, 5] max deg(O)=2 at O=(0.5950891909484503-0.12412277531588067j)  (#lines=0)
      r = 0.198832342: exact-C2=True #blocks=42 sizes=[3, 4, 5] max deg(O)=2 at O=(0.5951251254044075-0.12411997912909495j)  (#lines=0)
      r = 0.198837366: exact-C2=True #blocks=42 sizes=[3, 4, 5] max deg(O)=2 at O=(0.5951473538262078-0.12411824880786843j)  (#lines=0)
      r = 0.198837561: exact-C2=True #blocks=42 sizes=[3, 4, 5] max deg(O)=2 at O=(0.5951482166019796-0.1241181816370339j)  (#lines=0)
      r = 0.198837613: exact-C2=True #blocks=42 sizes=[3, 4, 5] max deg(O)=2 at O=(0.5951484466756272-0.12411816372467682j)  (#lines=0)
      r = 0.198839362: exact-C2=True #blocks=42 sizes=[3, 4, 5] max deg(O)=2 at O=(0.5951561851409112-0.1241175612163864j)  (#lines=0)
      r = 0.198840200: exact-C2=True #blocks=42 sizes=[3, 4, 5] max deg(O)=2 at O=(0.5951598928973214-0.12411727251328603j)  (#lines=0)
      r = 0.198843878: exact-C2=True #blocks=42 sizes=[3, 4, 5] max deg(O)=2 at O=(0.5951761664602784-0.12411600521493263j)  (#lines=0)
      r = 0.198844472: exact-C2=True #blocks=42 sizes=[3, 4, 5] max deg(O)=2 at O=(0.5951787946754227-0.1241158005185941j)  (#lines=0)
      r = 0.198853423: exact-C2=True #blocks=42 sizes=[3, 4, 5] max deg(O)=2 at O=(0.5952184000336882-0.12411271504829986j)  (#lines=0)
      r = 0.198854160: exact-C2=True #blocks=42 sizes=[3, 4, 5] max deg(O)=2 at O=(0.5952216610871299-0.12411246092449921j)  (#lines=0)
      r = 0.198854915: exact-C2=True #blocks=42 sizes=[3, 4, 5] max deg(O)=2 at O=(0.5952250017959049-0.12411220058232794j)  (#lines=0)
      r = 0.198855463: exact-C2=True #blocks=42 sizes=[3, 4, 5] max deg(O)=2 at O=(0.5952274265812914-0.12411201161124713j)  (#lines=0)
      r = 0.198857720: exact-C2=True #blocks=42 sizes=[3, 4, 5] max deg(O)=2 at O=(0.595237413387763-0.12411123324604345j)  (#lines=0)
      r = 0.198858318: exact-C2=True #blocks=42 sizes=[3, 4, 5] max deg(O)=2 at O=(0.5952400594413054-0.12411102699756164j)  (#lines=0)
      r = 0.198858402: exact-C2=True #blocks=42 sizes=[3, 4, 5] max deg(O)=2 at O=(0.5952404311282413-0.12411099802560199j)  (#lines=0)
      r = 0.198858543: exact-C2=True #blocks=42 sizes=[3, 4, 5] max deg(O)=2 at O=(0.5952410550315788-0.12411094939376521j)  (#lines=0)
      r = 0.198858708: exact-C2=True #blocks=42 sizes=[3, 4, 5] max deg(O)=2 at O=(0.595241785131657-0.12411089248363923j)  (#lines=0)
      r = 0.198859125: exact-C2=True #blocks=42 sizes=[3, 4, 5] max deg(O)=2 at O=(0.5952436302957228-0.12411074865368339j)  (#lines=0)
      r = 0.198860452: exact-C2=True #blocks=42 sizes=[3, 4, 5] max deg(O)=2 at O=(0.595249502096382-0.12411029092591921j)  (#lines=0)
      r = 0.198864005: exact-C2=True #blocks=42 sizes=[3, 4, 5] max deg(O)=2 at O=(0.5952652238011705-0.12410906519255388j)  (#lines=0)
      r = 0.198867547: exact-C2=True #blocks=42 sizes=[3, 4, 5] max deg(O)=2 at O=(0.5952808970444077-0.12410784299032164j)  (#lines=0)
      r = 0.198870010: exact-C2=True #blocks=42 sizes=[3, 4, 5] max deg(O)=2 at O=(0.5952917958702062-0.12410699295253338j)  (#lines=0)
      r = 0.198871121: exact-C2=True #blocks=42 sizes=[3, 4, 5] max deg(O)=2 at O=(0.595296712101688-0.12410660947928304j)  (#lines=0)
      r = 0.198872047: exact-C2=True #blocks=42 sizes=[3, 4, 5] max deg(O)=2 at O=(0.5953008097147121-0.12410628984091923j)  (#lines=0)
      r = 0.198872140: exact-C2=True #blocks=42 sizes=[3, 4, 5] max deg(O)=2 at O=(0.5953012212468419-0.12410625773801562j)  (#lines=0)
      r = 0.198875873: exact-C2=True #blocks=42 sizes=[3, 4, 5] max deg(O)=2 at O=(0.5953177401788128-0.12410496898447572j)  (#lines=0)
      r = 0.198877161: exact-C2=True #blocks=42 sizes=[3, 4, 5] max deg(O)=2 at O=(0.5953234397739015-0.12410452425693105j)  (#lines=0)
      r = 0.198877251: exact-C2=True #blocks=42 sizes=[3, 4, 5] max deg(O)=2 at O=(0.5953238380385818-0.12410449317994726j)  (#lines=0)
      r = 0.198879249: exact-C2=True #blocks=42 sizes=[3, 4, 5] max deg(O)=2 at O=(0.5953326795497577-0.12410380322711569j)  (#lines=0)
      r = 0.198879533: exact-C2=True #blocks=42 sizes=[3, 4, 5] max deg(O)=2 at O=(0.5953339363065744-0.12410370514894026j)  (#lines=0)
      r = 0.198884249: exact-C2=True #blocks=42 sizes=[3, 4, 5] max deg(O)=2 at O=(0.595354805749402-0.12410207625118445j)  (#lines=0)
      r = 0.198884966: exact-C2=True #blocks=42 sizes=[3, 4, 5] max deg(O)=2 at O=(0.5953579786810838-0.12410182855981158j)  (#lines=0)
      r = 0.198885292: exact-C2=True #blocks=42 sizes=[3, 4, 5] max deg(O)=2 at O=(0.5953594213279296-0.12410171593785022j)  (#lines=0)
      r = 0.198885331: exact-C2=True #blocks=42 sizes=[3, 4, 5] max deg(O)=2 at O=(0.5953595939146362-0.12410170246452126j)  (#lines=0)
      r = 0.198885569: exact-C2=True #blocks=42 sizes=[3, 4, 5] max deg(O)=2 at O=(0.5953606471366328-0.12410162024197641j)  (#lines=0)
      r = 0.198888875: exact-C2=True #blocks=42 sizes=[3, 4, 5] max deg(O)=2 at O=(0.5953752772857623-0.12410047798565779j)  (#lines=0)
      r = 0.198896298: exact-C2=True #blocks=42 sizes=[3, 4, 5] max deg(O)=2 at O=(0.5954081272019217-0.12409791242835022j)  (#lines=0)
      r = 0.198897205: exact-C2=True #blocks=42 sizes=[3, 4, 5] max deg(O)=2 at O=(0.5954121411246047-0.12409759886924837j)  (#lines=0)
      r = 0.198897433: exact-C2=True #blocks=42 sizes=[3, 4, 5] max deg(O)=2 at O=(0.5954131501393296-0.12409752004461869j)  (#lines=0)
      r = 0.198897580: exact-C2=True #blocks=42 sizes=[3, 4, 5] max deg(O)=2 at O=(0.5954138006887619-0.12409746922289687j)  (#lines=0)
      r = 0.198898991: exact-C2=True #blocks=42 sizes=[3, 4, 5] max deg(O)=2 at O=(0.5954200450968091-0.12409698138043654j)  (#lines=0)
      r = 0.198899072: exact-C2=True #blocks=42 sizes=[3, 4, 5] max deg(O)=2 at O=(0.5954204035649112-0.12409695337403726j)  (#lines=0)
      r = 0.198901432: exact-C2=True #blocks=42 sizes=[3, 4, 5] max deg(O)=2 at O=(0.5954308478694487-0.12409613732463995j)  (#lines=0)
      r = 0.198902435: exact-C2=True #blocks=42 sizes=[3, 4, 5] max deg(O)=2 at O=(0.5954352867273921-0.12409579046823402j)  (#lines=0)
      r = 0.198903278: exact-C2=True #blocks=42 sizes=[3, 4, 5] max deg(O)=2 at O=(0.5954390175054994-0.12409549892652208j)  (#lines=0)
      r = 0.198905492: exact-C2=True #blocks=42 sizes=[3, 4, 5] max deg(O)=2 at O=(0.595448815834043-0.12409473316940176j)  (#lines=0)
      r = 0.198906458: exact-C2=True #blocks=42 sizes=[3, 4, 5] max deg(O)=2 at O=(0.5954530910114912-0.12409439902631972j)  (#lines=0)
      r = 0.198906559: exact-C2=True #blocks=42 sizes=[3, 4, 5] max deg(O)=2 at O=(0.5954535380030039-0.12409436408890315j)  (#lines=0)
      r = 0.198906641: exact-C2=True #blocks=42 sizes=[3, 4, 5] max deg(O)=2 at O=(0.5954539009071314-0.12409433572371459j)  (#lines=0)
      r = 0.198906647: exact-C2=True #blocks=42 sizes=[3, 4, 5] max deg(O)=2 at O=(0.5954539274610974-0.1240943336482073j)  (#lines=0)
      r = 0.198907675: exact-C2=True #blocks=42 sizes=[3, 4, 5] max deg(O)=2 at O=(0.5954584770494278-0.12409397803348753j)  (#lines=0)
      r = 0.198911357: exact-C2=True #blocks=42 sizes=[3, 4, 5] max deg(O)=2 at O=(0.5954747725114392-0.12409270414187168j)  (#lines=0)
      r = 0.198919731: exact-C2=True #blocks=42 sizes=[3, 4, 5] max deg(O)=2 at O=(0.5955118342553967-0.12408980586063457j)  (#lines=0)
      r = 0.198919756: exact-C2=True #blocks=42 sizes=[3, 4, 5] max deg(O)=2 at O=(0.5955119449024546-0.12408979720581065j)  (#lines=0)
      r = 0.198920046: exact-C2=True #blocks=42 sizes=[3, 4, 5] max deg(O)=2 at O=(0.5955132284090988-0.12408969680889541j)  (#lines=0)
      r = 0.198922596: exact-C2=True #blocks=42 sizes=[3, 4, 5] max deg(O)=2 at O=(0.5955245144770197-0.1240888139323838j)  (#lines=0)
      r = 0.198923390: exact-C2=True #blocks=42 sizes=[3, 4, 5] max deg(O)=2 at O=(0.5955280286711991-0.1240885390009916j)  (#lines=0)
      r = 0.198923701: exact-C2=True #blocks=42 sizes=[3, 4, 5] max deg(O)=2 at O=(0.5955294051405923-0.12408843131014978j)  (#lines=0)
      r = 0.198924443: exact-C2=True #blocks=42 sizes=[3, 4, 5] max deg(O)=2 at O=(0.5955326891995714-0.12408817436752456j)  (#lines=0)
      r = 0.198924454: exact-C2=True #blocks=42 sizes=[3, 4, 5] max deg(O)=2 at O=(0.5955327378851528-0.12408817055831514j)  (#lines=0)
      r = 0.198924758: exact-C2=True #blocks=42 sizes=[3, 4, 5] max deg(O)=2 at O=(0.595534083378369-0.12408806528461166j)  (#lines=0)
      r = 0.198924942: exact-C2=True #blocks=42 sizes=[3, 4, 5] max deg(O)=2 at O=(0.5955348977566001-0.1240880015653744j)  (#lines=0)
      r = 0.198924967: exact-C2=True #blocks=42 sizes=[3, 4, 5] max deg(O)=2 at O=(0.5955350084058608-0.12408799290781458j)  (#lines=0)
      r = 0.198925174: exact-C2=True #blocks=42 sizes=[3, 4, 5] max deg(O)=2 at O=(0.5955359245821439-0.12408792122271396j)  (#lines=0)
      r = 0.198925362: exact-C2=True #blocks=42 sizes=[3, 4, 5] max deg(O)=2 at O=(0.59553675666558-0.12408785611662544j)  (#lines=0)
      r = 0.198925588: exact-C2=True #blocks=42 sizes=[3, 4, 5] max deg(O)=2 at O=(0.5955377569368832-0.12408777784981304j)  (#lines=0)
      r = 0.198926389: exact-C2=True #blocks=42 sizes=[3, 4, 5] max deg(O)=2 at O=(0.5955413021531919-0.12408750044419747j)  (#lines=0)
      r = 0.198926580: exact-C2=True #blocks=42 sizes=[3, 4, 5] max deg(O)=2 at O=(0.5955421475184817-0.12408743429430164j)  (#lines=0)
      r = 0.198926684: exact-C2=True #blocks=42 sizes=[3, 4, 5] max deg(O)=2 at O=(0.5955426078223559-0.12408739827518821j)  (#lines=0)
      r = 0.198926726: exact-C2=True #blocks=42 sizes=[3, 4, 5] max deg(O)=2 at O=(0.5955427937143558-0.12408738372894323j)  (#lines=0)
      r = 0.198926743: exact-C2=True #blocks=42 sizes=[3, 4, 5] max deg(O)=2 at O=(0.5955428689563644-0.1240873778411667j)  (#lines=0)
      r = 0.198927009: exact-C2=True #blocks=42 sizes=[3, 4, 5] max deg(O)=2 at O=(0.5955440462731371-0.12408728571399391j)  (#lines=0)
      r = 0.198927268: exact-C2=True #blocks=42 sizes=[3, 4, 5] max deg(O)=2 at O=(0.5955451926090396-0.12408719600979232j)  (#lines=0)
      r = 0.198927531: exact-C2=True #blocks=42 sizes=[3, 4, 5] max deg(O)=2 at O=(0.5955463566501313-0.12408710491875588j)  (#lines=0)
      r = 0.198927540: exact-C2=True #blocks=42 sizes=[3, 4, 5] max deg(O)=2 at O=(0.5955463964842584-0.1240871018015463j)  (#lines=0)
      r = 0.198927715: exact-C2=True #blocks=42 sizes=[3, 4, 5] max deg(O)=2 at O=(0.5955471710369898-0.12408704118880179j)  (#lines=0)
      r = 0.198927757: exact-C2=True #blocks=42 sizes=[3, 4, 5] max deg(O)=2 at O=(0.5955473569297233-0.12408702664164736j)  (#lines=0)
      r = 0.198927861: exact-C2=True #blocks=42 sizes=[3, 4, 5] max deg(O)=2 at O=(0.5955478172356659-0.12408699061996278j)  (#lines=0)
      r = 0.198927864: exact-C2=True #blocks=42 sizes=[3, 4, 5] max deg(O)=2 at O=(0.5955478305137246-0.12408698958087233j)  (#lines=0)
      r = 0.198927867: exact-C2=True #blocks=42 sizes=[3, 4, 5] max deg(O)=2 at O=(0.5955478437917834-0.12408698854178177j)  (#lines=0)
      r = 0.198927918: exact-C2=True #blocks=42 sizes=[3, 4, 5] max deg(O)=2 at O=(0.5955480695188079-0.12408697087721238j)  (#lines=0)
      r = 0.198927949: exact-C2=True #blocks=42 sizes=[3, 4, 5] max deg(O)=2 at O=(0.5955482067254524-0.1240869601398983j)  (#lines=0)
      r = 0.198927970: exact-C2=True #blocks=42 sizes=[3, 4, 5] max deg(O)=2 at O=(0.5955482996718983-0.12408695286622258j)  (#lines=0)
      r = 0.198928354: exact-C2=True #blocks=42 sizes=[3, 4, 5] max deg(O)=2 at O=(0.5955499992653629-0.12408681986023226j)  (#lines=0)
      r = 0.198928499: exact-C2=True #blocks=42 sizes=[3, 4, 5] max deg(O)=2 at O=(0.5955506410395858-0.1240867696358105j)  (#lines=0)
      r = 0.198928835: exact-C2=True #blocks=42 sizes=[3, 4, 5] max deg(O)=2 at O=(0.5955521281867354-0.12408665325200471j)  (#lines=0)
      r = 0.198930683: exact-C2=True #blocks=42 sizes=[3, 4, 5] max deg(O)=2 at O=(0.5955603075301825-0.12408601309868661j)  (#lines=0)
      r = 0.198931262: exact-C2=True #blocks=42 sizes=[3, 4, 5] max deg(O)=2 at O=(0.5955628702259645-0.12408581251641135j)  (#lines=0)
      r = 0.198931703: exact-C2=True #blocks=42 sizes=[3, 4, 5] max deg(O)=2 at O=(0.5955648221275909-0.12408565973658618j)  (#lines=0)
      r = 0.198931747: exact-C2=True #blocks=42 sizes=[3, 4, 5] max deg(O)=2 at O=(0.5955650168753267-0.12408564449302358j)  (#lines=0)
      r = 0.198931959: exact-C2=True #blocks=42 sizes=[3, 4, 5] max deg(O)=2 at O=(0.5955659552057807-0.12408557104619686j)  (#lines=0)
      r = 0.198932607: exact-C2=True #blocks=42 sizes=[3, 4, 5] max deg(O)=2 at O=(0.5955688233149017-0.12408534654249687j)  (#lines=0)
      r = 0.198934324: exact-C2=True #blocks=42 sizes=[3, 4, 5] max deg(O)=2 at O=(0.5955764229531771-0.12408475163433394j)  (#lines=0)
      r = 0.198937008: exact-C2=True #blocks=42 sizes=[3, 4, 5] max deg(O)=2 at O=(0.5955883027438462-0.12408382155481897j)  (#lines=0)
      r = 0.198938606: exact-C2=True #blocks=42 sizes=[3, 4, 5] max deg(O)=2 at O=(0.5955953757918111-0.12408326773217963j)  (#lines=0)
      r = 0.198938756: exact-C2=True #blocks=42 sizes=[3, 4, 5] max deg(O)=2 at O=(0.5955960397221847-0.12408321574357072j)  (#lines=0)
      r = 0.198942482: exact-C2=True #blocks=42 sizes=[3, 4, 5] max deg(O)=2 at O=(0.5956125318747436-0.12408192419483463j)  (#lines=0)
      r = 0.198944012: exact-C2=True #blocks=42 sizes=[3, 4, 5] max deg(O)=2 at O=(0.5956193040826616-0.12408139376426577j)  (#lines=0)
      r = 0.198948959: exact-C2=True #blocks=42 sizes=[3, 4, 5] max deg(O)=2 at O=(0.5956412011591198-0.12407967836884784j)  (#lines=0)
      r = 0.198950892: exact-C2=True #blocks=42 sizes=[3, 4, 5] max deg(O)=2 at O=(0.5956497573760051-0.12407900795234154j)  (#lines=0)
      r = 0.198958474: exact-C2=True #blocks=42 sizes=[3, 4, 5] max deg(O)=2 at O=(0.5956833188944908-0.12407637755246964j)  (#lines=0)
      r = 0.198959325: exact-C2=True #blocks=42 sizes=[3, 4, 5] max deg(O)=2 at O=(0.5956870858836996-0.12407608224226915j)  (#lines=0)
      r = 0.198959468: exact-C2=True #blocks=42 sizes=[3, 4, 5] max deg(O)=2 at O=(0.5956877188807375-0.12407603261755765j)  (#lines=0)
      r = 0.198959759: exact-C2=True #blocks=42 sizes=[3, 4, 5] max deg(O)=2 at O=(0.5956890070086449-0.12407593163167806j)  (#lines=0)
      r = 0.198959794: exact-C2=True #blocks=42 sizes=[3, 4, 5] max deg(O)=2 at O=(0.5956891619382148-0.1240759194854901j)  (#lines=0)
      r = 0.198959929: exact-C2=True #blocks=42 sizes=[3, 4, 5] max deg(O)=2 at O=(0.5956897595238935-0.12407587263566709j)  (#lines=0)
      r = 0.198962002: exact-C2=True #blocks=42 sizes=[3, 4, 5] max deg(O)=2 at O=(0.595698935822656-0.12407515318251791j)  (#lines=0)
      r = 0.198962308: exact-C2=True #blocks=42 sizes=[3, 4, 5] max deg(O)=2 at O=(0.5957002903620576-0.12407504697483843j)  (#lines=0)
      r = 0.198972933: exact-C2=True #blocks=42 sizes=[3, 4, 5] max deg(O)=2 at O=(0.5957473239618929-0.12407135798787514j)  (#lines=0)
      r = 0.198973221: exact-C2=True #blocks=42 sizes=[3, 4, 5] max deg(O)=2 at O=(0.5957485988756852-0.1240712579616034j)  (#lines=0)
      r = 0.198973523: exact-C2=True #blocks=42 sizes=[3, 4, 5] max deg(O)=2 at O=(0.5957499357659571-0.1240711530710713j)  (#lines=0)
      r = 0.198973825: exact-C2=True #blocks=42 sizes=[3, 4, 5] max deg(O)=2 at O=(0.5957512726577714-0.1240710481786223j)  (#lines=0)
      r = 0.198974130: exact-C2=True #blocks=42 sizes=[3, 4, 5] max deg(O)=2 at O=(0.5957526228315343-0.12407094224224974j)  (#lines=0)
      r = 0.198982259: exact-C2=True #blocks=42 sizes=[3, 4, 5] max deg(O)=2 at O=(0.5957886088619282-0.12406811805695277j)  (#lines=0)
      r = 0.198983710: exact-C2=True #blocks=42 sizes=[3, 4, 5] max deg(O)=2 at O=(0.5957950323685401-0.12406761380300155j)  (#lines=0)
      r = 0.198987006: exact-C2=True #blocks=42 sizes=[3, 4, 5] max deg(O)=2 at O=(0.595809623732907-0.12406646820712329j)  (#lines=0)
      r = 0.198994219: exact-C2=True #blocks=42 sizes=[3, 4, 5] max deg(O)=2 at O=(0.5958415562641658-0.12406396037673642j)  (#lines=0)
      r = 0.198996748: exact-C2=True #blocks=42 sizes=[3, 4, 5] max deg(O)=2 at O=(0.5958527525588683-0.12406308082995648j)  (#lines=0)
      r = 0.199001591: exact-C2=True #blocks=42 sizes=[3, 4, 5] max deg(O)=2 at O=(0.5958741936100557-0.12406139613475908j)  (#lines=0)
      r = 0.199002251: exact-C2=True #blocks=42 sizes=[3, 4, 5] max deg(O)=2 at O=(0.5958771156093261-0.12406116650772431j)  (#lines=0)
      r = 0.199004969: exact-C2=True #blocks=42 sizes=[3, 4, 5] max deg(O)=2 at O=(0.5958891490111982-0.12406022076532844j)  (#lines=0)
      r = 0.199005234: exact-C2=True #blocks=42 sizes=[3, 4, 5] max deg(O)=2 at O=(0.5958903222524264-0.12406012854887463j)  (#lines=0)
      r = 0.199014309: exact-C2=True #blocks=42 sizes=[3, 4, 5] max deg(O)=2 at O=(0.595930500946764-0.12405696967923954j)  (#lines=0)
      r = 0.199014553: exact-C2=True #blocks=42 sizes=[3, 4, 5] max deg(O)=2 at O=(0.5959315812526412-0.1240568847226407j)  (#lines=0)
      r = 0.199023204: exact-C2=True #blocks=42 sizes=[3, 4, 5] max deg(O)=2 at O=(0.5959698840593973-0.12405387178432828j)  (#lines=0)
      r = 0.199029786: exact-C2=True #blocks=42 sizes=[3, 4, 5] max deg(O)=2 at O=(0.5959990270955211-0.12405157837543868j)  (#lines=0)
      r = 0.199033116: exact-C2=True #blocks=42 sizes=[3, 4, 5] max deg(O)=2 at O=(0.5960137715723641-0.12405041773488193j)  (#lines=0)
      r = 0.199039125: exact-C2=True #blocks=42 sizes=[3, 4, 5] max deg(O)=2 at O=(0.5960403785215712-0.12404832276361244j)  (#lines=0)
      r = 0.199042300: exact-C2=True #blocks=42 sizes=[3, 4, 5] max deg(O)=2 at O=(0.5960544371910181-0.1240472155283773j)  (#lines=0)
      r = 0.199061716: exact-C2=True #blocks=42 sizes=[3, 4, 5] max deg(O)=2 at O=(0.5961404135364643-0.12404043986620997j)  (#lines=0)
      r = 0.199074594: exact-C2=True #blocks=42 sizes=[3, 4, 5] max deg(O)=2 at O=(0.5961974423593248-0.12403594141533582j)  (#lines=0)
      r = 0.199080826: exact-C2=True #blocks=42 sizes=[3, 4, 5] max deg(O)=2 at O=(0.5962250411003249-0.12403376324461532j)  (#lines=0)
      r = 0.199080986: exact-C2=True #blocks=42 sizes=[3, 4, 5] max deg(O)=2 at O=(0.5962257496774157-0.12403370731162741j)  (#lines=0)
      r = 0.199081893: exact-C2=True #blocks=42 sizes=[3, 4, 5] max deg(O)=2 at O=(0.5962297664319786-0.12403339023131854j)  (#lines=0)
      r = 0.199083079: exact-C2=True #blocks=42 sizes=[3, 4, 5] max deg(O)=2 at O=(0.5962350187913363-0.12403297558860915j)  (#lines=0)
      r = 0.199092415: exact-C2=True #blocks=42 sizes=[3, 4, 5] max deg(O)=2 at O=(0.596276365344157-0.1240297105545845j)  (#lines=0)
      r = 0.199101275: exact-C2=True #blocks=42 sizes=[3, 4, 5] max deg(O)=2 at O=(0.5963156051876348-0.12402661029306004j)  (#lines=0)
      r = 0.199106873: exact-C2=True #blocks=42 sizes=[3, 4, 5] max deg(O)=2 at O=(0.5963403987208574-0.1240246506077797j)  (#lines=0)
      r = 0.199107824: exact-C2=True #blocks=42 sizes=[3, 4, 5] max deg(O)=2 at O=(0.596344610751005-0.12402431762677116j)  (#lines=0)
      r = 0.199108108: exact-C2=True #blocks=42 sizes=[3, 4, 5] max deg(O)=2 at O=(0.5963458686052424-0.12402421818395545j)  (#lines=0)
      r = 0.199108196: exact-C2=True #blocks=42 sizes=[3, 4, 5] max deg(O)=2 at O=(0.5963462583631712-0.12402418737034407j)  (#lines=0)
      r = 0.199108204: exact-C2=True #blocks=42 sizes=[3, 4, 5] max deg(O)=2 at O=(0.5963462937957157-0.12402418456909856j)  (#lines=0)
      r = 0.199108209: exact-C2=True #blocks=42 sizes=[3, 4, 5] max deg(O)=2 at O=(0.5963463159410579-0.12402418281831924j)  (#lines=0)
      r = 0.199108211: exact-C2=True #blocks=42 sizes=[3, 4, 5] max deg(O)=2 at O=(0.5963463247991947-0.12402418211800757j)  (#lines=0)
      r = 0.199108219: exact-C2=True #blocks=42 sizes=[3, 4, 5] max deg(O)=2 at O=(0.5963463602317423-0.12402417931675977j)  (#lines=0)
      r = 0.199108261: exact-C2=True #blocks=42 sizes=[3, 4, 5] max deg(O)=2 at O=(0.5963465462526335-0.12402416461018552j)  (#lines=0)
      r = 0.199108282: exact-C2=True #blocks=42 sizes=[3, 4, 5] max deg(O)=2 at O=(0.5963466392630908-0.12402415725688459j)  (#lines=0)
      r = 0.199109110: exact-C2=True #blocks=42 sizes=[3, 4, 5] max deg(O)=2 at O=(0.5963503065384801-0.124023867319331j)  (#lines=0)
      r = 0.199109600: exact-C2=True #blocks=42 sizes=[3, 4, 5] max deg(O)=2 at O=(0.5963524767914519-0.12402369573113037j)  (#lines=0)
      r = 0.199110457: exact-C2=True #blocks=42 sizes=[3, 4, 5] max deg(O)=2 at O=(0.5963562725293646-0.12402339561471781j)  (#lines=0)
      r = 0.199111874: exact-C2=True #blocks=42 sizes=[3, 4, 5] max deg(O)=2 at O=(0.5963625485899948-0.12402289935564431j)  (#lines=0)
      r = 0.199113261: exact-C2=True #blocks=42 sizes=[3, 4, 5] max deg(O)=2 at O=(0.5963686918099453-0.12402241356217422j)  (#lines=0)
      r = 0.199116155: exact-C2=True #blocks=42 sizes=[3, 4, 5] max deg(O)=2 at O=(0.5963815098515941-0.12402139981509559j)  (#lines=0)
      r = 0.199120852: exact-C2=True #blocks=42 sizes=[3, 4, 5] max deg(O)=2 at O=(0.5964023140028306-0.12401975411491914j)  (#lines=0)
      r = 0.199168097: exact-C2=True #blocks=42 sizes=[3, 4, 5] max deg(O)=2 at O=(0.5966115942960836-0.12400317492022195j)  (#lines=0)
      r = 0.199198939: exact-C2=True #blocks=42 sizes=[3, 4, 5] max deg(O)=2 at O=(0.5967482348796951-0.12399232649027911j)  (#lines=0)
      r = 0.199219567: exact-C2=True #blocks=42 sizes=[3, 4, 5] max deg(O)=2 at O=(0.5968396329303217-0.12398505956565167j)  (#lines=0)
      r = 0.199219660: exact-C2=True #blocks=42 sizes=[3, 4, 5] max deg(O)=2 at O=(0.5968400450087884-0.1239850267828815j)  (#lines=0)
      r = 0.199219666: exact-C2=True #blocks=42 sizes=[3, 4, 5] max deg(O)=2 at O=(0.5968400715945006-0.12398502466785771j)  (#lines=0)
      r = 0.199219675: exact-C2=True #blocks=42 sizes=[3, 4, 5] max deg(O)=2 at O=(0.5968401114730719-0.12398502149532081j)  (#lines=0)
      r = 0.199221550: exact-C2=True #blocks=42 sizes=[3, 4, 5] max deg(O)=2 at O=(0.5968484195383408-0.12398436051288185j)  (#lines=0)
      r = 0.199288539: exact-C2=True #blocks=42 sizes=[3, 4, 5] max deg(O)=2 at O=(0.5971452846443371-0.12396069664163126j)  (#lines=0)
      r = 0.199288544: exact-C2=True #blocks=42 sizes=[3, 4, 5] max deg(O)=2 at O=(0.5971453068049177-0.12396069487184763j)  (#lines=0)
      r = 0.199288563: exact-C2=True #blocks=42 sizes=[3, 4, 5] max deg(O)=2 at O=(0.5971453910151283-0.123960688146665j)  (#lines=0)
      r = 0.199288594: exact-C2=True #blocks=42 sizes=[3, 4, 5] max deg(O)=2 at O=(0.5971455284107473-0.12396067717398225j)  (#lines=0)
      r = 0.199288673: exact-C2=True #blocks=42 sizes=[3, 4, 5] max deg(O)=2 at O=(0.5971458785480441-0.12396064921124715j)  (#lines=0)
      r = 0.199288675: exact-C2=True #blocks=42 sizes=[3, 4, 5] max deg(O)=2 at O=(0.5971458874122814-0.12396064850332804j)  (#lines=0)
      r = 0.199294755: exact-C2=True #blocks=42 sizes=[3, 4, 5] max deg(O)=2 at O=(0.5971728350044109-0.12395849603925016j)  (#lines=0)
      r = 0.199331367: exact-C2=True #blocks=42 sizes=[3, 4, 5] max deg(O)=2 at O=(0.5973351188102514-0.1239455180291795j)  (#lines=0)
      r = 0.199332488: exact-C2=True #blocks=42 sizes=[3, 4, 5] max deg(O)=2 at O=(0.5973400880343063-0.12394512021712731j)  (#lines=0)
      r = 0.259141724: exact-C2=True #blocks=42 sizes=[3, 4, 5] max deg(O)=3 at O=(0.6675256491120075-0.2168922340949081j)  (#lines=0)
      r = 0.259141725: exact-C2=True #blocks=42 sizes=[3, 4, 5] max deg(O)=3 at O=(0.6675256523971334-0.216892233321013j)  (#lines=0)
      r = 0.259141726: exact-C2=True #blocks=42 sizes=[3, 4, 5] max deg(O)=3 at O=(0.6675256556822586-0.2168922325471182j)  (#lines=0)
      r = 0.259141727: exact-C2=True #blocks=42 sizes=[3, 4, 5] max deg(O)=3 at O=(0.6675256589673823-0.21689223177322364j)  (#lines=0)
      r = 0.259141728: exact-C2=True #blocks=42 sizes=[3, 4, 5] max deg(O)=3 at O=(0.6675256622525079-0.21689223099932864j)  (#lines=0)
      r = 0.278850697: exact-C2=True #blocks=42 sizes=[3, 4, 5] max deg(O)=2 at O=(0.995056341946513-0.0028338890555938507j)  (#lines=0)
      r = 0.278969075: exact-C2=True #blocks=42 sizes=[3, 4, 5] max deg(O)=2 at O=(0.9956910036155274-0.0024723450045892256j)  (#lines=0)
      r = 0.278971744: exact-C2=True #blocks=42 sizes=[3, 4, 5] max deg(O)=2 at O=(0.9957053130288558-0.00246418576881034j)  (#lines=0)
      r = 0.278980340: exact-C2=True #blocks=42 sizes=[3, 4, 5] max deg(O)=2 at O=(0.9957513991158468-0.002437905153683229j)  (#lines=0)
      r = 0.279022618: exact-C2=True #blocks=42 sizes=[3, 4, 5] max deg(O)=2 at O=(0.9959780662932987-0.0023085969436767335j)  (#lines=0)
      r = 0.279039814: exact-C2=True #blocks=42 sizes=[3, 4, 5] max deg(O)=2 at O=(0.9960702602631245-0.0022559781655386137j)  (#lines=0)
      r = 0.279049765: exact-C2=True #blocks=42 sizes=[3, 4, 5] max deg(O)=2 at O=(0.996123611217734-0.0022255222205206475j)  (#lines=0)
      r = 0.279050712: exact-C2=True #blocks=42 sizes=[3, 4, 5] max deg(O)=2 at O=(0.9961286884333619-0.0022226235938679773j)  (#lines=0)
      r = 0.279062216: exact-C2=True #blocks=42 sizes=[3, 4, 5] max deg(O)=2 at O=(0.9961903656362183-0.00218740813326741j)  (#lines=0)
      r = 0.279062429: exact-C2=True #blocks=42 sizes=[3, 4, 5] max deg(O)=2 at O=(0.9961915076085298-0.0021867560488403734j)  (#lines=0)
      r = 0.279067536: exact-C2=True #blocks=42 sizes=[3, 4, 5] max deg(O)=2 at O=(0.9962188881410483-0.0021711206810080064j)  (#lines=0)
      r = 0.279069134: exact-C2=True #blocks=42 sizes=[3, 4, 5] max deg(O)=2 at O=(0.9962274556170914-0.002166228058108452j)  (#lines=0)
      r = 0.279069370: exact-C2=True #blocks=42 sizes=[3, 4, 5] max deg(O)=2 at O=(0.996228720901443-0.002165505482707635j)  (#lines=0)
      r = 0.279078057: exact-C2=True #blocks=42 sizes=[3, 4, 5] max deg(O)=2 at O=(0.9962752951754753-0.002138906118929281j)  (#lines=0)
      r = 0.279090890: exact-C2=True #blocks=42 sizes=[3, 4, 5] max deg(O)=2 at O=(0.9963440977606668-0.0020996052140659993j)  (#lines=0)
      r = 0.279091796: exact-C2=True #blocks=42 sizes=[3, 4, 5] max deg(O)=2 at O=(0.9963489551726907-0.0020968303027452187j)  (#lines=0)
      r = 0.279091801: exact-C2=True #blocks=42 sizes=[3, 4, 5] max deg(O)=2 at O=(0.9963489819795228-0.0020968149886009552j)  (#lines=0)
      r = 0.279092304: exact-C2=True #blocks=42 sizes=[3, 4, 5] max deg(O)=2 at O=(0.9963516787547592-0.002095274375076102j)  (#lines=0)
      r = 0.279094739: exact-C2=True #blocks=42 sizes=[3, 4, 5] max deg(O)=2 at O=(0.996364733721499-0.002087816164507j)  (#lines=0)
      r = 0.279095210: exact-C2=True #blocks=42 sizes=[3, 4, 5] max deg(O)=2 at O=(0.9963672589329345-0.002086373496414151j)  (#lines=0)
      r = 0.279095654: exact-C2=True #blocks=42 sizes=[3, 4, 5] max deg(O)=2 at O=(0.9963696393871628-0.002085013519291256j)  (#lines=0)
      r = 0.279095876: exact-C2=True #blocks=42 sizes=[3, 4, 5] max deg(O)=2 at O=(0.9963708296142842-0.0020843335272062967j)  (#lines=0)
      r = 0.279101823: exact-C2=True #blocks=42 sizes=[3, 4, 5] max deg(O)=2 at O=(0.9964027137671188-0.0020661168266595895j)  (#lines=0)
      r = 0.279105817: exact-C2=True #blocks=42 sizes=[3, 4, 5] max deg(O)=2 at O=(0.9964241271427223-0.0020538815576045455j)  (#lines=0)
      r = 0.279112607: exact-C2=True #blocks=42 sizes=[3, 4, 5] max deg(O)=2 at O=(0.9964605309652649-0.0020330792375148465j)  (#lines=0)
      r = 0.279119721: exact-C2=True #blocks=42 sizes=[3, 4, 5] max deg(O)=2 at O=(0.9964986718931146-0.0020112819242379108j)  (#lines=0)
      r = 0.279131804: exact-C2=True #blocks=42 sizes=[3, 4, 5] max deg(O)=2 at O=(0.9965634536037428-0.0019742540386850915j)  (#lines=0)
      r = 0.279152562: exact-C2=True #blocks=42 sizes=[3, 4, 5] max deg(O)=2 at O=(0.9966747455025712-0.0019106256558312235j)  (#lines=0)
      r = 0.279152723: exact-C2=True #blocks=42 sizes=[3, 4, 5] max deg(O)=2 at O=(0.9966756086881181-0.001910132070680204j)  (#lines=0)
      r = 0.279159821: exact-C2=True #blocks=42 sizes=[3, 4, 5] max deg(O)=2 at O=(0.9967136639208642-0.0018883701709628067j)  (#lines=0)
      r = 0.279160641: exact-C2=True #blocks=42 sizes=[3, 4, 5] max deg(O)=2 at O=(0.9967180602716454-0.0018858559613719643j)  (#lines=0)
      r = 0.279161529: exact-C2=True #blocks=42 sizes=[3, 4, 5] max deg(O)=2 at O=(0.9967228211980528-0.001883133220105804j)  (#lines=0)
      r = 0.279162730: exact-C2=True #blocks=42 sizes=[3, 4, 5] max deg(O)=2 at O=(0.9967292602441569-0.0018794507138838051j)  (#lines=0)
      r = 0.279164343: exact-C2=True #blocks=42 sizes=[3, 4, 5] max deg(O)=2 at O=(0.9967379081892588-0.001874504824779943j)  (#lines=0)
      r = 0.279165162: exact-C2=True #blocks=42 sizes=[3, 4, 5] max deg(O)=2 at O=(0.99674229917979-0.0018719935041881437j)  (#lines=0)
      r = 0.279173243: exact-C2=True #blocks=42 sizes=[3, 4, 5] max deg(O)=2 at O=(0.9967856247016639-0.001847212808609824j)  (#lines=0)
      r = 0.279183970: exact-C2=True #blocks=42 sizes=[3, 4, 5] max deg(O)=2 at O=(0.9968431365326931-0.001814313228899579j)  (#lines=0)
      r = 0.279190499: exact-C2=True #blocks=42 sizes=[3, 4, 5] max deg(O)=2 at O=(0.9968781411859023-0.0017942861706488032j)  (#lines=0)
      r = 0.279191210: exact-C2=True #blocks=42 sizes=[3, 4, 5] max deg(O)=2 at O=(0.996881953150116-0.001792105125652076j)  (#lines=0)
      r = 0.279191282: exact-C2=True #blocks=42 sizes=[3, 4, 5] max deg(O)=2 at O=(0.9968823391716427-0.0017918842590870332j)  (#lines=0)
      r = 0.279191787: exact-C2=True #blocks=42 sizes=[3, 4, 5] max deg(O)=2 at O=(0.9968850466850666-0.0017903351178378503j)  (#lines=0)
      r = 0.279193550: exact-C2=True #blocks=42 sizes=[3, 4, 5] max deg(O)=2 at O=(0.9968944988555486-0.0017849268324786516j)  (#lines=0)
      r = 0.279193765: exact-C2=True #blocks=42 sizes=[3, 4, 5] max deg(O)=2 at O=(0.9968956515592993-0.001784267275328872j)  (#lines=0)
      r = 0.279194407: exact-C2=True #blocks=42 sizes=[3, 4, 5] max deg(O)=2 at O=(0.9968990935864216-0.00178229779382658j)  (#lines=0)
      r = 0.279194794: exact-C2=True #blocks=42 sizes=[3, 4, 5] max deg(O)=2 at O=(0.9969011684533848-0.001781110573439446j)  (#lines=0)
      r = 0.279203357: exact-C2=True #blocks=42 sizes=[3, 4, 5] max deg(O)=2 at O=(0.9969470782453151-0.001754839572904376j)  (#lines=0)
      r = 0.279203983: exact-C2=True #blocks=42 sizes=[3, 4, 5] max deg(O)=2 at O=(0.9969504344915209-0.0017529188880793017j)  (#lines=0)
      r = 0.279205169: exact-C2=True #blocks=42 sizes=[3, 4, 5] max deg(O)=2 at O=(0.9969567931308894-0.0017492799672962837j)  (#lines=0)
      r = 0.279207360: exact-C2=True #blocks=42 sizes=[3, 4, 5] max deg(O)=2 at O=(0.9969685399941853-0.0017425572984979122j)  (#lines=0)
      r = 0.279208863: exact-C2=True #blocks=42 sizes=[3, 4, 5] max deg(O)=2 at O=(0.996976598203946-0.0017379454945922357j)  (#lines=0)
      r = 0.279210712: exact-C2=True #blocks=42 sizes=[3, 4, 5] max deg(O)=2 at O=(0.9969865114646218-0.0017322718764756929j)  (#lines=0)
      r = 0.279216402: exact-C2=True #blocks=42 sizes=[3, 4, 5] max deg(O)=2 at O=(0.997017017935338-0.001714811203518065j)  (#lines=0)
      r = 0.279219964: exact-C2=True #blocks=42 sizes=[3, 4, 5] max deg(O)=2 at O=(0.9970361153121083-0.0017038798499195201j)  (#lines=0)
      r = 0.279223926: exact-C2=True #blocks=42 sizes=[3, 4, 5] max deg(O)=2 at O=(0.9970573572604936-0.0016917202311007558j)  (#lines=0)
      r = 0.279237972: exact-C2=True #blocks=42 sizes=[3, 4, 5] max deg(O)=2 at O=(0.9971326638081753-0.0016486061527573345j)  (#lines=0)
      r = 0.279238608: exact-C2=True #blocks=42 sizes=[3, 4, 5] max deg(O)=2 at O=(0.9971360736743409-0.0016466537328179414j)  (#lines=0)
      r = 0.279241239: exact-C2=True #blocks=42 sizes=[3, 4, 5] max deg(O)=2 at O=(0.9971501795845428-0.0016385767708605792j)  (#lines=0)
      r = 0.279242444: exact-C2=True #blocks=42 sizes=[3, 4, 5] max deg(O)=2 at O=(0.9971566401025214-0.001634877405690027j)  (#lines=0)
      r = 0.279257537: exact-C2=True #blocks=42 sizes=[3, 4, 5] max deg(O)=2 at O=(0.9972375601334799-0.0015885358201918353j)  (#lines=0)
      r = 0.279260695: exact-C2=True #blocks=42 sizes=[3, 4, 5] max deg(O)=2 at O=(0.9972544915300525-0.001578838110037868j)  (#lines=0)
      r = 0.279260816: exact-C2=True #blocks=42 sizes=[3, 4, 5] max deg(O)=2 at O=(0.9972551402630816-0.0015784665290464765j)  (#lines=0)
      r = 0.279266463: exact-C2=True #blocks=42 sizes=[3, 4, 5] max deg(O)=2 at O=(0.9972854162656312-0.0015611242779244084j)  (#lines=0)
      r = 0.279267436: exact-C2=True #blocks=42 sizes=[3, 4, 5] max deg(O)=2 at O=(0.997290632938951-0.001558135986760967j)  (#lines=0)
      r = 0.279267606: exact-C2=True #blocks=42 sizes=[3, 4, 5] max deg(O)=2 at O=(0.997291544382365-0.0015576138757690716j)  (#lines=0)
      r = 0.279267631: exact-C2=True #blocks=42 sizes=[3, 4, 5] max deg(O)=2 at O=(0.9972916784182668-0.0015575370945640958j)  (#lines=0)
      r = 0.279269889: exact-C2=True #blocks=42 sizes=[3, 4, 5] max deg(O)=2 at O=(0.9973037845328105-0.0015506020977909477j)  (#lines=0)
      r = 0.279270091: exact-C2=True #blocks=42 sizes=[3, 4, 5] max deg(O)=2 at O=(0.9973048675422589-0.001549981683163599j)  (#lines=0)
      r = 0.279270398: exact-C2=True #blocks=42 sizes=[3, 4, 5] max deg(O)=2 at O=(0.9973065135021717-0.0015490387720514304j)  (#lines=0)
      r = 0.279270477: exact-C2=True #blocks=42 sizes=[3, 4, 5] max deg(O)=2 at O=(0.9973069370553318-0.0015487961329836539j)  (#lines=0)
      r = 0.279270664: exact-C2=True #blocks=42 sizes=[3, 4, 5] max deg(O)=2 at O=(0.9973079396432859-0.0015482217835700164j)  (#lines=0)
      r = 0.279271076: exact-C2=True #blocks=42 sizes=[3, 4, 5] max deg(O)=2 at O=(0.9973101485537865-0.0015469563660594223j)  (#lines=0)
      r = 0.279271418: exact-C2=True #blocks=42 sizes=[3, 4, 5] max deg(O)=2 at O=(0.9973119821639312-0.001545905940533357j)  (#lines=0)
      r = 0.279271474: exact-C2=True #blocks=42 sizes=[3, 4, 5] max deg(O)=2 at O=(0.9973122824041027-0.0015457339405495927j)  (#lines=0)
      r = 0.279271477: exact-C2=True #blocks=42 sizes=[3, 4, 5] max deg(O)=2 at O=(0.997312298488413-0.0015457247262515932j)  (#lines=0)
      r = 0.279271503: exact-C2=True #blocks=42 sizes=[3, 4, 5] max deg(O)=2 at O=(0.9973124378857035-0.0015456448690227918j)  (#lines=0)
      r = 0.279271927: exact-C2=True #blocks=42 sizes=[3, 4, 5] max deg(O)=2 at O=(0.9973147111334604-0.0015443425775634187j)  (#lines=0)
      r = 0.279272105: exact-C2=True #blocks=42 sizes=[3, 4, 5] max deg(O)=2 at O=(0.9973156654684697-0.0015437958583860087j)  (#lines=0)
      r = 0.279272131: exact-C2=True #blocks=42 sizes=[3, 4, 5] max deg(O)=2 at O=(0.9973158048657644-0.0015437160003757013j)  (#lines=0)
      r = 0.279272136: exact-C2=True #blocks=42 sizes=[3, 4, 5] max deg(O)=2 at O=(0.9973158316729881-0.0015437006430326096j)  (#lines=0)
      r = 0.279272140: exact-C2=True #blocks=42 sizes=[3, 4, 5] max deg(O)=2 at O=(0.997315853118754-0.0015436883571648976j)  (#lines=0)
      r = 0.279272142: exact-C2=True #blocks=42 sizes=[3, 4, 5] max deg(O)=2 at O=(0.9973158638415991-0.001543682214252435j)  (#lines=0)
      r = 0.279272173: exact-C2=True #blocks=42 sizes=[3, 4, 5] max deg(O)=2 at O=(0.9973160300460655-0.0015435869988741876j)  (#lines=0)
      r = 0.279272241: exact-C2=True #blocks=42 sizes=[3, 4, 5] max deg(O)=2 at O=(0.9973163946233823-0.0015433781393015419j)  (#lines=0)
      r = 0.279272606: exact-C2=True #blocks=42 sizes=[3, 4, 5] max deg(O)=2 at O=(0.9973183515467007-0.0015422570505129254j)  (#lines=0)
      r = 0.279272957: exact-C2=True #blocks=42 sizes=[3, 4, 5] max deg(O)=2 at O=(0.9973202334099202-0.0015411789564094024j)  (#lines=0)
      r = 0.279273587: exact-C2=True #blocks=42 sizes=[3, 4, 5] max deg(O)=2 at O=(0.9973236111130861-0.0015392439009937898j)  (#lines=0)
      r = 0.279282084: exact-C2=True #blocks=42 sizes=[3, 4, 5] max deg(O)=2 at O=(0.9973691672236948-0.0015131433693811474j)  (#lines=0)
      r = 0.279292230: exact-C2=True #blocks=42 sizes=[3, 4, 5] max deg(O)=2 at O=(0.9974235643625977-0.001481973020743779j)  (#lines=0)
      r = 0.279293560: exact-C2=True #blocks=42 sizes=[3, 4, 5] max deg(O)=2 at O=(0.9974306950755497-0.0014778866547052521j)  (#lines=0)
      r = 0.279296639: exact-C2=True #blocks=42 sizes=[3, 4, 5] max deg(O)=2 at O=(0.9974472029453647-0.0014684262390202384j)  (#lines=0)
      r = 0.279299478: exact-C2=True #blocks=42 sizes=[3, 4, 5] max deg(O)=2 at O=(0.9974624240718903-0.0014597028359005933j)  (#lines=0)
      r = 0.279308038: exact-C2=True #blocks=42 sizes=[3, 4, 5] max deg(O)=2 at O=(0.9975083180045516-0.0014333981651639377j)  (#lines=0)
      r = 0.279318373: exact-C2=True #blocks=42 sizes=[3, 4, 5] max deg(O)=2 at O=(0.9975637285162999-0.0014016342893365418j)  (#lines=0)
      r = 0.279333061: exact-C2=True #blocks=42 sizes=[3, 4, 5] max deg(O)=2 at O=(0.9976424774288787-0.0013564829857563338j)  (#lines=0)
      r = 0.279345746: exact-C2=True #blocks=42 sizes=[3, 4, 5] max deg(O)=2 at O=(0.9977104874027066-0.0013174806463466116j)  (#lines=0)
      r = 0.279353785: exact-C2=True #blocks=42 sizes=[3, 4, 5] max deg(O)=2 at O=(0.9977535881041064-0.0012927592907906568j)  (#lines=0)
      r = 0.279355430: exact-C2=True #blocks=42 sizes=[3, 4, 5] max deg(O)=2 at O=(0.9977624076919763-0.001287700241695281j)  (#lines=0)
      r = 0.279356483: exact-C2=True #blocks=42 sizes=[3, 4, 5] max deg(O)=2 at O=(0.9977680533008935-0.0012844617671192381j)  (#lines=0)
      r = 0.279361529: exact-C2=True #blocks=42 sizes=[3, 4, 5] max deg(O)=2 at O=(0.9977951071900203-0.001268942186681409j)  (#lines=0)
      r = 0.279362306: exact-C2=True #blocks=42 sizes=[3, 4, 5] max deg(O)=2 at O=(0.9977992730389433-0.0012665523213786483j)  (#lines=0)
      r = 0.279362370: exact-C2=True #blocks=42 sizes=[3, 4, 5] max deg(O)=2 at O=(0.9977996161720295-0.0012663554714142941j)  (#lines=0)
      r = 0.279366246: exact-C2=True #blocks=42 sizes=[3, 4, 5] max deg(O)=2 at O=(0.9978203971659384-0.001254433382769427j)  (#lines=0)
      r = 0.279366302: exact-C2=True #blocks=42 sizes=[3, 4, 5] max deg(O)=2 at O=(0.9978206974073229-0.0012542611285590126j)  (#lines=0)
      r = 0.279373783: exact-C2=True #blocks=42 sizes=[3, 4, 5] max deg(O)=2 at O=(0.9978608064495748-0.0012312484590097984j)  (#lines=0)
      r = 0.279375032: exact-C2=True #blocks=42 sizes=[3, 4, 5] max deg(O)=2 at O=(0.9978675029074543-0.0012274060880510676j)  (#lines=0)
      r = 0.279376469: exact-C2=True #blocks=42 sizes=[3, 4, 5] max deg(O)=2 at O=(0.9978752073194276-0.0012229852693457722j)  (#lines=0)
      r = 0.279378973: exact-C2=True #blocks=42 sizes=[3, 4, 5] max deg(O)=2 at O=(0.9978886324055698-0.0012152816719288176j)  (#lines=0)
      r = 0.279390634: exact-C2=True #blocks=42 sizes=[3, 4, 5] max deg(O)=2 at O=(0.9979511523608855-0.0011794024575633565j)  (#lines=0)
      r = 0.279390758: exact-C2=True #blocks=42 sizes=[3, 4, 5] max deg(O)=2 at O=(0.9979518171819501-0.0011790208923466705j)  (#lines=0)
      r = 0.279390785: exact-C2=True #blocks=42 sizes=[3, 4, 5] max deg(O)=2 at O=(0.9979519619411515-0.0011789378096287808j)  (#lines=0)
      r = 0.279390850: exact-C2=True #blocks=42 sizes=[3, 4, 5] max deg(O)=2 at O=(0.9979523104358837-0.0011787377953301611j)  (#lines=0)
      r = 0.279395264: exact-C2=True #blocks=42 sizes=[3, 4, 5] max deg(O)=2 at O=(0.9979759759160597-0.001165154809412886j)  (#lines=0)
      r = 0.279401305: exact-C2=True #blocks=42 sizes=[3, 4, 5] max deg(O)=2 at O=(0.9980083644953421-0.0011465636239635759j)  (#lines=0)
      r = 0.279402794: exact-C2=True #blocks=42 sizes=[3, 4, 5] max deg(O)=2 at O=(0.9980163477103381-0.0011419809558957516j)  (#lines=0)
      r = 0.279405163: exact-C2=True #blocks=42 sizes=[3, 4, 5] max deg(O)=2 at O=(0.9980290490115021-0.0011346897090900943j)  (#lines=0)
      r = 0.279408296: exact-C2=True #blocks=42 sizes=[3, 4, 5] max deg(O)=2 at O=(0.9980458464699866-0.0011250466303180389j)  (#lines=0)
      r = 0.279408627: exact-C2=True #blocks=42 sizes=[3, 4, 5] max deg(O)=2 at O=(0.9980476211138875-0.0011240278160012723j)  (#lines=0)
      r = 0.279411008: exact-C2=True #blocks=42 sizes=[3, 4, 5] max deg(O)=2 at O=(0.9980603867549012-0.0011166989700935768j)  (#lines=0)
      r = 0.279414100: exact-C2=True #blocks=42 sizes=[3, 4, 5] max deg(O)=2 at O=(0.9980769643967303-0.001107181222793229j)  (#lines=0)
      r = 0.279416392: exact-C2=True #blocks=42 sizes=[3, 4, 5] max deg(O)=2 at O=(0.9980892528700239-0.001100125727572964j)  (#lines=0)
      r = 0.279416728: exact-C2=True #blocks=42 sizes=[3, 4, 5] max deg(O)=2 at O=(0.9980910543214154-0.001099091393142792j)  (#lines=0)
      r = 0.279417281: exact-C2=True #blocks=42 sizes=[3, 4, 5] max deg(O)=2 at O=(0.9980940192105718-0.0010973890390757334j)  (#lines=0)
      r = 0.279417851: exact-C2=True #blocks=42 sizes=[3, 4, 5] max deg(O)=2 at O=(0.99809707524475-0.001095634336859963j)  (#lines=0)
      r = 0.279417933: exact-C2=True #blocks=42 sizes=[3, 4, 5] max deg(O)=2 at O=(0.9980975148847091-0.0010953819047630254j)  (#lines=0)
      r = 0.279417949: exact-C2=True #blocks=42 sizes=[3, 4, 5] max deg(O)=2 at O=(0.9980976006683326-0.001095332649558152j)  (#lines=0)
      r = 0.279417954: exact-C2=True #blocks=42 sizes=[3, 4, 5] max deg(O)=2 at O=(0.9980976274755267-0.0010953172574119235j)  (#lines=0)
      r = 0.279417977: exact-C2=True #blocks=42 sizes=[3, 4, 5] max deg(O)=2 at O=(0.9980977507892629-0.0010952464531551348j)  (#lines=0)
      r = 0.279418002: exact-C2=True #blocks=42 sizes=[3, 4, 5] max deg(O)=2 at O=(0.9980978848257518-0.0010951694920818182j)  (#lines=0)
      r = 0.279418006: exact-C2=True #blocks=42 sizes=[3, 4, 5] max deg(O)=2 at O=(0.9980979062716168-0.0010951571782919045j)  (#lines=0)
      r = 0.279418008: exact-C2=True #blocks=42 sizes=[3, 4, 5] max deg(O)=2 at O=(0.9980979169945948-0.0010951510213705502j)  (#lines=0)
      r = 0.279418024: exact-C2=True #blocks=42 sizes=[3, 4, 5] max deg(O)=2 at O=(0.9980980027780332-0.0010951017662142442j)  (#lines=0)
      r = 0.279418026: exact-C2=True #blocks=42 sizes=[3, 4, 5] max deg(O)=2 at O=(0.998098013500997-0.0010950956092993357j)  (#lines=0)
      r = 0.279418030: exact-C2=True #blocks=42 sizes=[3, 4, 5] max deg(O)=2 at O=(0.9980980349468188-0.0010950832955297506j)  (#lines=0)
      r = 0.279418034: exact-C2=True #blocks=42 sizes=[3, 4, 5] max deg(O)=2 at O=(0.9980980563925413-0.0010950709818161215j)  (#lines=0)
      r = 0.279418038: exact-C2=True #blocks=42 sizes=[3, 4, 5] max deg(O)=2 at O=(0.9980980778385382-0.0010950586679445622j)  (#lines=0)
      r = 0.279418066: exact-C2=True #blocks=42 sizes=[3, 4, 5] max deg(O)=2 at O=(0.9980982279594198-0.0010949724714505813j)  (#lines=0)
      r = 0.279418121: exact-C2=True #blocks=42 sizes=[3, 4, 5] max deg(O)=2 at O=(0.9980985228397876-0.0010948031567625128j)  (#lines=0)
      r = 0.279418193: exact-C2=True #blocks=42 sizes=[3, 4, 5] max deg(O)=2 at O=(0.9980989088654103-0.0010945815079877992j)  (#lines=0)
      r = 0.279418239: exact-C2=True #blocks=42 sizes=[3, 4, 5] max deg(O)=2 at O=(0.9980991554926351-0.0010944398990657134j)  (#lines=0)
      r = 0.279418316: exact-C2=True #blocks=42 sizes=[3, 4, 5] max deg(O)=2 at O=(0.9980995683251949-0.0010942028577996471j)  (#lines=0)
      r = 0.279418446: exact-C2=True #blocks=42 sizes=[3, 4, 5] max deg(O)=2 at O=(0.9981002653154576-0.0010938026574860225j)  (#lines=0)
      r = 0.279418491: exact-C2=True #blocks=42 sizes=[3, 4, 5] max deg(O)=2 at O=(0.9981005065813612-0.00109366412639521j)  (#lines=0)
      r = 0.279418523: exact-C2=True #blocks=42 sizes=[3, 4, 5] max deg(O)=2 at O=(0.998100678147951-0.0010935656154960438j)  (#lines=0)
      r = 0.279418771: exact-C2=True #blocks=42 sizes=[3, 4, 5] max deg(O)=2 at O=(0.9981020077911227-0.0010928021531631136j)  (#lines=0)
      r = 0.279419220: exact-C2=True #blocks=42 sizes=[3, 4, 5] max deg(O)=2 at O=(0.998104415088376-0.0010914199095946415j)  (#lines=0)
      r = 0.279419567: exact-C2=True #blocks=42 sizes=[3, 4, 5] max deg(O)=2 at O=(0.998106275516202-0.0010903516658260998j)  (#lines=0)
      r = 0.279419968: exact-C2=True #blocks=42 sizes=[3, 4, 5] max deg(O)=2 at O=(0.9981084254631855-0.0010891171751494478j)  (#lines=0)
      r = 0.279421823: exact-C2=True #blocks=42 sizes=[3, 4, 5] max deg(O)=2 at O=(0.9981183709786173-0.001083406401246789j)  (#lines=0)
      r = 0.279423806: exact-C2=True #blocks=42 sizes=[3, 4, 5] max deg(O)=2 at O=(0.998129002762205-0.0010773013861886671j)  (#lines=0)
      r = 0.279423942: exact-C2=True #blocks=42 sizes=[3, 4, 5] max deg(O)=2 at O=(0.9981297319212422-0.001076882679383331j)  (#lines=0)
      r = 0.279428075: exact-C2=True #blocks=42 sizes=[3, 4, 5] max deg(O)=2 at O=(0.9981518908554103-0.0010641578778367174j)  (#lines=0)
      r = 0.279428080: exact-C2=True #blocks=42 sizes=[3, 4, 5] max deg(O)=2 at O=(0.9981519176625997-0.0010641424832731677j)  (#lines=0)
      r = 0.279428084: exact-C2=True #blocks=42 sizes=[3, 4, 5] max deg(O)=2 at O=(0.9981519391082915-0.001064130167655367j)  (#lines=0)
      r = 0.279430621: exact-C2=True #blocks=42 sizes=[3, 4, 5] max deg(O)=2 at O=(0.9981655411458622-0.0010563187713673395j)  (#lines=0)
      r = 0.279431190: exact-C2=True #blocks=42 sizes=[3, 4, 5] max deg(O)=2 at O=(0.9981685918198012-0.001054566784019576j)  (#lines=0)
      r = 0.279433341: exact-C2=True #blocks=42 sizes=[3, 4, 5] max deg(O)=2 at O=(0.998180124332756-0.0010479435775210496j)  (#lines=0)
      r = 0.279452322: exact-C2=True #blocks=42 sizes=[3, 4, 5] max deg(O)=2 at O=(0.9982818903474823-0.00098948902193925j)  (#lines=0)
      r = 0.279458655: exact-C2=True #blocks=42 sizes=[3, 4, 5] max deg(O)=2 at O=(0.9983158445336122-0.0009699818520360899j)  (#lines=0)
      r = 0.279468856: exact-C2=True #blocks=42 sizes=[3, 4, 5] max deg(O)=2 at O=(0.9983705368964048-0.000938556267040135j)  (#lines=0)
      r = 0.279472559: exact-C2=True #blocks=42 sizes=[3, 4, 5] max deg(O)=2 at O=(0.9983903904263676-0.0009271474321352246j)  (#lines=0)
      r = 0.279473762: exact-C2=True #blocks=42 sizes=[3, 4, 5] max deg(O)=2 at O=(0.9983968402774108-0.0009234408828058854j)  (#lines=0)
      r = 0.279473778: exact-C2=True #blocks=42 sizes=[3, 4, 5] max deg(O)=2 at O=(0.9983969260608232-0.0009233915850070593j)  (#lines=0)
      r = 0.279473787: exact-C2=True #blocks=42 sizes=[3, 4, 5] max deg(O)=2 at O=(0.9983969743142448-0.0009233638548452731j)  (#lines=0)
      r = 0.279475401: exact-C2=True #blocks=42 sizes=[3, 4, 5] max deg(O)=2 at O=(0.9984056277304213-0.0009183908674766448j)  (#lines=0)
      r = 0.279475574: exact-C2=True #blocks=42 sizes=[3, 4, 5] max deg(O)=2 at O=(0.9984065552652903-0.0009178578198249215j)  (#lines=0)
      r = 0.279479295: exact-C2=True #blocks=42 sizes=[3, 4, 5] max deg(O)=2 at O=(0.9984265053050467-0.0009063923281675016j)  (#lines=0)
      r = 0.279479377: exact-C2=True #blocks=42 sizes=[3, 4, 5] max deg(O)=2 at O=(0.9984269449460708-0.0009061396545208159j)  (#lines=0)
      r = 0.279481536: exact-C2=True #blocks=42 sizes=[3, 4, 5] max deg(O)=2 at O=(0.9984385203665752-0.0008994868299808465j)  (#lines=0)
      r = 0.279481574: exact-C2=True #blocks=42 sizes=[3, 4, 5] max deg(O)=2 at O=(0.998438724102609-0.0008993697333103966j)  (#lines=0)
      r = 0.279486938: exact-C2=True #blocks=42 sizes=[3, 4, 5] max deg(O)=2 at O=(0.9984674830472144-0.0008828399235651002j)  (#lines=0)
      r = 0.279489495: exact-C2=True #blocks=42 sizes=[3, 4, 5] max deg(O)=2 at O=(0.9984811923372122-0.0008749597355990412j)  (#lines=0)
      r = 0.279506325: exact-C2=True #blocks=42 sizes=[3, 4, 5] max deg(O)=2 at O=(0.9985714259702453-0.000823085057675388j)  (#lines=0)
      r = 0.279508204: exact-C2=True #blocks=42 sizes=[3, 4, 5] max deg(O)=2 at O=(0.9985815001850542-0.0008172926216808206j)  (#lines=0)
      r = 0.279562746: exact-C2=True #blocks=42 sizes=[3, 4, 5] max deg(O)=2 at O=(0.9988739260340497-0.0006490810027878237j)  (#lines=0)
      r = 0.279563479: exact-C2=True #blocks=42 sizes=[3, 4, 5] max deg(O)=2 at O=(0.9988778560011157-0.0006468194046555769j)  (#lines=0)
      r = 0.279563565: exact-C2=True #blocks=42 sizes=[3, 4, 5] max deg(O)=2 at O=(0.9988783170888691-0.0006465540584550278j)  (#lines=0)
      r = 0.279563932: exact-C2=True #blocks=42 sizes=[3, 4, 5] max deg(O)=2 at O=(0.9988802847532151-0.0006454217054698829j)  (#lines=0)
      r = 0.279580174: exact-C2=True #blocks=42 sizes=[3, 4, 5] max deg(O)=2 at O=(0.9989673659772167-0.0005953016761319307j)  (#lines=0)
      r = 0.279580193: exact-C2=True #blocks=42 sizes=[3, 4, 5] max deg(O)=2 at O=(0.9989674678451804-0.0005952430381223554j)  (#lines=0)
      r = 0.279591149: exact-C2=True #blocks=42 sizes=[3, 4, 5] max deg(O)=2 at O=(0.9990262082780407-0.0005614275450005181j)  (#lines=0)
      r = 0.279772774: exact-C2=True #blocks=42 sizes=[3, 4, 5] max deg(O)=4 at O=(0.12638086114660946+0.38896029773030494j)  (#lines=0)
      r = 0.279772775: exact-C2=True #blocks=42 sizes=[3, 4, 5] max deg(O)=4 at O=(0.12638086182924546+0.3889602988641262j)  (#lines=0)
      r = 0.279772776: exact-C2=True #blocks=42 sizes=[3, 4, 5] max deg(O)=4 at O=(0.12638086251188163+0.3889602999979476j)  (#lines=0)
      r = 0.279772777: exact-C2=True #blocks=42 sizes=[3, 4, 5] max deg(O)=4 at O=(0.12638086319451763+0.3889603011317691j)  (#lines=0)
      r = 0.279772778: exact-C2=True #blocks=42 sizes=[3, 4, 5] max deg(O)=4 at O=(0.12638086387715408+0.38896030226559025j)  (#lines=0)
      r = 0.279772779: exact-C2=True #blocks=42 sizes=[3, 4, 5] max deg(O)=4 at O=(0.12638086455979003+0.38896030339941184j)  (#lines=0)
      r = 0.279826018: exact-C2=True #blocks=42 sizes=[3, 4, 5] max deg(O)=2 at O=(1.0002854564670547+0.00016487643753858105j)  (#lines=0)
      r = 0.279835854: exact-C2=True #blocks=42 sizes=[3, 4, 5] max deg(O)=2 at O=(1.0003381921125245+0.00019535085424567984j)  (#lines=0)
      r = 0.279836031: exact-C2=True #blocks=42 sizes=[3, 4, 5] max deg(O)=2 at O=(1.0003391410968319+0.0001958992876341245j)  (#lines=0)
      r = 0.279836063: exact-C2=True #blocks=42 sizes=[3, 4, 5] max deg(O)=2 at O=(1.0003393126640039+0.0001959984392400075j)  (#lines=0)
      r = 0.279836068: exact-C2=True #blocks=42 sizes=[3, 4, 5] max deg(O)=2 at O=(1.000339339471441+0.0001960139317212719j)  (#lines=0)
      r = 0.279836072: exact-C2=True #blocks=42 sizes=[3, 4, 5] max deg(O)=2 at O=(1.000339360917119+0.00019602632555013473j)  (#lines=0)
      r = 0.279891780: exact-C2=True #blocks=42 sizes=[3, 4, 5] max deg(O)=2 at O=(1.0006380388977147+0.000368712091722204j)  (#lines=0)
      r = 0.279891796: exact-C2=True #blocks=42 sizes=[3, 4, 5] max deg(O)=2 at O=(1.0006381246818605+0.0003687617107204006j)  (#lines=0)
      r = 0.279914494: exact-C2=True #blocks=42 sizes=[3, 4, 5] max deg(O)=2 at O=(1.0007598197738778+0.0004391646033634221j)  (#lines=0)
      r = 0.279960699: exact-C2=True #blocks=42 sizes=[3, 4, 5] max deg(O)=2 at O=(1.00100754728859+0.0005825561911845351j)  (#lines=0)
      r = 0.279973117: exact-C2=True #blocks=42 sizes=[3, 4, 5] max deg(O)=2 at O=(1.0010741262051481+0.0006211114389323778j)  (#lines=0)
      r = 0.279973555: exact-C2=True #blocks=42 sizes=[3, 4, 5] max deg(O)=2 at O=(1.0010764745351612+0.0006224714710984979j)  (#lines=0)
      r = 0.279976854: exact-C2=True #blocks=42 sizes=[3, 4, 5] max deg(O)=2 at O=(1.0010941620701839+0.0006327154799214212j)  (#lines=0)
      r = 0.279981941: exact-C2=True #blocks=42 sizes=[3, 4, 5] max deg(O)=2 at O=(1.0011214359365153+0.0006485125872215953j)  (#lines=0)
      r = 0.279981962: exact-C2=True #blocks=42 sizes=[3, 4, 5] max deg(O)=2 at O=(1.0011215485276066+0.0006485778029101492j)  (#lines=0)
      r = 0.279981966: exact-C2=True #blocks=42 sizes=[3, 4, 5] max deg(O)=2 at O=(1.0011215699738443+0.000648590225131406j)  (#lines=0)
      r = 0.279981970: exact-C2=True #blocks=42 sizes=[3, 4, 5] max deg(O)=2 at O=(1.0011215914193947+0.0006486026469548932j)  (#lines=0)
      r = 0.279981976: exact-C2=True #blocks=42 sizes=[3, 4, 5] max deg(O)=2 at O=(1.0011216235886886+0.0006486212802531502j)  (#lines=0)
      r = 0.279981978: exact-C2=True #blocks=42 sizes=[3, 4, 5] max deg(O)=2 at O=(1.0011216343112141+0.0006486274910211166j)  (#lines=0)
      r = 0.279981992: exact-C2=True #blocks=42 sizes=[3, 4, 5] max deg(O)=2 at O=(1.0011217093722027+0.0006486709683203712j)  (#lines=0)
      r = 0.279982097: exact-C2=True #blocks=42 sizes=[3, 4, 5] max deg(O)=2 at O=(1.0011222723280178+0.0006489970474406925j)  (#lines=0)
      r = 0.279983694: exact-C2=True #blocks=42 sizes=[3, 4, 5] max deg(O)=2 at O=(1.0011308346167114+0.00065395662032633j)  (#lines=0)
      r = 0.279990989: exact-C2=True #blocks=42 sizes=[3, 4, 5] max deg(O)=2 at O=(1.0011699466326445+0.0006766132102128475j)  (#lines=0)
      r = 0.279994290: exact-C2=True #blocks=42 sizes=[3, 4, 5] max deg(O)=2 at O=(1.0011876448848702+0.0006868661968079622j)  (#lines=0)
      r = 0.280000760: exact-C2=True #blocks=42 sizes=[3, 4, 5] max deg(O)=2 at O=(1.0012223336703496+0.0007069636948003764j)  (#lines=0)
      r = 0.280003252: exact-C2=True #blocks=42 sizes=[3, 4, 5] max deg(O)=2 at O=(1.0012356944808918+0.0007147050299697011j)  (#lines=0)
      r = 0.280005910: exact-C2=True #blocks=42 sizes=[3, 4, 5] max deg(O)=2 at O=(1.001249945297074+0.0007229623694231444j)  (#lines=0)
      r = 0.280006154: exact-C2=True #blocks=42 sizes=[3, 4, 5] max deg(O)=2 at O=(1.0012512534982925+0.000723720396497163j)  (#lines=0)
      r = 0.280008294: exact-C2=True #blocks=42 sizes=[3, 4, 5] max deg(O)=2 at O=(1.0012627270664305+0.000730368789623158j)  (#lines=0)
      r = 0.280009052: exact-C2=True #blocks=42 sizes=[3, 4, 5] max deg(O)=2 at O=(1.0012667910684023+0.0007327237405256269j)  (#lines=0)
      r = 0.280014707: exact-C2=True #blocks=42 sizes=[3, 4, 5] max deg(O)=2 at O=(1.0012971102376873+0.0007502935410448027j)  (#lines=0)
      r = 0.280021958: exact-C2=True #blocks=42 sizes=[3, 4, 5] max deg(O)=2 at O=(1.0013359863229243+0.0007728242832475601j)  (#lines=0)
      r = 0.280025022: exact-C2=True #blocks=42 sizes=[3, 4, 5] max deg(O)=2 at O=(1.0013524138933592+0.0007823456880337054j)  (#lines=0)
      r = 0.280028154: exact-C2=True #blocks=42 sizes=[3, 4, 5] max deg(O)=2 at O=(1.0013692060431187+0.0007920788700270428j)  (#lines=0)
      r = 0.280032254: exact-C2=True #blocks=42 sizes=[3, 4, 5] max deg(O)=2 at O=(1.0013911881015714+0.0008048209769348565j)  (#lines=0)
      r = 0.280032461: exact-C2=True #blocks=42 sizes=[3, 4, 5] max deg(O)=2 at O=(1.0013922979277876+0.0008054643196117846j)  (#lines=0)
      r = 0.280032473: exact-C2=True #blocks=42 sizes=[3, 4, 5] max deg(O)=2 at O=(1.0013923622652248+0.0008055016147202854j)  (#lines=0)
      r = 0.280034530: exact-C2=True #blocks=42 sizes=[3, 4, 5] max deg(O)=2 at O=(1.0014033908241795+0.000811894749378432j)  (#lines=0)
      r = 0.280035627: exact-C2=True #blocks=42 sizes=[3, 4, 5] max deg(O)=2 at O=(1.0014092723646786+0.0008153042972309048j)  (#lines=0)
      r = 0.280037312: exact-C2=True #blocks=42 sizes=[3, 4, 5] max deg(O)=2 at O=(1.0014183064532338+0.0008205415001936772j)  (#lines=0)
      r = 0.280037805: exact-C2=True #blocks=42 sizes=[3, 4, 5] max deg(O)=2 at O=(1.001420949661252+0.0008220738352416272j)  (#lines=0)
      r = 0.280038976: exact-C2=True #blocks=42 sizes=[3, 4, 5] max deg(O)=2 at O=(1.0014272279505483+0.0008257135664788098j)  (#lines=0)
      r = 0.280039348: exact-C2=True #blocks=42 sizes=[3, 4, 5] max deg(O)=2 at O=(1.001429222419685+0.0008268698398012372j)  (#lines=0)
      r = 0.280043384: exact-C2=True #blocks=42 sizes=[3, 4, 5] max deg(O)=2 at O=(1.0014508613380382+0.0008394152125449412j)  (#lines=0)
      r = 0.280043589: exact-C2=True #blocks=42 sizes=[3, 4, 5] max deg(O)=2 at O=(1.0014519604406742+0.0008400524488990552j)  (#lines=0)
      r = 0.280045745: exact-C2=True #blocks=42 sizes=[3, 4, 5] max deg(O)=2 at O=(1.0014635197828188+0.0008467544324775774j)  (#lines=0)
      r = 0.280045797: exact-C2=True #blocks=42 sizes=[3, 4, 5] max deg(O)=2 at O=(1.0014637985792785+0.0008469160784639085j)  (#lines=0)
      r = 0.280047312: exact-C2=True #blocks=42 sizes=[3, 4, 5] max deg(O)=2 at O=(1.0014719212150338+0.0008516256340193381j)  (#lines=0)
      r = 0.280051298: exact-C2=True #blocks=42 sizes=[3, 4, 5] max deg(O)=2 at O=(1.001493292055148+0.0008640171104399529j)  (#lines=0)
      r = 0.280052982: exact-C2=True #blocks=42 sizes=[3, 4, 5] max deg(O)=2 at O=(1.0015023207790732+0.0008692524748426691j)  (#lines=0)
      r = 0.280058823: exact-C2=True #blocks=42 sizes=[3, 4, 5] max deg(O)=2 at O=(1.0015336371510155+0.0008874125361341985j)  (#lines=0)
      r = 0.280058950: exact-C2=True #blocks=42 sizes=[3, 4, 5] max deg(O)=2 at O=(1.0015343180581986+0.0008878074058870141j)  (#lines=0)
      r = 0.280061283: exact-C2=True #blocks=42 sizes=[3, 4, 5] max deg(O)=2 at O=(1.0015468263764382+0.0008950613324311844j)  (#lines=0)
      r = 0.280068908: exact-C2=True #blocks=42 sizes=[3, 4, 5] max deg(O)=2 at O=(1.0015877076086228+0.0009187713415678008j)  (#lines=0)
      r = 0.280068921: exact-C2=True #blocks=42 sizes=[3, 4, 5] max deg(O)=2 at O=(1.0015877773074677+0.0009188117674052642j)  (#lines=0)
      r = 0.280070582: exact-C2=True #blocks=42 sizes=[3, 4, 5] max deg(O)=2 at O=(1.001596682713633+0.0009239770348605124j)  (#lines=0)
      r = 0.280072136: exact-C2=True #blocks=42 sizes=[3, 4, 5] max deg(O)=2 at O=(1.0016050144411859+0.0009288096806180477j)  (#lines=0)
      r = 0.280073425: exact-C2=True #blocks=42 sizes=[3, 4, 5] max deg(O)=2 at O=(1.001611925378578+0.0009328183148212112j)  (#lines=0)
      r = 0.280077589: exact-C2=True #blocks=42 sizes=[3, 4, 5] max deg(O)=2 at O=(1.0016342505462341+0.0009457683977370337j)  (#lines=0)
      r = 0.280082417: exact-C2=True #blocks=42 sizes=[3, 4, 5] max deg(O)=2 at O=(1.0016601357277408+0.0009607845718403629j)  (#lines=0)
      r = 0.280094554: exact-C2=True #blocks=42 sizes=[3, 4, 5] max deg(O)=2 at O=(1.001725207884581+0.0009985383459551662j)  (#lines=0)
      r = 0.280094950: exact-C2=True #blocks=42 sizes=[3, 4, 5] max deg(O)=2 at O=(1.0017273310260912+0.0009997702766806553j)  (#lines=0)
      r = 0.280095592: exact-C2=True #blocks=42 sizes=[3, 4, 5] max deg(O)=2 at O=(1.0017307730892173+0.0010017675139866564j)  (#lines=0)
      r = 0.280100432: exact-C2=True #blocks=42 sizes=[3, 4, 5] max deg(O)=2 at O=(1.0017567225948074+0.0010168252047454305j)  (#lines=0)
      r = 0.280102191: exact-C2=True #blocks=42 sizes=[3, 4, 5] max deg(O)=2 at O=(1.0017661534164861+0.0010222978969718906j)  (#lines=0)
      r = 0.280103807: exact-C2=True #blocks=42 sizes=[3, 4, 5] max deg(O)=2 at O=(1.001774817547658+0.0010273258112816705j)  (#lines=0)
      r = 0.280107271: exact-C2=True #blocks=42 sizes=[3, 4, 5] max deg(O)=2 at O=(1.0017933896692228+0.0010381038927157523j)  (#lines=0)
      r = 0.280107491: exact-C2=True #blocks=42 sizes=[3, 4, 5] max deg(O)=2 at O=(1.0017945691919654+0.0010387884324445274j)  (#lines=0)
      r = 0.280110820: exact-C2=True #blocks=42 sizes=[3, 4, 5] max deg(O)=2 at O=(1.0018124175134682+0.0010491470467305936j)  (#lines=0)
      r = 0.280111974: exact-C2=True #blocks=42 sizes=[3, 4, 5] max deg(O)=2 at O=(1.0018186046451216+0.0010527379914866066j)  (#lines=0)
      r = 0.280114240: exact-C2=True #blocks=42 sizes=[3, 4, 5] max deg(O)=2 at O=(1.0018307537265025+0.0010597893746741717j)  (#lines=0)
      r = 0.280118331: exact-C2=True #blocks=42 sizes=[3, 4, 5] max deg(O)=2 at O=(1.0018526874805553+0.0010725204543045553j)  (#lines=0)
      r = 0.280119733: exact-C2=True #blocks=42 sizes=[3, 4, 5] max deg(O)=2 at O=(1.0018602042541516+0.0010768836251427733j)  (#lines=0)
      r = 0.280123891: exact-C2=True #blocks=42 sizes=[3, 4, 5] max deg(O)=2 at O=(1.0018824972224605+0.0010898243128160464j)  (#lines=0)
      r = 0.280124852: exact-C2=True #blocks=42 sizes=[3, 4, 5] max deg(O)=2 at O=(1.00188764958914+0.0010928152923698827j)  (#lines=0)
      r = 0.280126442: exact-C2=True #blocks=42 sizes=[3, 4, 5] max deg(O)=2 at O=(1.0018961743162547+0.0010977640450564566j)  (#lines=0)
      r = 0.280126665: exact-C2=True #blocks=42 sizes=[3, 4, 5] max deg(O)=2 at O=(1.001897369922629+0.0010984581251470265j)  (#lines=0)
      r = 0.280127132: exact-C2=True #blocks=42 sizes=[3, 4, 5] max deg(O)=2 at O=(1.0018998737262297+0.0010999116549687041j)  (#lines=0)
      r = 0.280127270: exact-C2=True #blocks=42 sizes=[3, 4, 5] max deg(O)=2 at O=(1.001900613607979+0.0011003411795638724j)  (#lines=0)
      r = 0.280127805: exact-C2=True #blocks=42 sizes=[3, 4, 5] max deg(O)=2 at O=(1.0019034819910673+0.001102006374725563j)  (#lines=0)
      r = 0.280127849: exact-C2=True #blocks=42 sizes=[3, 4, 5] max deg(O)=2 at O=(1.001903717895379+0.0011021433259167785j)  (#lines=0)
      r = 0.280127864: exact-C2=True #blocks=42 sizes=[3, 4, 5] max deg(O)=2 at O=(1.0019037983170405+0.0011021900136911121j)  (#lines=0)
      r = 0.280127946: exact-C2=True #blocks=42 sizes=[3, 4, 5] max deg(O)=2 at O=(1.0019042379572136+0.001102445241405092j)  (#lines=0)
      r = 0.280128370: exact-C2=True #blocks=42 sizes=[3, 4, 5] max deg(O)=2 at O=(1.0019065112175156+0.0011037649599838877j)  (#lines=0)
      r = 0.280128424: exact-C2=True #blocks=42 sizes=[3, 4, 5] max deg(O)=2 at O=(1.0019068007366851+0.0011039330380705403j)  (#lines=0)
      r = 0.280129016: exact-C2=True #blocks=42 sizes=[3, 4, 5] max deg(O)=2 at O=(1.001909974722731+0.0011057756800355889j)  (#lines=0)
      r = 0.280129330: exact-C2=True #blocks=42 sizes=[3, 4, 5] max deg(O)=2 at O=(1.0019116582222327+0.0011067530342396413j)  (#lines=0)
      r = 0.280129381: exact-C2=True #blocks=42 sizes=[3, 4, 5] max deg(O)=2 at O=(1.0019119316567056+0.001106911776839089j)  (#lines=0)
      r = 0.280129698: exact-C2=True #blocks=42 sizes=[3, 4, 5] max deg(O)=2 at O=(1.0019136312404338+0.0011078984743304533j)  (#lines=0)
      r = 0.280129746: exact-C2=True #blocks=42 sizes=[3, 4, 5] max deg(O)=2 at O=(1.0019138885906744+0.001108047880064803j)  (#lines=0)
      r = 0.280135664: exact-C2=True #blocks=42 sizes=[3, 4, 5] max deg(O)=2 at O=(1.0019456177250836+0.0011264692102166125j)  (#lines=0)
      r = 0.280137020: exact-C2=True #blocks=42 sizes=[3, 4, 5] max deg(O)=2 at O=(1.001952887867222+0.001130690353927947j)  (#lines=0)
      r = 0.280139508: exact-C2=True #blocks=42 sizes=[3, 4, 5] max deg(O)=2 at O=(1.0019662271831085+0.001138435573376651j)  (#lines=0)
      r = 0.280142151: exact-C2=True #blocks=42 sizes=[3, 4, 5] max deg(O)=2 at O=(1.0019803975243176+0.001146663638909505j)  (#lines=0)
      r = 0.280148932: exact-C2=True #blocks=42 sizes=[3, 4, 5] max deg(O)=2 at O=(1.002016753585375+0.0011677754731095236j)  (#lines=0)
      r = 0.280148972: exact-C2=True #blocks=42 sizes=[3, 4, 5] max deg(O)=2 at O=(1.0020169680437176+0.0011679000148807658j)  (#lines=0)
      r = 0.280152794: exact-C2=True #blocks=42 sizes=[3, 4, 5] max deg(O)=2 at O=(1.0020374595407187+0.0011798003385250872j)  (#lines=0)
      r = 0.280154094: exact-C2=True #blocks=42 sizes=[3, 4, 5] max deg(O)=2 at O=(1.0020444294368167+0.0011838482277865777j)  (#lines=0)
      r = 0.280155363: exact-C2=True #blocks=42 sizes=[3, 4, 5] max deg(O)=2 at O=(1.002051233127495+0.0011877996689804954j)  (#lines=0)
      r = 0.280161469: exact-C2=True #blocks=42 sizes=[3, 4, 5] max deg(O)=2 at O=(1.0020839701883193+0.0012068137552847602j)  (#lines=0)
      r = 0.280162645: exact-C2=True #blocks=42 sizes=[3, 4, 5] max deg(O)=2 at O=(1.0020902752619252+0.0012104760259323457j)  (#lines=0)
      r = 0.280166469: exact-C2=True #blocks=42 sizes=[3, 4, 5] max deg(O)=2 at O=(1.0021107774718345+0.0012223850938778455j)  (#lines=0)
      r = 0.280175884: exact-C2=True #blocks=42 sizes=[3, 4, 5] max deg(O)=2 at O=(1.002161255573445+0.0012517091911910683j)  (#lines=0)
      r = 0.280184864: exact-C2=True #blocks=42 sizes=[3, 4, 5] max deg(O)=2 at O=(1.0022094014258567+0.0012796824075808656j)  (#lines=0)
      r = 0.280185338: exact-C2=True #blocks=42 sizes=[3, 4, 5] max deg(O)=2 at O=(1.0022119427544256+0.0012811590527485092j)  (#lines=0)
      r = 0.280193148: exact-C2=True #blocks=42 sizes=[3, 4, 5] max deg(O)=2 at O=(1.0022538156925298+0.0013054909869875293j)  (#lines=0)
      r = 0.280196740: exact-C2=True #blocks=42 sizes=[3, 4, 5] max deg(O)=2 at O=(1.0022730740228065+0.0013166827933383995j)  (#lines=0)
      r = 0.280196829: exact-C2=True #blocks=42 sizes=[3, 4, 5] max deg(O)=2 at O=(1.0022735511919187+0.001316960103806203j)  (#lines=0)
      r = 0.280202720: exact-C2=True #blocks=42 sizes=[3, 4, 5] max deg(O)=2 at O=(1.0023051354912613+0.0013353164104541611j)  (#lines=0)
      r = 0.280207253: exact-C2=True #blocks=42 sizes=[3, 4, 5] max deg(O)=2 at O=(1.0023294389372794+0.00134944233821122j)  (#lines=0)
      r = 0.280215709: exact-C2=True #blocks=42 sizes=[3, 4, 5] max deg(O)=2 at O=(1.0023747753341494+0.0013757959303314048j)  (#lines=0)
      r = 0.280216386: exact-C2=True #blocks=42 sizes=[3, 4, 5] max deg(O)=2 at O=(1.0023784050332605+0.001377905987228656j)  (#lines=0)
      r = 0.280218616: exact-C2=True #blocks=42 sizes=[3, 4, 5] max deg(O)=2 at O=(1.002390361057366+0.0013848565521126246j)  (#lines=0)
      r = 0.280226685: exact-C2=True #blocks=42 sizes=[3, 4, 5] max deg(O)=2 at O=(1.0024336225545931+0.0014100083775543532j)  (#lines=0)
      r = 0.280229944: exact-C2=True #blocks=42 sizes=[3, 4, 5] max deg(O)=2 at O=(1.0024510954988657+0.0014201678735003883j)  (#lines=0)
      r = 0.280257200: exact-C2=True #blocks=42 sizes=[3, 4, 5] max deg(O)=2 at O=(1.0025972269077064+0.0015051548319934057j)  (#lines=0)
      r = 0.280285331: exact-C2=True #blocks=42 sizes=[3, 4, 5] max deg(O)=2 at O=(1.0027480493930252+0.0015929076563128606j)  (#lines=0)
      r = 0.280314968: exact-C2=True #blocks=42 sizes=[3, 4, 5] max deg(O)=2 at O=(1.0029069459838105+0.00168539959371897j)  (#lines=0)
      r = 0.280324465: exact-C2=True #blocks=42 sizes=[3, 4, 5] max deg(O)=2 at O=(1.0029578634009115+0.0017150470383698107j)  (#lines=0)
      r = 0.280324501: exact-C2=True #blocks=42 sizes=[3, 4, 5] max deg(O)=2 at O=(1.0029580564121305+0.0017151594303992873j)  (#lines=0)
      r = 0.280324564: exact-C2=True #blocks=42 sizes=[3, 4, 5] max deg(O)=2 at O=(1.0029583941815312+0.001715356116466353j)  (#lines=0)
      r = 0.280364326: exact-C2=True #blocks=42 sizes=[3, 4, 5] max deg(O)=2 at O=(1.003171574742299+0.001839531302839636j)  (#lines=0)
      r = 0.280364581: exact-C2=True #blocks=42 sizes=[3, 4, 5] max deg(O)=2 at O=(1.0031729419015665+0.0018403279039091562j)  (#lines=0)
      r = 0.280494755: exact-C2=True #blocks=42 sizes=[3, 4, 5] max deg(O)=2 at O=(1.0038708553088183+0.0022473911560808306j)  (#lines=0)
      r = 0.322062370: exact-C2=True #blocks=42 sizes=[3, 4, 5] max deg(O)=3 at O=(1.2285014098333367+0.8925584941169655j)  (#lines=0)
      r = 0.322062373: exact-C2=True #blocks=42 sizes=[3, 4, 5] max deg(O)=3 at O=(1.228501401205363+0.8925585134287565j)  (#lines=0)
      r = 0.322062374: exact-C2=True #blocks=42 sizes=[3, 4, 5] max deg(O)=3 at O=(1.2285013983293716+0.8925585198660206j)  (#lines=0)
      r = 0.322062375: exact-C2=True #blocks=42 sizes=[3, 4, 5] max deg(O)=3 at O=(1.22850139545338+0.8925585263032842j)  (#lines=0)
      r = 0.380914420: exact-C2=True #blocks=42 sizes=[3, 4, 5] max deg(O)=2 at O=(1.4253075477673072+0.5793259290532018j)  (#lines=0)
      r = 0.381056042: exact-C2=True #blocks=42 sizes=[3, 4, 5] max deg(O)=2 at O=(1.4255472183848108+0.5804635459194359j)  (#lines=0)
      r = 0.381082277: exact-C2=True #blocks=42 sizes=[3, 4, 5] max deg(O)=2 at O=(1.4255914503236615+0.5806743421140899j)  (#lines=0)
      r = 0.381087899: exact-C2=True #blocks=42 sizes=[3, 4, 5] max deg(O)=2 at O=(1.425600922193778+0.5807195167412493j)  (#lines=0)
      r = 0.381096409: exact-C2=True #blocks=42 sizes=[3, 4, 5] max deg(O)=2 at O=(1.4256152551852876+0.5807878989408265j)  (#lines=0)
      r = 0.381124873: exact-C2=True #blocks=42 sizes=[3, 4, 5] max deg(O)=2 at O=(1.4256631560042865+0.5810166351842782j)  (#lines=0)
      r = 0.381152016: exact-C2=True #blocks=42 sizes=[3, 4, 5] max deg(O)=2 at O=(1.4257087767491345+0.5812347751735715j)  (#lines=0)
      r = 0.381155993: exact-C2=True #blocks=42 sizes=[3, 4, 5] max deg(O)=2 at O=(1.4257154564371706+0.581266738685946j)  (#lines=0)
      r = 0.381158382: exact-C2=True #blocks=42 sizes=[3, 4, 5] max deg(O)=2 at O=(1.4257194683781313+0.5812859394912622j)  (#lines=0)
      r = 0.381168204: exact-C2=True #blocks=42 sizes=[3, 4, 5] max deg(O)=2 at O=(1.4257359583139042+0.5813648821303221j)  (#lines=0)
      r = 0.381171088: exact-C2=True #blocks=42 sizes=[3, 4, 5] max deg(O)=2 at O=(1.4257407988121114+0.581388062252618j)  (#lines=0)
      r = 0.381176079: exact-C2=True #blocks=42 sizes=[3, 4, 5] max deg(O)=2 at O=(1.425749174208344+0.5814281778683121j)  (#lines=0)
      r = 0.381205350: exact-C2=True #blocks=42 sizes=[3, 4, 5] max deg(O)=2 at O=(1.4257982559642104+0.581663458969518j)  (#lines=0)
      r = 0.381207237: exact-C2=True #blocks=42 sizes=[3, 4, 5] max deg(O)=2 at O=(1.4258014178726661+0.5816786274762336j)  (#lines=0)
      r = 0.381217723: exact-C2=True #blocks=42 sizes=[3, 4, 5] max deg(O)=2 at O=(1.4258189835945012+0.5817629200455452j)  (#lines=0)
      r = 0.381225637: exact-C2=True #blocks=42 sizes=[3, 4, 5] max deg(O)=2 at O=(1.425832235301323+0.5818265392357013j)  (#lines=0)
      r = 0.381229351: exact-C2=True #blocks=42 sizes=[3, 4, 5] max deg(O)=2 at O=(1.4258384526273107+0.5818563959479836j)  (#lines=0)
      r = 0.381236175: exact-C2=True #blocks=42 sizes=[3, 4, 5] max deg(O)=2 at O=(1.42584987344984+0.5819112547530643j)  (#lines=0)
      r = 0.381255295: exact-C2=True #blocks=42 sizes=[3, 4, 5] max deg(O)=2 at O=(1.4258818544194485+0.5820649686154555j)  (#lines=0)
      r = 0.381257049: exact-C2=True #blocks=42 sizes=[3, 4, 5] max deg(O)=2 at O=(1.4258847868540736+0.5820790702374758j)  (#lines=0)
      r = 0.381258634: exact-C2=True #blocks=42 sizes=[3, 4, 5] max deg(O)=2 at O=(1.425887436544982+0.5820918132185811j)  (#lines=0)
      r = 0.381259809: exact-C2=True #blocks=42 sizes=[3, 4, 5] max deg(O)=2 at O=(1.4258894007042502+0.5821012599492539j)  (#lines=0)
      r = 0.381270579: exact-C2=True #blocks=42 sizes=[3, 4, 5] max deg(O)=2 at O=(1.425907399239486+0.5821878499149997j)  (#lines=0)
      r = 0.381275535: exact-C2=True #blocks=42 sizes=[3, 4, 5] max deg(O)=2 at O=(1.4259156786263227+0.5822276967610407j)  (#lines=0)
      r = 0.381278752: exact-C2=True #blocks=42 sizes=[3, 4, 5] max deg(O)=2 at O=(1.4259210518828378+0.5822535621683049j)  (#lines=0)
      r = 0.381278976: exact-C2=True #blocks=42 sizes=[3, 4, 5] max deg(O)=2 at O=(1.425921425994022+0.5822553631887308j)  (#lines=0)
      r = 0.381280045: exact-C2=True #blocks=42 sizes=[3, 4, 5] max deg(O)=2 at O=(1.425923211320564+0.582263958254652j)  (#lines=0)
      r = 0.381286435: exact-C2=True #blocks=42 sizes=[3, 4, 5] max deg(O)=2 at O=(1.4259338813949476+0.5823153362883959j)  (#lines=0)
      r = 0.381290890: exact-C2=True #blocks=42 sizes=[3, 4, 5] max deg(O)=2 at O=(1.4259413185630714+0.5823511567984151j)  (#lines=0)
      r = 0.381290983: exact-C2=True #blocks=42 sizes=[3, 4, 5] max deg(O)=2 at O=(1.4259414738010885+0.5823519045720071j)  (#lines=0)
      r = 0.381290992: exact-C2=True #blocks=42 sizes=[3, 4, 5] max deg(O)=2 at O=(1.4259414888240873+0.5823519769372043j)  (#lines=0)
      r = 0.381291375: exact-C2=True #blocks=42 sizes=[3, 4, 5] max deg(O)=2 at O=(1.4259421281304834+0.582355056480307j)  (#lines=0)
      r = 0.381291582: exact-C2=True #blocks=42 sizes=[3, 4, 5] max deg(O)=2 at O=(1.4259424736517747+0.5823567208824367j)  (#lines=0)
      r = 0.381291588: exact-C2=True #blocks=42 sizes=[3, 4, 5] max deg(O)=2 at O=(1.4259424836668357+0.5823567691259905j)  (#lines=0)
      r = 0.381291737: exact-C2=True #blocks=42 sizes=[3, 4, 5] max deg(O)=2 at O=(1.4259427323733245+0.5823579671745981j)  (#lines=0)
      r = 0.381291788: exact-C2=True #blocks=42 sizes=[3, 4, 5] max deg(O)=2 at O=(1.425942817500663+0.5823583772450556j)  (#lines=0)
      r = 0.381291790: exact-C2=True #blocks=42 sizes=[3, 4, 5] max deg(O)=2 at O=(1.4259428208389857+0.5823583933262493j)  (#lines=0)
      r = 0.381291796: exact-C2=True #blocks=42 sizes=[3, 4, 5] max deg(O)=2 at O=(1.425942830853953+0.5823584415698388j)  (#lines=0)
      r = 0.381291802: exact-C2=True #blocks=42 sizes=[3, 4, 5] max deg(O)=2 at O=(1.4259428408689174+0.5823584898134275j)  (#lines=0)
      r = 0.381291850: exact-C2=True #blocks=42 sizes=[3, 4, 5] max deg(O)=2 at O=(1.4259429209885344+0.5823588757621692j)  (#lines=0)
      r = 0.381292635: exact-C2=True #blocks=42 sizes=[3, 4, 5] max deg(O)=2 at O=(1.425944231253376+0.5823651876405403j)  (#lines=0)
      r = 0.381292649: exact-C2=True #blocks=42 sizes=[3, 4, 5] max deg(O)=2 at O=(1.4259442546207335+0.5823653002092133j)  (#lines=0)
      r = 0.381293412: exact-C2=True #blocks=42 sizes=[3, 4, 5] max deg(O)=2 at O=(1.4259455281192932+0.5823714352094361j)  (#lines=0)
      r = 0.381293977: exact-C2=True #blocks=42 sizes=[3, 4, 5] max deg(O)=2 at O=(1.4259464711140923+0.5823759781745618j)  (#lines=0)
      r = 0.381296066: exact-C2=True #blocks=42 sizes=[3, 4, 5] max deg(O)=2 at O=(1.4259499574816101+0.582392775154901j)  (#lines=0)
      r = 0.381297104: exact-C2=True #blocks=42 sizes=[3, 4, 5] max deg(O)=2 at O=(1.4259516896946338+0.5824011214218359j)  (#lines=0)
      r = 0.381297459: exact-C2=True #blocks=42 sizes=[3, 4, 5] max deg(O)=2 at O=(1.4259522820994577+0.5824039758835651j)  (#lines=0)
      r = 0.381298289: exact-C2=True #blocks=42 sizes=[3, 4, 5] max deg(O)=2 at O=(1.425953667121419+0.5824106497079702j)  (#lines=0)
      r = 0.381300114: exact-C2=True #blocks=42 sizes=[3, 4, 5] max deg(O)=2 at O=(1.4259567123177492+0.5824253241423847j)  (#lines=0)
      r = 0.381302203: exact-C2=True #blocks=42 sizes=[3, 4, 5] max deg(O)=2 at O=(1.425960197715386+0.5824421214480182j)  (#lines=0)
      r = 0.381306708: exact-C2=True #blocks=42 sizes=[3, 4, 5] max deg(O)=2 at O=(1.4259677129709778+0.58247834578934j)  (#lines=0)
      r = 0.381314837: exact-C2=True #blocks=42 sizes=[3, 4, 5] max deg(O)=2 at O=(1.4259812699100025+0.5825437117245522j)  (#lines=0)
      r = 0.381315569: exact-C2=True #blocks=42 sizes=[3, 4, 5] max deg(O)=2 at O=(1.425982490439551+0.5825495978769851j)  (#lines=0)
      r = 0.381315989: exact-C2=True #blocks=42 sizes=[3, 4, 5] max deg(O)=2 at O=(1.4259831907250864+0.5825529751836964j)  (#lines=0)
      r = 0.381316339: exact-C2=True #blocks=42 sizes=[3, 4, 5] max deg(O)=2 at O=(1.4259837742861707+0.582555789609372j)  (#lines=0)
      r = 0.381318301: exact-C2=True #blocks=42 sizes=[3, 4, 5] max deg(O)=2 at O=(1.4259870453912664+0.5825715665330925j)  (#lines=0)
      r = 0.381318437: exact-C2=True #blocks=42 sizes=[3, 4, 5] max deg(O)=2 at O=(1.42598727212374+0.5825726601461005j)  (#lines=0)
      r = 0.381323242: exact-C2=True #blocks=42 sizes=[3, 4, 5] max deg(O)=2 at O=(1.425995281883916+0.5826112987595871j)  (#lines=0)
      r = 0.381334700: exact-C2=True #blocks=42 sizes=[3, 4, 5] max deg(O)=2 at O=(1.4260143749030305+0.5827034387346925j)  (#lines=0)
      r = 0.381337160: exact-C2=True #blocks=42 sizes=[3, 4, 5] max deg(O)=2 at O=(1.4260184728244896+0.5827232213589871j)  (#lines=0)
      r = 0.381342282: exact-C2=True #blocks=42 sizes=[3, 4, 5] max deg(O)=2 at O=(1.4260270036939897+0.5827644115263606j)  (#lines=0)
      r = 0.381351725: exact-C2=True #blocks=42 sizes=[3, 4, 5] max deg(O)=2 at O=(1.4260427261353366+0.5828403521104566j)  (#lines=0)
      r = 0.381351985: exact-C2=True #blocks=42 sizes=[3, 4, 5] max deg(O)=2 at O=(1.4260431589356433+0.5828424430617944j)  (#lines=0)
      r = 0.381353651: exact-C2=True #blocks=42 sizes=[3, 4, 5] max deg(O)=2 at O=(1.4260459320654206+0.5828558412752243j)  (#lines=0)
      r = 0.381357049: exact-C2=True #blocks=42 sizes=[3, 4, 5] max deg(O)=2 at O=(1.4260515875336996+0.582883168701466j)  (#lines=0)
      r = 0.381359673: exact-C2=True #blocks=42 sizes=[3, 4, 5] max deg(O)=2 at O=(1.4260559541955151+0.5829042716579358j)  (#lines=0)
      r = 0.381360619: exact-C2=True #blocks=42 sizes=[3, 4, 5] max deg(O)=2 at O=(1.4260575283291739+0.5829118797025155j)  (#lines=0)
      r = 0.381360661: exact-C2=True #blocks=42 sizes=[3, 4, 5] max deg(O)=2 at O=(1.4260575982151444+0.582912217480918j)  (#lines=0)
      r = 0.381361592: exact-C2=True #blocks=42 sizes=[3, 4, 5] max deg(O)=2 at O=(1.4260591473198767+0.5829197049136462j)  (#lines=0)
      r = 0.381361805: exact-C2=True #blocks=42 sizes=[3, 4, 5] max deg(O)=2 at O=(1.4260595017245197+0.5829214179383939j)  (#lines=0)
      r = 0.381365094: exact-C2=True #blocks=42 sizes=[3, 4, 5] max deg(O)=2 at O=(1.4260649737622053+0.5829478694381445j)  (#lines=0)
      r = 0.381373280: exact-C2=True #blocks=42 sizes=[3, 4, 5] max deg(O)=2 at O=(1.4260785895749981+0.583013705827883j)  (#lines=0)
      r = 0.381374871: exact-C2=True #blocks=42 sizes=[3, 4, 5] max deg(O)=2 at O=(1.4260812353041707+0.5830265017363683j)  (#lines=0)
      r = 0.381375639: exact-C2=True #blocks=42 sizes=[3, 4, 5] max deg(O)=2 at O=(1.4260825123694838+0.5830326785397468j)  (#lines=0)
      r = 0.381375672: exact-C2=True #blocks=42 sizes=[3, 4, 5] max deg(O)=2 at O=(1.4260825672423838+0.5830329439496014j)  (#lines=0)
      r = 0.381381972: exact-C2=True #blocks=42 sizes=[3, 4, 5] max deg(O)=2 at O=(1.426093041467733+0.5830836136082138j)  (#lines=0)
      r = 0.381385368: exact-C2=True #blocks=42 sizes=[3, 4, 5] max deg(O)=2 at O=(1.4260986863276952+0.5831109273834181j)  (#lines=0)
      r = 0.381391768: exact-C2=True #blocks=42 sizes=[3, 4, 5] max deg(O)=2 at O=(1.4261093220888936+0.5831624028996096j)  (#lines=0)
      r = 0.381400067: exact-C2=True #blocks=42 sizes=[3, 4, 5] max deg(O)=2 at O=(1.4261231090624094+0.5832291537084523j)  (#lines=0)
      r = 0.381404081: exact-C2=True #blocks=42 sizes=[3, 4, 5] max deg(O)=2 at O=(1.4261297755746545+0.583261439879037j)  (#lines=0)
      r = 0.381405457: exact-C2=True #blocks=42 sizes=[3, 4, 5] max deg(O)=2 at O=(1.4261320605756247+0.5832725076784491j)  (#lines=0)
      r = 0.381409856: exact-C2=True #blocks=42 sizes=[3, 4, 5] max deg(O)=2 at O=(1.426139364642464+0.583307891174952j)  (#lines=0)
      r = 0.381427126: exact-C2=True #blocks=42 sizes=[3, 4, 5] max deg(O)=2 at O=(1.4261680254545246+0.5834468076954098j)  (#lines=0)
      r = 0.381432921: exact-C2=True #blocks=42 sizes=[3, 4, 5] max deg(O)=2 at O=(1.4261776376149946+0.5834934232354099j)  (#lines=0)
      r = 0.381433381: exact-C2=True #blocks=42 sizes=[3, 4, 5] max deg(O)=2 at O=(1.4261784005075746+0.5834971235561748j)  (#lines=0)
      r = 0.381434125: exact-C2=True #blocks=42 sizes=[3, 4, 5] max deg(O)=2 at O=(1.4261796343694817+0.5835031084341028j)  (#lines=0)
      r = 0.381438518: exact-C2=True #blocks=42 sizes=[3, 4, 5] max deg(O)=2 at O=(1.426186918938888+0.5835384468488733j)  (#lines=0)
      r = 0.381441909: exact-C2=True #blocks=42 sizes=[3, 4, 5] max deg(O)=2 at O=(1.426192540970361+0.5835657252525605j)  (#lines=0)
      r = 0.381446061: exact-C2=True #blocks=42 sizes=[3, 4, 5] max deg(O)=2 at O=(1.4261994234986164+0.5835991258045379j)  (#lines=0)
      r = 0.381447331: exact-C2=True #blocks=42 sizes=[3, 4, 5] max deg(O)=2 at O=(1.426201528442805+0.5836093423415368j)  (#lines=0)
      r = 0.381453570: exact-C2=True #blocks=42 sizes=[3, 4, 5] max deg(O)=2 at O=(1.426211867414275+0.5836595326759006j)  (#lines=0)
      r = 0.381453574: exact-C2=True #blocks=42 sizes=[3, 4, 5] max deg(O)=2 at O=(1.4262118740419372+0.5836595648546632j)  (#lines=0)
      r = 0.381454909: exact-C2=True #blocks=42 sizes=[3, 4, 5] max deg(O)=2 at O=(1.4262140859565873+0.5836703045393352j)  (#lines=0)
      r = 0.381454966: exact-C2=True #blocks=42 sizes=[3, 4, 5] max deg(O)=2 at O=(1.426214180394882+0.5836707630886699j)  (#lines=0)
      r = 0.381455120: exact-C2=True #blocks=42 sizes=[3, 4, 5] max deg(O)=2 at O=(1.4262144355427289+0.5836720019767543j)  (#lines=0)
      r = 0.381455427: exact-C2=True #blocks=42 sizes=[3, 4, 5] max deg(O)=2 at O=(1.4262149441762597+0.5836744717099833j)  (#lines=0)
      r = 0.381458139: exact-C2=True #blocks=42 sizes=[3, 4, 5] max deg(O)=2 at O=(1.426219437071855+0.5836962891308393j)  (#lines=0)
      r = 0.381458962: exact-C2=True #blocks=42 sizes=[3, 4, 5] max deg(O)=2 at O=(1.4262208004030805+0.5837029100146288j)  (#lines=0)
      r = 0.381459713: exact-C2=True #blocks=42 sizes=[3, 4, 5] max deg(O)=2 at O=(1.4262220444187643+0.5837089516865449j)  (#lines=0)
      r = 0.381461215: exact-C2=True #blocks=42 sizes=[3, 4, 5] max deg(O)=2 at O=(1.4262245323219793+0.5837210350730349j)  (#lines=0)
      r = 0.381461522: exact-C2=True #blocks=42 sizes=[3, 4, 5] max deg(O)=2 at O=(1.4262250408137884+0.5837235048534384j)  (#lines=0)
      r = 0.381461826: exact-C2=True #blocks=42 sizes=[3, 4, 5] max deg(O)=2 at O=(1.426225544329588+0.583725950501522j)  (#lines=0)
      r = 0.381464095: exact-C2=True #blocks=42 sizes=[3, 4, 5] max deg(O)=2 at O=(1.426229302257665+0.5837442044418852j)  (#lines=0)
      r = 0.381466561: exact-C2=True #blocks=42 sizes=[3, 4, 5] max deg(O)=2 at O=(1.4262333860158272+0.5837640433801135j)  (#lines=0)
      r = 0.381468053: exact-C2=True #blocks=42 sizes=[3, 4, 5] max deg(O)=2 at O=(1.4262358565817899+0.5837760465753101j)  (#lines=0)
      r = 0.381468448: exact-C2=True #blocks=42 sizes=[3, 4, 5] max deg(O)=2 at O=(1.426236510624309+0.5837792243743154j)  (#lines=0)
      r = 0.381469487: exact-C2=True #blocks=42 sizes=[3, 4, 5] max deg(O)=10 at O=(-0.3814701635437074-9.307698514499833e-07j)  (#lines=0)
      r = 0.381470862: exact-C2=True #blocks=42 sizes=[3, 4, 5] max deg(O)=2 at O=(1.4262405074779776+0.5837986452364679j)  (#lines=0)
      r = 0.381471493: exact-C2=True #blocks=42 sizes=[3, 4, 5] max deg(O)=2 at O=(1.4262415521503056+0.5838037217163594j)  (#lines=0)
      r = 0.381471707: exact-C2=True #blocks=42 sizes=[3, 4, 5] max deg(O)=2 at O=(1.4262419064380338+0.5838054433774287j)  (#lines=0)
      r = 0.381472016: exact-C2=True #blocks=42 sizes=[3, 4, 5] max deg(O)=2 at O=(1.4262424179969044+0.5838079293293271j)  (#lines=0)
      r = 0.381472084: exact-C2=True #blocks=42 sizes=[3, 4, 5] max deg(O)=2 at O=(1.4262425305719961+0.5838084763999709j)  (#lines=0)
      r = 0.381472130: exact-C2=True #blocks=42 sizes=[3, 4, 5] max deg(O)=2 at O=(1.4262426067255356+0.5838088464772363j)  (#lines=0)
      r = 0.381472136: exact-C2=True #blocks=42 sizes=[3, 4, 5] max deg(O)=2 at O=(1.4262426166585942+0.5838088947481888j)  (#lines=0)
      r = 0.381472146: exact-C2=True #blocks=42 sizes=[3, 4, 5] max deg(O)=2 at O=(1.4262426332136853+0.5838089751997758j)  (#lines=0)
      r = 0.381472160: exact-C2=True #blocks=42 sizes=[3, 4, 5] max deg(O)=2 at O=(1.426242656390801+0.5838090878320052j)  (#lines=0)
      r = 0.381472218: exact-C2=True #blocks=42 sizes=[3, 4, 5] max deg(O)=2 at O=(1.4262427524101207+0.5838095544512852j)  (#lines=0)
      r = 0.381472227: exact-C2=True #blocks=42 sizes=[3, 4, 5] max deg(O)=10 at O=(0.3086175147657284+0.2242248953034452j)  (#lines=0)
      r = 0.381472351: exact-C2=True #blocks=42 sizes=[3, 4, 5] max deg(O)=2 at O=(1.4262429725913928+0.5838106244578882j)  (#lines=0)
      r = 0.381472410: exact-C2=True #blocks=42 sizes=[3, 4, 5] max deg(O)=2 at O=(1.4262430702653626+0.583811099122614j)  (#lines=0)
      r = 0.381472827: exact-C2=True #blocks=42 sizes=[3, 4, 5] max deg(O)=2 at O=(1.426243760597597+0.5838144539588579j)  (#lines=0)
      r = 0.381474528: exact-C2=True #blocks=42 sizes=[3, 4, 5] max deg(O)=14 at O=(0.3086184147050248-0.2242254138289261j)  (#lines=0)
      r = 0.381474545: exact-C2=True #blocks=42 sizes=[3, 4, 5] max deg(O)=14 at O=(0.30861938961334046+0.22422409090853915j)  (#lines=0)
      r = 0.381474876: exact-C2=True #blocks=42 sizes=[3, 4, 5] max deg(O)=2 at O=(1.426247152470372+0.5838309385775828j)  (#lines=0)
      r = 0.381474982: exact-C2=True #blocks=42 sizes=[3, 4, 5] max deg(O)=2 at O=(1.4262473279319567+0.5838317913718627j)  (#lines=0)
      r = 0.381475567: exact-C2=True #blocks=42 sizes=[3, 4, 5] max deg(O)=2 at O=(1.4262482962659577+0.5838364978359571j)  (#lines=0)
      r = 0.381476808: exact-C2=True #blocks=42 sizes=[3, 4, 5] max deg(O)=2 at O=(1.4262503503724318+0.5838464820045748j)  (#lines=0)
      r = 0.381478184: exact-C2=True #blocks=42 sizes=[3, 4, 5] max deg(O)=2 at O=(1.4262526277948746+0.5838575523287557j)  (#lines=0)
      r = 0.381478563: exact-C2=True #blocks=42 sizes=[3, 4, 5] max deg(O)=2 at O=(1.4262532550539158+0.5838606015034606j)  (#lines=0)
      r = 0.381479090: exact-C2=True #blocks=42 sizes=[3, 4, 5] max deg(O)=2 at O=(1.426254127240356+0.5838648413909231j)  (#lines=0)
      r = 0.381480960: exact-C2=True #blocks=42 sizes=[3, 4, 5] max deg(O)=2 at O=(1.426257221925694+0.5838798862093476j)  (#lines=0)
      r = 0.381480961: exact-C2=True #blocks=42 sizes=[3, 4, 5] max deg(O)=2 at O=(1.4262572235805353+0.5838798942547292j)  (#lines=0)
      r = 0.381483186: exact-C2=True #blocks=42 sizes=[3, 4, 5] max deg(O)=2 at O=(1.4262609054143414+0.5838977952898544j)  (#lines=0)
      r = 0.381483282: exact-C2=True #blocks=42 sizes=[3, 4, 5] max deg(O)=2 at O=(1.4262610642625515+0.5838985676519293j)  (#lines=0)
      r = 0.381485123: exact-C2=True #blocks=42 sizes=[3, 4, 5] max deg(O)=2 at O=(1.4262641103728457+0.5839133793487035j)  (#lines=0)
      r = 0.381485337: exact-C2=True #blocks=42 sizes=[3, 4, 5] max deg(O)=2 at O=(1.426264464439623+0.5839151010832524j)  (#lines=0)
      r = 0.381486010: exact-C2=True #blocks=42 sizes=[3, 4, 5] max deg(O)=2 at O=(1.426265577907391+0.5839205157045617j)  (#lines=0)
      r = 0.381490154: exact-C2=True #blocks=42 sizes=[3, 4, 5] max deg(O)=2 at O=(1.4262724333332082+0.5839538565067355j)  (#lines=0)
      r = 0.381490317: exact-C2=True #blocks=42 sizes=[3, 4, 5] max deg(O)=2 at O=(1.4262727029577764+0.5839551679419145j)  (#lines=0)
      r = 0.381493357: exact-C2=True #blocks=42 sizes=[3, 4, 5] max deg(O)=2 at O=(1.42627773116985+0.5839796267328766j)  (#lines=0)
      r = 0.381498192: exact-C2=True #blocks=42 sizes=[3, 4, 5] max deg(O)=2 at O=(1.426285726900383+0.5840185279537229j)  (#lines=0)
      r = 0.381504459: exact-C2=True #blocks=42 sizes=[3, 4, 5] max deg(O)=2 at O=(1.4262960881206703+0.584068951570038j)  (#lines=0)
      r = 0.381505110: exact-C2=True #blocks=42 sizes=[3, 4, 5] max deg(O)=2 at O=(1.4262971642472413+0.5840741895035607j)  (#lines=0)
      r = 0.381507757: exact-C2=True #blocks=42 sizes=[3, 4, 5] max deg(O)=2 at O=(1.4263015395033731+0.584095487324666j)  (#lines=0)
      r = 0.381510759: exact-C2=True #blocks=42 sizes=[3, 4, 5] max deg(O)=2 at O=(1.4263065009005693+0.5841196416970513j)  (#lines=0)
      r = 0.381515498: exact-C2=True #blocks=42 sizes=[3, 4, 5] max deg(O)=2 at O=(1.4263143316431486+0.5841577725951397j)  (#lines=0)
      r = 0.381518068: exact-C2=True #blocks=42 sizes=[3, 4, 5] max deg(O)=2 at O=(1.4263185776098+0.584178451541691j)  (#lines=0)
      r = 0.381518306: exact-C2=True #blocks=42 sizes=[3, 4, 5] max deg(O)=10 at O=(0.3086547934268736+0.22425192625580112j)  (#lines=0)
      r = 0.381519733: exact-C2=True #blocks=42 sizes=[3, 4, 5] max deg(O)=2 at O=(1.42632132813428+0.5841918486910738j)  (#lines=0)
      r = 0.381523537: exact-C2=True #blocks=42 sizes=[3, 4, 5] max deg(O)=2 at O=(1.4263276114272352+0.5842224572146896j)  (#lines=0)
      r = 0.381525062: exact-C2=True #blocks=42 sizes=[3, 4, 5] max deg(O)=2 at O=(1.4263301300524989+0.5842347280840937j)  (#lines=0)
      r = 0.381525708: exact-C2=True #blocks=42 sizes=[3, 4, 5] max deg(O)=2 at O=(1.4263311969055394+0.5842399261224701j)  (#lines=0)
      r = 0.381527167: exact-C2=True #blocks=42 sizes=[3, 4, 5] max deg(O)=2 at O=(1.4263336062916332+0.5842516660031738j)  (#lines=0)
      r = 0.381527871: exact-C2=True #blocks=42 sizes=[3, 4, 5] max deg(O)=2 at O=(1.4263347688163992+0.5842573307762683j)  (#lines=0)
      r = 0.381530690: exact-C2=True #blocks=42 sizes=[3, 4, 5] max deg(O)=14 at O=(-0.11790043593693907-0.36285756388813484j)  (#lines=0)
      r = 0.381531021: exact-C2=True #blocks=42 sizes=[3, 4, 5] max deg(O)=2 at O=(1.4263399699942243+0.5842826775698531j)  (#lines=0)
      r = 0.381532246: exact-C2=True #blocks=42 sizes=[3, 4, 5] max deg(O)=2 at O=(1.426341992471426+0.5842925347236132j)  (#lines=0)
      r = 0.381537362: exact-C2=True #blocks=42 sizes=[3, 4, 5] max deg(O)=2 at O=(1.4263504377674383+0.584333701824092j)  (#lines=0)
      r = 0.381538448: exact-C2=True #blocks=42 sizes=[3, 4, 5] max deg(O)=2 at O=(1.4263522302392553+0.5843424406638387j)  (#lines=0)
      r = 0.381540458: exact-C2=True #blocks=42 sizes=[3, 4, 5] max deg(O)=2 at O=(1.4263555475617924+0.5843586148376994j)  (#lines=0)
      r = 0.381540800: exact-C2=True #blocks=42 sizes=[3, 4, 5] max deg(O)=10 at O=(0.30867402250462267-0.22426372051805415j)  (#lines=0)
      r = 0.381541435: exact-C2=True #blocks=42 sizes=[3, 4, 5] max deg(O)=2 at O=(1.426357159901022+0.5843664766494223j)  (#lines=0)
      r = 0.381543441: exact-C2=True #blocks=42 sizes=[3, 4, 5] max deg(O)=2 at O=(1.4263604701681307+0.5843826187863397j)  (#lines=0)
      r = 0.381544272: exact-C2=True #blocks=42 sizes=[3, 4, 5] max deg(O)=2 at O=(1.426361841380874+0.5843893058128584j)  (#lines=0)
      r = 0.381545826: exact-C2=True #blocks=42 sizes=[3, 4, 5] max deg(O)=9 at O=(0.30867572385064357+0.22426744261913564j)  (#lines=0)
      r = 0.381547930: exact-C2=True #blocks=42 sizes=[3, 4, 5] max deg(O)=2 at O=(1.4263678767348256+0.5844187418109557j)  (#lines=0)
      r = 0.381553217: exact-C2=True #blocks=42 sizes=[3, 4, 5] max deg(O)=2 at O=(1.426376597992565+0.5844612869981777j)  (#lines=0)
      r = 0.381556374: exact-C2=True #blocks=42 sizes=[3, 4, 5] max deg(O)=2 at O=(1.4263818046635939+0.5844866921288838j)  (#lines=0)
      r = 0.381557413: exact-C2=True #blocks=42 sizes=[3, 4, 5] max deg(O)=2 at O=(1.4263835180654365+0.5844950532640216j)  (#lines=0)
      r = 0.381557898: exact-C2=True #blocks=42 sizes=[3, 4, 5] max deg(O)=2 at O=(1.4263843178448303+0.584498956209337j)  (#lines=0)
      r = 0.381560887: exact-C2=True #blocks=42 sizes=[3, 4, 5] max deg(O)=2 at O=(1.4263892464010228+0.5845230097490972j)  (#lines=0)
      r = 0.381562306: exact-C2=True #blocks=42 sizes=[3, 4, 5] max deg(O)=2 at O=(1.4263915859502712+0.5845344290223133j)  (#lines=0)
      r = 0.381575566: exact-C2=True #blocks=42 sizes=[3, 4, 5] max deg(O)=2 at O=(1.4264134407461238+0.5846411401072753j)  (#lines=0)
      r = 0.381575736: exact-C2=True #blocks=42 sizes=[3, 4, 5] max deg(O)=14 at O=(-0.3815763461197167-8.394651564584731e-07j)  (#lines=0)
      r = 0.381586686: exact-C2=True #blocks=42 sizes=[3, 4, 5] max deg(O)=2 at O=(1.4264317581729244+0.5847306327445528j)  (#lines=0)
      r = 0.381586746: exact-C2=True #blocks=42 sizes=[3, 4, 5] max deg(O)=2 at O=(1.4264318569825352+0.584731115626909j)  (#lines=0)
      r = 0.381592771: exact-C2=True #blocks=42 sizes=[3, 4, 5] max deg(O)=2 at O=(1.4264417777246106+0.5847796055232473j)  (#lines=0)
      r = 0.381593923: exact-C2=True #blocks=42 sizes=[3, 4, 5] max deg(O)=2 at O=(1.4264436742900255+0.584788877056061j)  (#lines=0)
      r = 0.381595206: exact-C2=True #blocks=42 sizes=[3, 4, 5] max deg(O)=14 at O=(-0.11791841476728315+0.36291828578148105j)  (#lines=0)
      r = 0.381595935: exact-C2=True #blocks=42 sizes=[3, 4, 5] max deg(O)=2 at O=(1.4264469864528913+0.584805070125474j)  (#lines=0)
      r = 0.381596532: exact-C2=True #blocks=42 sizes=[3, 4, 5] max deg(O)=2 at O=(1.4264479691777605+0.5848098749474071j)  (#lines=0)
      r = 0.381597170: exact-C2=True #blocks=42 sizes=[3, 4, 5] max deg(O)=10 at O=(-0.11791893722210378+0.36292012620195996j)  (#lines=0)
      r = 0.381597746: exact-C2=True #blocks=42 sizes=[3, 4, 5] max deg(O)=9 at O=(-0.11791879320564537+0.36292056932739347j)  (#lines=0)
      r = 0.381598959: exact-C2=True #blocks=42 sizes=[3, 4, 5] max deg(O)=2 at O=(1.4264519639971311+0.584829408209983j)  (#lines=0)
      r = 0.381601854: exact-C2=True #blocks=42 sizes=[3, 4, 5] max deg(O)=2 at O=(1.4264567285560819+0.5848527082775059j)  (#lines=0)
      r = 0.381604925: exact-C2=True #blocks=42 sizes=[3, 4, 5] max deg(O)=2 at O=(1.426461782079335+0.5848774250899937j)  (#lines=0)
      r = 0.381605882: exact-C2=True #blocks=42 sizes=[3, 4, 5] max deg(O)=2 at O=(1.4264633567367688+0.5848851275119775j)  (#lines=0)
      r = 0.381606063: exact-C2=True #blocks=42 sizes=[3, 4, 5] max deg(O)=9 at O=(-0.11792395204636806+0.36292932084206503j)  (#lines=0)
      r = 0.381607572: exact-C2=True #blocks=42 sizes=[3, 4, 5] max deg(O)=2 at O=(1.426466137310194+0.5848987295462516j)  (#lines=0)
      r = 0.381608431: exact-C2=True #blocks=42 sizes=[3, 4, 5] max deg(O)=9 at O=(0.3087265253633521+0.2243041912658484j)  (#lines=0)
      r = 0.381608686: exact-C2=True #blocks=42 sizes=[3, 4, 5] max deg(O)=4 at O=(0.30872975611979625+0.22430335895325j)  (#lines=0)
      r = 0.381609737: exact-C2=True #blocks=42 sizes=[3, 4, 5] max deg(O)=9 at O=(0.30873001878262574-0.22430416754338864j)  (#lines=0)
      r = 0.381613013: exact-C2=True #blocks=42 sizes=[3, 4, 5] max deg(O)=4 at O=(-0.1179222143542663+0.3629346676067737j)  (#lines=0)
      r = 0.381614755: exact-C2=True #blocks=42 sizes=[3, 4, 5] max deg(O)=2 at O=(1.4264779531536682+0.5849565430147661j)  (#lines=0)
      r = 0.381614757: exact-C2=True #blocks=42 sizes=[3, 4, 5] max deg(O)=9 at O=(-0.11792389502183613-0.36293669741452617j)  (#lines=0)
      r = 0.381616061: exact-C2=True #blocks=42 sizes=[3, 4, 5] max deg(O)=4 at O=(-0.1179278718334031-0.36293909939603575j)  (#lines=0)
      r = 0.381616694: exact-C2=True #blocks=42 sizes=[3, 4, 5] max deg(O)=4 at O=(0.30873439104356726+0.22431042056062225j)  (#lines=0)
      r = 0.381617162: exact-C2=True #blocks=42 sizes=[3, 4, 5] max deg(O)=2 at O=(1.4264819117293652+0.5849759164097141j)  (#lines=0)
      r = 0.381617518: exact-C2=True #blocks=42 sizes=[3, 4, 5] max deg(O)=14 at O=(0.30873505726458794+0.2243081458328916j)  (#lines=0)
      r = 0.381617545: exact-C2=True #blocks=42 sizes=[3, 4, 5] max deg(O)=4 at O=(-0.38161895742463303-1.943430616715942e-06j)  (#lines=0)
      r = 0.381617700: exact-C2=True #blocks=42 sizes=[3, 4, 5] max deg(O)=10 at O=(-0.11792529879337942+0.36293965707562065j)  (#lines=0)
      r = 0.381617963: exact-C2=True #blocks=42 sizes=[3, 4, 5] max deg(O)=14 at O=(0.3087363778749543+0.22430909874953364j)  (#lines=0)
      r = 0.381617997: exact-C2=True #blocks=42 sizes=[3, 4, 5] max deg(O)=2 at O=(1.4264832848758835+0.5849826371685001j)  (#lines=0)
      r = 0.381618020: exact-C2=True #blocks=42 sizes=[3, 4, 5] max deg(O)=9 at O=(-0.3816172566873679+1.0502827843802476e-06j)  (#lines=0)
      r = 0.381618024: exact-C2=True #blocks=42 sizes=[3, 4, 5] max deg(O)=9 at O=(-0.11792521778472889+0.3629399063357459j)  (#lines=0)
      r = 0.381618034: exact-C2=True #blocks=42 sizes=[3, 4, 5] max deg(O)=9 at O=(-0.11792521528442787+0.36293991402908454j)  (#lines=0)
      r = 0.381618040: exact-C2=True #blocks=42 sizes=[3, 4, 5] max deg(O)=2 at O=(1.426483355587387+0.5849829832679299j)  (#lines=0)
      r = 0.381618207: exact-C2=True #blocks=42 sizes=[3, 4, 5] max deg(O)=2 at O=(1.4264836302098018+0.5849843274219626j)  (#lines=0)
      r = 0.381619139: exact-C2=True #blocks=42 sizes=[3, 4, 5] max deg(O)=9 at O=(-0.11792819298983831+0.36294182194371694j)  (#lines=0)
      r = 0.381623696: exact-C2=True #blocks=42 sizes=[3, 4, 5] max deg(O)=10 at O=(-0.11792705361867668+0.362945327742408j)  (#lines=0)
      r = 0.381626165: exact-C2=True #blocks=42 sizes=[3, 4, 5] max deg(O)=9 at O=(0.3087406156228305-0.22431469847281008j)  (#lines=0)
      r = 0.381636561: exact-C2=True #blocks=42 sizes=[3, 4, 5] max deg(O)=2 at O=(1.426513799475775+0.5851320598411395j)  (#lines=0)
      r = 0.381647847: exact-C2=True #blocks=42 sizes=[3, 4, 5] max deg(O)=10 at O=(0.30875854549266896-0.22432731658865968j)  (#lines=0)
      r = 0.381648225: exact-C2=True #blocks=42 sizes=[3, 4, 5] max deg(O)=10 at O=(-0.38164891112662097-9.441039340221517e-07j)  (#lines=0)
      r = 0.381648244: exact-C2=True #blocks=42 sizes=[3, 4, 5] max deg(O)=10 at O=(-0.11793689256855677+0.36296940673706896j)  (#lines=0)
      r = 0.381652476: exact-C2=True #blocks=42 sizes=[3, 4, 5] max deg(O)=9 at O=(-0.38165169304305363+1.0773460695542153e-06j)  (#lines=0)
      r = 0.381665731: exact-C2=True #blocks=42 sizes=[3, 4, 5] max deg(O)=4 at O=(-0.3816641186801427+2.2185719812054937e-06j)  (#lines=0)
      r = 0.381673750: exact-C2=True #blocks=42 sizes=[3, 4, 5] max deg(O)=4 at O=(0.30878233726399973-0.22434162098361493j)  (#lines=0)
      r = 0.381673762: exact-C2=True #blocks=42 sizes=[3, 4, 5] max deg(O)=4 at O=(0.30878234026332635+0.2243416302160382j)  (#lines=0)
      r = 0.381673768: exact-C2=True #blocks=42 sizes=[3, 4, 5] max deg(O)=4 at O=(-0.11794159431829954+0.36299264598889125j)  (#lines=0)
      r = 0.381697619: exact-C2=True #blocks=42 sizes=[3, 4, 5] max deg(O)=4 at O=(-0.11794888962255391+0.36301530526334685j)  (#lines=0)
      r = 0.381720080: exact-C2=True #blocks=42 sizes=[3, 4, 5] max deg(O)=4 at O=(0.308816322241929-0.22436998880401043j)  (#lines=0)
      r = 0.381725957: exact-C2=True #blocks=42 sizes=[3, 4, 5] max deg(O)=9 at O=(0.30882398089395546-0.22437249996449388j)  (#lines=0)
      r = 0.381763932: exact-C2=True #blocks=42 sizes=[3, 4, 5] max deg(O)=7 at O=(-0.809015615723048-0.5877848037867496j)  (#lines=0)
      r = 0.381764687: exact-C2=True #blocks=42 sizes=[3, 4, 5] max deg(O)=3 at O=(1.0000021706008522-7.044002826692055e-07j)  (#lines=0)
      r = 0.381808920: exact-C2=True #blocks=42 sizes=[3, 4, 5] max deg(O)=3 at O=(-0.8090145565094983-0.5877844594188035j)  (#lines=0)
      r = 0.381832709: exact-C2=True #blocks=42 sizes=[3, 4, 5] max deg(O)=3 at O=(1.0000023815933266-7.731943622962643e-07j)  (#lines=0)
      r = 0.381965986: exact-C2=False #blocks=47 sizes=[2, 3, 4, 5] max deg(O)=5 at O=(1.1292189516787232e-08+2.638313888899061e-16j)  (#lines=0)
      r = 0.381965991: exact-C2=False #blocks=50 sizes=[1, 2, 3, 4, 5] max deg(O)=5 at O=(1.000040898683312+1.329036293645852e-05j)  (#lines=0)
      r = 0.381965997: exact-C2=False #blocks=44 sizes=[2, 3, 4, 5] max deg(O)=5 at O=(6.372840533064306e-09+0j)  (#lines=0)
      r = 0.381965998: exact-C2=True #blocks=42 sizes=[3, 4, 5] max deg(O)=5 at O=(5.9256268225560405e-09+4.303648442237987e-16j)  (#lines=0)
      r = 0.381966004: exact-C2=False #blocks=46 sizes=[2, 3, 4, 5] max deg(O)=5 at O=(3.2423453921737178e-09+1.8742684690630022e-16j)  (#lines=0)
      r = 0.381966012: exact-C2=False #blocks=45 sizes=[1, 3, 4, 5] max deg(O)=5 at O=(-3.3536295962477425e-10+0j)  (#lines=0)
      r = 0.382009757: exact-C2=True #blocks=42 sizes=[3, 4, 5] max deg(O)=2 at O=(1.4271216924947558+0.5881377564201715j)  (#lines=0)
      r = 0.382024561: exact-C2=True #blocks=42 sizes=[3, 4, 5] max deg(O)=2 at O=(1.4271455883030193+0.5882570580371049j)  (#lines=0)
      r = 0.382027321: exact-C2=True #blocks=42 sizes=[3, 4, 5] max deg(O)=2 at O=(1.4271500415011424+0.5882793007623903j)  (#lines=0)
      r = 0.382028878: exact-C2=True #blocks=42 sizes=[3, 4, 5] max deg(O)=2 at O=(1.4271525534301628+0.5882918486434751j)  (#lines=0)
      r = 0.382046405: exact-C2=True #blocks=42 sizes=[3, 4, 5] max deg(O)=2 at O=(1.427180817256038+0.5884331030590453j)  (#lines=0)
      r = 0.382051690: exact-C2=True #blocks=42 sizes=[3, 4, 5] max deg(O)=3 at O=(1.000001849450003-6.012389121797971e-07j)  (#lines=0)
      r = 0.382077423: exact-C2=True #blocks=42 sizes=[3, 4, 5] max deg(O)=3 at O=(-0.8090148851391095-0.5877845674293556j)  (#lines=0)
      r = 0.382105045: exact-C2=True #blocks=42 sizes=[3, 4, 5] max deg(O)=14 at O=(1.0000009817019393-3.192462785275548e-07j)  (#lines=0)
      r = 0.382111165: exact-C2=True #blocks=42 sizes=[3, 4, 5] max deg(O)=3 at O=(-0.8090198932902952-0.5877861933692207j)  (#lines=0)
      r = 0.382113082: exact-C2=True #blocks=42 sizes=[3, 4, 5] max deg(O)=3 at O=(-0.8090155721640833-0.5877832936961982j)  (#lines=0)
      r = 0.382116024: exact-C2=True #blocks=42 sizes=[3, 4, 5] max deg(O)=4 at O=(-0.11807857936809373+0.36341336096445576j)  (#lines=0)
      r = 0.382121936: exact-C2=True #blocks=42 sizes=[3, 4, 5] max deg(O)=2 at O=(1.4273023502969324+0.5890419124583478j)  (#lines=0)
      r = 0.382125484: exact-C2=True #blocks=42 sizes=[3, 4, 5] max deg(O)=7 at O=(1.0000015928617194-5.180578247098344e-07j)  (#lines=0)
      r = 0.382126227: exact-C2=True #blocks=42 sizes=[3, 4, 5] max deg(O)=9 at O=(-0.8090158959810722-0.5877848957529104j)  (#lines=0)
      r = 0.382127349: exact-C2=True #blocks=42 sizes=[3, 4, 5] max deg(O)=9 at O=(-0.11808543812105636+0.3634252228835193j)  (#lines=0)
      r = 0.382133824: exact-C2=True #blocks=42 sizes=[3, 4, 5] max deg(O)=3 at O=(0.9999974845524494+8.181590575054255e-07j)  (#lines=0)
      r = 0.382143678: exact-C2=True #blocks=42 sizes=[3, 4, 5] max deg(O)=9 at O=(-0.11809011641424287-0.3634406332475633j)  (#lines=0)
      r = 0.382147266: exact-C2=True #blocks=42 sizes=[3, 4, 5] max deg(O)=9 at O=(-0.8090159100506864-0.5877849003662672j)  (#lines=0)
      r = 0.382147483: exact-C2=True #blocks=42 sizes=[3, 4, 5] max deg(O)=7 at O=(1.000001391230184-4.5254093846485376e-07j)  (#lines=0)
      r = 0.382153241: exact-C2=True #blocks=42 sizes=[3, 4, 5] max deg(O)=7 at O=(-0.8090179165767903-0.5877865224948267j)  (#lines=0)
      r = 0.382158402: exact-C2=True #blocks=42 sizes=[3, 4, 5] max deg(O)=10 at O=(-0.1180944915957342+0.3634545798208077j)  (#lines=0)
      r = 0.382166132: exact-C2=True #blocks=42 sizes=[3, 4, 5] max deg(O)=9 at O=(0.9999989857401432+3.2995716559437293e-07j)  (#lines=0)
      r = 0.382171580: exact-C2=True #blocks=42 sizes=[3, 4, 5] max deg(O)=4 at O=(-0.1180950089988908+0.3634659581484823j)  (#lines=0)
      r = 0.382178716: exact-C2=True #blocks=42 sizes=[3, 4, 5] max deg(O)=7 at O=(-0.8090182430064573-0.5877856574679393j)  (#lines=0)
      r = 0.382179738: exact-C2=True #blocks=42 sizes=[3, 4, 5] max deg(O)=9 at O=(-0.8090181583940935-0.5877856300098928j)  (#lines=0)
      r = 0.382181513: exact-C2=True #blocks=42 sizes=[3, 4, 5] max deg(O)=7 at O=(-0.8090177481040636-0.5877862905603598j)  (#lines=0)
      r = 0.382181927: exact-C2=True #blocks=42 sizes=[3, 4, 5] max deg(O)=10 at O=(-0.1180996821606893+0.36347627809732064j)  (#lines=0)
      r = 0.382181945: exact-C2=True #blocks=42 sizes=[3, 4, 5] max deg(O)=10 at O=(0.309190650223066-0.2246412484087072j)  (#lines=0)
      r = 0.382181960: exact-C2=True #blocks=42 sizes=[3, 4, 5] max deg(O)=10 at O=(0.3091906539736877-0.22464125995079565j)  (#lines=0)
      r = 0.382181966: exact-C2=True #blocks=42 sizes=[3, 4, 5] max deg(O)=10 at O=(-0.11809967241120992+0.3634763081072962j)  (#lines=0)
      r = 0.382181995: exact-C2=True #blocks=42 sizes=[3, 4, 5] max deg(O)=10 at O=(0.30919172900257264+0.22463981927792662j)  (#lines=0)
      r = 0.382184355: exact-C2=True #blocks=42 sizes=[3, 4, 5] max deg(O)=10 at O=(-0.3821850248457174-9.22144402335835e-07j)  (#lines=0)
      r = 0.382184388: exact-C2=True #blocks=42 sizes=[3, 4, 5] max deg(O)=14 at O=(-0.8090163887683205-0.5877844180557412j)  (#lines=0)
      r = 0.382188170: exact-C2=True #blocks=42 sizes=[3, 4, 5] max deg(O)=7 at O=(-0.80901793660849-0.5877865502582491j)  (#lines=0)
      r = 0.382189782: exact-C2=True #blocks=42 sizes=[3, 4, 5] max deg(O)=9 at O=(-0.3821906623637004-1.2119597091598384e-06j)  (#lines=0)
      r = 0.382200771: exact-C2=True #blocks=42 sizes=[3, 4, 5] max deg(O)=9 at O=(0.3092054876300207-0.22465244184750516j)  (#lines=0)
      r = 0.382200885: exact-C2=True #blocks=42 sizes=[3, 4, 5] max deg(O)=9 at O=(0.30920551613619995-0.22465252956697707j)  (#lines=0)
      r = 0.382202391: exact-C2=True #blocks=42 sizes=[3, 4, 5] max deg(O)=9 at O=(1.000001042838353-3.393296915450586e-07j)  (#lines=0)
      r = 0.382202789: exact-C2=True #blocks=42 sizes=[3, 4, 5] max deg(O)=9 at O=(-0.8090159751844612-0.5877849216179215j)  (#lines=0)
      r = 0.382205251: exact-C2=True #blocks=42 sizes=[3, 4, 5] max deg(O)=4 at O=(0.3092129430086015-0.22465382993556618j)  (#lines=0)
      r = 0.382206481: exact-C2=True #blocks=42 sizes=[3, 4, 5] max deg(O)=9 at O=(-0.38220560487525185+1.2061417749070015e-06j)  (#lines=0)
      r = 0.382213119: exact-C2=True #blocks=42 sizes=[3, 4, 5] max deg(O)=10 at O=(-0.11811141050079495+0.36350662213812907j)  (#lines=0)
      r = 0.382218913: exact-C2=True #blocks=42 sizes=[3, 4, 5] max deg(O)=7 at O=(-0.8090162555306587-0.5877842343858333j)  (#lines=0)
      r = 0.382221151: exact-C2=True #blocks=42 sizes=[3, 4, 5] max deg(O)=7 at O=(0.999998524617937+4.801308570593146e-07j)  (#lines=0)
      r = 0.382222335: exact-C2=True #blocks=42 sizes=[3, 4, 5] max deg(O)=10 at O=(0.30922326812244505-0.22466500802364317j)  (#lines=0)
      r = 0.382222973: exact-C2=True #blocks=42 sizes=[3, 4, 5] max deg(O)=9 at O=(-0.11811194105728917+0.3635151771383757j)  (#lines=0)
      r = 0.382223540: exact-C2=True #blocks=42 sizes=[3, 4, 5] max deg(O)=7 at O=(1.000001414973155-4.604787957447295e-07j)  (#lines=0)
      r = 0.382225145: exact-C2=True #blocks=42 sizes=[3, 4, 5] max deg(O)=9 at O=(0.3092254442251935-0.2246666913072875j)  (#lines=0)
      r = 0.382227404: exact-C2=True #blocks=42 sizes=[3, 4, 5] max deg(O)=2 at O=(1.4274713270485988+0.5898922599145782j)  (#lines=0)
      r = 0.382227881: exact-C2=True #blocks=42 sizes=[3, 4, 5] max deg(O)=4 at O=(0.30922885177221543+0.2246650481666834j)  (#lines=0)
      r = 0.382227965: exact-C2=True #blocks=42 sizes=[3, 4, 5] max deg(O)=9 at O=(-0.11811362527512531+0.36351997080924014j)  (#lines=0)
      r = 0.382233130: exact-C2=True #blocks=42 sizes=[3, 4, 5] max deg(O)=9 at O=(-0.11811520817147234+0.3635248787394006j)  (#lines=0)
      r = 0.382236081: exact-C2=True #blocks=42 sizes=[3, 4, 5] max deg(O)=9 at O=(0.3092339273904233-0.22467323772915954j)  (#lines=0)
      r = 0.382236434: exact-C2=True #blocks=42 sizes=[3, 4, 5] max deg(O)=10 at O=(-0.11811859158562342-0.3635287883290944j)  (#lines=0)
      r = 0.382238113: exact-C2=True #blocks=42 sizes=[3, 4, 5] max deg(O)=2 at O=(1.4274884372328036+0.5899786176342667j)  (#lines=0)
      r = 0.382238939: exact-C2=True #blocks=42 sizes=[3, 4, 5] max deg(O)=10 at O=(-0.3822395660610482-8.632864466364386e-07j)  (#lines=0)
      r = 0.382241039: exact-C2=True #blocks=42 sizes=[3, 4, 5] max deg(O)=9 at O=(-0.11812018315084416+0.3635332226832175j)  (#lines=0)
      r = 0.382246171: exact-C2=True #blocks=42 sizes=[3, 4, 5] max deg(O)=10 at O=(-0.11812159527077651+0.3635380470684958j)  (#lines=0)
      r = 0.382248734: exact-C2=True #blocks=42 sizes=[3, 4, 5] max deg(O)=4 at O=(-0.11811961287983193+0.3635395835362806j)  (#lines=0)
      r = 0.382249879: exact-C2=True #blocks=42 sizes=[3, 4, 5] max deg(O)=2 at O=(1.4275072261572184+0.5900735022648262j)  (#lines=0)
      r = 0.382251790: exact-C2=True #blocks=42 sizes=[3, 4, 5] max deg(O)=4 at O=(-0.3822529329245786-1.5735032576310096e-06j)  (#lines=0)
      r = 0.382251902: exact-C2=True #blocks=42 sizes=[3, 4, 5] max deg(O)=4 at O=(0.3092461138172021+0.2246827363597041j)  (#lines=0)
      r = 0.382252069: exact-C2=True #blocks=42 sizes=[3, 4, 5] max deg(O)=2 at O=(1.4275107221669099+0.590091163469183j)  (#lines=0)
      r = 0.382253788: exact-C2=True #blocks=42 sizes=[3, 4, 5] max deg(O)=4 at O=(-0.38225504287557904-1.7276330479990096e-06j)  (#lines=0)
      r = 0.382254668: exact-C2=True #blocks=42 sizes=[3, 4, 5] max deg(O)=10 at O=(0.30924945500008105-0.22468400349700396j)  (#lines=0)
      r = 0.382257028: exact-C2=True #blocks=42 sizes=[3, 4, 5] max deg(O)=10 at O=(-0.1181228395309976-0.3635476871526688j)  (#lines=0)
      r = 0.382257284: exact-C2=True #blocks=42 sizes=[3, 4, 5] max deg(O)=9 at O=(-0.11812536138055704+0.36354872398332055j)  (#lines=0)
      r = 0.382261421: exact-C2=True #blocks=42 sizes=[3, 4, 5] max deg(O)=9 at O=(-0.11812687297184515+0.3635527342362883j)  (#lines=0)
      r = 0.382261658: exact-C2=True #blocks=42 sizes=[3, 4, 5] max deg(O)=10 at O=(-0.11812426797974979+0.363552089799782j)  (#lines=0)
      r = 0.382266336: exact-C2=True #blocks=42 sizes=[3, 4, 5] max deg(O)=4 at O=(-0.11812437635625053+0.36355610454915055j)  (#lines=0)
      r = 0.382266582: exact-C2=True #blocks=42 sizes=[3, 4, 5] max deg(O)=9 at O=(0.30926138119997243+0.2246902627755669j)  (#lines=0)
      r = 0.382266926: exact-C2=True #blocks=42 sizes=[3, 4, 5] max deg(O)=4 at O=(-0.11812924421056302+0.3635581874322332j)  (#lines=0)
      r = 0.382269034: exact-C2=True #blocks=42 sizes=[3, 4, 5] max deg(O)=10 at O=(0.30926214478137654+0.22469324593572396j)  (#lines=0)
      r = 0.382274905: exact-C2=True #blocks=42 sizes=[3, 4, 5] max deg(O)=14 at O=(-0.11812848059847833+0.3635647271233075j)  (#lines=0)
      r = 0.382275904: exact-C2=True #blocks=42 sizes=[3, 4, 5] max deg(O)=9 at O=(-0.3822749647967824+1.2930609263171083e-06j)  (#lines=0)
      r = 0.382276312: exact-C2=True #blocks=42 sizes=[3, 4, 5] max deg(O)=2 at O=(1.4275493981101357+0.5902866783998666j)  (#lines=0)
      r = 0.382278733: exact-C2=True #blocks=42 sizes=[3, 4, 5] max deg(O)=4 at O=(-0.11812874587831315+0.363568069746262j)  (#lines=0)
      r = 0.382289245: exact-C2=True #blocks=42 sizes=[3, 4, 5] max deg(O)=2 at O=(1.4275700123914206+0.5903909863122929j)  (#lines=0)
      r = 0.382289538: exact-C2=True #blocks=42 sizes=[3, 4, 5] max deg(O)=9 at O=(-0.11813552786512982+0.3635794641140741j)  (#lines=0)
      r = 0.382289931: exact-C2=True #blocks=42 sizes=[3, 4, 5] max deg(O)=14 at O=(-0.11813310569808919+0.36357901179792373j)  (#lines=0)
      r = 0.382290491: exact-C2=True #blocks=42 sizes=[3, 4, 5] max deg(O)=10 at O=(-0.11813528963911006+0.36358019746096537j)  (#lines=0)
      r = 0.382296987: exact-C2=True #blocks=42 sizes=[3, 4, 5] max deg(O)=4 at O=(0.3092867203522908-0.22470789349090756j)  (#lines=0)
      r = 0.382301085: exact-C2=True #blocks=42 sizes=[3, 4, 5] max deg(O)=9 at O=(0.30928661546005776-0.22471141407509773j)  (#lines=0)
      r = 0.382302228: exact-C2=True #blocks=42 sizes=[3, 4, 5] max deg(O)=14 at O=(-0.11813691691733531+0.36359071059473397j)  (#lines=0)
      r = 0.382302363: exact-C2=True #blocks=42 sizes=[3, 4, 5] max deg(O)=10 at O=(0.30928806476790915-0.22471203023329542j)  (#lines=0)
      r = 0.382304805: exact-C2=True #blocks=42 sizes=[3, 4, 5] max deg(O)=9 at O=(0.30929108447126735+0.22471177412709087j)  (#lines=0)
      r = 0.382306298: exact-C2=True #blocks=42 sizes=[3, 4, 5] max deg(O)=10 at O=(0.30929229229167027+0.22471294796762661j)  (#lines=0)
      r = 0.382306477: exact-C2=True #blocks=42 sizes=[3, 4, 5] max deg(O)=10 at O=(0.3092913327719733-0.22471446798334227j)  (#lines=0)
      r = 0.382306578: exact-C2=True #blocks=42 sizes=[3, 4, 5] max deg(O)=10 at O=(0.30929357101781324+0.22471382630347037j)  (#lines=0)
      r = 0.382308940: exact-C2=True #blocks=42 sizes=[3, 4, 5] max deg(O)=9 at O=(0.30929442977178156+0.22471411498807958j)  (#lines=0)
      r = 0.382311116: exact-C2=True #blocks=42 sizes=[3, 4, 5] max deg(O)=9 at O=(-0.11813914773708359-0.36359899610435303j)  (#lines=0)
      r = 0.382314045: exact-C2=True #blocks=42 sizes=[3, 4, 5] max deg(O)=9 at O=(0.3092985594019157+0.22471985045103027j)  (#lines=0)
      r = 0.382314708: exact-C2=True #blocks=42 sizes=[3, 4, 5] max deg(O)=4 at O=(-0.11813934689147085-0.36360211650313273j)  (#lines=0)
      r = 0.382314973: exact-C2=True #blocks=42 sizes=[3, 4, 5] max deg(O)=9 at O=(-0.11814037149194968-0.36360267468426616j)  (#lines=0)
      r = 0.382317613: exact-C2=True #blocks=42 sizes=[3, 4, 5] max deg(O)=9 at O=(0.30930144594981107+0.22472210047284058j)  (#lines=0)
      r = 0.382317809: exact-C2=True #blocks=42 sizes=[3, 4, 5] max deg(O)=2 at O=(1.4276154962205632+0.5906213766282556j)  (#lines=0)
      r = 0.382318222: exact-C2=True #blocks=42 sizes=[3, 4, 5] max deg(O)=10 at O=(0.30930297349297103-0.22472067622928926j)  (#lines=0)
      r = 0.382318612: exact-C2=True #blocks=42 sizes=[3, 4, 5] max deg(O)=4 at O=(0.3093041321972195+0.22472063135721404j)  (#lines=0)
      r = 0.382319233: exact-C2=True #blocks=42 sizes=[3, 4, 5] max deg(O)=2 at O=(1.427617762097281+0.5906328627877613j)  (#lines=0)
      r = 0.382321942: exact-C2=True #blocks=42 sizes=[3, 4, 5] max deg(O)=10 at O=(-0.11814504961829635+0.36361012246645485j)  (#lines=0)
      r = 0.382322238: exact-C2=True #blocks=42 sizes=[3, 4, 5] max deg(O)=2 at O=(1.4276225431629057+0.5906571016500828j)  (#lines=0)
      r = 0.382323484: exact-C2=True #blocks=42 sizes=[3, 4, 5] max deg(O)=2 at O=(1.4276245253929636+0.5906671521712568j)  (#lines=0)
      r = 0.382323657: exact-C2=True #blocks=42 sizes=[3, 4, 5] max deg(O)=4 at O=(0.30930433269074115-0.22472485839504083j)  (#lines=0)
      r = 0.382323809: exact-C2=True #blocks=42 sizes=[3, 4, 5] max deg(O)=10 at O=(0.3093075374179774+0.22472394589603714j)  (#lines=0)
      r = 0.382324408: exact-C2=True #blocks=42 sizes=[3, 4, 5] max deg(O)=9 at O=(-0.11814337753985717+0.36361167728971794j)  (#lines=0)
      r = 0.382324758: exact-C2=True #blocks=42 sizes=[3, 4, 5] max deg(O)=9 at O=(0.3093072268423182+0.2247232167225204j)  (#lines=0)
      r = 0.382325139: exact-C2=True #blocks=42 sizes=[3, 4, 5] max deg(O)=9 at O=(-0.1181463452117196-0.36361326290739143j)  (#lines=0)
      r = 0.382326402: exact-C2=True #blocks=42 sizes=[3, 4, 5] max deg(O)=9 at O=(-0.11814393474146927+0.36361355454491345j)  (#lines=0)
      r = 0.382326697: exact-C2=True #blocks=42 sizes=[3, 4, 5] max deg(O)=2 at O=(1.4276296363279708+0.5906930691389325j)  (#lines=0)
      r = 0.382326941: exact-C2=True #blocks=42 sizes=[3, 4, 5] max deg(O)=9 at O=(0.3093104044001669-0.22472567853745062j)  (#lines=0)
      r = 0.382327093: exact-C2=True #blocks=42 sizes=[3, 4, 5] max deg(O)=2 at O=(1.4276302661926772+0.5906962634044362j)  (#lines=0)
      r = 0.382327221: exact-C2=True #blocks=42 sizes=[3, 4, 5] max deg(O)=2 at O=(1.4276304697827538+0.5906972958951118j)  (#lines=0)
      r = 0.382327302: exact-C2=True #blocks=42 sizes=[3, 4, 5] max deg(O)=9 at O=(-0.11814684380115467+0.36361526489431845j)  (#lines=0)
      r = 0.382327668: exact-C2=True #blocks=42 sizes=[3, 4, 5] max deg(O)=10 at O=(-0.11814466838204657+0.36361486978541063j)  (#lines=0)
      r = 0.382327691: exact-C2=True #blocks=42 sizes=[3, 4, 5] max deg(O)=14 at O=(0.3093095992784049+0.22472762196622734j)  (#lines=0)
      r = 0.382327761: exact-C2=True #blocks=42 sizes=[3, 4, 5] max deg(O)=10 at O=(0.3093085257476596-0.2247269869144017j)  (#lines=0)
      r = 0.382327777: exact-C2=True #blocks=42 sizes=[3, 4, 5] max deg(O)=10 at O=(-0.11814464113507878+0.36361495366355695j)  (#lines=0)
      r = 0.382327811: exact-C2=True #blocks=42 sizes=[3, 4, 5] max deg(O)=10 at O=(0.3093096967087245+0.22472543090978078j)  (#lines=0)
      r = 0.382327847: exact-C2=True #blocks=42 sizes=[3, 4, 5] max deg(O)=9 at O=(-0.38232711883241394+1.0025614461011193e-06j)  (#lines=0)
      r = 0.382327856: exact-C2=True #blocks=42 sizes=[3, 4, 5] max deg(O)=2 at O=(1.4276314797619394+0.5907024180227174j)  (#lines=0)
      r = 0.382327857: exact-C2=True #blocks=42 sizes=[3, 4, 5] max deg(O)=9 at O=(-0.11814462113722864+0.3636150152258663j)  (#lines=0)
      r = 0.382327864: exact-C2=True #blocks=42 sizes=[3, 4, 5] max deg(O)=9 at O=(0.3093085515064033-0.22472706617169225j)  (#lines=0)
      r = 0.382327870: exact-C2=True #blocks=42 sizes=[3, 4, 5] max deg(O)=2 at O=(1.4276315020288513+0.5907025309516264j)  (#lines=0)
      r = 0.382327921: exact-C2=True #blocks=42 sizes=[3, 4, 5] max deg(O)=9 at O=(0.3093085657612613+0.22472711003265539j)  (#lines=0)
      r = 0.382327963: exact-C2=True #blocks=42 sizes=[3, 4, 5] max deg(O)=9 at O=(0.3093098196930696+0.22472543091872269j)  (#lines=0)
      r = 0.382328005: exact-C2=True #blocks=42 sizes=[3, 4, 5] max deg(O)=9 at O=(0.3093085867683667-0.22472717466985223j)  (#lines=0)
      r = 0.382328136: exact-C2=True #blocks=42 sizes=[3, 4, 5] max deg(O)=9 at O=(0.30930861952932726-0.22472727547272345j)  (#lines=0)
      r = 0.382328151: exact-C2=True #blocks=42 sizes=[3, 4, 5] max deg(O)=9 at O=(0.3093099718055192+0.22472543092978753j)  (#lines=0)
      r = 0.382328174: exact-C2=True #blocks=42 sizes=[3, 4, 5] max deg(O)=4 at O=(0.3093117466400199-0.22472629121001628j)  (#lines=0)
      r = 0.382328275: exact-C2=True #blocks=42 sizes=[3, 4, 5] max deg(O)=9 at O=(-0.3823273990081701+1.2060898759592834e-06j)  (#lines=0)
      r = 0.382328499: exact-C2=True #blocks=42 sizes=[3, 4, 5] max deg(O)=9 at O=(-0.11814757857507491+0.3636165218030702j)  (#lines=0)
      r = 0.382329401: exact-C2=True #blocks=42 sizes=[3, 4, 5] max deg(O)=2 at O=(1.4276339369845383+0.5907148805631416j)  (#lines=0)
      r = 0.382330149: exact-C2=True #blocks=42 sizes=[3, 4, 5] max deg(O)=4 at O=(0.3093132692336234+0.22472747653577624j)  (#lines=0)
      r = 0.382332122: exact-C2=True #blocks=42 sizes=[3, 4, 5] max deg(O)=14 at O=(-0.11814615658809315+0.363619142114531j)  (#lines=0)
      r = 0.382332378: exact-C2=True #blocks=42 sizes=[3, 4, 5] max deg(O)=10 at O=(0.30931339148377496+0.22472816650700694j)  (#lines=0)
      r = 0.382335350: exact-C2=True #blocks=42 sizes=[3, 4, 5] max deg(O)=2 at O=(1.4276433967856497+0.5907628679358108j)  (#lines=0)
      r = 0.382336547: exact-C2=True #blocks=42 sizes=[3, 4, 5] max deg(O)=2 at O=(1.4276452998690163+0.5907725235928883j)  (#lines=0)
      r = 0.382337983: exact-C2=True #blocks=42 sizes=[3, 4, 5] max deg(O)=9 at O=(0.30931929255386365+0.2247321834877305j)  (#lines=0)
      r = 0.382338592: exact-C2=True #blocks=42 sizes=[3, 4, 5] max deg(O)=14 at O=(-0.11814812664023729+0.36362528594203863j)  (#lines=0)
      r = 0.382338777: exact-C2=True #blocks=42 sizes=[3, 4, 5] max deg(O)=2 at O=(1.4276488450046338+0.5907905120862252j)  (#lines=0)
      r = 0.382339021: exact-C2=True #blocks=42 sizes=[3, 4, 5] max deg(O)=2 at O=(1.4276492328798782+0.5907924803412679j)  (#lines=0)
      r = 0.382340134: exact-C2=True #blocks=42 sizes=[3, 4, 5] max deg(O)=10 at O=(0.309319665842198+0.22473512052444786j)  (#lines=0)
      r = 0.382340497: exact-C2=True #blocks=42 sizes=[3, 4, 5] max deg(O)=10 at O=(-0.11814866406040485+0.36362708106032443j)  (#lines=0)
      r = 0.382343785: exact-C2=True #blocks=42 sizes=[3, 4, 5] max deg(O)=2 at O=(1.427656805075924+0.5908309100043696j)  (#lines=0)
      r = 0.382344446: exact-C2=True #blocks=42 sizes=[3, 4, 5] max deg(O)=9 at O=(-0.11814968950106272+0.3636307735026163j)  (#lines=0)
      r = 0.382346061: exact-C2=True #blocks=42 sizes=[3, 4, 5] max deg(O)=9 at O=(-0.3823468837735195-1.1328362582082045e-06j)  (#lines=0)
      r = 0.382352032: exact-C2=True #blocks=42 sizes=[3, 4, 5] max deg(O)=10 at O=(-0.11815225257962336+0.36363805929896864j)  (#lines=0)
      r = 0.382352541: exact-C2=True #blocks=42 sizes=[3, 4, 5] max deg(O)=10 at O=(-0.1181545632098605+0.3636392426581504j)  (#lines=0)
      r = 0.382354175: exact-C2=True #blocks=42 sizes=[3, 4, 5] max deg(O)=2 at O=(1.4276733135840938+0.5909147247225904j)  (#lines=0)
      r = 0.382354790: exact-C2=True #blocks=42 sizes=[3, 4, 5] max deg(O)=2 at O=(1.4276742904900332+0.5909196859262792j)  (#lines=0)
      r = 0.382355081: exact-C2=True #blocks=42 sizes=[3, 4, 5] max deg(O)=2 at O=(1.4276747527232838+0.5909220334258615j)  (#lines=0)
      r = 0.382357924: exact-C2=True #blocks=42 sizes=[3, 4, 5] max deg(O)=2 at O=(1.4276792682913935+0.5909449680403553j)  (#lines=0)
      r = 0.382357961: exact-C2=True #blocks=42 sizes=[3, 4, 5] max deg(O)=2 at O=(1.427679327054839+0.5909452665223871j)  (#lines=0)
      r = 0.382358195: exact-C2=True #blocks=42 sizes=[3, 4, 5] max deg(O)=10 at O=(-0.11815411739922718+0.3636439077869339j)  (#lines=0)
      r = 0.382358619: exact-C2=True #blocks=42 sizes=[3, 4, 5] max deg(O)=10 at O=(0.30933572102528883-0.22474439961973658j)  (#lines=0)
      r = 0.382359895: exact-C2=True #blocks=42 sizes=[3, 4, 5] max deg(O)=2 at O=(1.4276823984907236+0.5909608683051844j)  (#lines=0)
      r = 0.382361805: exact-C2=True #blocks=42 sizes=[3, 4, 5] max deg(O)=9 at O=(0.30933719802858173+0.22474791382647166j)  (#lines=0)
      r = 0.382363471: exact-C2=True #blocks=42 sizes=[3, 4, 5] max deg(O)=2 at O=(1.4276880768787372+0.5909897165152265j)  (#lines=0)
      r = 0.382375200: exact-C2=True #blocks=42 sizes=[3, 4, 5] max deg(O)=2 at O=(1.4277066947051007+0.5910843385655877j)  (#lines=0)
      r = 0.382379970: exact-C2=True #blocks=42 sizes=[3, 4, 5] max deg(O)=2 at O=(1.427714263282918+0.5911228208222256j)  (#lines=0)
      r = 0.382381481: exact-C2=True #blocks=42 sizes=[3, 4, 5] max deg(O)=9 at O=(-0.11816096159740024+0.36366593993672075j)  (#lines=0)
      r = 0.382385442: exact-C2=True #blocks=42 sizes=[3, 4, 5] max deg(O)=2 at O=(1.4277229435907008+0.5911669671855877j)  (#lines=0)
      r = 0.382387456: exact-C2=True #blocks=42 sizes=[3, 4, 5] max deg(O)=2 at O=(1.4277261378515138+0.5911832156828529j)  (#lines=0)
      r = 0.382387486: exact-C2=True #blocks=42 sizes=[3, 4, 5] max deg(O)=2 at O=(1.4277261854300227+0.5911834577168229j)  (#lines=0)
      r = 0.382392006: exact-C2=True #blocks=42 sizes=[3, 4, 5] max deg(O)=2 at O=(1.4277333531414094+0.5912199244179224j)  (#lines=0)
      r = 0.382393606: exact-C2=True #blocks=42 sizes=[3, 4, 5] max deg(O)=2 at O=(1.4277358900111146+0.5912328331034868j)  (#lines=0)
      r = 0.382394079: exact-C2=True #blocks=42 sizes=[3, 4, 5] max deg(O)=2 at O=(1.4277366399358435+0.5912366492455507j)  (#lines=0)
      r = 0.382397590: exact-C2=True #blocks=42 sizes=[3, 4, 5] max deg(O)=2 at O=(1.4277422059686338+0.5912649760004112j)  (#lines=0)
      r = 0.382397657: exact-C2=True #blocks=42 sizes=[3, 4, 5] max deg(O)=2 at O=(1.427742312175444+0.5912655165594489j)  (#lines=0)
      r = 0.382399647: exact-C2=True #blocks=42 sizes=[3, 4, 5] max deg(O)=2 at O=(1.427745466520187+0.591281572019354j)  (#lines=0)
      r = 0.382399834: exact-C2=True #blocks=42 sizes=[3, 4, 5] max deg(O)=2 at O=(1.4277457629179675+0.5912830807534373j)  (#lines=0)
      r = 0.382400123: exact-C2=True #blocks=42 sizes=[3, 4, 5] max deg(O)=2 at O=(1.4277462209820213+0.5912854124350551j)  (#lines=0)
      r = 0.382406125: exact-C2=True #blocks=42 sizes=[3, 4, 5] max deg(O)=10 at O=(-0.11817110530791702+0.36369019875935404j)  (#lines=0)
      r = 0.382406923: exact-C2=True #blocks=42 sizes=[3, 4, 5] max deg(O)=2 at O=(1.4277569971220585+0.5913402761165021j)  (#lines=0)
      r = 0.382411710: exact-C2=True #blocks=42 sizes=[3, 4, 5] max deg(O)=2 at O=(1.427764581093117+0.5913788992071328j)  (#lines=0)
      r = 0.382414100: exact-C2=True #blocks=42 sizes=[3, 4, 5] max deg(O)=2 at O=(1.427768366879699+0.5913981827212337j)  (#lines=0)
      r = 0.382417222: exact-C2=True #blocks=42 sizes=[3, 4, 5] max deg(O)=2 at O=(1.4277733115063425+0.5914233725243834j)  (#lines=0)
      r = 0.382423231: exact-C2=True #blocks=42 sizes=[3, 4, 5] max deg(O)=2 at O=(1.4277828264744743+0.5914718567021717j)  (#lines=0)
      r = 0.382439320: exact-C2=True #blocks=42 sizes=[3, 4, 5] max deg(O)=2 at O=(1.427808289091212+0.5916016766086274j)  (#lines=0)
      r = 0.382442954: exact-C2=True #blocks=42 sizes=[3, 4, 5] max deg(O)=2 at O=(1.4278140375639876+0.5916309997178846j)  (#lines=0)
      r = 0.382444235: exact-C2=True #blocks=42 sizes=[3, 4, 5] max deg(O)=2 at O=(1.4278160636842812+0.5916413363111597j)  (#lines=0)
      r = 0.382449256: exact-C2=True #blocks=42 sizes=[3, 4, 5] max deg(O)=2 at O=(1.427824004046726+0.5916818519438539j)  (#lines=0)
      r = 0.382455298: exact-C2=True #blocks=42 sizes=[3, 4, 5] max deg(O)=2 at O=(1.42783355650067+0.5917306070752276j)  (#lines=0)
      r = 0.382457995: exact-C2=True #blocks=42 sizes=[3, 4, 5] max deg(O)=2 at O=(1.4278378195820287+0.5917523704503442j)  (#lines=0)
      r = 0.382469756: exact-C2=True #blocks=42 sizes=[3, 4, 5] max deg(O)=2 at O=(1.4278564034196084+0.5918472776073256j)  (#lines=0)
      r = 0.382483141: exact-C2=True #blocks=42 sizes=[3, 4, 5] max deg(O)=2 at O=(1.4278775405412893+0.591955293946329j)  (#lines=0)
      r = 0.382489017: exact-C2=True #blocks=42 sizes=[3, 4, 5] max deg(O)=2 at O=(1.4278868153971054+0.5920027143660636j)  (#lines=0)
      r = 0.382489471: exact-C2=True #blocks=42 sizes=[3, 4, 5] max deg(O)=2 at O=(1.4278875318947923+0.5920063782657585j)  (#lines=0)
      r = 0.382494024: exact-C2=True #blocks=42 sizes=[3, 4, 5] max deg(O)=2 at O=(1.42789471651852+0.592043122451559j)  (#lines=0)
      r = 0.382504442: exact-C2=True #blocks=42 sizes=[3, 4, 5] max deg(O)=2 at O=(1.427911150149333+0.5921272009723688j)  (#lines=0)
      r = 0.382504511: exact-C2=True #blocks=42 sizes=[3, 4, 5] max deg(O)=2 at O=(1.4279112589641674+0.5921277578459496j)  (#lines=0)
      r = 0.382506193: exact-C2=True #blocks=42 sizes=[3, 4, 5] max deg(O)=2 at O=(1.4279139114105317+0.5921413326838942j)  (#lines=0)
      r = 0.382507485: exact-C2=True #blocks=42 sizes=[3, 4, 5] max deg(O)=2 at O=(1.4279159486959923+0.5921517600136529j)  (#lines=0)
      r = 0.382507946: exact-C2=True #blocks=42 sizes=[3, 4, 5] max deg(O)=2 at O=(1.4279166755913208+0.5921554806108864j)  (#lines=0)
      r = 0.382509090: exact-C2=True #blocks=42 sizes=[3, 4, 5] max deg(O)=2 at O=(1.4279184793569697+0.5921647135251021j)  (#lines=0)
      r = 0.382509815: exact-C2=True #blocks=42 sizes=[3, 4, 5] max deg(O)=2 at O=(1.4279196224259878+0.5921705648201374j)  (#lines=0)
      r = 0.382516339: exact-C2=True #blocks=42 sizes=[3, 4, 5] max deg(O)=2 at O=(1.4279299066662492+0.5922232189755692j)  (#lines=0)
      r = 0.382518676: exact-C2=True #blocks=42 sizes=[3, 4, 5] max deg(O)=2 at O=(1.4279335898537389+0.59224208077689j)  (#lines=0)
      r = 0.382521653: exact-C2=True #blocks=42 sizes=[3, 4, 5] max deg(O)=2 at O=(1.4279382810983319+0.5922661081746936j)  (#lines=0)
      r = 0.382525746: exact-C2=True #blocks=42 sizes=[3, 4, 5] max deg(O)=2 at O=(1.4279447298646377+0.5922991431691924j)  (#lines=0)
      r = 0.382527613: exact-C2=True #blocks=42 sizes=[3, 4, 5] max deg(O)=2 at O=(1.4279476710102483+0.5923142120390162j)  (#lines=0)
      r = 0.382527811: exact-C2=True #blocks=42 sizes=[3, 4, 5] max deg(O)=2 at O=(1.4279479829104655+0.5923158101351251j)  (#lines=0)
      r = 0.382527814: exact-C2=True #blocks=42 sizes=[3, 4, 5] max deg(O)=2 at O=(1.4279479876362036+0.59231583434871j)  (#lines=0)
      r = 0.382527864: exact-C2=True #blocks=42 sizes=[3, 4, 5] max deg(O)=2 at O=(1.4279480663983994+0.5923162379084854j)  (#lines=0)
      r = 0.382528860: exact-C2=True #blocks=42 sizes=[3, 4, 5] max deg(O)=2 at O=(1.4279496353016021+0.5923242768317987j)  (#lines=0)
      r = 0.382532156: exact-C2=True #blocks=42 sizes=[3, 4, 5] max deg(O)=2 at O=(1.4279548266342803+0.5923508797044768j)  (#lines=0)
      r = 0.382533326: exact-C2=True #blocks=42 sizes=[3, 4, 5] max deg(O)=2 at O=(1.4279566692320043+0.5923603231415988j)  (#lines=0)
      r = 0.382540174: exact-C2=True #blocks=42 sizes=[3, 4, 5] max deg(O)=2 at O=(1.4279674518456267+0.5924155961604779j)  (#lines=0)
      r = 0.382542469: exact-C2=True #blocks=42 sizes=[3, 4, 5] max deg(O)=2 at O=(1.4279710646691117+0.5924341203004964j)  (#lines=0)
      r = 0.382548099: exact-C2=True #blocks=42 sizes=[3, 4, 5] max deg(O)=2 at O=(1.4279799257971266+0.5924795634999225j)  (#lines=0)
      r = 0.382560826: exact-C2=True #blocks=42 sizes=[3, 4, 5] max deg(O)=2 at O=(1.4279999480673933+0.5925822937752985j)  (#lines=0)
      r = 0.382578493: exact-C2=True #blocks=42 sizes=[3, 4, 5] max deg(O)=2 at O=(1.4280277215122843+0.5927249053955419j)  (#lines=0)
      r = 0.382580926: exact-C2=True #blocks=42 sizes=[3, 4, 5] max deg(O)=2 at O=(1.4280315444486056+0.5927445456555622j)  (#lines=0)
      r = 0.382582014: exact-C2=True #blocks=42 sizes=[3, 4, 5] max deg(O)=2 at O=(1.4280332538604283+0.5927533285224268j)  (#lines=0)
      r = 0.382582017: exact-C2=True #blocks=42 sizes=[3, 4, 5] max deg(O)=2 at O=(1.4280332585737552+0.5927533527399298j)  (#lines=0)
      r = 0.382582018: exact-C2=True #blocks=42 sizes=[3, 4, 5] max deg(O)=2 at O=(1.428033260144864+0.5927533608124314j)  (#lines=0)
      r = 0.382582021: exact-C2=True #blocks=42 sizes=[3, 4, 5] max deg(O)=2 at O=(1.42803326485819+0.5927533850299349j)  (#lines=0)
      r = 0.382582028: exact-C2=True #blocks=42 sizes=[3, 4, 5] max deg(O)=2 at O=(1.4280332758559477+0.592753441537444j)  (#lines=0)
      r = 0.382582029: exact-C2=True #blocks=42 sizes=[3, 4, 5] max deg(O)=2 at O=(1.4280332774270552+0.592753449609944j)  (#lines=0)
      r = 0.382582031: exact-C2=True #blocks=42 sizes=[3, 4, 5] max deg(O)=2 at O=(1.4280332805692713+0.5927534657549474j)  (#lines=0)
      r = 0.382582034: exact-C2=True #blocks=42 sizes=[3, 4, 5] max deg(O)=2 at O=(1.428033285282594+0.5927534899724536j)  (#lines=0)
      r = 0.382582035: exact-C2=True #blocks=42 sizes=[3, 4, 5] max deg(O)=2 at O=(1.4280332868537016+0.5927534980449538j)  (#lines=0)
      r = 0.382582036: exact-C2=True #blocks=42 sizes=[3, 4, 5] max deg(O)=2 at O=(1.428033288424809+0.5927535061174549j)  (#lines=0)
      r = 0.382582841: exact-C2=True #blocks=42 sizes=[3, 4, 5] max deg(O)=2 at O=(1.4280345531415028+0.5927600044890021j)  (#lines=0)
      r = 0.382585575: exact-C2=True #blocks=42 sizes=[3, 4, 5] max deg(O)=2 at O=(1.4280388480957162+0.5927820748511679j)  (#lines=0)
      r = 0.382585576: exact-C2=True #blocks=42 sizes=[3, 4, 5] max deg(O)=2 at O=(1.4280388496665535+0.5927820829237558j)  (#lines=0)
      r = 0.382589935: exact-C2=True #blocks=42 sizes=[3, 4, 5] max deg(O)=2 at O=(1.428045696220293+0.5928172715580327j)  (#lines=0)
      r = 0.382606925: exact-C2=True #blocks=42 sizes=[3, 4, 5] max deg(O)=2 at O=(1.4280723680701706+0.5929544300611329j)  (#lines=0)
      r = 0.382607226: exact-C2=True #blocks=42 sizes=[3, 4, 5] max deg(O)=2 at O=(1.4280728403980811+0.5929568600654156j)  (#lines=0)
      r = 0.382611880: exact-C2=True #blocks=42 sizes=[3, 4, 5] max deg(O)=2 at O=(1.4280801425545744+0.5929944325683187j)  (#lines=0)
      r = 0.382612888: exact-C2=True #blocks=42 sizes=[3, 4, 5] max deg(O)=2 at O=(1.4280817238952923+0.5930025703857263j)  (#lines=0)
      r = 0.382619660: exact-C2=True #blocks=42 sizes=[3, 4, 5] max deg(O)=2 at O=(1.428092345732395+0.5930572429430003j)  (#lines=0)
      r = 0.382619666: exact-C2=True #blocks=42 sizes=[3, 4, 5] max deg(O)=2 at O=(1.428092355141803+0.5930572913834408j)  (#lines=0)
      r = 0.382621006: exact-C2=True #blocks=42 sizes=[3, 4, 5] max deg(O)=2 at O=(1.4280944565072986+0.5930681097698298j)  (#lines=0)
      r = 0.382642787: exact-C2=True #blocks=42 sizes=[3, 4, 5] max deg(O)=2 at O=(1.4281285938776338+0.593243963038182j)  (#lines=0)
      r = 0.382645620: exact-C2=True #blocks=42 sizes=[3, 4, 5] max deg(O)=2 at O=(1.4281330313771095+0.5932668366686813j)  (#lines=0)
      r = 0.382654862: exact-C2=True #blocks=42 sizes=[3, 4, 5] max deg(O)=2 at O=(1.4281475034199236+0.5933414578784713j)  (#lines=0)
      r = 0.382660705: exact-C2=True #blocks=42 sizes=[3, 4, 5] max deg(O)=2 at O=(1.4281566496045073+0.5933886361410395j)  (#lines=0)
      r = 0.382660707: exact-C2=True #blocks=42 sizes=[3, 4, 5] max deg(O)=2 at O=(1.4281566527347076+0.5933886522898228j)  (#lines=0)
      r = 0.382681642: exact-C2=True #blocks=42 sizes=[3, 4, 5] max deg(O)=2 at O=(1.4281894013668162+0.5935576949414905j)  (#lines=0)
      r = 0.382685576: exact-C2=True #blocks=42 sizes=[3, 4, 5] max deg(O)=2 at O=(1.428195551588509+0.5935894617598696j)  (#lines=0)
      r = 0.382686289: exact-C2=True #blocks=42 sizes=[3, 4, 5] max deg(O)=2 at O=(1.428196666131009+0.593595219232591j)  (#lines=0)
      r = 0.382688300: exact-C2=True #blocks=42 sizes=[3, 4, 5] max deg(O)=2 at O=(1.4281998094630985+0.5936114581168015j)  (#lines=0)
      r = 0.382688488: exact-C2=True #blocks=42 sizes=[3, 4, 5] max deg(O)=2 at O=(1.4282001033043104+0.5936129762272907j)  (#lines=0)
      r = 0.382694821: exact-C2=True #blocks=42 sizes=[3, 4, 5] max deg(O)=2 at O=(1.4282100001119176+0.5936641160503218j)  (#lines=0)
      r = 0.382707591: exact-C2=True #blocks=42 sizes=[3, 4, 5] max deg(O)=2 at O=(1.4282299469331203+0.5937672384318211j)  (#lines=0)
      r = 0.382722614: exact-C2=True #blocks=42 sizes=[3, 4, 5] max deg(O)=2 at O=(1.4282533970038565+0.5938885596034466j)  (#lines=0)
      r = 0.382725278: exact-C2=True #blocks=42 sizes=[3, 4, 5] max deg(O)=2 at O=(1.4282575535601227+0.5939100738196976j)  (#lines=0)
      r = 0.382725492: exact-C2=True #blocks=42 sizes=[3, 4, 5] max deg(O)=2 at O=(1.4282578874341296+0.5939118020711639j)  (#lines=0)
      r = 0.382725497: exact-C2=True #blocks=42 sizes=[3, 4, 5] max deg(O)=2 at O=(1.4282578952348823+0.5939118424508836j)  (#lines=0)
      r = 0.382725498: exact-C2=True #blocks=42 sizes=[3, 4, 5] max deg(O)=2 at O=(1.4282578967950326+0.5939118505268277j)  (#lines=0)
      r = 0.382726716: exact-C2=True #blocks=42 sizes=[3, 4, 5] max deg(O)=2 at O=(1.4282597970013875+0.5939216870445256j)  (#lines=0)
      r = 0.382729304: exact-C2=True #blocks=42 sizes=[3, 4, 5] max deg(O)=2 at O=(1.4282638341735263+0.5939425877434518j)  (#lines=0)
      r = 0.382731069: exact-C2=True #blocks=42 sizes=[3, 4, 5] max deg(O)=2 at O=(1.428266587206414+0.5939568419827899j)  (#lines=0)
      r = 0.382732769: exact-C2=True #blocks=42 sizes=[3, 4, 5] max deg(O)=2 at O=(1.4282692386277556+0.5939705713489135j)  (#lines=0)
      r = 0.382742939: exact-C2=True #blocks=42 sizes=[3, 4, 5] max deg(O)=2 at O=(1.4282850957534516+0.5940527067060555j)  (#lines=0)
      r = 0.382743163: exact-C2=True #blocks=42 sizes=[3, 4, 5] max deg(O)=2 at O=(1.4282854449266469+0.5940545158115684j)  (#lines=0)
      r = 0.382744241: exact-C2=True #blocks=42 sizes=[3, 4, 5] max deg(O)=2 at O=(1.4282871252690161+0.5940632221486206j)  (#lines=0)
      r = 0.382748236: exact-C2=True #blocks=42 sizes=[3, 4, 5] max deg(O)=2 at O=(1.428293351737413+0.5940954875267539j)  (#lines=0)
      r = 0.382751556: exact-C2=True #blocks=42 sizes=[3, 4, 5] max deg(O)=2 at O=(1.428298525246203+0.5941223015980455j)  (#lines=0)
      r = 0.382755207: exact-C2=True #blocks=42 sizes=[3, 4, 5] max deg(O)=2 at O=(1.4283042135750061+0.5941517893040287j)  (#lines=0)
      r = 0.382755210: exact-C2=True #blocks=42 sizes=[3, 4, 5] max deg(O)=2 at O=(1.4283042182486452+0.5941518135339914j)  (#lines=0)
      r = 0.382755954: exact-C2=True #blocks=42 sizes=[3, 4, 5] max deg(O)=2 at O=(1.4283053772899468+0.594157822571536j)  (#lines=0)
      r = 0.382755956: exact-C2=True #blocks=42 sizes=[3, 4, 5] max deg(O)=2 at O=(1.4283053804055923+0.5941578387248796j)  (#lines=0)
      r = 0.382756901: exact-C2=True #blocks=42 sizes=[3, 4, 5] max deg(O)=2 at O=(1.4283068525138478+0.5941654711908704j)  (#lines=0)
      r = 0.382759257: exact-C2=True #blocks=42 sizes=[3, 4, 5] max deg(O)=2 at O=(1.42831052236167+0.5941844999503054j)  (#lines=0)
      r = 0.382762537: exact-C2=True #blocks=42 sizes=[3, 4, 5] max deg(O)=2 at O=(1.4283156307812122+0.594210991822608j)  (#lines=0)
      r = 0.382773251: exact-C2=True #blocks=42 sizes=[3, 4, 5] max deg(O)=2 at O=(1.4283323115167958+0.594297528344631j)  (#lines=0)
      r = 0.382795194: exact-C2=True #blocks=42 sizes=[3, 4, 5] max deg(O)=2 at O=(1.4283664474083775+0.5944747695743247j)  (#lines=0)
      r = 0.382796215: exact-C2=True #blocks=42 sizes=[3, 4, 5] max deg(O)=2 at O=(1.4283680348431047+0.5944830168255162j)  (#lines=0)
      r = 0.382796518: exact-C2=True #blocks=42 sizes=[3, 4, 5] max deg(O)=2 at O=(1.4283685059273998+0.5944854643495074j)  (#lines=0)
      r = 0.382796713: exact-C2=True #blocks=42 sizes=[3, 4, 5] max deg(O)=2 at O=(1.4283688090967497+0.5944870394898687j)  (#lines=0)
      r = 0.382796714: exact-C2=True #blocks=42 sizes=[3, 4, 5] max deg(O)=2 at O=(1.428368810651457+0.5944870475675139j)  (#lines=0)
      r = 0.382796719: exact-C2=True #blocks=42 sizes=[3, 4, 5] max deg(O)=2 at O=(1.4283688184249914+0.594487087955742j)  (#lines=0)
      r = 0.382796919: exact-C2=True #blocks=42 sizes=[3, 4, 5] max deg(O)=2 at O=(1.4283691293648018+0.5944887034852855j)  (#lines=0)
      r = 0.382800157: exact-C2=True #blocks=42 sizes=[3, 4, 5] max deg(O)=2 at O=(1.428374163054802+0.5945148590413769j)  (#lines=0)
      r = 0.382806303: exact-C2=True #blocks=42 sizes=[3, 4, 5] max deg(O)=2 at O=(1.4283837152228065+0.594564505203909j)  (#lines=0)
      r = 0.382817151: exact-C2=True #blocks=42 sizes=[3, 4, 5] max deg(O)=2 at O=(1.4284005682337275+0.594652135382209j)  (#lines=0)
      r = 0.382818310: exact-C2=True #blocks=42 sizes=[3, 4, 5] max deg(O)=2 at O=(1.4284023682769067+0.5946614979536988j)  (#lines=0)
      r = 0.382819874: exact-C2=True #blocks=42 sizes=[3, 4, 5] max deg(O)=2 at O=(1.4284047971628664+0.5946741322251536j)  (#lines=0)
      r = 0.382826121: exact-C2=True #blocks=42 sizes=[3, 4, 5] max deg(O)=2 at O=(1.42841449686421+0.594724597188627j)  (#lines=0)
      r = 0.382847987: exact-C2=True #blocks=42 sizes=[3, 4, 5] max deg(O)=2 at O=(1.4284484246445963+0.5949012439977399j)  (#lines=0)
      r = 0.382852278: exact-C2=True #blocks=42 sizes=[3, 4, 5] max deg(O)=2 at O=(1.4284550783655703+0.5949359106339422j)  (#lines=0)
      r = 0.382859753: exact-C2=True #blocks=42 sizes=[3, 4, 5] max deg(O)=2 at O=(1.4284666659052125+0.594996301590615j)  (#lines=0)
      r = 0.382862770: exact-C2=True #blocks=42 sizes=[3, 4, 5] max deg(O)=2 at O=(1.4284713415652228+0.5950206764843163j)  (#lines=0)
      r = 0.382874449: exact-C2=True #blocks=42 sizes=[3, 4, 5] max deg(O)=2 at O=(1.4284894347803694+0.5951150352977754j)  (#lines=0)
      r = 0.382896893: exact-C2=True #blocks=42 sizes=[3, 4, 5] max deg(O)=2 at O=(1.4285241759421001+0.5952963774929474j)  (#lines=0)
      r = 0.382904194: exact-C2=True #blocks=42 sizes=[3, 4, 5] max deg(O)=2 at O=(1.428535468883934+0.5953553704198912j)  (#lines=0)
      r = 0.382908230: exact-C2=True #blocks=42 sizes=[3, 4, 5] max deg(O)=2 at O=(1.4285417098830107+0.5953879823112227j)  (#lines=0)
      r = 0.382909015: exact-C2=True #blocks=42 sizes=[3, 4, 5] max deg(O)=2 at O=(1.4285429236094667+0.5953943253528395j)  (#lines=0)
      r = 0.382920493: exact-C2=True #blocks=42 sizes=[3, 4, 5] max deg(O)=2 at O=(1.4285606649156248+0.5954870727958079j)  (#lines=0)
      r = 0.382921105: exact-C2=True #blocks=42 sizes=[3, 4, 5] max deg(O)=2 at O=(1.4285616105882486+0.5954920181210046j)  (#lines=0)
      r = 0.382936940: exact-C2=True #blocks=42 sizes=[3, 4, 5] max deg(O)=2 at O=(1.428586069130699+0.5956199774585309j)  (#lines=0)
      r = 0.382942573: exact-C2=True #blocks=42 sizes=[3, 4, 5] max deg(O)=2 at O=(1.4285947651650206+0.5956654979920892j)  (#lines=0)
      r = 0.382948160: exact-C2=True #blocks=42 sizes=[3, 4, 5] max deg(O)=2 at O=(1.4286033877875348+0.595710647540349j)  (#lines=0)
      r = 0.382950750: exact-C2=True #blocks=42 sizes=[3, 4, 5] max deg(O)=2 at O=(1.4286073842193816+0.595731578045424j)  (#lines=0)
      r = 0.383009210: exact-C2=True #blocks=42 sizes=[3, 4, 5] max deg(O)=2 at O=(1.4286974528102108+0.5962040516888463j)  (#lines=0)
      r = 0.383046086: exact-C2=True #blocks=42 sizes=[3, 4, 5] max deg(O)=2 at O=(1.4287541326300168+0.5965021250249323j)  (#lines=0)
      r = 0.383067256: exact-C2=True #blocks=42 sizes=[3, 4, 5] max deg(O)=2 at O=(1.4287866246780436+0.5966732592913602j)  (#lines=0)
      r = 0.383068365: exact-C2=True #blocks=42 sizes=[3, 4, 5] max deg(O)=2 at O=(1.4287883258425027+0.5966822245283903j)  (#lines=0)
      r = 0.383119622: exact-C2=True #blocks=42 sizes=[3, 4, 5] max deg(O)=2 at O=(1.4288668493589376+0.5970966214714006j)  (#lines=0)
      r = 0.434483245: exact-C2=True #blocks=42 sizes=[3, 4, 5] max deg(O)=3 at O=(1.400792362619043+1.01773524102014j)  (#lines=0)
      r = 0.434483246: exact-C2=True #blocks=42 sizes=[3, 4, 5] max deg(O)=3 at O=(1.4007923600130345+1.017735248797222j)  (#lines=0)
      r = 0.464312610: exact-C2=True #blocks=42 sizes=[3, 4, 5] max deg(O)=3 at O=(0.6829142945689619+1.2989801588874164j)  (#lines=0)
      r = 0.464312611: exact-C2=True #blocks=42 sizes=[3, 4, 5] max deg(O)=3 at O=(0.6829142913168473+1.2989801592331953j)  (#lines=0)
      r = 0.464312612: exact-C2=True #blocks=42 sizes=[3, 4, 5] max deg(O)=3 at O=(0.682914288064733+1.2989801595789743j)  (#lines=0)
      r = 0.464312615: exact-C2=True #blocks=42 sizes=[3, 4, 5] max deg(O)=3 at O=(0.6829142783083892+1.2989801606163116j)  (#lines=0)
      r = 0.508780258: exact-C2=True #blocks=42 sizes=[3, 4, 5] max deg(O)=2 at O=(1.058535979063069+1.4484805475202125j)  (#lines=0)
      r = 0.508780444: exact-C2=True #blocks=42 sizes=[3, 4, 5] max deg(O)=2 at O=(1.0585349108668827+1.4484811948604523j)  (#lines=0)
      r = 0.508780464: exact-C2=True #blocks=42 sizes=[3, 4, 5] max deg(O)=2 at O=(1.0585347960070624+1.4484812644667988j)  (#lines=0)
      r = 0.508784803: exact-C2=True #blocks=42 sizes=[3, 4, 5] max deg(O)=2 at O=(1.0585098770961168+1.448496364965691j)  (#lines=0)
      r = 0.508816701: exact-C2=True #blocks=42 sizes=[3, 4, 5] max deg(O)=2 at O=(1.0583266821881048+1.4486073391809517j)  (#lines=0)
      r = 0.508843178: exact-C2=True #blocks=42 sizes=[3, 4, 5] max deg(O)=2 at O=(1.0581746149510207+1.4486994046850241j)  (#lines=0)
      r = 0.508849224: exact-C2=True #blocks=42 sizes=[3, 4, 5] max deg(O)=2 at O=(1.058139889776551+1.4487204215462777j)  (#lines=0)
      r = 0.508892859: exact-C2=True #blocks=42 sizes=[3, 4, 5] max deg(O)=2 at O=(1.0578892640696154+1.4488720352412123j)  (#lines=0)
      r = 0.508909202: exact-C2=True #blocks=42 sizes=[3, 4, 5] max deg(O)=2 at O=(1.0577953912878322+1.4489287894657568j)  (#lines=0)
      r = 0.508910577: exact-C2=True #blocks=42 sizes=[3, 4, 5] max deg(O)=2 at O=(1.057787493313893+1.4489335636488376j)  (#lines=0)
      r = 0.508912971: exact-C2=True #blocks=42 sizes=[3, 4, 5] max deg(O)=2 at O=(1.057773742189001+1.4489418756504109j)  (#lines=0)
      r = 0.508914112: exact-C2=True #blocks=42 sizes=[3, 4, 5] max deg(O)=2 at O=(1.057767188274979+1.44894583709093j)  (#lines=0)
      r = 0.508914555: exact-C2=True #blocks=42 sizes=[3, 4, 5] max deg(O)=2 at O=(1.057764643676425+1.4489473751214672j)  (#lines=0)
      r = 0.508916002: exact-C2=True #blocks=42 sizes=[3, 4, 5] max deg(O)=2 at O=(1.0577563320766334+1.448952398805206j)  (#lines=0)
      r = 0.508969738: exact-C2=True #blocks=42 sizes=[3, 4, 5] max deg(O)=2 at O=(1.0574476600776994+1.4491388653309398j)  (#lines=0)
      r = 0.508972561: exact-C2=True #blocks=42 sizes=[3, 4, 5] max deg(O)=2 at O=(1.0574314435098295+1.4491486562321323j)  (#lines=0)
      r = 0.508984567: exact-C2=True #blocks=42 sizes=[3, 4, 5] max deg(O)=2 at O=(1.0573624750332422+1.4491902905496197j)  (#lines=0)
      r = 0.508986567: exact-C2=True #blocks=42 sizes=[3, 4, 5] max deg(O)=2 at O=(1.0573509859260621+1.449197225249618j)  (#lines=0)
      r = 0.508990584: exact-C2=True #blocks=42 sizes=[3, 4, 5] max deg(O)=2 at O=(1.057327909963246+1.4492111528308493j)  (#lines=0)
      r = 0.508995501: exact-C2=True #blocks=42 sizes=[3, 4, 5] max deg(O)=2 at O=(1.0572996637163938+1.4492281994679737j)  (#lines=0)
      r = 0.508997254: exact-C2=True #blocks=42 sizes=[3, 4, 5] max deg(O)=2 at O=(1.05728959337124+1.4492342765349526j)  (#lines=0)
      r = 0.509003517: exact-C2=True #blocks=42 sizes=[3, 4, 5] max deg(O)=2 at O=(1.057253614533362+1.4492559866831602j)  (#lines=0)
      r = 0.509010047: exact-C2=True #blocks=42 sizes=[3, 4, 5] max deg(O)=2 at O=(1.0572161015557688+1.4492786197243823j)  (#lines=0)
      r = 0.509010175: exact-C2=True #blocks=42 sizes=[3, 4, 5] max deg(O)=2 at O=(1.057215366229269+1.4492790633466566j)  (#lines=0)
      r = 0.509011121: exact-C2=True #blocks=42 sizes=[3, 4, 5] max deg(O)=2 at O=(1.0572099317030341+1.4492823419604273j)  (#lines=0)
      r = 0.509021230: exact-C2=True #blocks=42 sizes=[3, 4, 5] max deg(O)=2 at O=(1.0571518576831809+1.4493173738489067j)  (#lines=0)
      r = 0.509029207: exact-C2=True #blocks=42 sizes=[3, 4, 5] max deg(O)=2 at O=(1.0571060310009752+1.44934501291287j)  (#lines=0)
      r = 0.509057040: exact-C2=True #blocks=42 sizes=[3, 4, 5] max deg(O)=2 at O=(1.056946130808148+1.4494414184407898j)  (#lines=0)
      r = 0.509064035: exact-C2=True #blocks=42 sizes=[3, 4, 5] max deg(O)=2 at O=(1.0569059437202262+1.4494656394183663j)  (#lines=0)
      r = 0.509070309: exact-C2=True #blocks=42 sizes=[3, 4, 5] max deg(O)=2 at O=(1.0568698985500868+1.4494873612223445j)  (#lines=0)
      r = 0.509072047: exact-C2=True #blocks=42 sizes=[3, 4, 5] max deg(O)=2 at O=(1.056859913399959+1.4494933780753445j)  (#lines=0)
      r = 0.509072136: exact-C2=True #blocks=42 sizes=[3, 4, 5] max deg(O)=2 at O=(1.056859402076934+1.4494936861829348j)  (#lines=0)
      r = 0.509072174: exact-C2=True #blocks=42 sizes=[3, 4, 5] max deg(O)=2 at O=(1.0568591837592198+1.4494938177343375j)  (#lines=0)
      r = 0.509073349: exact-C2=True #blocks=42 sizes=[3, 4, 5] max deg(O)=2 at O=(1.0568524331403821+1.4494978853971618j)  (#lines=0)
      r = 0.509074208: exact-C2=True #blocks=42 sizes=[3, 4, 5] max deg(O)=2 at O=(1.0568474980006002+1.4495008590631366j)  (#lines=0)
      r = 0.509075249: exact-C2=True #blocks=42 sizes=[3, 4, 5] max deg(O)=2 at O=(1.0568415172242864+1.4495044627099527j)  (#lines=0)
      r = 0.509075786: exact-C2=True #blocks=42 sizes=[3, 4, 5] max deg(O)=2 at O=(1.0568384320368016+1.449506321624916j)  (#lines=0)
      r = 0.509075970: exact-C2=True #blocks=42 sizes=[3, 4, 5] max deg(O)=2 at O=(1.056837374914338+1.4495069585673792j)  (#lines=0)
      r = 0.509076441: exact-C2=True #blocks=42 sizes=[3, 4, 5] max deg(O)=2 at O=(1.056834668909489+1.449508588991876j)  (#lines=0)
      r = 0.509077032: exact-C2=True #blocks=42 sizes=[3, 4, 5] max deg(O)=2 at O=(1.0568312734743113+1.4495106347913251j)  (#lines=0)
      r = 0.509079081: exact-C2=True #blocks=42 sizes=[3, 4, 5] max deg(O)=2 at O=(1.0568195014631372+1.4495177274175375j)  (#lines=0)
      r = 0.509082067: exact-C2=True #blocks=42 sizes=[3, 4, 5] max deg(O)=2 at O=(1.05680234609942+1.449528063000188j)  (#lines=0)
      r = 0.509094246: exact-C2=True #blocks=42 sizes=[3, 4, 5] max deg(O)=2 at O=(1.0567323738186845+1.4495702129138057j)  (#lines=0)
      r = 0.509094511: exact-C2=True #blocks=42 sizes=[3, 4, 5] max deg(O)=2 at O=(1.0567308512959808+1.4495711299397203j)  (#lines=0)
      r = 0.509098164: exact-C2=True #blocks=42 sizes=[3, 4, 5] max deg(O)=2 at O=(1.0567098634108643+1.4495837706033994j)  (#lines=0)
      r = 0.509098255: exact-C2=True #blocks=42 sizes=[3, 4, 5] max deg(O)=2 at O=(1.056709340579717+1.4495840854846176j)  (#lines=0)
      r = 0.509100900: exact-C2=True #blocks=42 sizes=[3, 4, 5] max deg(O)=2 at O=(1.0566941439771504+1.4495932375727556j)  (#lines=0)
      r = 0.509116294: exact-C2=True #blocks=42 sizes=[3, 4, 5] max deg(O)=2 at O=(1.056605698142893+1.4496464943015295j)  (#lines=0)
      r = 0.509116338: exact-C2=True #blocks=42 sizes=[3, 4, 5] max deg(O)=2 at O=(1.0566054453394915+1.4496466465014657j)  (#lines=0)
      r = 0.509116367: exact-C2=True #blocks=42 sizes=[3, 4, 5] max deg(O)=2 at O=(1.0566052787190592+1.4496467468149934j)  (#lines=0)
      r = 0.509127017: exact-C2=True #blocks=42 sizes=[3, 4, 5] max deg(O)=2 at O=(1.056544088379497+1.4496835825015948j)  (#lines=0)
      r = 0.509129120: exact-C2=True #blocks=42 sizes=[3, 4, 5] max deg(O)=2 at O=(1.0565320053424831+1.4496908554057044j)  (#lines=0)
      r = 0.509130262: exact-C2=True #blocks=42 sizes=[3, 4, 5] max deg(O)=2 at O=(1.0565254438316996+1.4496948047211513j)  (#lines=0)
      r = 0.509131722: exact-C2=True #blocks=42 sizes=[3, 4, 5] max deg(O)=2 at O=(1.0565170551961167+1.4496998536384456j)  (#lines=0)
      r = 0.509140719: exact-C2=True #blocks=42 sizes=[3, 4, 5] max deg(O)=2 at O=(1.0564653613169477+1.4497309637557503j)  (#lines=0)
      r = 0.509145317: exact-C2=True #blocks=42 sizes=[3, 4, 5] max deg(O)=2 at O=(1.0564389424506244+1.4497468608947726j)  (#lines=0)
      r = 0.509146621: exact-C2=True #blocks=42 sizes=[3, 4, 5] max deg(O)=2 at O=(1.056431449990264+1.4497513691052653j)  (#lines=0)
      r = 0.509147467: exact-C2=True #blocks=42 sizes=[3, 4, 5] max deg(O)=2 at O=(1.0564265890774982+1.4497542938531032j)  (#lines=0)
      r = 0.509152889: exact-C2=True #blocks=42 sizes=[3, 4, 5] max deg(O)=2 at O=(1.0563954354422294+1.4497730374404516j)  (#lines=0)
      r = 0.509156115: exact-C2=True #blocks=42 sizes=[3, 4, 5] max deg(O)=2 at O=(1.0563768994431362+1.449784188682862j)  (#lines=0)
      r = 0.509162130: exact-C2=True #blocks=42 sizes=[3, 4, 5] max deg(O)=2 at O=(1.05634233816053+1.4498049788443734j)  (#lines=0)
      r = 0.509166145: exact-C2=True #blocks=42 sizes=[3, 4, 5] max deg(O)=2 at O=(1.056319268427358+1.4498188549624236j)  (#lines=0)
      r = 0.509170328: exact-C2=True #blocks=42 sizes=[3, 4, 5] max deg(O)=2 at O=(1.056295233258609+1.4498333106173393j)  (#lines=0)
      r = 0.509172556: exact-C2=True #blocks=42 sizes=[3, 4, 5] max deg(O)=2 at O=(1.0562824313038797+1.44984100971192j)  (#lines=0)
      r = 0.509179818: exact-C2=True #blocks=42 sizes=[3, 4, 5] max deg(O)=2 at O=(1.0562407040318809+1.4498661021611237j)  (#lines=0)
      r = 0.509187377: exact-C2=True #blocks=42 sizes=[3, 4, 5] max deg(O)=2 at O=(1.0561972697919622+1.4498922172997206j)  (#lines=0)
      r = 0.509191046: exact-C2=True #blocks=42 sizes=[3, 4, 5] max deg(O)=2 at O=(1.056176187456441+1.4499048918085182j)  (#lines=0)
      r = 0.509199397: exact-C2=True #blocks=42 sizes=[3, 4, 5] max deg(O)=2 at O=(1.0561282016454112+1.4499337370512333j)  (#lines=0)
      r = 0.509209001: exact-C2=True #blocks=42 sizes=[3, 4, 5] max deg(O)=2 at O=(1.0560730153168507+1.449966904845279j)  (#lines=0)
      r = 0.509209077: exact-C2=True #blocks=42 sizes=[3, 4, 5] max deg(O)=2 at O=(1.05607257860434+1.4499671672910612j)  (#lines=0)
      r = 0.509211486: exact-C2=True #blocks=42 sizes=[3, 4, 5] max deg(O)=2 at O=(1.0560587359449558+1.4499754859427254j)  (#lines=0)
      r = 0.509214678: exact-C2=True #blocks=42 sizes=[3, 4, 5] max deg(O)=2 at O=(1.0560403939245828+1.4499865078507645j)  (#lines=0)
      r = 0.509215380: exact-C2=True #blocks=42 sizes=[3, 4, 5] max deg(O)=2 at O=(1.0560363600491531+1.4499889317555226j)  (#lines=0)
      r = 0.509217581: exact-C2=True #blocks=42 sizes=[3, 4, 5] max deg(O)=2 at O=(1.0560237125045635+1.4499965312893885j)  (#lines=0)
      r = 0.509217692: exact-C2=True #blocks=42 sizes=[3, 4, 5] max deg(O)=2 at O=(1.0560230746674324+1.4499969145381066j)  (#lines=0)
      r = 0.509217995: exact-C2=True #blocks=42 sizes=[3, 4, 5] max deg(O)=2 at O=(1.0560213335439939+1.449997960699565j)  (#lines=0)
      r = 0.509217996: exact-C2=True #blocks=42 sizes=[3, 4, 5] max deg(O)=2 at O=(1.0560213277977109+1.4499979641522334j)  (#lines=0)
      r = 0.509218004: exact-C2=True #blocks=42 sizes=[3, 4, 5] max deg(O)=2 at O=(1.0560212818274461+1.4499979917735786j)  (#lines=0)
      r = 0.509218014: exact-C2=True #blocks=42 sizes=[3, 4, 5] max deg(O)=2 at O=(1.0560212243646132+1.449998026300256j)  (#lines=0)
      r = 0.509218026: exact-C2=True #blocks=42 sizes=[3, 4, 5] max deg(O)=2 at O=(1.0560211554092143+1.4499980677322588j)  (#lines=0)
      r = 0.509218034: exact-C2=True #blocks=42 sizes=[3, 4, 5] max deg(O)=2 at O=(1.056021109438947+1.4499980953535898j)  (#lines=0)
      r = 0.509219348: exact-C2=True #blocks=42 sizes=[3, 4, 5] max deg(O)=2 at O=(1.056013558816246+1.4500026321022799j)  (#lines=0)
      r = 0.509219857: exact-C2=True #blocks=42 sizes=[3, 4, 5] max deg(O)=2 at O=(1.0560106339521425+1.4500043894588959j)  (#lines=0)
      r = 0.509227131: exact-C2=True #blocks=42 sizes=[3, 4, 5] max deg(O)=2 at O=(1.0559688351951562+1.450029501644279j)  (#lines=0)
      r = 0.509231999: exact-C2=True #blocks=42 sizes=[3, 4, 5] max deg(O)=2 at O=(1.0559408618755233+1.450046305678685j)  (#lines=0)
      r = 0.509241374: exact-C2=True #blocks=42 sizes=[3, 4, 5] max deg(O)=2 at O=(1.0558869891854292+1.450078663382881j)  (#lines=0)
      r = 0.509241402: exact-C2=True #blocks=42 sizes=[3, 4, 5] max deg(O)=2 at O=(1.055886828284697+1.4500787600162468j)  (#lines=0)
      r = 0.509243118: exact-C2=True #blocks=42 sizes=[3, 4, 5] max deg(O)=2 at O=(1.0558769673573938+1.4500846821666293j)  (#lines=0)
      r = 0.509273762: exact-C2=True #blocks=42 sizes=[3, 4, 5] max deg(O)=2 at O=(1.0557008691734795+1.4501904074962533j)  (#lines=0)
      r = 0.509281893: exact-C2=True #blocks=42 sizes=[3, 4, 5] max deg(O)=2 at O=(1.055654142583039+1.4502184504319144j)  (#lines=0)
      r = 0.509300236: exact-C2=True #blocks=42 sizes=[3, 4, 5] max deg(O)=2 at O=(1.0555487287044871+1.4502816981203823j)  (#lines=0)
      r = 0.509316387: exact-C2=True #blocks=42 sizes=[3, 4, 5] max deg(O)=2 at O=(1.0554559098222154+1.450337370089138j)  (#lines=0)
      r = 0.509342646: exact-C2=True #blocks=42 sizes=[3, 4, 5] max deg(O)=2 at O=(1.0553049967910375+1.4504278488619198j)  (#lines=0)
      r = 0.509363932: exact-C2=True #blocks=42 sizes=[3, 4, 5] max deg(O)=2 at O=(1.055182660407679+1.450501160588936j)  (#lines=0)
      r = 0.509525447: exact-C2=True #blocks=42 sizes=[3, 4, 5] max deg(O)=3 at O=(1.0542542839669673+1.4510565077311082j)  (#lines=0)
      r = 0.509525448: exact-C2=True #blocks=42 sizes=[3, 4, 5] max deg(O)=3 at O=(1.0542542782184625+1.4510565111643776j)  (#lines=0)
      r = 0.509525449: exact-C2=True #blocks=42 sizes=[3, 4, 5] max deg(O)=3 at O=(1.0542542724699586+1.4510565145976466j)  (#lines=0)
      r = 0.509525450: exact-C2=True #blocks=42 sizes=[3, 4, 5] max deg(O)=3 at O=(1.054254266721454+1.4510565180309158j)  (#lines=0)
      r = 0.509525451: exact-C2=True #blocks=42 sizes=[3, 4, 5] max deg(O)=3 at O=(1.0542542609729506+1.4510565214641848j)  (#lines=0)
      r = 0.509525452: exact-C2=True #blocks=42 sizes=[3, 4, 5] max deg(O)=3 at O=(1.0542542552244472+1.4510565248974532j)  (#lines=0)
      r = 0.509623057: exact-C2=True #blocks=42 sizes=[3, 4, 5] max deg(O)=2 at O=(1.0536931388030626+1.451391328769846j)  (#lines=0)
      r = 0.509635986: exact-C2=True #blocks=42 sizes=[3, 4, 5] max deg(O)=2 at O=(1.053618806899211+1.451435632674643j)  (#lines=0)
      r = 0.509636050: exact-C2=True #blocks=42 sizes=[3, 4, 5] max deg(O)=2 at O=(1.0536184389450343+1.4514358519577337j)  (#lines=0)
      r = 0.509636055: exact-C2=True #blocks=42 sizes=[3, 4, 5] max deg(O)=2 at O=(1.0536184101986126+1.4514358690892144j)  (#lines=0)
      r = 0.509636068: exact-C2=True #blocks=42 sizes=[3, 4, 5] max deg(O)=2 at O=(1.0536183354579163+1.4514359136310568j)  (#lines=0)
      r = 0.509636373: exact-C2=True #blocks=42 sizes=[3, 4, 5] max deg(O)=2 at O=(1.0536165819258594+1.4514369586481441j)  (#lines=0)
      r = 0.509636451: exact-C2=True #blocks=42 sizes=[3, 4, 5] max deg(O)=2 at O=(1.053616133481492+1.4514372258974728j)  (#lines=0)
