FAM D=51 ell=11 count=22 nF=17 blocks: 0123 0145 2345 0246 1356 1247 0357 0167 3467 2567 0348 1258 2368 1468 0568 0278 1378
FAM D=54 ell=11 count=19 nF=18 blocks: 0123 0145 2345 0246 1356 1247 0357 0167 3467 2567 0348 1258 2368 1468 0568 0278 1378 4578
FAM D=51 ell=11 count=22 nF=17 blocks: 0123 0145 2345 0246 1356 1247 0357 0167 3467 2567 0348 1258 2368 1468 0568 0278 4578
FAM D=51 ell=11 count=22 nF=17 blocks: 0123 0145 2345 0246 1356 1247 0357 0167 3467 2567 0348 1258 2368 1468 0568 1378 4578
FAM D=51 ell=11 count=22 nF=17 blocks: 0123 0145 2345 0246 1356 1247 0357 0167 3467 2567 0348 1258 2368 1468 0278 1378 4578
FAM D=51 ell=11 count=22 nF=17 blocks: 0123 0145 2345 0246 1356 1247 0357 0167 3467 2567 0348 1258 2368 0568 0278 1378 4578
FAM D=51 ell=11 count=22 nF=17 blocks: 0123 0145 2345 0246 1356 1247 0357 0167 3467 2567 0348 1258 1468 0568 0278 1378 4578
FAM D=51 ell=11 count=22 nF=17 blocks: 0123 0145 2345 0246 1356 1247 0357 0167 3467 2567 0348 2368 1468 0568 0278 1378 4578
FAM D=51 ell=11 count=22 nF=17 blocks: 0123 0145 2345 0246 1356 1247 0357 0167 3467 2567 1348 0258 1268 0368 4568 2378 0478
FAM D=54 ell=11 count=19 nF=18 blocks: 0123 0145 2345 0246 1356 1247 0357 0167 3467 2567 1348 0258 1268 0368 4568 2378 0478 1578
FAM D=51 ell=11 count=22 nF=17 blocks: 0123 0145 2345 0246 1356 1247 0357 0167 3467 2567 1348 0258 1268 0368 4568 2378 1578
FAM D=51 ell=11 count=22 nF=17 blocks: 0123 0145 2345 0246 1356 1247 0357 0167 3467 2567 1348 0258 1268 0368 4568 0478 1578
FAM D=51 ell=11 count=22 nF=17 blocks: 0123 0145 2345 0246 1356 1247 0357 0167 3467 2567 1348 0258 1268 0368 2378 0478 1578
FAM D=51 ell=11 count=22 nF=17 blocks: 0123 0145 2345 0246 1356 1247 0357 0167 3467 2567 1348 0258 1268 4568 2378 0478 1578
FAM D=51 ell=11 count=22 nF=17 blocks: 0123 0145 2345 0246 1356 1247 0357 0167 3467 2567 1348 0258 0368 4568 2378 0478 1578
FAM D=51 ell=11 count=22 nF=17 blocks: 0123 0145 2345 0246 1356 1247 0357 0167 3467 2567 1348 1268 0368 4568 2378 0478 1578
FAM D=51 ell=11 count=22 nF=17 blocks: 0123 0145 2345 0246 1356 1247 0357 0167 3467 2567 0258 1268 0368 4568 2378 0478 1578
FAM D=51 ell=11 count=22 nF=17 blocks: 0123 0145 2345 0246 1356 1247 0357 0167 3467 2567 1258 2368 1468 0568 0278 1378 4578
FAM D=51 ell=11 count=22 nF=17 blocks: 0123 0145 2345 0246 1356 1247 0357 0167 3467 0348 1258 2368 1468 0568 0278 1378 4578
FAM D=51 ell=11 count=22 nF=17 blocks: 0123 0145 2345 0246 1356 1247 0357 0167 3467 1348 0258 1268 0368 4568 2378 0478 1578
FAM D=51 ell=11 count=22 nF=17 blocks: 0123 0145 2345 0246 1356 1247 0357 0167 2567 0348 1258 2368 1468 0568 0278 1378 4578
FAM D=51 ell=11 count=22 nF=17 blocks: 0123 0145 2345 0246 1356 1247 0357 0167 2567 1348 0258 1268 0368 4568 2378 0478 1578
FAM D=51 ell=11 count=22 nF=17 blocks: 0123 0145 2345 0246 1356 1247 0357 3467 2567 0348 1258 2368 1468 0568 0278 1378 4578
FAM D=51 ell=11 count=22 nF=17 blocks: 0123 0145 2345 0246 1356 1247 0357 3467 2567 1348 0258 1268 0368 4568 2378 0478 1578
FAM D=51 ell=11 count=22 nF=17 blocks: 0123 0145 2345 0246 1356 1247 0167 3467 2567 0348 1258 2368 1468 0568 0278 1378 4578
FAM D=51 ell=11 count=22 nF=17 blocks: 0123 0145 2345 0246 1356 1247 0167 3467 2567 1348 0258 1268 0368 4568 2378 0478 1578
FAM D=51 ell=11 count=22 nF=17 blocks: 0123 0145 2345 0246 1356 0347 1257 2367 1467 0567 1248 0358 0168 3468 2568 0278 1378
FAM D=54 ell=11 count=19 nF=18 blocks: 0123 0145 2345 0246 1356 0347 1257 2367 1467 0567 1248 0358 0168 3468 2568 0278 1378 4578
FAM D=51 ell=11 count=22 nF=17 blocks: 0123 0145 2345 0246 1356 0347 1257 2367 1467 0567 1248 0358 0168 3468 2568 0278 4578
FAM D=51 ell=11 count=22 nF=17 blocks: 0123 0145 2345 0246 1356 0347 1257 2367 1467 0567 1248 0358 0168 3468 2568 1378 4578
FAM D=51 ell=11 count=22 nF=17 blocks: 0123 0145 2345 0246 1356 0347 1257 2367 1467 0567 1248 0358 0168 3468 0278 1378 4578
FAM D=51 ell=11 count=22 nF=17 blocks: 0123 0145 2345 0246 1356 0347 1257 2367 1467 0567 1248 0358 0168 2568 0278 1378 4578
FAM D=51 ell=11 count=22 nF=17 blocks: 0123 0145 2345 0246 1356 0347 1257 2367 1467 0567 1248 0358 3468 2568 0278 1378 4578
FAM D=51 ell=11 count=22 nF=17 blocks: 0123 0145 2345 0246 1356 0347 1257 2367 1467 0567 1248 0168 3468 2568 0278 1378 4578
FAM D=51 ell=11 count=22 nF=17 blocks: 0123 0145 2345 0246 1356 0347 1257 2367 1467 0567 1348 0258 1268 0368 4568 0178 2478
FAM D=54 ell=11 count=19 nF=18 blocks: 0123 0145 2345 0246 1356 0347 1257 2367 1467 0567 1348 0258 1268 0368 4568 0178 2478 3578
FAM D=51 ell=11 count=22 nF=17 blocks: 0123 0145 2345 0246 1356 0347 1257 2367 1467 0567 1348 0258 1268 0368 4568 0178 3578
FAM D=51 ell=11 count=22 nF=17 blocks: 0123 0145 2345 0246 1356 0347 1257 2367 1467 0567 1348 0258 1268 0368 4568 2478 3578
FAM D=51 ell=11 count=22 nF=17 blocks: 0123 0145 2345 0246 1356 0347 1257 2367 1467 0567 1348 0258 1268 0368 0178 2478 3578
FAM D=51 ell=11 count=22 nF=17 blocks: 0123 0145 2345 0246 1356 0347 1257 2367 1467 0567 1348 0258 1268 4568 0178 2478 3578
FAM D=51 ell=11 count=22 nF=17 blocks: 0123 0145 2345 0246 1356 0347 1257 2367 1467 0567 1348 0258 0368 4568 0178 2478 3578
FAM D=51 ell=11 count=22 nF=17 blocks: 0123 0145 2345 0246 1356 0347 1257 2367 1467 0567 1348 1268 0368 4568 0178 2478 3578
FAM D=51 ell=11 count=22 nF=17 blocks: 0123 0145 2345 0246 1356 0347 1257 2367 1467 0567 0258 1268 0368 4568 0178 2478 3578
FAM D=51 ell=11 count=22 nF=17 blocks: 0123 0145 2345 0246 1356 0347 1257 2367 1467 0567 0358 0168 3468 2568 0278 1378 4578
FAM D=51 ell=11 count=22 nF=17 blocks: 0123 0145 2345 0246 1356 0347 1257 2367 1467 1248 0358 0168 3468 2568 0278 1378 4578
FAM D=51 ell=11 count=22 nF=17 blocks: 0123 0145 2345 0246 1356 0347 1257 2367 1467 1348 0258 1268 0368 4568 0178 2478 3578
FAM D=51 ell=11 count=22 nF=17 blocks: 0123 0145 2345 0246 1356 0347 1257 2367 0567 1248 0358 0168 3468 2568 0278 1378 4578
FAM D=51 ell=11 count=22 nF=17 blocks: 0123 0145 2345 0246 1356 0347 1257 2367 0567 1348 0258 1268 0368 4568 0178 2478 3578
FAM D=51 ell=11 count=22 nF=17 blocks: 0123 0145 2345 0246 1356 0347 1257 1467 0567 1248 0358 0168 3468 2568 0278 1378 4578
FAM D=51 ell=11 count=22 nF=17 blocks: 0123 0145 2345 0246 1356 0347 1257 1467 0567 1348 0258 1268 0368 4568 0178 2478 3578
FAM D=51 ell=11 count=22 nF=17 blocks: 0123 0145 2345 0246 1356 0347 2367 1467 0567 1248 0358 0168 3468 2568 0278 1378 4578
FAM D=51 ell=11 count=22 nF=17 blocks: 0123 0145 2345 0246 1356 0347 2367 1467 0567 1348 0258 1268 0368 4568 0178 2478 3578
FAM D=51 ell=11 count=22 nF=17 blocks: 0123 0145 2345 0246 1356 1347 0257 1267 0367 4567 1248 0358 0168 3468 2568 2378 0478
FAM D=54 ell=11 count=19 nF=18 blocks: 0123 0145 2345 0246 1356 1347 0257 1267 0367 4567 1248 0358 0168 3468 2568 2378 0478 1578
FAM D=51 ell=11 count=22 nF=17 blocks: 0123 0145 2345 0246 1356 1347 0257 1267 0367 4567 1248 0358 0168 3468 2568 2378 1578
FAM D=51 ell=11 count=22 nF=17 blocks: 0123 0145 2345 0246 1356 1347 0257 1267 0367 4567 1248 0358 0168 3468 2568 0478 1578
FAM D=51 ell=11 count=22 nF=17 blocks: 0123 0145 2345 0246 1356 1347 0257 1267 0367 4567 1248 0358 0168 3468 2378 0478 1578
FAM D=51 ell=11 count=22 nF=17 blocks: 0123 0145 2345 0246 1356 1347 0257 1267 0367 4567 1248 0358 0168 2568 2378 0478 1578
FAM D=51 ell=11 count=22 nF=17 blocks: 0123 0145 2345 0246 1356 1347 0257 1267 0367 4567 1248 0358 3468 2568 2378 0478 1578
FAM D=51 ell=11 count=22 nF=17 blocks: 0123 0145 2345 0246 1356 1347 0257 1267 0367 4567 1248 0168 3468 2568 2378 0478 1578
FAM D=51 ell=11 count=22 nF=17 blocks: 0123 0145 2345 0246 1356 1347 0257 1267 0367 4567 0348 1258 2368 1468 0568 0178 2478
FAM D=54 ell=11 count=19 nF=18 blocks: 0123 0145 2345 0246 1356 1347 0257 1267 0367 4567 0348 1258 2368 1468 0568 0178 2478 3578
FAM D=51 ell=11 count=22 nF=17 blocks: 0123 0145 2345 0246 1356 1347 0257 1267 0367 4567 0348 1258 2368 1468 0568 0178 3578
FAM D=51 ell=11 count=22 nF=17 blocks: 0123 0145 2345 0246 1356 1347 0257 1267 0367 4567 0348 1258 2368 1468 0568 2478 3578
FAM D=51 ell=11 count=22 nF=17 blocks: 0123 0145 2345 0246 1356 1347 0257 1267 0367 4567 0348 1258 2368 1468 0178 2478 3578
FAM D=51 ell=11 count=22 nF=17 blocks: 0123 0145 2345 0246 1356 1347 0257 1267 0367 4567 0348 1258 2368 0568 0178 2478 3578
FAM D=51 ell=11 count=22 nF=17 blocks: 0123 0145 2345 0246 1356 1347 0257 1267 0367 4567 0348 1258 1468 0568 0178 2478 3578
FAM D=51 ell=11 count=22 nF=17 blocks: 0123 0145 2345 0246 1356 1347 0257 1267 0367 4567 0348 2368 1468 0568 0178 2478 3578
FAM D=51 ell=11 count=22 nF=17 blocks: 0123 0145 2345 0246 1356 1347 0257 1267 0367 4567 1258 2368 1468 0568 0178 2478 3578
FAM D=51 ell=11 count=22 nF=17 blocks: 0123 0145 2345 0246 1356 1347 0257 1267 0367 4567 0358 0168 3468 2568 2378 0478 1578
FAM D=51 ell=11 count=22 nF=17 blocks: 0123 0145 2345 0246 1356 1347 0257 1267 0367 1248 0358 0168 3468 2568 2378 0478 1578
FAM D=51 ell=11 count=22 nF=17 blocks: 0123 0145 2345 0246 1356 1347 0257 1267 0367 0348 1258 2368 1468 0568 0178 2478 3578
FAM D=51 ell=11 count=22 nF=17 blocks: 0123 0145 2345 0246 1356 1347 0257 1267 4567 1248 0358 0168 3468 2568 2378 0478 1578
FAM D=51 ell=11 count=22 nF=17 blocks: 0123 0145 2345 0246 1356 1347 0257 1267 4567 0348 1258 2368 1468 0568 0178 2478 3578
FAM D=51 ell=11 count=22 nF=17 blocks: 0123 0145 2345 0246 1356 1347 0257 0367 4567 1248 0358 0168 3468 2568 2378 0478 1578
FAM D=51 ell=11 count=22 nF=17 blocks: 0123 0145 2345 0246 1356 1347 0257 0367 4567 0348 1258 2368 1468 0568 0178 2478 3578
FAM D=51 ell=11 count=22 nF=17 blocks: 0123 0145 2345 0246 1356 1347 1267 0367 4567 1248 0358 0168 3468 2568 2378 0478 1578
FAM D=51 ell=11 count=22 nF=17 blocks: 0123 0145 2345 0246 1356 1347 1267 0367 4567 0348 1258 2368 1468 0568 0178 2478 3578
FAM D=51 ell=11 count=22 nF=17 blocks: 0123 0145 2345 0246 1356 0257 1267 0367 4567 1248 0358 0168 3468 2568 2378 0478 1578
FAM D=51 ell=11 count=22 nF=17 blocks: 0123 0145 2345 0246 1356 0257 1267 0367 4567 0348 1258 2368 1468 0568 0178 2478 3578
FAM D=51 ell=11 count=22 nF=17 blocks: 0123 0145 2345 0246 1356 1257 2367 1467 0567 1248 0358 0168 3468 2568 0278 1378 4578
FAM D=51 ell=11 count=22 nF=17 blocks: 0123 0145 2345 0246 1356 1257 2367 1467 0567 1348 0258 1268 0368 4568 0178 2478 3578
FAM D=51 ell=11 count=22 nF=17 blocks: 0123 0145 2345 0246 1356 0357 0167 3467 2567 0348 1258 2368 1468 0568 0278 1378 4578
FAM D=51 ell=11 count=22 nF=17 blocks: 0123 0145 2345 0246 1356 0357 0167 3467 2567 1348 0258 1268 0368 4568 2378 0478 1578
FAM D=51 ell=11 count=22 nF=17 blocks: 0123 0145 2345 0246 1247 0357 0167 3467 2567 0348 1258 2368 1468 0568 0278 1378 4578
FAM D=51 ell=11 count=22 nF=17 blocks: 0123 0145 2345 0246 1247 0357 0167 3467 2567 1348 0258 1268 0368 4568 2378 0478 1578
FAM D=51 ell=11 count=22 nF=17 blocks: 0123 0145 2345 0246 0347 1257 2367 1467 0567 1248 0358 0168 3468 2568 0278 1378 4578
FAM D=51 ell=11 count=22 nF=17 blocks: 0123 0145 2345 0246 0347 1257 2367 1467 0567 1348 0258 1268 0368 4568 0178 2478 3578
FAM D=51 ell=11 count=22 nF=17 blocks: 0123 0145 2345 0246 1347 0257 1267 0367 4567 1248 0358 0168 3468 2568 2378 0478 1578
FAM D=51 ell=11 count=22 nF=17 blocks: 0123 0145 2345 0246 1347 0257 1267 0367 4567 0348 1258 2368 1468 0568 0178 2478 3578
FAM D=51 ell=11 count=22 nF=17 blocks: 0123 0145 2345 1246 0356 0247 1357 0167 3467 2567 0348 1258 0268 1368 4568 2378 1478
FAM D=54 ell=11 count=19 nF=18 blocks: 0123 0145 2345 1246 0356 0247 1357 0167 3467 2567 0348 1258 0268 1368 4568 2378 1478 0578
FAM D=51 ell=11 count=22 nF=17 blocks: 0123 0145 2345 1246 0356 0247 1357 0167 3467 2567 0348 1258 0268 1368 4568 2378 0578
FAM D=51 ell=11 count=22 nF=17 blocks: 0123 0145 2345 1246 0356 0247 1357 0167 3467 2567 0348 1258 0268 1368 4568 1478 0578
FAM D=51 ell=11 count=22 nF=17 blocks: 0123 0145 2345 1246 0356 0247 1357 0167 3467 2567 0348 1258 0268 1368 2378 1478 0578
FAM D=51 ell=11 count=22 nF=17 blocks: 0123 0145 2345 1246 0356 0247 1357 0167 3467 2567 0348 1258 0268 4568 2378 1478 0578
FAM D=51 ell=11 count=22 nF=17 blocks: 0123 0145 2345 1246 0356 0247 1357 0167 3467 2567 0348 1258 1368 4568 2378 1478 0578
FAM D=51 ell=11 count=22 nF=17 blocks: 0123 0145 2345 1246 0356 0247 1357 0167 3467 2567 0348 0268 1368 4568 2378 1478 0578
FAM D=51 ell=11 count=22 nF=17 blocks: 0123 0145 2345 1246 0356 0247 1357 0167 3467 2567 1348 0258 2368 0468 1568 1278 0378
FAM D=54 ell=11 count=19 nF=18 blocks: 0123 0145 2345 1246 0356 0247 1357 0167 3467 2567 1348 0258 2368 0468 1568 1278 0378 4578
FAM D=51 ell=11 count=22 nF=17 blocks: 0123 0145 2345 1246 0356 0247 1357 0167 3467 2567 1348 0258 2368 0468 1568 1278 4578
FAM D=51 ell=11 count=22 nF=17 blocks: 0123 0145 2345 1246 0356 0247 1357 0167 3467 2567 1348 0258 2368 0468 1568 0378 4578
FAM D=51 ell=11 count=22 nF=17 blocks: 0123 0145 2345 1246 0356 0247 1357 0167 3467 2567 1348 0258 2368 0468 1278 0378 4578
FAM D=51 ell=11 count=22 nF=17 blocks: 0123 0145 2345 1246 0356 0247 1357 0167 3467 2567 1348 0258 2368 1568 1278 0378 4578
FAM D=51 ell=11 count=22 nF=17 blocks: 0123 0145 2345 1246 0356 0247 1357 0167 3467 2567 1348 0258 0468 1568 1278 0378 4578
FAM D=51 ell=11 count=22 nF=17 blocks: 0123 0145 2345 1246 0356 0247 1357 0167 3467 2567 1348 2368 0468 1568 1278 0378 4578
FAM D=51 ell=11 count=22 nF=17 blocks: 0123 0145 2345 1246 0356 0247 1357 0167 3467 2567 0258 2368 0468 1568 1278 0378 4578
FAM D=51 ell=11 count=22 nF=17 blocks: 0123 0145 2345 1246 0356 0247 1357 0167 3467 2567 1258 0268 1368 4568 2378 1478 0578
FAM D=51 ell=11 count=22 nF=17 blocks: 0123 0145 2345 1246 0356 0247 1357 0167 3467 0348 1258 0268 1368 4568 2378 1478 0578
FAM D=51 ell=11 count=22 nF=17 blocks: 0123 0145 2345 1246 0356 0247 1357 0167 3467 1348 0258 2368 0468 1568 1278 0378 4578
FAM D=51 ell=11 count=22 nF=17 blocks: 0123 0145 2345 1246 0356 0247 1357 0167 2567 0348 1258 0268 1368 4568 2378 1478 0578
FAM D=51 ell=11 count=22 nF=17 blocks: 0123 0145 2345 1246 0356 0247 1357 0167 2567 1348 0258 2368 0468 1568 1278 0378 4578
FAM D=51 ell=11 count=22 nF=17 blocks: 0123 0145 2345 1246 0356 0247 1357 3467 2567 0348 1258 0268 1368 4568 2378 1478 0578
FAM D=51 ell=11 count=22 nF=17 blocks: 0123 0145 2345 1246 0356 0247 1357 3467 2567 1348 0258 2368 0468 1568 1278 0378 4578
FAM D=51 ell=11 count=22 nF=17 blocks: 0123 0145 2345 1246 0356 0247 0167 3467 2567 0348 1258 0268 1368 4568 2378 1478 0578
FAM D=51 ell=11 count=22 nF=17 blocks: 0123 0145 2345 1246 0356 0247 0167 3467 2567 1348 0258 2368 0468 1568 1278 0378 4578
FAM D=51 ell=11 count=22 nF=17 blocks: 0123 0145 2345 1246 0356 0347 1257 0267 1367 4567 0248 1358 0168 3468 2568 2378 1478
FAM D=54 ell=11 count=19 nF=18 blocks: 0123 0145 2345 1246 0356 0347 1257 0267 1367 4567 0248 1358 0168 3468 2568 2378 1478 0578
FAM D=51 ell=11 count=22 nF=17 blocks: 0123 0145 2345 1246 0356 0347 1257 0267 1367 4567 0248 1358 0168 3468 2568 2378 0578
FAM D=51 ell=11 count=22 nF=17 blocks: 0123 0145 2345 1246 0356 0347 1257 0267 1367 4567 0248 1358 0168 3468 2568 1478 0578
FAM D=51 ell=11 count=22 nF=17 blocks: 0123 0145 2345 1246 0356 0347 1257 0267 1367 4567 0248 1358 0168 3468 2378 1478 0578
FAM D=51 ell=11 count=22 nF=17 blocks: 0123 0145 2345 1246 0356 0347 1257 0267 1367 4567 0248 1358 0168 2568 2378 1478 0578
FAM D=51 ell=11 count=22 nF=17 blocks: 0123 0145 2345 1246 0356 0347 1257 0267 1367 4567 0248 1358 3468 2568 2378 1478 0578
FAM D=51 ell=11 count=22 nF=17 blocks: 0123 0145 2345 1246 0356 0347 1257 0267 1367 4567 0248 0168 3468 2568 2378 1478 0578
FAM D=51 ell=11 count=22 nF=17 blocks: 0123 0145 2345 1246 0356 0347 1257 0267 1367 4567 1348 0258 2368 0468 1568 0178 2478
FAM D=54 ell=11 count=19 nF=18 blocks: 0123 0145 2345 1246 0356 0347 1257 0267 1367 4567 1348 0258 2368 0468 1568 0178 2478 3578
FAM D=51 ell=11 count=22 nF=17 blocks: 0123 0145 2345 1246 0356 0347 1257 0267 1367 4567 1348 0258 2368 0468 1568 0178 3578
FAM D=51 ell=11 count=22 nF=17 blocks: 0123 0145 2345 1246 0356 0347 1257 0267 1367 4567 1348 0258 2368 0468 1568 2478 3578
FAM D=51 ell=11 count=22 nF=17 blocks: 0123 0145 2345 1246 0356 0347 1257 0267 1367 4567 1348 0258 2368 0468 0178 2478 3578
FAM D=51 ell=11 count=22 nF=17 blocks: 0123 0145 2345 1246 0356 0347 1257 0267 1367 4567 1348 0258 2368 1568 0178 2478 3578
FAM D=51 ell=11 count=22 nF=17 blocks: 0123 0145 2345 1246 0356 0347 1257 0267 1367 4567 1348 0258 0468 1568 0178 2478 3578
FAM D=51 ell=11 count=22 nF=17 blocks: 0123 0145 2345 1246 0356 0347 1257 0267 1367 4567 1348 2368 0468 1568 0178 2478 3578
FAM D=51 ell=11 count=22 nF=17 blocks: 0123 0145 2345 1246 0356 0347 1257 0267 1367 4567 0258 2368 0468 1568 0178 2478 3578
FAM D=51 ell=11 count=22 nF=17 blocks: 0123 0145 2345 1246 0356 0347 1257 0267 1367 4567 1358 0168 3468 2568 2378 1478 0578
FAM D=51 ell=11 count=22 nF=17 blocks: 0123 0145 2345 1246 0356 0347 1257 0267 1367 0248 1358 0168 3468 2568 2378 1478 0578
FAM D=51 ell=11 count=22 nF=17 blocks: 0123 0145 2345 1246 0356 0347 1257 0267 1367 1348 0258 2368 0468 1568 0178 2478 3578
FAM D=51 ell=11 count=22 nF=17 blocks: 0123 0145 2345 1246 0356 0347 1257 0267 4567 0248 1358 0168 3468 2568 2378 1478 0578
FAM D=51 ell=11 count=22 nF=17 blocks: 0123 0145 2345 1246 0356 0347 1257 0267 4567 1348 0258 2368 0468 1568 0178 2478 3578
FAM D=51 ell=11 count=22 nF=17 blocks: 0123 0145 2345 1246 0356 0347 1257 1367 4567 0248 1358 0168 3468 2568 2378 1478 0578
FAM D=51 ell=11 count=22 nF=17 blocks: 0123 0145 2345 1246 0356 0347 1257 1367 4567 1348 0258 2368 0468 1568 0178 2478 3578
FAM D=51 ell=11 count=22 nF=17 blocks: 0123 0145 2345 1246 0356 0347 0267 1367 4567 0248 1358 0168 3468 2568 2378 1478 0578
FAM D=51 ell=11 count=22 nF=17 blocks: 0123 0145 2345 1246 0356 0347 0267 1367 4567 1348 0258 2368 0468 1568 0178 2478 3578
FAM D=51 ell=11 count=22 nF=17 blocks: 0123 0145 2345 1246 0356 1347 0257 2367 0467 1567 0248 1358 0168 3468 2568 1278 0378
FAM D=54 ell=11 count=19 nF=18 blocks: 0123 0145 2345 1246 0356 1347 0257 2367 0467 1567 0248 1358 0168 3468 2568 1278 0378 4578
FAM D=51 ell=11 count=22 nF=17 blocks: 0123 0145 2345 1246 0356 1347 0257 2367 0467 1567 0248 1358 0168 3468 2568 1278 4578
FAM D=51 ell=11 count=22 nF=17 blocks: 0123 0145 2345 1246 0356 1347 0257 2367 0467 1567 0248 1358 0168 3468 2568 0378 4578
FAM D=51 ell=11 count=22 nF=17 blocks: 0123 0145 2345 1246 0356 1347 0257 2367 0467 1567 0248 1358 0168 3468 1278 0378 4578
FAM D=51 ell=11 count=22 nF=17 blocks: 0123 0145 2345 1246 0356 1347 0257 2367 0467 1567 0248 1358 0168 2568 1278 0378 4578
FAM D=51 ell=11 count=22 nF=17 blocks: 0123 0145 2345 1246 0356 1347 0257 2367 0467 1567 0248 1358 3468 2568 1278 0378 4578
FAM D=51 ell=11 count=22 nF=17 blocks: 0123 0145 2345 1246 0356 1347 0257 2367 0467 1567 0248 0168 3468 2568 1278 0378 4578
FAM D=51 ell=11 count=22 nF=17 blocks: 0123 0145 2345 1246 0356 1347 0257 2367 0467 1567 0348 1258 0268 1368 4568 0178 2478
FAM D=54 ell=11 count=19 nF=18 blocks: 0123 0145 2345 1246 0356 1347 0257 2367 0467 1567 0348 1258 0268 1368 4568 0178 2478 3578
FAM D=51 ell=11 count=22 nF=17 blocks: 0123 0145 2345 1246 0356 1347 0257 2367 0467 1567 0348 1258 0268 1368 4568 0178 3578
FAM D=51 ell=11 count=22 nF=17 blocks: 0123 0145 2345 1246 0356 1347 0257 2367 0467 1567 0348 1258 0268 1368 4568 2478 3578
FAM D=51 ell=11 count=22 nF=17 blocks: 0123 0145 2345 1246 0356 1347 0257 2367 0467 1567 0348 1258 0268 1368 0178 2478 3578
FAM D=51 ell=11 count=22 nF=17 blocks: 0123 0145 2345 1246 0356 1347 0257 2367 0467 1567 0348 1258 0268 4568 0178 2478 3578
FAM D=51 ell=11 count=22 nF=17 blocks: 0123 0145 2345 1246 0356 1347 0257 2367 0467 1567 0348 1258 1368 4568 0178 2478 3578
FAM D=51 ell=11 count=22 nF=17 blocks: 0123 0145 2345 1246 0356 1347 0257 2367 0467 1567 0348 0268 1368 4568 0178 2478 3578
FAM D=51 ell=11 count=22 nF=17 blocks: 0123 0145 2345 1246 0356 1347 0257 2367 0467 1567 1258 0268 1368 4568 0178 2478 3578
FAM D=51 ell=11 count=22 nF=17 blocks: 0123 0145 2345 1246 0356 1347 0257 2367 0467 1567 1358 0168 3468 2568 1278 0378 4578
FAM D=51 ell=11 count=22 nF=17 blocks: 0123 0145 2345 1246 0356 1347 0257 2367 0467 0248 1358 0168 3468 2568 1278 0378 4578
FAM D=51 ell=11 count=22 nF=17 blocks: 0123 0145 2345 1246 0356 1347 0257 2367 0467 0348 1258 0268 1368 4568 0178 2478 3578
FAM D=51 ell=11 count=22 nF=17 blocks: 0123 0145 2345 1246 0356 1347 0257 2367 1567 0248 1358 0168 3468 2568 1278 0378 4578
FAM D=51 ell=11 count=22 nF=17 blocks: 0123 0145 2345 1246 0356 1347 0257 2367 1567 0348 1258 0268 1368 4568 0178 2478 3578
FAM D=51 ell=11 count=22 nF=17 blocks: 0123 0145 2345 1246 0356 1347 0257 0467 1567 0248 1358 0168 3468 2568 1278 0378 4578
FAM D=51 ell=11 count=22 nF=17 blocks: 0123 0145 2345 1246 0356 1347 0257 0467 1567 0348 1258 0268 1368 4568 0178 2478 3578
FAM D=51 ell=11 count=22 nF=17 blocks: 0123 0145 2345 1246 0356 1347 2367 0467 1567 0248 1358 0168 3468 2568 1278 0378 4578
FAM D=51 ell=11 count=22 nF=17 blocks: 0123 0145 2345 1246 0356 1347 2367 0467 1567 0348 1258 0268 1368 4568 0178 2478 3578
FAM D=51 ell=11 count=22 nF=17 blocks: 0123 0145 2345 1246 0356 0257 2367 0467 1567 0248 1358 0168 3468 2568 1278 0378 4578
FAM D=51 ell=11 count=22 nF=17 blocks: 0123 0145 2345 1246 0356 0257 2367 0467 1567 0348 1258 0268 1368 4568 0178 2478 3578
FAM D=51 ell=11 count=22 nF=17 blocks: 0123 0145 2345 1246 0356 1257 0267 1367 4567 0248 1358 0168 3468 2568 2378 1478 0578
FAM D=51 ell=11 count=22 nF=17 blocks: 0123 0145 2345 1246 0356 1257 0267 1367 4567 1348 0258 2368 0468 1568 0178 2478 3578
FAM D=51 ell=11 count=22 nF=17 blocks: 0123 0145 2345 1246 0356 1357 0167 3467 2567 0348 1258 0268 1368 4568 2378 1478 0578
FAM D=51 ell=11 count=22 nF=17 blocks: 0123 0145 2345 1246 0356 1357 0167 3467 2567 1348 0258 2368 0468 1568 1278 0378 4578
FAM D=51 ell=11 count=22 nF=17 blocks: 0123 0145 2345 1246 0247 1357 0167 3467 2567 0348 1258 0268 1368 4568 2378 1478 0578
FAM D=51 ell=11 count=22 nF=17 blocks: 0123 0145 2345 1246 0247 1357 0167 3467 2567 1348 0258 2368 0468 1568 1278 0378 4578
FAM D=51 ell=11 count=22 nF=17 blocks: 0123 0145 2345 1246 0347 1257 0267 1367 4567 0248 1358 0168 3468 2568 2378 1478 0578
FAM D=51 ell=11 count=22 nF=17 blocks: 0123 0145 2345 1246 0347 1257 0267 1367 4567 1348 0258 2368 0468 1568 0178 2478 3578
FAM D=51 ell=11 count=22 nF=17 blocks: 0123 0145 2345 1246 1347 0257 2367 0467 1567 0248 1358 0168 3468 2568 1278 0378 4578
FAM D=51 ell=11 count=22 nF=17 blocks: 0123 0145 2345 1246 1347 0257 2367 0467 1567 0348 1258 0268 1368 4568 0178 2478 3578
FAM D=51 ell=11 count=22 nF=17 blocks: 0123 0145 2345 0346 1256 0247 1357 2367 1467 0567 1248 0358 0268 1368 4568 0178 3478
FAM D=54 ell=11 count=19 nF=18 blocks: 0123 0145 2345 0346 1256 0247 1357 2367 1467 0567 1248 0358 0268 1368 4568 0178 3478 2578
FAM D=51 ell=11 count=22 nF=17 blocks: 0123 0145 2345 0346 1256 0247 1357 2367 1467 0567 1248 0358 0268 1368 4568 0178 2578
FAM D=51 ell=11 count=22 nF=17 blocks: 0123 0145 2345 0346 1256 0247 1357 2367 1467 0567 1248 0358 0268 1368 4568 3478 2578
FAM D=51 ell=11 count=22 nF=17 blocks: 0123 0145 2345 0346 1256 0247 1357 2367 1467 0567 1248 0358 0268 1368 0178 3478 2578
FAM D=51 ell=11 count=22 nF=17 blocks: 0123 0145 2345 0346 1256 0247 1357 2367 1467 0567 1248 0358 0268 4568 0178 3478 2578
FAM D=51 ell=11 count=22 nF=17 blocks: 0123 0145 2345 0346 1256 0247 1357 2367 1467 0567 1248 0358 1368 4568 0178 3478 2578
FAM D=51 ell=11 count=22 nF=17 blocks: 0123 0145 2345 0346 1256 0247 1357 2367 1467 0567 1248 0268 1368 4568 0178 3478 2578
FAM D=51 ell=11 count=22 nF=17 blocks: 0123 0145 2345 0346 1256 0247 1357 2367 1467 0567 1348 0258 0168 2468 3568 1278 0378
FAM D=54 ell=11 count=19 nF=18 blocks: 0123 0145 2345 0346 1256 0247 1357 2367 1467 0567 1348 0258 0168 2468 3568 1278 0378 4578
FAM D=51 ell=11 count=22 nF=17 blocks: 0123 0145 2345 0346 1256 0247 1357 2367 1467 0567 1348 0258 0168 2468 3568 1278 4578
FAM D=51 ell=11 count=22 nF=17 blocks: 0123 0145 2345 0346 1256 0247 1357 2367 1467 0567 1348 0258 0168 2468 3568 0378 4578
FAM D=51 ell=11 count=22 nF=17 blocks: 0123 0145 2345 0346 1256 0247 1357 2367 1467 0567 1348 0258 0168 2468 1278 0378 4578
FAM D=51 ell=11 count=22 nF=17 blocks: 0123 0145 2345 0346 1256 0247 1357 2367 1467 0567 1348 0258 0168 3568 1278 0378 4578
FAM D=51 ell=11 count=22 nF=17 blocks: 0123 0145 2345 0346 1256 0247 1357 2367 1467 0567 1348 0258 2468 3568 1278 0378 4578
FAM D=51 ell=11 count=22 nF=17 blocks: 0123 0145 2345 0346 1256 0247 1357 2367 1467 0567 1348 0168 2468 3568 1278 0378 4578
FAM D=51 ell=11 count=22 nF=17 blocks: 0123 0145 2345 0346 1256 0247 1357 2367 1467 0567 0258 0168 2468 3568 1278 0378 4578
FAM D=51 ell=11 count=22 nF=17 blocks: 0123 0145 2345 0346 1256 0247 1357 2367 1467 0567 0358 0268 1368 4568 0178 3478 2578
FAM D=51 ell=11 count=22 nF=17 blocks: 0123 0145 2345 0346 1256 0247 1357 2367 1467 1248 0358 0268 1368 4568 0178 3478 2578
FAM D=51 ell=11 count=22 nF=17 blocks: 0123 0145 2345 0346 1256 0247 1357 2367 1467 1348 0258 0168 2468 3568 1278 0378 4578
FAM D=51 ell=11 count=22 nF=17 blocks: 0123 0145 2345 0346 1256 0247 1357 2367 0567 1248 0358 0268 1368 4568 0178 3478 2578
FAM D=51 ell=11 count=22 nF=17 blocks: 0123 0145 2345 0346 1256 0247 1357 2367 0567 1348 0258 0168 2468 3568 1278 0378 4578
FAM D=51 ell=11 count=22 nF=17 blocks: 0123 0145 2345 0346 1256 0247 1357 1467 0567 1248 0358 0268 1368 4568 0178 3478 2578
FAM D=51 ell=11 count=22 nF=17 blocks: 0123 0145 2345 0346 1256 0247 1357 1467 0567 1348 0258 0168 2468 3568 1278 0378 4578
FAM D=51 ell=11 count=22 nF=17 blocks: 0123 0145 2345 0346 1256 0247 2367 1467 0567 1248 0358 0268 1368 4568 0178 3478 2578
FAM D=51 ell=11 count=22 nF=17 blocks: 0123 0145 2345 0346 1256 0247 2367 1467 0567 1348 0258 0168 2468 3568 1278 0378 4578
FAM D=51 ell=11 count=22 nF=17 blocks: 0123 0145 2345 0346 1256 1247 0357 0267 1367 4567 0248 1358 2368 1468 0568 0178 3478
FAM D=54 ell=11 count=19 nF=18 blocks: 0123 0145 2345 0346 1256 1247 0357 0267 1367 4567 0248 1358 2368 1468 0568 0178 3478 2578
FAM D=51 ell=11 count=22 nF=17 blocks: 0123 0145 2345 0346 1256 1247 0357 0267 1367 4567 0248 1358 2368 1468 0568 0178 2578
FAM D=51 ell=11 count=22 nF=17 blocks: 0123 0145 2345 0346 1256 1247 0357 0267 1367 4567 0248 1358 2368 1468 0568 3478 2578
FAM D=51 ell=11 count=22 nF=17 blocks: 0123 0145 2345 0346 1256 1247 0357 0267 1367 4567 0248 1358 2368 1468 0178 3478 2578
FAM D=51 ell=11 count=22 nF=17 blocks: 0123 0145 2345 0346 1256 1247 0357 0267 1367 4567 0248 1358 2368 0568 0178 3478 2578
FAM D=51 ell=11 count=22 nF=17 blocks: 0123 0145 2345 0346 1256 1247 0357 0267 1367 4567 0248 1358 1468 0568 0178 3478 2578
FAM D=51 ell=11 count=22 nF=17 blocks: 0123 0145 2345 0346 1256 1247 0357 0267 1367 4567 0248 2368 1468 0568 0178 3478 2578
FAM D=51 ell=11 count=22 nF=17 blocks: 0123 0145 2345 0346 1256 1247 0357 0267 1367 4567 1348 0258 0168 2468 3568 2378 0478
FAM D=54 ell=11 count=19 nF=18 blocks: 0123 0145 2345 0346 1256 1247 0357 0267 1367 4567 1348 0258 0168 2468 3568 2378 0478 1578
FAM D=51 ell=11 count=22 nF=17 blocks: 0123 0145 2345 0346 1256 1247 0357 0267 1367 4567 1348 0258 0168 2468 3568 2378 1578
FAM D=51 ell=11 count=22 nF=17 blocks: 0123 0145 2345 0346 1256 1247 0357 0267 1367 4567 1348 0258 0168 2468 3568 0478 1578
FAM D=51 ell=11 count=22 nF=17 blocks: 0123 0145 2345 0346 1256 1247 0357 0267 1367 4567 1348 0258 0168 2468 2378 0478 1578
FAM D=51 ell=11 count=22 nF=17 blocks: 0123 0145 2345 0346 1256 1247 0357 0267 1367 4567 1348 0258 0168 3568 2378 0478 1578
FAM D=51 ell=11 count=22 nF=17 blocks: 0123 0145 2345 0346 1256 1247 0357 0267 1367 4567 1348 0258 2468 3568 2378 0478 1578
FAM D=51 ell=11 count=22 nF=17 blocks: 0123 0145 2345 0346 1256 1247 0357 0267 1367 4567 1348 0168 2468 3568 2378 0478 1578
FAM D=51 ell=11 count=22 nF=17 blocks: 0123 0145 2345 0346 1256 1247 0357 0267 1367 4567 0258 0168 2468 3568 2378 0478 1578
FAM D=51 ell=11 count=22 nF=17 blocks: 0123 0145 2345 0346 1256 1247 0357 0267 1367 4567 1358 2368 1468 0568 0178 3478 2578
FAM D=51 ell=11 count=22 nF=17 blocks: 0123 0145 2345 0346 1256 1247 0357 0267 1367 0248 1358 2368 1468 0568 0178 3478 2578
FAM D=51 ell=11 count=22 nF=17 blocks: 0123 0145 2345 0346 1256 1247 0357 0267 1367 1348 0258 0168 2468 3568 2378 0478 1578
FAM D=51 ell=11 count=22 nF=17 blocks: 0123 0145 2345 0346 1256 1247 0357 0267 4567 0248 1358 2368 1468 0568 0178 3478 2578
FAM D=51 ell=11 count=22 nF=17 blocks: 0123 0145 2345 0346 1256 1247 0357 0267 4567 1348 0258 0168 2468 3568 2378 0478 1578
FAM D=51 ell=11 count=22 nF=17 blocks: 0123 0145 2345 0346 1256 1247 0357 1367 4567 0248 1358 2368 1468 0568 0178 3478 2578
FAM D=51 ell=11 count=22 nF=17 blocks: 0123 0145 2345 0346 1256 1247 0357 1367 4567 1348 0258 0168 2468 3568 2378 0478 1578
FAM D=51 ell=11 count=22 nF=17 blocks: 0123 0145 2345 0346 1256 1247 0267 1367 4567 0248 1358 2368 1468 0568 0178 3478 2578
FAM D=51 ell=11 count=22 nF=17 blocks: 0123 0145 2345 0346 1256 1247 0267 1367 4567 1348 0258 0168 2468 3568 2378 0478 1578
FAM D=51 ell=11 count=22 nF=17 blocks: 0123 0145 2345 0346 1256 1347 0257 0167 2467 3567 0248 1358 2368 1468 0568 1278 0378
FAM D=54 ell=11 count=19 nF=18 blocks: 0123 0145 2345 0346 1256 1347 0257 0167 2467 3567 0248 1358 2368 1468 0568 1278 0378 4578
FAM D=51 ell=11 count=22 nF=17 blocks: 0123 0145 2345 0346 1256 1347 0257 0167 2467 3567 0248 1358 2368 1468 0568 1278 4578
FAM D=51 ell=11 count=22 nF=17 blocks: 0123 0145 2345 0346 1256 1347 0257 0167 2467 3567 0248 1358 2368 1468 0568 0378 4578
FAM D=51 ell=11 count=22 nF=17 blocks: 0123 0145 2345 0346 1256 1347 0257 0167 2467 3567 0248 1358 2368 1468 1278 0378 4578
FAM D=51 ell=11 count=22 nF=17 blocks: 0123 0145 2345 0346 1256 1347 0257 0167 2467 3567 0248 1358 2368 0568 1278 0378 4578
FAM D=51 ell=11 count=22 nF=17 blocks: 0123 0145 2345 0346 1256 1347 0257 0167 2467 3567 0248 1358 1468 0568 1278 0378 4578
FAM D=51 ell=11 count=22 nF=17 blocks: 0123 0145 2345 0346 1256 1347 0257 0167 2467 3567 0248 2368 1468 0568 1278 0378 4578
FAM D=51 ell=11 count=22 nF=17 blocks: 0123 0145 2345 0346 1256 1347 0257 0167 2467 3567 1248 0358 0268 1368 4568 2378 0478
FAM D=54 ell=11 count=19 nF=18 blocks: 0123 0145 2345 0346 1256 1347 0257 0167 2467 3567 1248 0358 0268 1368 4568 2378 0478 1578
FAM D=51 ell=11 count=22 nF=17 blocks: 0123 0145 2345 0346 1256 1347 0257 0167 2467 3567 1248 0358 0268 1368 4568 2378 1578
FAM D=51 ell=11 count=22 nF=17 blocks: 0123 0145 2345 0346 1256 1347 0257 0167 2467 3567 1248 0358 0268 1368 4568 0478 1578
FAM D=51 ell=11 count=22 nF=17 blocks: 0123 0145 2345 0346 1256 1347 0257 0167 2467 3567 1248 0358 0268 1368 2378 0478 1578
FAM D=51 ell=11 count=22 nF=17 blocks: 0123 0145 2345 0346 1256 1347 0257 0167 2467 3567 1248 0358 0268 4568 2378 0478 1578
FAM D=51 ell=11 count=22 nF=17 blocks: 0123 0145 2345 0346 1256 1347 0257 0167 2467 3567 1248 0358 1368 4568 2378 0478 1578
FAM D=51 ell=11 count=22 nF=17 blocks: 0123 0145 2345 0346 1256 1347 0257 0167 2467 3567 1248 0268 1368 4568 2378 0478 1578
FAM D=51 ell=11 count=22 nF=17 blocks: 0123 0145 2345 0346 1256 1347 0257 0167 2467 3567 0358 0268 1368 4568 2378 0478 1578
FAM D=51 ell=11 count=22 nF=17 blocks: 0123 0145 2345 0346 1256 1347 0257 0167 2467 3567 1358 2368 1468 0568 1278 0378 4578
FAM D=51 ell=11 count=22 nF=17 blocks: 0123 0145 2345 0346 1256 1347 0257 0167 2467 0248 1358 2368 1468 0568 1278 0378 4578
FAM D=51 ell=11 count=22 nF=17 blocks: 0123 0145 2345 0346 1256 1347 0257 0167 2467 1248 0358 0268 1368 4568 2378 0478 1578
FAM D=51 ell=11 count=22 nF=17 blocks: 0123 0145 2345 0346 1256 1347 0257 0167 3567 0248 1358 2368 1468 0568 1278 0378 4578
FAM D=51 ell=11 count=22 nF=17 blocks: 0123 0145 2345 0346 1256 1347 0257 0167 3567 1248 0358 0268 1368 4568 2378 0478 1578
FAM D=51 ell=11 count=22 nF=17 blocks: 0123 0145 2345 0346 1256 1347 0257 2467 3567 0248 1358 2368 1468 0568 1278 0378 4578
FAM D=51 ell=11 count=22 nF=17 blocks: 0123 0145 2345 0346 1256 1347 0257 2467 3567 1248 0358 0268 1368 4568 2378 0478 1578
FAM D=51 ell=11 count=22 nF=17 blocks: 0123 0145 2345 0346 1256 1347 0167 2467 3567 0248 1358 2368 1468 0568 1278 0378 4578
FAM D=51 ell=11 count=22 nF=17 blocks: 0123 0145 2345 0346 1256 1347 0167 2467 3567 1248 0358 0268 1368 4568 2378 0478 1578
FAM D=51 ell=11 count=22 nF=17 blocks: 0123 0145 2345 0346 1256 0257 0167 2467 3567 0248 1358 2368 1468 0568 1278 0378 4578
FAM D=51 ell=11 count=22 nF=17 blocks: 0123 0145 2345 0346 1256 0257 0167 2467 3567 1248 0358 0268 1368 4568 2378 0478 1578
FAM D=51 ell=11 count=22 nF=17 blocks: 0123 0145 2345 0346 1256 0357 0267 1367 4567 0248 1358 2368 1468 0568 0178 3478 2578
FAM D=51 ell=11 count=22 nF=17 blocks: 0123 0145 2345 0346 1256 0357 0267 1367 4567 1348 0258 0168 2468 3568 2378 0478 1578
FAM D=51 ell=11 count=22 nF=17 blocks: 0123 0145 2345 0346 1256 1357 2367 1467 0567 1248 0358 0268 1368 4568 0178 3478 2578
FAM D=51 ell=11 count=22 nF=17 blocks: 0123 0145 2345 0346 1256 1357 2367 1467 0567 1348 0258 0168 2468 3568 1278 0378 4578
FAM D=51 ell=11 count=22 nF=17 blocks: 0123 0145 2345 0346 0247 1357 2367 1467 0567 1248 0358 0268 1368 4568 0178 3478 2578
FAM D=51 ell=11 count=22 nF=17 blocks: 0123 0145 2345 0346 0247 1357 2367 1467 0567 1348 0258 0168 2468 3568 1278 0378 4578
FAM D=51 ell=11 count=22 nF=17 blocks: 0123 0145 2345 0346 1247 0357 0267 1367 4567 0248 1358 2368 1468 0568 0178 3478 2578
FAM D=51 ell=11 count=22 nF=17 blocks: 0123 0145 2345 0346 1247 0357 0267 1367 4567 1348 0258 0168 2468 3568 2378 0478 1578
FAM D=51 ell=11 count=22 nF=17 blocks: 0123 0145 2345 0346 1347 0257 0167 2467 3567 0248 1358 2368 1468 0568 1278 0378 4578
FAM D=51 ell=11 count=22 nF=17 blocks: 0123 0145 2345 0346 1347 0257 0167 2467 3567 1248 0358 0268 1368 4568 2378 0478 1578
FAM D=51 ell=11 count=22 nF=17 blocks: 0123 0145 2345 1346 0256 0247 1357 1267 0367 4567 1248 0358 2368 0468 1568 0178 3478
FAM D=54 ell=11 count=19 nF=18 blocks: 0123 0145 2345 1346 0256 0247 1357 1267 0367 4567 1248 0358 2368 0468 1568 0178 3478 2578
FAM D=51 ell=11 count=22 nF=17 blocks: 0123 0145 2345 1346 0256 0247 1357 1267 0367 4567 1248 0358 2368 0468 1568 0178 2578
FAM D=51 ell=11 count=22 nF=17 blocks: 0123 0145 2345 1346 0256 0247 1357 1267 0367 4567 1248 0358 2368 0468 1568 3478 2578
FAM D=51 ell=11 count=22 nF=17 blocks: 0123 0145 2345 1346 0256 0247 1357 1267 0367 4567 1248 0358 2368 0468 0178 3478 2578
FAM D=51 ell=11 count=22 nF=17 blocks: 0123 0145 2345 1346 0256 0247 1357 1267 0367 4567 1248 0358 2368 1568 0178 3478 2578
FAM D=51 ell=11 count=22 nF=17 blocks: 0123 0145 2345 1346 0256 0247 1357 1267 0367 4567 1248 0358 0468 1568 0178 3478 2578
FAM D=51 ell=11 count=22 nF=17 blocks: 0123 0145 2345 1346 0256 0247 1357 1267 0367 4567 1248 2368 0468 1568 0178 3478 2578
FAM D=51 ell=11 count=22 nF=17 blocks: 0123 0145 2345 1346 0256 0247 1357 1267 0367 4567 0348 1258 0168 2468 3568 2378 1478
FAM D=54 ell=11 count=19 nF=18 blocks: 0123 0145 2345 1346 0256 0247 1357 1267 0367 4567 0348 1258 0168 2468 3568 2378 1478 0578
FAM D=51 ell=11 count=22 nF=17 blocks: 0123 0145 2345 1346 0256 0247 1357 1267 0367 4567 0348 1258 0168 2468 3568 2378 0578
FAM D=51 ell=11 count=22 nF=17 blocks: 0123 0145 2345 1346 0256 0247 1357 1267 0367 4567 0348 1258 0168 2468 3568 1478 0578
FAM D=51 ell=11 count=22 nF=17 blocks: 0123 0145 2345 1346 0256 0247 1357 1267 0367 4567 0348 1258 0168 2468 2378 1478 0578
FAM D=51 ell=11 count=22 nF=17 blocks: 0123 0145 2345 1346 0256 0247 1357 1267 0367 4567 0348 1258 0168 3568 2378 1478 0578
FAM D=51 ell=11 count=22 nF=17 blocks: 0123 0145 2345 1346 0256 0247 1357 1267 0367 4567 0348 1258 2468 3568 2378 1478 0578
FAM D=51 ell=11 count=22 nF=17 blocks: 0123 0145 2345 1346 0256 0247 1357 1267 0367 4567 0348 0168 2468 3568 2378 1478 0578
FAM D=51 ell=11 count=22 nF=17 blocks: 0123 0145 2345 1346 0256 0247 1357 1267 0367 4567 1258 0168 2468 3568 2378 1478 0578
FAM D=51 ell=11 count=22 nF=17 blocks: 0123 0145 2345 1346 0256 0247 1357 1267 0367 4567 0358 2368 0468 1568 0178 3478 2578
FAM D=51 ell=11 count=22 nF=17 blocks: 0123 0145 2345 1346 0256 0247 1357 1267 0367 1248 0358 2368 0468 1568 0178 3478 2578
FAM D=51 ell=11 count=22 nF=17 blocks: 0123 0145 2345 1346 0256 0247 1357 1267 0367 0348 1258 0168 2468 3568 2378 1478 0578
FAM D=51 ell=11 count=22 nF=17 blocks: 0123 0145 2345 1346 0256 0247 1357 1267 4567 1248 0358 2368 0468 1568 0178 3478 2578
FAM D=51 ell=11 count=22 nF=17 blocks: 0123 0145 2345 1346 0256 0247 1357 1267 4567 0348 1258 0168 2468 3568 2378 1478 0578
FAM D=51 ell=11 count=22 nF=17 blocks: 0123 0145 2345 1346 0256 0247 1357 0367 4567 1248 0358 2368 0468 1568 0178 3478 2578
FAM D=51 ell=11 count=22 nF=17 blocks: 0123 0145 2345 1346 0256 0247 1357 0367 4567 0348 1258 0168 2468 3568 2378 1478 0578
FAM D=51 ell=11 count=22 nF=17 blocks: 0123 0145 2345 1346 0256 0247 1267 0367 4567 1248 0358 2368 0468 1568 0178 3478 2578
FAM D=51 ell=11 count=22 nF=17 blocks: 0123 0145 2345 1346 0256 0247 1267 0367 4567 0348 1258 0168 2468 3568 2378 1478 0578
FAM D=51 ell=11 count=22 nF=17 blocks: 0123 0145 2345 1346 0256 1247 0357 2367 0467 1567 0248 1358 1268 0368 4568 0178 3478
FAM D=54 ell=11 count=19 nF=18 blocks: 0123 0145 2345 1346 0256 1247 0357 2367 0467 1567 0248 1358 1268 0368 4568 0178 3478 2578
FAM D=51 ell=11 count=22 nF=17 blocks: 0123 0145 2345 1346 0256 1247 0357 2367 0467 1567 0248 1358 1268 0368 4568 0178 2578
FAM D=51 ell=11 count=22 nF=17 blocks: 0123 0145 2345 1346 0256 1247 0357 2367 0467 1567 0248 1358 1268 0368 4568 3478 2578
FAM D=51 ell=11 count=22 nF=17 blocks: 0123 0145 2345 1346 0256 1247 0357 2367 0467 1567 0248 1358 1268 0368 0178 3478 2578
FAM D=51 ell=11 count=22 nF=17 blocks: 0123 0145 2345 1346 0256 1247 0357 2367 0467 1567 0248 1358 1268 4568 0178 3478 2578
FAM D=51 ell=11 count=22 nF=17 blocks: 0123 0145 2345 1346 0256 1247 0357 2367 0467 1567 0248 1358 0368 4568 0178 3478 2578
FAM D=51 ell=11 count=22 nF=17 blocks: 0123 0145 2345 1346 0256 1247 0357 2367 0467 1567 0248 1268 0368 4568 0178 3478 2578
FAM D=51 ell=11 count=22 nF=17 blocks: 0123 0145 2345 1346 0256 1247 0357 2367 0467 1567 0348 1258 0168 2468 3568 0278 1378
FAM D=54 ell=11 count=19 nF=18 blocks: 0123 0145 2345 1346 0256 1247 0357 2367 0467 1567 0348 1258 0168 2468 3568 0278 1378 4578
FAM D=51 ell=11 count=22 nF=17 blocks: 0123 0145 2345 1346 0256 1247 0357 2367 0467 1567 0348 1258 0168 2468 3568 0278 4578
FAM D=51 ell=11 count=22 nF=17 blocks: 0123 0145 2345 1346 0256 1247 0357 2367 0467 1567 0348 1258 0168 2468 3568 1378 4578
FAM D=51 ell=11 count=22 nF=17 blocks: 0123 0145 2345 1346 0256 1247 0357 2367 0467 1567 0348 1258 0168 2468 0278 1378 4578
FAM D=51 ell=11 count=22 nF=17 blocks: 0123 0145 2345 1346 0256 1247 0357 2367 0467 1567 0348 1258 0168 3568 0278 1378 4578
FAM D=51 ell=11 count=22 nF=17 blocks: 0123 0145 2345 1346 0256 1247 0357 2367 0467 1567 0348 1258 2468 3568 0278 1378 4578
FAM D=51 ell=11 count=22 nF=17 blocks: 0123 0145 2345 1346 0256 1247 0357 2367 0467 1567 0348 0168 2468 3568 0278 1378 4578
FAM D=51 ell=11 count=22 nF=17 blocks: 0123 0145 2345 1346 0256 1247 0357 2367 0467 1567 1258 0168 2468 3568 0278 1378 4578
FAM D=51 ell=11 count=22 nF=17 blocks: 0123 0145 2345 1346 0256 1247 0357 2367 0467 1567 1358 1268 0368 4568 0178 3478 2578
FAM D=51 ell=11 count=22 nF=17 blocks: 0123 0145 2345 1346 0256 1247 0357 2367 0467 0248 1358 1268 0368 4568 0178 3478 2578
FAM D=51 ell=11 count=22 nF=17 blocks: 0123 0145 2345 1346 0256 1247 0357 2367 0467 0348 1258 0168 2468 3568 0278 1378 4578
FAM D=51 ell=11 count=22 nF=17 blocks: 0123 0145 2345 1346 0256 1247 0357 2367 1567 0248 1358 1268 0368 4568 0178 3478 2578
FAM D=51 ell=11 count=22 nF=17 blocks: 0123 0145 2345 1346 0256 1247 0357 2367 1567 0348 1258 0168 2468 3568 0278 1378 4578
FAM D=51 ell=11 count=22 nF=17 blocks: 0123 0145 2345 1346 0256 1247 0357 0467 1567 0248 1358 1268 0368 4568 0178 3478 2578
FAM D=51 ell=11 count=22 nF=17 blocks: 0123 0145 2345 1346 0256 1247 0357 0467 1567 0348 1258 0168 2468 3568 0278 1378 4578
FAM D=51 ell=11 count=22 nF=17 blocks: 0123 0145 2345 1346 0256 1247 2367 0467 1567 0248 1358 1268 0368 4568 0178 3478 2578
FAM D=51 ell=11 count=22 nF=17 blocks: 0123 0145 2345 1346 0256 1247 2367 0467 1567 0348 1258 0168 2468 3568 0278 1378 4578
FAM D=51 ell=11 count=22 nF=17 blocks: 0123 0145 2345 1346 0256 0347 1257 0167 2467 3567 0248 1358 1268 0368 4568 2378 1478
FAM D=54 ell=11 count=19 nF=18 blocks: 0123 0145 2345 1346 0256 0347 1257 0167 2467 3567 0248 1358 1268 0368 4568 2378 1478 0578
FAM D=51 ell=11 count=22 nF=17 blocks: 0123 0145 2345 1346 0256 0347 1257 0167 2467 3567 0248 1358 1268 0368 4568 2378 0578
FAM D=51 ell=11 count=22 nF=17 blocks: 0123 0145 2345 1346 0256 0347 1257 0167 2467 3567 0248 1358 1268 0368 4568 1478 0578
FAM D=51 ell=11 count=22 nF=17 blocks: 0123 0145 2345 1346 0256 0347 1257 0167 2467 3567 0248 1358 1268 0368 2378 1478 0578
FAM D=51 ell=11 count=22 nF=17 blocks: 0123 0145 2345 1346 0256 0347 1257 0167 2467 3567 0248 1358 1268 4568 2378 1478 0578
FAM D=51 ell=11 count=22 nF=17 blocks: 0123 0145 2345 1346 0256 0347 1257 0167 2467 3567 0248 1358 0368 4568 2378 1478 0578
FAM D=51 ell=11 count=22 nF=17 blocks: 0123 0145 2345 1346 0256 0347 1257 0167 2467 3567 0248 1268 0368 4568 2378 1478 0578
FAM D=51 ell=11 count=22 nF=17 blocks: 0123 0145 2345 1346 0256 0347 1257 0167 2467 3567 1248 0358 2368 0468 1568 0278 1378
FAM D=54 ell=11 count=19 nF=18 blocks: 0123 0145 2345 1346 0256 0347 1257 0167 2467 3567 1248 0358 2368 0468 1568 0278 1378 4578
FAM D=51 ell=11 count=22 nF=17 blocks: 0123 0145 2345 1346 0256 0347 1257 0167 2467 3567 1248 0358 2368 0468 1568 0278 4578
FAM D=51 ell=11 count=22 nF=17 blocks: 0123 0145 2345 1346 0256 0347 1257 0167 2467 3567 1248 0358 2368 0468 1568 1378 4578
FAM D=51 ell=11 count=22 nF=17 blocks: 0123 0145 2345 1346 0256 0347 1257 0167 2467 3567 1248 0358 2368 0468 0278 1378 4578
FAM D=51 ell=11 count=22 nF=17 blocks: 0123 0145 2345 1346 0256 0347 1257 0167 2467 3567 1248 0358 2368 1568 0278 1378 4578
FAM D=51 ell=11 count=22 nF=17 blocks: 0123 0145 2345 1346 0256 0347 1257 0167 2467 3567 1248 0358 0468 1568 0278 1378 4578
FAM D=51 ell=11 count=22 nF=17 blocks: 0123 0145 2345 1346 0256 0347 1257 0167 2467 3567 1248 2368 0468 1568 0278 1378 4578
FAM D=51 ell=11 count=22 nF=17 blocks: 0123 0145 2345 1346 0256 0347 1257 0167 2467 3567 0358 2368 0468 1568 0278 1378 4578
FAM D=51 ell=11 count=22 nF=17 blocks: 0123 0145 2345 1346 0256 0347 1257 0167 2467 3567 1358 1268 0368 4568 2378 1478 0578
FAM D=51 ell=11 count=22 nF=17 blocks: 0123 0145 2345 1346 0256 0347 1257 0167 2467 0248 1358 1268 0368 4568 2378 1478 0578
FAM D=51 ell=11 count=22 nF=17 blocks: 0123 0145 2345 1346 0256 0347 1257 0167 2467 1248 0358 2368 0468 1568 0278 1378 4578
FAM D=51 ell=11 count=22 nF=17 blocks: 0123 0145 2345 1346 0256 0347 1257 0167 3567 0248 1358 1268 0368 4568 2378 1478 0578
FAM D=51 ell=11 count=22 nF=17 blocks: 0123 0145 2345 1346 0256 0347 1257 0167 3567 1248 0358 2368 0468 1568 0278 1378 4578
FAM D=51 ell=11 count=22 nF=17 blocks: 0123 0145 2345 1346 0256 0347 1257 2467 3567 0248 1358 1268 0368 4568 2378 1478 0578
FAM D=51 ell=11 count=22 nF=17 blocks: 0123 0145 2345 1346 0256 0347 1257 2467 3567 1248 0358 2368 0468 1568 0278 1378 4578
FAM D=51 ell=11 count=22 nF=17 blocks: 0123 0145 2345 1346 0256 0347 0167 2467 3567 0248 1358 1268 0368 4568 2378 1478 0578
FAM D=51 ell=11 count=22 nF=17 blocks: 0123 0145 2345 1346 0256 0347 0167 2467 3567 1248 0358 2368 0468 1568 0278 1378 4578
FAM D=51 ell=11 count=22 nF=17 blocks: 0123 0145 2345 1346 0256 1257 0167 2467 3567 0248 1358 1268 0368 4568 2378 1478 0578
FAM D=51 ell=11 count=22 nF=17 blocks: 0123 0145 2345 1346 0256 1257 0167 2467 3567 1248 0358 2368 0468 1568 0278 1378 4578
FAM D=51 ell=11 count=22 nF=17 blocks: 0123 0145 2345 1346 0256 0357 2367 0467 1567 0248 1358 1268 0368 4568 0178 3478 2578
FAM D=51 ell=11 count=22 nF=17 blocks: 0123 0145 2345 1346 0256 0357 2367 0467 1567 0348 1258 0168 2468 3568 0278 1378 4578
FAM D=51 ell=11 count=22 nF=17 blocks: 0123 0145 2345 1346 0256 1357 1267 0367 4567 1248 0358 2368 0468 1568 0178 3478 2578
FAM D=51 ell=11 count=22 nF=17 blocks: 0123 0145 2345 1346 0256 1357 1267 0367 4567 0348 1258 0168 2468 3568 2378 1478 0578
FAM D=51 ell=11 count=22 nF=17 blocks: 0123 0145 2345 1346 0247 1357 1267 0367 4567 1248 0358 2368 0468 1568 0178 3478 2578
FAM D=51 ell=11 count=22 nF=17 blocks: 0123 0145 2345 1346 0247 1357 1267 0367 4567 0348 1258 0168 2468 3568 2378 1478 0578
FAM D=51 ell=11 count=22 nF=17 blocks: 0123 0145 2345 1346 1247 0357 2367 0467 1567 0248 1358 1268 0368 4568 0178 3478 2578
FAM D=51 ell=11 count=22 nF=17 blocks: 0123 0145 2345 1346 1247 0357 2367 0467 1567 0348 1258 0168 2468 3568 0278 1378 4578
FAM D=51 ell=11 count=22 nF=17 blocks: 0123 0145 2345 1346 0347 1257 0167 2467 3567 0248 1358 1268 0368 4568 2378 1478 0578
FAM D=51 ell=11 count=22 nF=17 blocks: 0123 0145 2345 1346 0347 1257 0167 2467 3567 1248 0358 2368 0468 1568 0278 1378 4578
FAM D=51 ell=11 count=22 nF=17 blocks: 0123 0145 2345 0256 0247 1357 1267 0367 4567 1248 0358 2368 0468 1568 0178 3478 2578
FAM D=51 ell=11 count=22 nF=17 blocks: 0123 0145 2345 0256 0247 1357 1267 0367 4567 0348 1258 0168 2468 3568 2378 1478 0578
FAM D=51 ell=11 count=22 nF=17 blocks: 0123 0145 2345 0256 1247 0357 2367 0467 1567 0248 1358 1268 0368 4568 0178 3478 2578
FAM D=51 ell=11 count=22 nF=17 blocks: 0123 0145 2345 0256 1247 0357 2367 0467 1567 0348 1258 0168 2468 3568 0278 1378 4578
FAM D=51 ell=11 count=22 nF=17 blocks: 0123 0145 2345 0256 0347 1257 0167 2467 3567 0248 1358 1268 0368 4568 2378 1478 0578
FAM D=51 ell=11 count=22 nF=17 blocks: 0123 0145 2345 0256 0347 1257 0167 2467 3567 1248 0358 2368 0468 1568 0278 1378 4578
FAM D=51 ell=11 count=22 nF=17 blocks: 0123 0145 2345 1256 0247 1357 2367 1467 0567 1248 0358 0268 1368 4568 0178 3478 2578
FAM D=51 ell=11 count=22 nF=17 blocks: 0123 0145 2345 1256 0247 1357 2367 1467 0567 1348 0258 0168 2468 3568 1278 0378 4578
FAM D=51 ell=11 count=22 nF=17 blocks: 0123 0145 2345 1256 1247 0357 0267 1367 4567 0248 1358 2368 1468 0568 0178 3478 2578
FAM D=51 ell=11 count=22 nF=17 blocks: 0123 0145 2345 1256 1247 0357 0267 1367 4567 1348 0258 0168 2468 3568 2378 0478 1578
FAM D=51 ell=11 count=22 nF=17 blocks: 0123 0145 2345 1256 1347 0257 0167 2467 3567 0248 1358 2368 1468 0568 1278 0378 4578
FAM D=51 ell=11 count=22 nF=17 blocks: 0123 0145 2345 1256 1347 0257 0167 2467 3567 1248 0358 0268 1368 4568 2378 0478 1578
FAM D=51 ell=11 count=22 nF=17 blocks: 0123 0145 2345 0356 0247 1357 0167 3467 2567 0348 1258 0268 1368 4568 2378 1478 0578
FAM D=51 ell=11 count=22 nF=17 blocks: 0123 0145 2345 0356 0247 1357 0167 3467 2567 1348 0258 2368 0468 1568 1278 0378 4578
FAM D=51 ell=11 count=22 nF=17 blocks: 0123 0145 2345 0356 0347 1257 0267 1367 4567 0248 1358 0168 3468 2568 2378 1478 0578
FAM D=51 ell=11 count=22 nF=17 blocks: 0123 0145 2345 0356 0347 1257 0267 1367 4567 1348 0258 2368 0468 1568 0178 2478 3578
FAM D=51 ell=11 count=22 nF=17 blocks: 0123 0145 2345 0356 1347 0257 2367 0467 1567 0248 1358 0168 3468 2568 1278 0378 4578
FAM D=51 ell=11 count=22 nF=17 blocks: 0123 0145 2345 0356 1347 0257 2367 0467 1567 0348 1258 0268 1368 4568 0178 2478 3578
FAM D=51 ell=11 count=22 nF=17 blocks: 0123 0145 2345 1356 1247 0357 0167 3467 2567 0348 1258 2368 1468 0568 0278 1378 4578
FAM D=51 ell=11 count=22 nF=17 blocks: 0123 0145 2345 1356 1247 0357 0167 3467 2567 1348 0258 1268 0368 4568 2378 0478 1578
FAM D=51 ell=11 count=22 nF=17 blocks: 0123 0145 2345 1356 0347 1257 2367 1467 0567 1248 0358 0168 3468 2568 0278 1378 4578
FAM D=51 ell=11 count=22 nF=17 blocks: 0123 0145 2345 1356 0347 1257 2367 1467 0567 1348 0258 1268 0368 4568 0178 2478 3578
FAM D=51 ell=11 count=22 nF=17 blocks: 0123 0145 2345 1356 1347 0257 1267 0367 4567 1248 0358 0168 3468 2568 2378 0478 1578
FAM D=51 ell=11 count=22 nF=17 blocks: 0123 0145 2345 1356 1347 0257 1267 0367 4567 0348 1258 2368 1468 0568 0178 2478 3578
FAM D=51 ell=11 count=22 nF=17 blocks: 0123 0145 0246 1346 2356 1247 0257 3457 0367 1567 0348 1358 2458 1268 0568 0178 2378
FAM D=54 ell=11 count=19 nF=18 blocks: 0123 0145 0246 1346 2356 1247 0257 3457 0367 1567 0348 1358 2458 1268 0568 0178 2378 4678
FAM D=51 ell=11 count=22 nF=17 blocks: 0123 0145 0246 1346 2356 1247 0257 3457 0367 1567 0348 1358 2458 1268 0568 0178 4678
FAM D=51 ell=11 count=22 nF=17 blocks: 0123 0145 0246 1346 2356 1247 0257 3457 0367 1567 0348 1358 2458 1268 0568 2378 4678
FAM D=51 ell=11 count=22 nF=17 blocks: 0123 0145 0246 1346 2356 1247 0257 3457 0367 1567 0348 1358 2458 1268 0178 2378 4678
FAM D=51 ell=11 count=22 nF=17 blocks: 0123 0145 0246 1346 2356 1247 0257 3457 0367 1567 0348 1358 2458 0568 0178 2378 4678
FAM D=51 ell=11 count=22 nF=17 blocks: 0123 0145 0246 1346 2356 1247 0257 3457 0367 1567 0348 1358 1268 0568 0178 2378 4678
FAM D=51 ell=11 count=22 nF=17 blocks: 0123 0145 0246 1346 2356 1247 0257 3457 0367 1567 0348 2458 1268 0568 0178 2378 4678
FAM D=51 ell=11 count=22 nF=17 blocks: 0123 0145 0246 1346 2356 1247 0257 3457 0367 1567 2348 1258 0358 0168 4568 1378 0478
FAM D=54 ell=11 count=19 nF=18 blocks: 0123 0145 0246 1346 2356 1247 0257 3457 0367 1567 2348 1258 0358 0168 4568 1378 0478 2678
FAM D=51 ell=11 count=22 nF=17 blocks: 0123 0145 0246 1346 2356 1247 0257 3457 0367 1567 2348 1258 0358 0168 4568 1378 2678
FAM D=51 ell=11 count=22 nF=17 blocks: 0123 0145 0246 1346 2356 1247 0257 3457 0367 1567 2348 1258 0358 0168 4568 0478 2678
FAM D=51 ell=11 count=22 nF=17 blocks: 0123 0145 0246 1346 2356 1247 0257 3457 0367 1567 2348 1258 0358 0168 1378 0478 2678
FAM D=51 ell=11 count=22 nF=17 blocks: 0123 0145 0246 1346 2356 1247 0257 3457 0367 1567 2348 1258 0358 4568 1378 0478 2678
FAM D=51 ell=11 count=22 nF=17 blocks: 0123 0145 0246 1346 2356 1247 0257 3457 0367 1567 2348 1258 0168 4568 1378 0478 2678
FAM D=51 ell=11 count=22 nF=17 blocks: 0123 0145 0246 1346 2356 1247 0257 3457 0367 1567 2348 0358 0168 4568 1378 0478 2678
FAM D=51 ell=11 count=22 nF=17 blocks: 0123 0145 0246 1346 2356 1247 0257 3457 0367 1567 1258 0358 0168 4568 1378 0478 2678
FAM D=51 ell=11 count=22 nF=17 blocks: 0123 0145 0246 1346 2356 1247 0257 3457 0367 1567 1358 2458 1268 0568 0178 2378 4678
FAM D=51 ell=11 count=22 nF=17 blocks: 0123 0145 0246 1346 2356 1247 0257 3457 0367 0348 1358 2458 1268 0568 0178 2378 4678
FAM D=51 ell=11 count=22 nF=17 blocks: 0123 0145 0246 1346 2356 1247 0257 3457 0367 2348 1258 0358 0168 4568 1378 0478 2678
FAM D=51 ell=11 count=22 nF=17 blocks: 0123 0145 0246 1346 2356 1247 0257 3457 1567 0348 1358 2458 1268 0568 0178 2378 4678
FAM D=51 ell=11 count=22 nF=17 blocks: 0123 0145 0246 1346 2356 1247 0257 3457 1567 2348 1258 0358 0168 4568 1378 0478 2678
FAM D=51 ell=11 count=22 nF=17 blocks: 0123 0145 0246 1346 2356 1247 0257 0367 1567 0348 1358 2458 1268 0568 0178 2378 4678
FAM D=51 ell=11 count=22 nF=17 blocks: 0123 0145 0246 1346 2356 1247 0257 0367 1567 2348 1258 0358 0168 4568 1378 0478 2678
FAM D=51 ell=11 count=22 nF=17 blocks: 0123 0145 0246 1346 2356 1247 3457 0367 1567 0348 1358 2458 1268 0568 0178 2378 4678
FAM D=51 ell=11 count=22 nF=17 blocks: 0123 0145 0246 1346 2356 1247 3457 0367 1567 2348 1258 0358 0168 4568 1378 0478 2678
FAM D=51 ell=11 count=22 nF=17 blocks: 0123 0145 0246 1346 2356 0347 1357 2457 1267 0567 1248 0258 3458 0368 1568 0178 2378
FAM D=54 ell=11 count=19 nF=18 blocks: 0123 0145 0246 1346 2356 0347 1357 2457 1267 0567 1248 0258 3458 0368 1568 0178 2378 4678
FAM D=51 ell=11 count=22 nF=17 blocks: 0123 0145 0246 1346 2356 0347 1357 2457 1267 0567 1248 0258 3458 0368 1568 0178 4678
FAM D=51 ell=11 count=22 nF=17 blocks: 0123 0145 0246 1346 2356 0347 1357 2457 1267 0567 1248 0258 3458 0368 1568 2378 4678
FAM D=51 ell=11 count=22 nF=17 blocks: 0123 0145 0246 1346 2356 0347 1357 2457 1267 0567 1248 0258 3458 0368 0178 2378 4678
FAM D=51 ell=11 count=22 nF=17 blocks: 0123 0145 0246 1346 2356 0347 1357 2457 1267 0567 1248 0258 3458 1568 0178 2378 4678
FAM D=51 ell=11 count=22 nF=17 blocks: 0123 0145 0246 1346 2356 0347 1357 2457 1267 0567 1248 0258 0368 1568 0178 2378 4678
FAM D=51 ell=11 count=22 nF=17 blocks: 0123 0145 0246 1346 2356 0347 1357 2457 1267 0567 1248 3458 0368 1568 0178 2378 4678
FAM D=51 ell=11 count=22 nF=17 blocks: 0123 0145 0246 1346 2356 0347 1357 2457 1267 0567 2348 1258 0358 0168 4568 0278 1478
FAM D=54 ell=11 count=19 nF=18 blocks: 0123 0145 0246 1346 2356 0347 1357 2457 1267 0567 2348 1258 0358 0168 4568 0278 1478 3678
FAM D=51 ell=11 count=22 nF=17 blocks: 0123 0145 0246 1346 2356 0347 1357 2457 1267 0567 2348 1258 0358 0168 4568 0278 3678
FAM D=51 ell=11 count=22 nF=17 blocks: 0123 0145 0246 1346 2356 0347 1357 2457 1267 0567 2348 1258 0358 0168 4568 1478 3678
FAM D=51 ell=11 count=22 nF=17 blocks: 0123 0145 0246 1346 2356 0347 1357 2457 1267 0567 2348 1258 0358 0168 0278 1478 3678
FAM D=51 ell=11 count=22 nF=17 blocks: 0123 0145 0246 1346 2356 0347 1357 2457 1267 0567 2348 1258 0358 4568 0278 1478 3678
FAM D=51 ell=11 count=22 nF=17 blocks: 0123 0145 0246 1346 2356 0347 1357 2457 1267 0567 2348 1258 0168 4568 0278 1478 3678
FAM D=51 ell=11 count=22 nF=17 blocks: 0123 0145 0246 1346 2356 0347 1357 2457 1267 0567 2348 0358 0168 4568 0278 1478 3678
FAM D=51 ell=11 count=22 nF=17 blocks: 0123 0145 0246 1346 2356 0347 1357 2457 1267 0567 0258 3458 0368 1568 0178 2378 4678
FAM D=51 ell=11 count=22 nF=17 blocks: 0123 0145 0246 1346 2356 0347 1357 2457 1267 0567 1258 0358 0168 4568 0278 1478 3678
FAM D=51 ell=11 count=22 nF=17 blocks: 0123 0145 0246 1346 2356 0347 1357 2457 1267 1248 0258 3458 0368 1568 0178 2378 4678
FAM D=51 ell=11 count=22 nF=17 blocks: 0123 0145 0246 1346 2356 0347 1357 2457 1267 2348 1258 0358 0168 4568 0278 1478 3678
FAM D=51 ell=11 count=22 nF=17 blocks: 0123 0145 0246 1346 2356 0347 1357 2457 0567 1248 0258 3458 0368 1568 0178 2378 4678
FAM D=51 ell=11 count=22 nF=17 blocks: 0123 0145 0246 1346 2356 0347 1357 2457 0567 2348 1258 0358 0168 4568 0278 1478 3678
FAM D=51 ell=11 count=22 nF=17 blocks: 0123 0145 0246 1346 2356 0347 1357 1267 0567 1248 0258 3458 0368 1568 0178 2378 4678
FAM D=51 ell=11 count=22 nF=17 blocks: 0123 0145 0246 1346 2356 0347 1357 1267 0567 2348 1258 0358 0168 4568 0278 1478 3678
FAM D=51 ell=11 count=22 nF=17 blocks: 0123 0145 0246 1346 2356 0347 2457 1267 0567 1248 0258 3458 0368 1568 0178 2378 4678
FAM D=51 ell=11 count=22 nF=17 blocks: 0123 0145 0246 1346 2356 0347 2457 1267 0567 2348 1258 0358 0168 4568 0278 1478 3678
FAM D=51 ell=11 count=22 nF=17 blocks: 0123 0145 0246 1346 2356 2347 1257 0357 0167 4567 1248 0258 3458 0368 1568 1378 0478
FAM D=54 ell=11 count=19 nF=18 blocks: 0123 0145 0246 1346 2356 2347 1257 0357 0167 4567 1248 0258 3458 0368 1568 1378 0478 2678
FAM D=51 ell=11 count=22 nF=17 blocks: 0123 0145 0246 1346 2356 2347 1257 0357 0167 4567 1248 0258 3458 0368 1568 1378 2678
FAM D=51 ell=11 count=22 nF=17 blocks: 0123 0145 0246 1346 2356 2347 1257 0357 0167 4567 1248 0258 3458 0368 1568 0478 2678
FAM D=51 ell=11 count=22 nF=17 blocks: 0123 0145 0246 1346 2356 2347 1257 0357 0167 4567 1248 0258 3458 0368 1378 0478 2678
FAM D=51 ell=11 count=22 nF=17 blocks: 0123 0145 0246 1346 2356 2347 1257 0357 0167 4567 1248 0258 3458 1568 1378 0478 2678
FAM D=51 ell=11 count=22 nF=17 blocks: 0123 0145 0246 1346 2356 2347 1257 0357 0167 4567 1248 0258 0368 1568 1378 0478 2678
FAM D=51 ell=11 count=22 nF=17 blocks: 0123 0145 0246 1346 2356 2347 1257 0357 0167 4567 1248 3458 0368 1568 1378 0478 2678
FAM D=51 ell=11 count=22 nF=17 blocks: 0123 0145 0246 1346 2356 2347 1257 0357 0167 4567 0348 1358 2458 1268 0568 0278 1478
FAM D=54 ell=11 count=19 nF=18 blocks: 0123 0145 0246 1346 2356 2347 1257 0357 0167 4567 0348 1358 2458 1268 0568 0278 1478 3678
FAM D=51 ell=11 count=22 nF=17 blocks: 0123 0145 0246 1346 2356 2347 1257 0357 0167 4567 0348 1358 2458 1268 0568 0278 3678
FAM D=51 ell=11 count=22 nF=17 blocks: 0123 0145 0246 1346 2356 2347 1257 0357 0167 4567 0348 1358 2458 1268 0568 1478 3678
FAM D=51 ell=11 count=22 nF=17 blocks: 0123 0145 0246 1346 2356 2347 1257 0357 0167 4567 0348 1358 2458 1268 0278 1478 3678
FAM D=51 ell=11 count=22 nF=17 blocks: 0123 0145 0246 1346 2356 2347 1257 0357 0167 4567 0348 1358 2458 0568 0278 1478 3678
FAM D=51 ell=11 count=22 nF=17 blocks: 0123 0145 0246 1346 2356 2347 1257 0357 0167 4567 0348 1358 1268 0568 0278 1478 3678
FAM D=51 ell=11 count=22 nF=17 blocks: 0123 0145 0246 1346 2356 2347 1257 0357 0167 4567 0348 2458 1268 0568 0278 1478 3678
FAM D=51 ell=11 count=22 nF=17 blocks: 0123 0145 0246 1346 2356 2347 1257 0357 0167 4567 0258 3458 0368 1568 1378 0478 2678
FAM D=51 ell=11 count=22 nF=17 blocks: 0123 0145 0246 1346 2356 2347 1257 0357 0167 4567 1358 2458 1268 0568 0278 1478 3678
FAM D=51 ell=11 count=22 nF=17 blocks: 0123 0145 0246 1346 2356 2347 1257 0357 0167 1248 0258 3458 0368 1568 1378 0478 2678
FAM D=51 ell=11 count=22 nF=17 blocks: 0123 0145 0246 1346 2356 2347 1257 0357 0167 0348 1358 2458 1268 0568 0278 1478 3678
FAM D=51 ell=11 count=22 nF=17 blocks: 0123 0145 0246 1346 2356 2347 1257 0357 4567 1248 0258 3458 0368 1568 1378 0478 2678
FAM D=51 ell=11 count=22 nF=17 blocks: 0123 0145 0246 1346 2356 2347 1257 0357 4567 0348 1358 2458 1268 0568 0278 1478 3678
FAM D=51 ell=11 count=22 nF=17 blocks: 0123 0145 0246 1346 2356 2347 1257 0167 4567 1248 0258 3458 0368 1568 1378 0478 2678
FAM D=51 ell=11 count=22 nF=17 blocks: 0123 0145 0246 1346 2356 2347 1257 0167 4567 0348 1358 2458 1268 0568 0278 1478 3678
FAM D=51 ell=11 count=22 nF=17 blocks: 0123 0145 0246 1346 2356 2347 0357 0167 4567 1248 0258 3458 0368 1568 1378 0478 2678
FAM D=51 ell=11 count=22 nF=17 blocks: 0123 0145 0246 1346 2356 2347 0357 0167 4567 0348 1358 2458 1268 0568 0278 1478 3678
FAM D=51 ell=11 count=22 nF=17 blocks: 0123 0145 0246 1346 2356 0257 3457 0367 1567 0348 1358 2458 1268 0568 0178 2378 4678
FAM D=51 ell=11 count=22 nF=17 blocks: 0123 0145 0246 1346 2356 0257 3457 0367 1567 2348 1258 0358 0168 4568 1378 0478 2678
FAM D=51 ell=11 count=22 nF=17 blocks: 0123 0145 0246 1346 2356 1257 0357 0167 4567 1248 0258 3458 0368 1568 1378 0478 2678
FAM D=51 ell=11 count=22 nF=17 blocks: 0123 0145 0246 1346 2356 1257 0357 0167 4567 0348 1358 2458 1268 0568 0278 1478 3678
FAM D=51 ell=11 count=22 nF=17 blocks: 0123 0145 0246 1346 2356 1357 2457 1267 0567 1248 0258 3458 0368 1568 0178 2378 4678
FAM D=51 ell=11 count=22 nF=17 blocks: 0123 0145 0246 1346 2356 1357 2457 1267 0567 2348 1258 0358 0168 4568 0278 1478 3678
FAM D=51 ell=11 count=22 nF=17 blocks: 0123 0145 0246 1346 1247 0257 3457 0367 1567 0348 1358 2458 1268 0568 0178 2378 4678
FAM D=51 ell=11 count=22 nF=17 blocks: 0123 0145 0246 1346 1247 0257 3457 0367 1567 2348 1258 0358 0168 4568 1378 0478 2678
FAM D=51 ell=11 count=22 nF=17 blocks: 0123 0145 0246 1346 0347 1357 2457 1267 0567 1248 0258 3458 0368 1568 0178 2378 4678
FAM D=51 ell=11 count=22 nF=17 blocks: 0123 0145 0246 1346 0347 1357 2457 1267 0567 2348 1258 0358 0168 4568 0278 1478 3678
FAM D=51 ell=11 count=22 nF=17 blocks: 0123 0145 0246 1346 2347 1257 0357 0167 4567 1248 0258 3458 0368 1568 1378 0478 2678
FAM D=51 ell=11 count=22 nF=17 blocks: 0123 0145 0246 1346 2347 1257 0357 0167 4567 0348 1358 2458 1268 0568 0278 1478 3678
FAM D=51 ell=11 count=22 nF=17 blocks: 0123 0145 0246 1256 3456 1247 0347 2357 1367 0567 1348 0358 2458 0168 2368 0278 1578
FAM D=54 ell=11 count=19 nF=18 blocks: 0123 0145 0246 1256 3456 1247 0347 2357 1367 0567 1348 0358 2458 0168 2368 0278 1578 4678
FAM D=51 ell=11 count=22 nF=17 blocks: 0123 0145 0246 1256 3456 1247 0347 2357 1367 0567 1348 0358 2458 0168 2368 0278 4678
FAM D=51 ell=11 count=22 nF=17 blocks: 0123 0145 0246 1256 3456 1247 0347 2357 1367 0567 1348 0358 2458 0168 2368 1578 4678
FAM D=51 ell=11 count=22 nF=17 blocks: 0123 0145 0246 1256 3456 1247 0347 2357 1367 0567 1348 0358 2458 0168 0278 1578 4678
FAM D=51 ell=11 count=22 nF=17 blocks: 0123 0145 0246 1256 3456 1247 0347 2357 1367 0567 1348 0358 2458 2368 0278 1578 4678
FAM D=51 ell=11 count=22 nF=17 blocks: 0123 0145 0246 1256 3456 1247 0347 2357 1367 0567 1348 0358 0168 2368 0278 1578 4678
FAM D=51 ell=11 count=22 nF=17 blocks: 0123 0145 0246 1256 3456 1247 0347 2357 1367 0567 1348 2458 0168 2368 0278 1578 4678
FAM D=51 ell=11 count=22 nF=17 blocks: 0123 0145 0246 1256 3456 1247 0347 2357 1367 0567 2348 0258 1358 0368 1468 0178 4578
FAM D=54 ell=11 count=19 nF=18 blocks: 0123 0145 0246 1256 3456 1247 0347 2357 1367 0567 2348 0258 1358 0368 1468 0178 4578 2678
FAM D=51 ell=11 count=22 nF=17 blocks: 0123 0145 0246 1256 3456 1247 0347 2357 1367 0567 2348 0258 1358 0368 1468 0178 2678
FAM D=51 ell=11 count=22 nF=17 blocks: 0123 0145 0246 1256 3456 1247 0347 2357 1367 0567 2348 0258 1358 0368 1468 4578 2678
FAM D=51 ell=11 count=22 nF=17 blocks: 0123 0145 0246 1256 3456 1247 0347 2357 1367 0567 2348 0258 1358 0368 0178 4578 2678
FAM D=51 ell=11 count=22 nF=17 blocks: 0123 0145 0246 1256 3456 1247 0347 2357 1367 0567 2348 0258 1358 1468 0178 4578 2678
FAM D=51 ell=11 count=22 nF=17 blocks: 0123 0145 0246 1256 3456 1247 0347 2357 1367 0567 2348 0258 0368 1468 0178 4578 2678
FAM D=51 ell=11 count=22 nF=17 blocks: 0123 0145 0246 1256 3456 1247 0347 2357 1367 0567 2348 1358 0368 1468 0178 4578 2678
FAM D=51 ell=11 count=22 nF=17 blocks: 0123 0145 0246 1256 3456 1247 0347 2357 1367 0567 0258 1358 0368 1468 0178 4578 2678
FAM D=51 ell=11 count=22 nF=17 blocks: 0123 0145 0246 1256 3456 1247 0347 2357 1367 0567 0358 2458 0168 2368 0278 1578 4678
FAM D=51 ell=11 count=22 nF=17 blocks: 0123 0145 0246 1256 3456 1247 0347 2357 1367 1348 0358 2458 0168 2368 0278 1578 4678
FAM D=51 ell=11 count=22 nF=17 blocks: 0123 0145 0246 1256 3456 1247 0347 2357 1367 2348 0258 1358 0368 1468 0178 4578 2678
FAM D=51 ell=11 count=22 nF=17 blocks: 0123 0145 0246 1256 3456 1247 0347 2357 0567 1348 0358 2458 0168 2368 0278 1578 4678
FAM D=51 ell=11 count=22 nF=17 blocks: 0123 0145 0246 1256 3456 1247 0347 2357 0567 2348 0258 1358 0368 1468 0178 4578 2678
FAM D=51 ell=11 count=22 nF=17 blocks: 0123 0145 0246 1256 3456 1247 0347 1367 0567 1348 0358 2458 0168 2368 0278 1578 4678
FAM D=51 ell=11 count=22 nF=17 blocks: 0123 0145 0246 1256 3456 1247 0347 1367 0567 2348 0258 1358 0368 1468 0178 4578 2678
FAM D=51 ell=11 count=22 nF=17 blocks: 0123 0145 0246 1256 3456 1247 2357 1367 0567 1348 0358 2458 0168 2368 0278 1578 4678
FAM D=51 ell=11 count=22 nF=17 blocks: 0123 0145 0246 1256 3456 1247 2357 1367 0567 2348 0258 1358 0368 1468 0178 4578 2678
FAM D=51 ell=11 count=22 nF=17 blocks: 0123 0145 0246 1256 3456 0347 2357 1367 0567 1348 0358 2458 0168 2368 0278 1578 4678
FAM D=51 ell=11 count=22 nF=17 blocks: 0123 0145 0246 1256 3456 0347 2357 1367 0567 2348 0258 1358 0368 1468 0178 4578 2678
FAM D=51 ell=11 count=22 nF=17 blocks: 0123 0145 0246 1256 3456 1347 0357 2457 0167 2367 1248 0348 2358 1368 0568 0278 1578
FAM D=54 ell=11 count=19 nF=18 blocks: 0123 0145 0246 1256 3456 1347 0357 2457 0167 2367 1248 0348 2358 1368 0568 0278 1578 4678
FAM D=51 ell=11 count=22 nF=17 blocks: 0123 0145 0246 1256 3456 1347 0357 2457 0167 2367 1248 0348 2358 1368 0568 0278 4678
FAM D=51 ell=11 count=22 nF=17 blocks: 0123 0145 0246 1256 3456 1347 0357 2457 0167 2367 1248 0348 2358 1368 0568 1578 4678
FAM D=51 ell=11 count=22 nF=17 blocks: 0123 0145 0246 1256 3456 1347 0357 2457 0167 2367 1248 0348 2358 1368 0278 1578 4678
FAM D=51 ell=11 count=22 nF=17 blocks: 0123 0145 0246 1256 3456 1347 0357 2457 0167 2367 1248 0348 2358 0568 0278 1578 4678
FAM D=51 ell=11 count=22 nF=17 blocks: 0123 0145 0246 1256 3456 1347 0357 2457 0167 2367 1248 0348 1368 0568 0278 1578 4678
FAM D=51 ell=11 count=22 nF=17 blocks: 0123 0145 0246 1256 3456 1347 0357 2457 0167 2367 1248 2358 1368 0568 0278 1578 4678
FAM D=51 ell=11 count=22 nF=17 blocks: 0123 0145 0246 1256 3456 1347 0357 2457 0167 2367 0348 2358 1368 0568 0278 1578 4678
FAM D=51 ell=11 count=22 nF=17 blocks: 0123 0145 0246 1256 3456 1347 0357 2457 0167 2367 2348 0258 1358 0368 1468 1278 0478
FAM D=54 ell=11 count=19 nF=18 blocks: 0123 0145 0246 1256 3456 1347 0357 2457 0167 2367 2348 0258 1358 0368 1468 1278 0478 5678
FAM D=51 ell=11 count=22 nF=17 blocks: 0123 0145 0246 1256 3456 1347 0357 2457 0167 2367 2348 0258 1358 0368 1468 1278 5678
FAM D=51 ell=11 count=22 nF=17 blocks: 0123 0145 0246 1256 3456 1347 0357 2457 0167 2367 2348 0258 1358 0368 1468 0478 5678
FAM D=51 ell=11 count=22 nF=17 blocks: 0123 0145 0246 1256 3456 1347 0357 2457 0167 2367 2348 0258 1358 0368 1278 0478 5678
FAM D=51 ell=11 count=22 nF=17 blocks: 0123 0145 0246 1256 3456 1347 0357 2457 0167 2367 2348 0258 1358 1468 1278 0478 5678
FAM D=51 ell=11 count=22 nF=17 blocks: 0123 0145 0246 1256 3456 1347 0357 2457 0167 2367 2348 0258 0368 1468 1278 0478 5678
FAM D=51 ell=11 count=22 nF=17 blocks: 0123 0145 0246 1256 3456 1347 0357 2457 0167 2367 2348 1358 0368 1468 1278 0478 5678
FAM D=51 ell=11 count=22 nF=17 blocks: 0123 0145 0246 1256 3456 1347 0357 2457 0167 2367 0258 1358 0368 1468 1278 0478 5678
FAM D=51 ell=11 count=22 nF=17 blocks: 0123 0145 0246 1256 3456 1347 0357 2457 0167 1248 0348 2358 1368 0568 0278 1578 4678
FAM D=51 ell=11 count=22 nF=17 blocks: 0123 0145 0246 1256 3456 1347 0357 2457 0167 2348 0258 1358 0368 1468 1278 0478 5678
FAM D=51 ell=11 count=22 nF=17 blocks: 0123 0145 0246 1256 3456 1347 0357 2457 2367 1248 0348 2358 1368 0568 0278 1578 4678
FAM D=51 ell=11 count=22 nF=17 blocks: 0123 0145 0246 1256 3456 1347 0357 2457 2367 2348 0258 1358 0368 1468 1278 0478 5678
FAM D=51 ell=11 count=22 nF=17 blocks: 0123 0145 0246 1256 3456 1347 0357 0167 2367 1248 0348 2358 1368 0568 0278 1578 4678
FAM D=51 ell=11 count=22 nF=17 blocks: 0123 0145 0246 1256 3456 1347 0357 0167 2367 2348 0258 1358 0368 1468 1278 0478 5678
FAM D=51 ell=11 count=22 nF=17 blocks: 0123 0145 0246 1256 3456 1347 2457 0167 2367 1248 0348 2358 1368 0568 0278 1578 4678
FAM D=51 ell=11 count=22 nF=17 blocks: 0123 0145 0246 1256 3456 1347 2457 0167 2367 2348 0258 1358 0368 1468 1278 0478 5678
FAM D=51 ell=11 count=22 nF=17 blocks: 0123 0145 0246 1256 3456 2347 0257 1357 0367 1467 1248 0348 2358 1368 0568 0178 4578
FAM D=54 ell=11 count=19 nF=18 blocks: 0123 0145 0246 1256 3456 2347 0257 1357 0367 1467 1248 0348 2358 1368 0568 0178 4578 2678
FAM D=51 ell=11 count=22 nF=17 blocks: 0123 0145 0246 1256 3456 2347 0257 1357 0367 1467 1248 0348 2358 1368 0568 0178 2678
FAM D=51 ell=11 count=22 nF=17 blocks: 0123 0145 0246 1256 3456 2347 0257 1357 0367 1467 1248 0348 2358 1368 0568 4578 2678
FAM D=51 ell=11 count=22 nF=17 blocks: 0123 0145 0246 1256 3456 2347 0257 1357 0367 1467 1248 0348 2358 1368 0178 4578 2678
FAM D=51 ell=11 count=22 nF=17 blocks: 0123 0145 0246 1256 3456 2347 0257 1357 0367 1467 1248 0348 2358 0568 0178 4578 2678
FAM D=51 ell=11 count=22 nF=17 blocks: 0123 0145 0246 1256 3456 2347 0257 1357 0367 1467 1248 0348 1368 0568 0178 4578 2678
FAM D=51 ell=11 count=22 nF=17 blocks: 0123 0145 0246 1256 3456 2347 0257 1357 0367 1467 1248 2358 1368 0568 0178 4578 2678
FAM D=51 ell=11 count=22 nF=17 blocks: 0123 0145 0246 1256 3456 2347 0257 1357 0367 1467 0348 2358 1368 0568 0178 4578 2678
FAM D=51 ell=11 count=22 nF=17 blocks: 0123 0145 0246 1256 3456 2347 0257 1357 0367 1467 1348 0358 2458 0168 2368 1278 0478
FAM D=54 ell=11 count=19 nF=18 blocks: 0123 0145 0246 1256 3456 2347 0257 1357 0367 1467 1348 0358 2458 0168 2368 1278 0478 5678
FAM D=51 ell=11 count=22 nF=17 blocks: 0123 0145 0246 1256 3456 2347 0257 1357 0367 1467 1348 0358 2458 0168 2368 1278 5678
FAM D=51 ell=11 count=22 nF=17 blocks: 0123 0145 0246 1256 3456 2347 0257 1357 0367 1467 1348 0358 2458 0168 2368 0478 5678
FAM D=51 ell=11 count=22 nF=17 blocks: 0123 0145 0246 1256 3456 2347 0257 1357 0367 1467 1348 0358 2458 0168 1278 0478 5678
FAM D=51 ell=11 count=22 nF=17 blocks: 0123 0145 0246 1256 3456 2347 0257 1357 0367 1467 1348 0358 2458 2368 1278 0478 5678
FAM D=51 ell=11 count=22 nF=17 blocks: 0123 0145 0246 1256 3456 2347 0257 1357 0367 1467 1348 0358 0168 2368 1278 0478 5678
FAM D=51 ell=11 count=22 nF=17 blocks: 0123 0145 0246 1256 3456 2347 0257 1357 0367 1467 1348 2458 0168 2368 1278 0478 5678
FAM D=51 ell=11 count=22 nF=17 blocks: 0123 0145 0246 1256 3456 2347 0257 1357 0367 1467 0358 2458 0168 2368 1278 0478 5678
FAM D=51 ell=11 count=22 nF=17 blocks: 0123 0145 0246 1256 3456 2347 0257 1357 0367 1248 0348 2358 1368 0568 0178 4578 2678
FAM D=51 ell=11 count=22 nF=17 blocks: 0123 0145 0246 1256 3456 2347 0257 1357 0367 1348 0358 2458 0168 2368 1278 0478 5678
FAM D=51 ell=11 count=22 nF=17 blocks: 0123 0145 0246 1256 3456 2347 0257 1357 1467 1248 0348 2358 1368 0568 0178 4578 2678
FAM D=51 ell=11 count=22 nF=17 blocks: 0123 0145 0246 1256 3456 2347 0257 1357 1467 1348 0358 2458 0168 2368 1278 0478 5678
FAM D=51 ell=11 count=22 nF=17 blocks: 0123 0145 0246 1256 3456 2347 0257 0367 1467 1248 0348 2358 1368 0568 0178 4578 2678
FAM D=51 ell=11 count=22 nF=17 blocks: 0123 0145 0246 1256 3456 2347 0257 0367 1467 1348 0358 2458 0168 2368 1278 0478 5678
FAM D=51 ell=11 count=22 nF=17 blocks: 0123 0145 0246 1256 3456 2347 1357 0367 1467 1248 0348 2358 1368 0568 0178 4578 2678
FAM D=51 ell=11 count=22 nF=17 blocks: 0123 0145 0246 1256 3456 2347 1357 0367 1467 1348 0358 2458 0168 2368 1278 0478 5678
FAM D=51 ell=11 count=22 nF=17 blocks: 0123 0145 0246 1256 3456 0257 1357 0367 1467 1248 0348 2358 1368 0568 0178 4578 2678
FAM D=51 ell=11 count=22 nF=17 blocks: 0123 0145 0246 1256 3456 0257 1357 0367 1467 1348 0358 2458 0168 2368 1278 0478 5678
FAM D=51 ell=11 count=22 nF=17 blocks: 0123 0145 0246 1256 3456 0357 2457 0167 2367 1248 0348 2358 1368 0568 0278 1578 4678
FAM D=51 ell=11 count=22 nF=17 blocks: 0123 0145 0246 1256 3456 0357 2457 0167 2367 2348 0258 1358 0368 1468 1278 0478 5678
FAM D=51 ell=11 count=22 nF=17 blocks: 0123 0145 0246 1256 1247 0347 2357 1367 0567 1348 0358 2458 0168 2368 0278 1578 4678
FAM D=51 ell=11 count=22 nF=17 blocks: 0123 0145 0246 1256 1247 0347 2357 1367 0567 2348 0258 1358 0368 1468 0178 4578 2678
FAM D=51 ell=11 count=22 nF=17 blocks: 0123 0145 0246 1256 1347 0357 2457 0167 2367 1248 0348 2358 1368 0568 0278 1578 4678
FAM D=51 ell=11 count=22 nF=17 blocks: 0123 0145 0246 1256 1347 0357 2457 0167 2367 2348 0258 1358 0368 1468 1278 0478 5678
FAM D=51 ell=11 count=22 nF=17 blocks: 0123 0145 0246 1256 2347 0257 1357 0367 1467 1248 0348 2358 1368 0568 0178 4578 2678
FAM D=51 ell=11 count=22 nF=17 blocks: 0123 0145 0246 1256 2347 0257 1357 0367 1467 1348 0358 2458 0168 2368 1278 0478 5678
FAM D=51 ell=11 count=22 nF=17 blocks: 0123 0145 0246 1356 1247 0357 0167 3467 2567 0348 1258 2368 1468 0568 0278 1378 4578
FAM D=51 ell=11 count=22 nF=17 blocks: 0123 0145 0246 1356 1247 0357 0167 3467 2567 1348 0258 1268 0368 4568 2378 0478 1578
FAM D=51 ell=11 count=22 nF=17 blocks: 0123 0145 0246 1356 0347 1257 2367 1467 0567 1248 0358 0168 3468 2568 0278 1378 4578
FAM D=51 ell=11 count=22 nF=17 blocks: 0123 0145 0246 1356 0347 1257 2367 1467 0567 1348 0258 1268 0368 4568 0178 2478 3578
FAM D=51 ell=11 count=22 nF=17 blocks: 0123 0145 0246 1356 1347 0257 1267 0367 4567 1248 0358 0168 3468 2568 2378 0478 1578
FAM D=51 ell=11 count=22 nF=17 blocks: 0123 0145 0246 1356 1347 0257 1267 0367 4567 0348 1258 2368 1468 0568 0178 2478 3578
FAM D=51 ell=11 count=22 nF=17 blocks: 0123 0145 0246 2356 1247 0257 3457 0367 1567 0348 1358 2458 1268 0568 0178 2378 4678
FAM D=51 ell=11 count=22 nF=17 blocks: 0123 0145 0246 2356 1247 0257 3457 0367 1567 2348 1258 0358 0168 4568 1378 0478 2678
FAM D=51 ell=11 count=22 nF=17 blocks: 0123 0145 0246 2356 0347 1357 2457 1267 0567 1248 0258 3458 0368 1568 0178 2378 4678
FAM D=51 ell=11 count=22 nF=17 blocks: 0123 0145 0246 2356 0347 1357 2457 1267 0567 2348 1258 0358 0168 4568 0278 1478 3678
FAM D=51 ell=11 count=22 nF=17 blocks: 0123 0145 0246 2356 2347 1257 0357 0167 4567 1248 0258 3458 0368 1568 1378 0478 2678
FAM D=51 ell=11 count=22 nF=17 blocks: 0123 0145 0246 2356 2347 1257 0357 0167 4567 0348 1358 2458 1268 0568 0278 1478 3678
FAM D=51 ell=11 count=22 nF=17 blocks: 0123 0145 0246 3456 1247 0347 2357 1367 0567 1348 0358 2458 0168 2368 0278 1578 4678
FAM D=51 ell=11 count=22 nF=17 blocks: 0123 0145 0246 3456 1247 0347 2357 1367 0567 2348 0258 1358 0368 1468 0178 4578 2678
FAM D=51 ell=11 count=22 nF=17 blocks: 0123 0145 0246 3456 1347 0357 2457 0167 2367 1248 0348 2358 1368 0568 0278 1578 4678
FAM D=51 ell=11 count=22 nF=17 blocks: 0123 0145 0246 3456 1347 0357 2457 0167 2367 2348 0258 1358 0368 1468 1278 0478 5678
FAM D=51 ell=11 count=22 nF=17 blocks: 0123 0145 0246 3456 2347 0257 1357 0367 1467 1248 0348 2358 1368 0568 0178 4578 2678
FAM D=51 ell=11 count=22 nF=17 blocks: 0123 0145 0246 3456 2347 0257 1357 0367 1467 1348 0358 2458 0168 2368 1278 0478 5678
FAM D=51 ell=11 count=22 nF=17 blocks: 0123 0145 1246 0346 2356 0247 1257 3457 1367 0567 1348 0358 2458 0268 1568 0178 2378
FAM D=54 ell=11 count=19 nF=18 blocks: 0123 0145 1246 0346 2356 0247 1257 3457 1367 0567 1348 0358 2458 0268 1568 0178 2378 4678
FAM D=51 ell=11 count=22 nF=17 blocks: 0123 0145 1246 0346 2356 0247 1257 3457 1367 0567 1348 0358 2458 0268 1568 0178 4678
FAM D=51 ell=11 count=22 nF=17 blocks: 0123 0145 1246 0346 2356 0247 1257 3457 1367 0567 1348 0358 2458 0268 1568 2378 4678
FAM D=51 ell=11 count=22 nF=17 blocks: 0123 0145 1246 0346 2356 0247 1257 3457 1367 0567 1348 0358 2458 0268 0178 2378 4678
FAM D=51 ell=11 count=22 nF=17 blocks: 0123 0145 1246 0346 2356 0247 1257 3457 1367 0567 1348 0358 2458 1568 0178 2378 4678
FAM D=51 ell=11 count=22 nF=17 blocks: 0123 0145 1246 0346 2356 0247 1257 3457 1367 0567 1348 0358 0268 1568 0178 2378 4678
FAM D=51 ell=11 count=22 nF=17 blocks: 0123 0145 1246 0346 2356 0247 1257 3457 1367 0567 1348 2458 0268 1568 0178 2378 4678
FAM D=51 ell=11 count=22 nF=17 blocks: 0123 0145 1246 0346 2356 0247 1257 3457 1367 0567 2348 0258 1358 0168 4568 0378 1478
FAM D=54 ell=11 count=19 nF=18 blocks: 0123 0145 1246 0346 2356 0247 1257 3457 1367 0567 2348 0258 1358 0168 4568 0378 1478 2678
FAM D=51 ell=11 count=22 nF=17 blocks: 0123 0145 1246 0346 2356 0247 1257 3457 1367 0567 2348 0258 1358 0168 4568 0378 2678
FAM D=51 ell=11 count=22 nF=17 blocks: 0123 0145 1246 0346 2356 0247 1257 3457 1367 0567 2348 0258 1358 0168 4568 1478 2678
FAM D=51 ell=11 count=22 nF=17 blocks: 0123 0145 1246 0346 2356 0247 1257 3457 1367 0567 2348 0258 1358 0168 0378 1478 2678
FAM D=51 ell=11 count=22 nF=17 blocks: 0123 0145 1246 0346 2356 0247 1257 3457 1367 0567 2348 0258 1358 4568 0378 1478 2678
FAM D=51 ell=11 count=22 nF=17 blocks: 0123 0145 1246 0346 2356 0247 1257 3457 1367 0567 2348 0258 0168 4568 0378 1478 2678
FAM D=51 ell=11 count=22 nF=17 blocks: 0123 0145 1246 0346 2356 0247 1257 3457 1367 0567 2348 1358 0168 4568 0378 1478 2678
FAM D=51 ell=11 count=22 nF=17 blocks: 0123 0145 1246 0346 2356 0247 1257 3457 1367 0567 0258 1358 0168 4568 0378 1478 2678
FAM D=51 ell=11 count=22 nF=17 blocks: 0123 0145 1246 0346 2356 0247 1257 3457 1367 0567 0358 2458 0268 1568 0178 2378 4678
FAM D=51 ell=11 count=22 nF=17 blocks: 0123 0145 1246 0346 2356 0247 1257 3457 1367 1348 0358 2458 0268 1568 0178 2378 4678
FAM D=51 ell=11 count=22 nF=17 blocks: 0123 0145 1246 0346 2356 0247 1257 3457 1367 2348 0258 1358 0168 4568 0378 1478 2678
FAM D=51 ell=11 count=22 nF=17 blocks: 0123 0145 1246 0346 2356 0247 1257 3457 0567 1348 0358 2458 0268 1568 0178 2378 4678
FAM D=51 ell=11 count=22 nF=17 blocks: 0123 0145 1246 0346 2356 0247 1257 3457 0567 2348 0258 1358 0168 4568 0378 1478 2678
FAM D=51 ell=11 count=22 nF=17 blocks: 0123 0145 1246 0346 2356 0247 1257 1367 0567 1348 0358 2458 0268 1568 0178 2378 4678
FAM D=51 ell=11 count=22 nF=17 blocks: 0123 0145 1246 0346 2356 0247 1257 1367 0567 2348 0258 1358 0168 4568 0378 1478 2678
FAM D=51 ell=11 count=22 nF=17 blocks: 0123 0145 1246 0346 2356 0247 3457 1367 0567 1348 0358 2458 0268 1568 0178 2378 4678
FAM D=51 ell=11 count=22 nF=17 blocks: 0123 0145 1246 0346 2356 0247 3457 1367 0567 2348 0258 1358 0168 4568 0378 1478 2678
FAM D=51 ell=11 count=22 nF=17 blocks: 0123 0145 1246 0346 2356 1347 0357 2457 0267 1567 0248 1258 3458 1368 0568 0178 2378
FAM D=54 ell=11 count=19 nF=18 blocks: 0123 0145 1246 0346 2356 1347 0357 2457 0267 1567 0248 1258 3458 1368 0568 0178 2378 4678
FAM D=51 ell=11 count=22 nF=17 blocks: 0123 0145 1246 0346 2356 1347 0357 2457 0267 1567 0248 1258 3458 1368 0568 0178 4678
FAM D=51 ell=11 count=22 nF=17 blocks: 0123 0145 1246 0346 2356 1347 0357 2457 0267 1567 0248 1258 3458 1368 0568 2378 4678
FAM D=51 ell=11 count=22 nF=17 blocks: 0123 0145 1246 0346 2356 1347 0357 2457 0267 1567 0248 1258 3458 1368 0178 2378 4678
FAM D=51 ell=11 count=22 nF=17 blocks: 0123 0145 1246 0346 2356 1347 0357 2457 0267 1567 0248 1258 3458 0568 0178 2378 4678
FAM D=51 ell=11 count=22 nF=17 blocks: 0123 0145 1246 0346 2356 1347 0357 2457 0267 1567 0248 1258 1368 0568 0178 2378 4678
FAM D=51 ell=11 count=22 nF=17 blocks: 0123 0145 1246 0346 2356 1347 0357 2457 0267 1567 0248 3458 1368 0568 0178 2378 4678
FAM D=51 ell=11 count=22 nF=17 blocks: 0123 0145 1246 0346 2356 1347 0357 2457 0267 1567 2348 0258 1358 0168 4568 1278 0478
FAM D=54 ell=11 count=19 nF=18 blocks: 0123 0145 1246 0346 2356 1347 0357 2457 0267 1567 2348 0258 1358 0168 4568 1278 0478 3678
FAM D=51 ell=11 count=22 nF=17 blocks: 0123 0145 1246 0346 2356 1347 0357 2457 0267 1567 2348 0258 1358 0168 4568 1278 3678
FAM D=51 ell=11 count=22 nF=17 blocks: 0123 0145 1246 0346 2356 1347 0357 2457 0267 1567 2348 0258 1358 0168 4568 0478 3678
FAM D=51 ell=11 count=22 nF=17 blocks: 0123 0145 1246 0346 2356 1347 0357 2457 0267 1567 2348 0258 1358 0168 1278 0478 3678
FAM D=51 ell=11 count=22 nF=17 blocks: 0123 0145 1246 0346 2356 1347 0357 2457 0267 1567 2348 0258 1358 4568 1278 0478 3678
FAM D=51 ell=11 count=22 nF=17 blocks: 0123 0145 1246 0346 2356 1347 0357 2457 0267 1567 2348 0258 0168 4568 1278 0478 3678
FAM D=51 ell=11 count=22 nF=17 blocks: 0123 0145 1246 0346 2356 1347 0357 2457 0267 1567 2348 1358 0168 4568 1278 0478 3678
FAM D=51 ell=11 count=22 nF=17 blocks: 0123 0145 1246 0346 2356 1347 0357 2457 0267 1567 0258 1358 0168 4568 1278 0478 3678
FAM D=51 ell=11 count=22 nF=17 blocks: 0123 0145 1246 0346 2356 1347 0357 2457 0267 1567 1258 3458 1368 0568 0178 2378 4678
FAM D=51 ell=11 count=22 nF=17 blocks: 0123 0145 1246 0346 2356 1347 0357 2457 0267 0248 1258 3458 1368 0568 0178 2378 4678
FAM D=51 ell=11 count=22 nF=17 blocks: 0123 0145 1246 0346 2356 1347 0357 2457 0267 2348 0258 1358 0168 4568 1278 0478 3678
FAM D=51 ell=11 count=22 nF=17 blocks: 0123 0145 1246 0346 2356 1347 0357 2457 1567 0248 1258 3458 1368 0568 0178 2378 4678
FAM D=51 ell=11 count=22 nF=17 blocks: 0123 0145 1246 0346 2356 1347 0357 2457 1567 2348 0258 1358 0168 4568 1278 0478 3678
FAM D=51 ell=11 count=22 nF=17 blocks: 0123 0145 1246 0346 2356 1347 0357 0267 1567 0248 1258 3458 1368 0568 0178 2378 4678
FAM D=51 ell=11 count=22 nF=17 blocks: 0123 0145 1246 0346 2356 1347 0357 0267 1567 2348 0258 1358 0168 4568 1278 0478 3678
FAM D=51 ell=11 count=22 nF=17 blocks: 0123 0145 1246 0346 2356 1347 2457 0267 1567 0248 1258 3458 1368 0568 0178 2378 4678
FAM D=51 ell=11 count=22 nF=17 blocks: 0123 0145 1246 0346 2356 1347 2457 0267 1567 2348 0258 1358 0168 4568 1278 0478 3678
FAM D=51 ell=11 count=22 nF=17 blocks: 0123 0145 1246 0346 2356 2347 0257 1357 0167 4567 0248 1258 3458 1368 0568 0378 1478
FAM D=54 ell=11 count=19 nF=18 blocks: 0123 0145 1246 0346 2356 2347 0257 1357 0167 4567 0248 1258 3458 1368 0568 0378 1478 2678
FAM D=51 ell=11 count=22 nF=17 blocks: 0123 0145 1246 0346 2356 2347 0257 1357 0167 4567 0248 1258 3458 1368 0568 0378 2678
FAM D=51 ell=11 count=22 nF=17 blocks: 0123 0145 1246 0346 2356 2347 0257 1357 0167 4567 0248 1258 3458 1368 0568 1478 2678
FAM D=51 ell=11 count=22 nF=17 blocks: 0123 0145 1246 0346 2356 2347 0257 1357 0167 4567 0248 1258 3458 1368 0378 1478 2678
FAM D=51 ell=11 count=22 nF=17 blocks: 0123 0145 1246 0346 2356 2347 0257 1357 0167 4567 0248 1258 3458 0568 0378 1478 2678
FAM D=51 ell=11 count=22 nF=17 blocks: 0123 0145 1246 0346 2356 2347 0257 1357 0167 4567 0248 1258 1368 0568 0378 1478 2678
FAM D=51 ell=11 count=22 nF=17 blocks: 0123 0145 1246 0346 2356 2347 0257 1357 0167 4567 0248 3458 1368 0568 0378 1478 2678
FAM D=51 ell=11 count=22 nF=17 blocks: 0123 0145 1246 0346 2356 2347 0257 1357 0167 4567 1348 0358 2458 0268 1568 1278 0478
FAM D=54 ell=11 count=19 nF=18 blocks: 0123 0145 1246 0346 2356 2347 0257 1357 0167 4567 1348 0358 2458 0268 1568 1278 0478 3678
FAM D=51 ell=11 count=22 nF=17 blocks: 0123 0145 1246 0346 2356 2347 0257 1357 0167 4567 1348 0358 2458 0268 1568 1278 3678
FAM D=51 ell=11 count=22 nF=17 blocks: 0123 0145 1246 0346 2356 2347 0257 1357 0167 4567 1348 0358 2458 0268 1568 0478 3678
FAM D=51 ell=11 count=22 nF=17 blocks: 0123 0145 1246 0346 2356 2347 0257 1357 0167 4567 1348 0358 2458 0268 1278 0478 3678
FAM D=51 ell=11 count=22 nF=17 blocks: 0123 0145 1246 0346 2356 2347 0257 1357 0167 4567 1348 0358 2458 1568 1278 0478 3678
FAM D=51 ell=11 count=22 nF=17 blocks: 0123 0145 1246 0346 2356 2347 0257 1357 0167 4567 1348 0358 0268 1568 1278 0478 3678
FAM D=51 ell=11 count=22 nF=17 blocks: 0123 0145 1246 0346 2356 2347 0257 1357 0167 4567 1348 2458 0268 1568 1278 0478 3678
FAM D=51 ell=11 count=22 nF=17 blocks: 0123 0145 1246 0346 2356 2347 0257 1357 0167 4567 1258 3458 1368 0568 0378 1478 2678
FAM D=51 ell=11 count=22 nF=17 blocks: 0123 0145 1246 0346 2356 2347 0257 1357 0167 4567 0358 2458 0268 1568 1278 0478 3678
FAM D=51 ell=11 count=22 nF=17 blocks: 0123 0145 1246 0346 2356 2347 0257 1357 0167 0248 1258 3458 1368 0568 0378 1478 2678
FAM D=51 ell=11 count=22 nF=17 blocks: 0123 0145 1246 0346 2356 2347 0257 1357 0167 1348 0358 2458 0268 1568 1278 0478 3678
FAM D=51 ell=11 count=22 nF=17 blocks: 0123 0145 1246 0346 2356 2347 0257 1357 4567 0248 1258 3458 1368 0568 0378 1478 2678
FAM D=51 ell=11 count=22 nF=17 blocks: 0123 0145 1246 0346 2356 2347 0257 1357 4567 1348 0358 2458 0268 1568 1278 0478 3678
FAM D=51 ell=11 count=22 nF=17 blocks: 0123 0145 1246 0346 2356 2347 0257 0167 4567 0248 1258 3458 1368 0568 0378 1478 2678
FAM D=51 ell=11 count=22 nF=17 blocks: 0123 0145 1246 0346 2356 2347 0257 0167 4567 1348 0358 2458 0268 1568 1278 0478 3678
FAM D=51 ell=11 count=22 nF=17 blocks: 0123 0145 1246 0346 2356 2347 1357 0167 4567 0248 1258 3458 1368 0568 0378 1478 2678
FAM D=51 ell=11 count=22 nF=17 blocks: 0123 0145 1246 0346 2356 2347 1357 0167 4567 1348 0358 2458 0268 1568 1278 0478 3678
FAM D=51 ell=11 count=22 nF=17 blocks: 0123 0145 1246 0346 2356 0257 1357 0167 4567 0248 1258 3458 1368 0568 0378 1478 2678
FAM D=51 ell=11 count=22 nF=17 blocks: 0123 0145 1246 0346 2356 0257 1357 0167 4567 1348 0358 2458 0268 1568 1278 0478 3678
FAM D=51 ell=11 count=22 nF=17 blocks: 0123 0145 1246 0346 2356 1257 3457 1367 0567 1348 0358 2458 0268 1568 0178 2378 4678
FAM D=51 ell=11 count=22 nF=17 blocks: 0123 0145 1246 0346 2356 1257 3457 1367 0567 2348 0258 1358 0168 4568 0378 1478 2678
FAM D=51 ell=11 count=22 nF=17 blocks: 0123 0145 1246 0346 2356 0357 2457 0267 1567 0248 1258 3458 1368 0568 0178 2378 4678
FAM D=51 ell=11 count=22 nF=17 blocks: 0123 0145 1246 0346 2356 0357 2457 0267 1567 2348 0258 1358 0168 4568 1278 0478 3678
FAM D=51 ell=11 count=22 nF=17 blocks: 0123 0145 1246 0346 0247 1257 3457 1367 0567 1348 0358 2458 0268 1568 0178 2378 4678
FAM D=51 ell=11 count=22 nF=17 blocks: 0123 0145 1246 0346 0247 1257 3457 1367 0567 2348 0258 1358 0168 4568 0378 1478 2678
FAM D=51 ell=11 count=22 nF=17 blocks: 0123 0145 1246 0346 1347 0357 2457 0267 1567 0248 1258 3458 1368 0568 0178 2378 4678
FAM D=51 ell=11 count=22 nF=17 blocks: 0123 0145 1246 0346 1347 0357 2457 0267 1567 2348 0258 1358 0168 4568 1278 0478 3678
FAM D=51 ell=11 count=22 nF=17 blocks: 0123 0145 1246 0346 2347 0257 1357 0167 4567 0248 1258 3458 1368 0568 0378 1478 2678
FAM D=51 ell=11 count=22 nF=17 blocks: 0123 0145 1246 0346 2347 0257 1357 0167 4567 1348 0358 2458 0268 1568 1278 0478 3678
FAM D=51 ell=11 count=22 nF=17 blocks: 0123 0145 1246 0256 3456 0247 1347 2357 0367 1567 0348 1358 2458 0168 2368 1278 0578
FAM D=54 ell=11 count=19 nF=18 blocks: 0123 0145 1246 0256 3456 0247 1347 2357 0367 1567 0348 1358 2458 0168 2368 1278 0578 4678
FAM D=51 ell=11 count=22 nF=17 blocks: 0123 0145 1246 0256 3456 0247 1347 2357 0367 1567 0348 1358 2458 0168 2368 1278 4678
FAM D=51 ell=11 count=22 nF=17 blocks: 0123 0145 1246 0256 3456 0247 1347 2357 0367 1567 0348 1358 2458 0168 2368 0578 4678
FAM D=51 ell=11 count=22 nF=17 blocks: 0123 0145 1246 0256 3456 0247 1347 2357 0367 1567 0348 1358 2458 0168 1278 0578 4678
FAM D=51 ell=11 count=22 nF=17 blocks: 0123 0145 1246 0256 3456 0247 1347 2357 0367 1567 0348 1358 2458 2368 1278 0578 4678
FAM D=51 ell=11 count=22 nF=17 blocks: 0123 0145 1246 0256 3456 0247 1347 2357 0367 1567 0348 1358 0168 2368 1278 0578 4678
FAM D=51 ell=11 count=22 nF=17 blocks: 0123 0145 1246 0256 3456 0247 1347 2357 0367 1567 0348 2458 0168 2368 1278 0578 4678
FAM D=51 ell=11 count=22 nF=17 blocks: 0123 0145 1246 0256 3456 0247 1347 2357 0367 1567 2348 1258 0358 1368 0468 0178 4578
FAM D=54 ell=11 count=19 nF=18 blocks: 0123 0145 1246 0256 3456 0247 1347 2357 0367 1567 2348 1258 0358 1368 0468 0178 4578 2678
FAM D=51 ell=11 count=22 nF=17 blocks: 0123 0145 1246 0256 3456 0247 1347 2357 0367 1567 2348 1258 0358 1368 0468 0178 2678
FAM D=51 ell=11 count=22 nF=17 blocks: 0123 0145 1246 0256 3456 0247 1347 2357 0367 1567 2348 1258 0358 1368 0468 4578 2678
FAM D=51 ell=11 count=22 nF=17 blocks: 0123 0145 1246 0256 3456 0247 1347 2357 0367 1567 2348 1258 0358 1368 0178 4578 2678
FAM D=51 ell=11 count=22 nF=17 blocks: 0123 0145 1246 0256 3456 0247 1347 2357 0367 1567 2348 1258 0358 0468 0178 4578 2678
FAM D=51 ell=11 count=22 nF=17 blocks: 0123 0145 1246 0256 3456 0247 1347 2357 0367 1567 2348 1258 1368 0468 0178 4578 2678
FAM D=51 ell=11 count=22 nF=17 blocks: 0123 0145 1246 0256 3456 0247 1347 2357 0367 1567 2348 0358 1368 0468 0178 4578 2678
FAM D=51 ell=11 count=22 nF=17 blocks: 0123 0145 1246 0256 3456 0247 1347 2357 0367 1567 1258 0358 1368 0468 0178 4578 2678
FAM D=51 ell=11 count=22 nF=17 blocks: 0123 0145 1246 0256 3456 0247 1347 2357 0367 1567 1358 2458 0168 2368 1278 0578 4678
FAM D=51 ell=11 count=22 nF=17 blocks: 0123 0145 1246 0256 3456 0247 1347 2357 0367 0348 1358 2458 0168 2368 1278 0578 4678
FAM D=51 ell=11 count=22 nF=17 blocks: 0123 0145 1246 0256 3456 0247 1347 2357 0367 2348 1258 0358 1368 0468 0178 4578 2678
FAM D=51 ell=11 count=22 nF=17 blocks: 0123 0145 1246 0256 3456 0247 1347 2357 1567 0348 1358 2458 0168 2368 1278 0578 4678
FAM D=51 ell=11 count=22 nF=17 blocks: 0123 0145 1246 0256 3456 0247 1347 2357 1567 2348 1258 0358 1368 0468 0178 4578 2678
FAM D=51 ell=11 count=22 nF=17 blocks: 0123 0145 1246 0256 3456 0247 1347 0367 1567 0348 1358 2458 0168 2368 1278 0578 4678
FAM D=51 ell=11 count=22 nF=17 blocks: 0123 0145 1246 0256 3456 0247 1347 0367 1567 2348 1258 0358 1368 0468 0178 4578 2678
FAM D=51 ell=11 count=22 nF=17 blocks: 0123 0145 1246 0256 3456 0247 2357 0367 1567 0348 1358 2458 0168 2368 1278 0578 4678
FAM D=51 ell=11 count=22 nF=17 blocks: 0123 0145 1246 0256 3456 0247 2357 0367 1567 2348 1258 0358 1368 0468 0178 4578 2678
FAM D=51 ell=11 count=22 nF=17 blocks: 0123 0145 1246 0256 3456 0347 1357 2457 0167 2367 0248 1348 2358 0368 1568 1278 0578
FAM D=54 ell=11 count=19 nF=18 blocks: 0123 0145 1246 0256 3456 0347 1357 2457 0167 2367 0248 1348 2358 0368 1568 1278 0578 4678
FAM D=51 ell=11 count=22 nF=17 blocks: 0123 0145 1246 0256 3456 0347 1357 2457 0167 2367 0248 1348 2358 0368 1568 1278 4678
FAM D=51 ell=11 count=22 nF=17 blocks: 0123 0145 1246 0256 3456 0347 1357 2457 0167 2367 0248 1348 2358 0368 1568 0578 4678
FAM D=51 ell=11 count=22 nF=17 blocks: 0123 0145 1246 0256 3456 0347 1357 2457 0167 2367 0248 1348 2358 0368 1278 0578 4678
FAM D=51 ell=11 count=22 nF=17 blocks: 0123 0145 1246 0256 3456 0347 1357 2457 0167 2367 0248 1348 2358 1568 1278 0578 4678
FAM D=51 ell=11 count=22 nF=17 blocks: 0123 0145 1246 0256 3456 0347 1357 2457 0167 2367 0248 1348 0368 1568 1278 0578 4678
FAM D=51 ell=11 count=22 nF=17 blocks: 0123 0145 1246 0256 3456 0347 1357 2457 0167 2367 0248 2358 0368 1568 1278 0578 4678
FAM D=51 ell=11 count=22 nF=17 blocks: 0123 0145 1246 0256 3456 0347 1357 2457 0167 2367 1348 2358 0368 1568 1278 0578 4678
FAM D=51 ell=11 count=22 nF=17 blocks: 0123 0145 1246 0256 3456 0347 1357 2457 0167 2367 2348 1258 0358 1368 0468 0278 1478
FAM D=54 ell=11 count=19 nF=18 blocks: 0123 0145 1246 0256 3456 0347 1357 2457 0167 2367 2348 1258 0358 1368 0468 0278 1478 5678
FAM D=51 ell=11 count=22 nF=17 blocks: 0123 0145 1246 0256 3456 0347 1357 2457 0167 2367 2348 1258 0358 1368 0468 0278 5678
FAM D=51 ell=11 count=22 nF=17 blocks: 0123 0145 1246 0256 3456 0347 1357 2457 0167 2367 2348 1258 0358 1368 0468 1478 5678
FAM D=51 ell=11 count=22 nF=17 blocks: 0123 0145 1246 0256 3456 0347 1357 2457 0167 2367 2348 1258 0358 1368 0278 1478 5678
FAM D=51 ell=11 count=22 nF=17 blocks: 0123 0145 1246 0256 3456 0347 1357 2457 0167 2367 2348 1258 0358 0468 0278 1478 5678
FAM D=51 ell=11 count=22 nF=17 blocks: 0123 0145 1246 0256 3456 0347 1357 2457 0167 2367 2348 1258 1368 0468 0278 1478 5678
FAM D=51 ell=11 count=22 nF=17 blocks: 0123 0145 1246 0256 3456 0347 1357 2457 0167 2367 2348 0358 1368 0468 0278 1478 5678
FAM D=51 ell=11 count=22 nF=17 blocks: 0123 0145 1246 0256 3456 0347 1357 2457 0167 2367 1258 0358 1368 0468 0278 1478 5678
FAM D=51 ell=11 count=22 nF=17 blocks: 0123 0145 1246 0256 3456 0347 1357 2457 0167 0248 1348 2358 0368 1568 1278 0578 4678
FAM D=51 ell=11 count=22 nF=17 blocks: 0123 0145 1246 0256 3456 0347 1357 2457 0167 2348 1258 0358 1368 0468 0278 1478 5678
FAM D=51 ell=11 count=22 nF=17 blocks: 0123 0145 1246 0256 3456 0347 1357 2457 2367 0248 1348 2358 0368 1568 1278 0578 4678
FAM D=51 ell=11 count=22 nF=17 blocks: 0123 0145 1246 0256 3456 0347 1357 2457 2367 2348 1258 0358 1368 0468 0278 1478 5678
FAM D=51 ell=11 count=22 nF=17 blocks: 0123 0145 1246 0256 3456 0347 1357 0167 2367 0248 1348 2358 0368 1568 1278 0578 4678
FAM D=51 ell=11 count=22 nF=17 blocks: 0123 0145 1246 0256 3456 0347 1357 0167 2367 2348 1258 0358 1368 0468 0278 1478 5678
FAM D=51 ell=11 count=22 nF=17 blocks: 0123 0145 1246 0256 3456 0347 2457 0167 2367 0248 1348 2358 0368 1568 1278 0578 4678
FAM D=51 ell=11 count=22 nF=17 blocks: 0123 0145 1246 0256 3456 0347 2457 0167 2367 2348 1258 0358 1368 0468 0278 1478 5678
FAM D=51 ell=11 count=22 nF=17 blocks: 0123 0145 1246 0256 3456 1347 2357 0367 1567 0348 1358 2458 0168 2368 1278 0578 4678
FAM D=51 ell=11 count=22 nF=17 blocks: 0123 0145 1246 0256 3456 1347 2357 0367 1567 2348 1258 0358 1368 0468 0178 4578 2678
FAM D=51 ell=11 count=22 nF=17 blocks: 0123 0145 1246 0256 3456 2347 1257 0357 1367 0467 0248 1348 2358 0368 1568 0178 4578
FAM D=54 ell=11 count=19 nF=18 blocks: 0123 0145 1246 0256 3456 2347 1257 0357 1367 0467 0248 1348 2358 0368 1568 0178 4578 2678
FAM D=51 ell=11 count=22 nF=17 blocks: 0123 0145 1246 0256 3456 2347 1257 0357 1367 0467 0248 1348 2358 0368 1568 0178 2678
FAM D=51 ell=11 count=22 nF=17 blocks: 0123 0145 1246 0256 3456 2347 1257 0357 1367 0467 0248 1348 2358 0368 1568 4578 2678
FAM D=51 ell=11 count=22 nF=17 blocks: 0123 0145 1246 0256 3456 2347 1257 0357 1367 0467 0248 1348 2358 0368 0178 4578 2678
FAM D=51 ell=11 count=22 nF=17 blocks: 0123 0145 1246 0256 3456 2347 1257 0357 1367 0467 0248 1348 2358 1568 0178 4578 2678
FAM D=51 ell=11 count=22 nF=17 blocks: 0123 0145 1246 0256 3456 2347 1257 0357 1367 0467 0248 1348 0368 1568 0178 4578 2678
FAM D=51 ell=11 count=22 nF=17 blocks: 0123 0145 1246 0256 3456 2347 1257 0357 1367 0467 0248 2358 0368 1568 0178 4578 2678
FAM D=51 ell=11 count=22 nF=17 blocks: 0123 0145 1246 0256 3456 2347 1257 0357 1367 0467 0348 1358 2458 0168 2368 0278 1478
FAM D=54 ell=11 count=19 nF=18 blocks: 0123 0145 1246 0256 3456 2347 1257 0357 1367 0467 0348 1358 2458 0168 2368 0278 1478 5678
FAM D=51 ell=11 count=22 nF=17 blocks: 0123 0145 1246 0256 3456 2347 1257 0357 1367 0467 0348 1358 2458 0168 2368 0278 5678
FAM D=51 ell=11 count=22 nF=17 blocks: 0123 0145 1246 0256 3456 2347 1257 0357 1367 0467 0348 1358 2458 0168 2368 1478 5678
FAM D=51 ell=11 count=22 nF=17 blocks: 0123 0145 1246 0256 3456 2347 1257 0357 1367 0467 0348 1358 2458 0168 0278 1478 5678
FAM D=51 ell=11 count=22 nF=17 blocks: 0123 0145 1246 0256 3456 2347 1257 0357 1367 0467 0348 1358 2458 2368 0278 1478 5678
FAM D=51 ell=11 count=22 nF=17 blocks: 0123 0145 1246 0256 3456 2347 1257 0357 1367 0467 0348 1358 0168 2368 0278 1478 5678
FAM D=51 ell=11 count=22 nF=17 blocks: 0123 0145 1246 0256 3456 2347 1257 0357 1367 0467 0348 2458 0168 2368 0278 1478 5678
FAM D=51 ell=11 count=22 nF=17 blocks: 0123 0145 1246 0256 3456 2347 1257 0357 1367 0467 1348 2358 0368 1568 0178 4578 2678
FAM D=51 ell=11 count=22 nF=17 blocks: 0123 0145 1246 0256 3456 2347 1257 0357 1367 0467 1358 2458 0168 2368 0278 1478 5678
FAM D=51 ell=11 count=22 nF=17 blocks: 0123 0145 1246 0256 3456 2347 1257 0357 1367 0248 1348 2358 0368 1568 0178 4578 2678
FAM D=51 ell=11 count=22 nF=17 blocks: 0123 0145 1246 0256 3456 2347 1257 0357 1367 0348 1358 2458 0168 2368 0278 1478 5678
FAM D=51 ell=11 count=22 nF=17 blocks: 0123 0145 1246 0256 3456 2347 1257 0357 0467 0248 1348 2358 0368 1568 0178 4578 2678
FAM D=51 ell=11 count=22 nF=17 blocks: 0123 0145 1246 0256 3456 2347 1257 0357 0467 0348 1358 2458 0168 2368 0278 1478 5678
FAM D=51 ell=11 count=22 nF=17 blocks: 0123 0145 1246 0256 3456 2347 1257 1367 0467 0248 1348 2358 0368 1568 0178 4578 2678
FAM D=51 ell=11 count=22 nF=17 blocks: 0123 0145 1246 0256 3456 2347 1257 1367 0467 0348 1358 2458 0168 2368 0278 1478 5678
FAM D=51 ell=11 count=22 nF=17 blocks: 0123 0145 1246 0256 3456 2347 0357 1367 0467 0248 1348 2358 0368 1568 0178 4578 2678
FAM D=51 ell=11 count=22 nF=17 blocks: 0123 0145 1246 0256 3456 2347 0357 1367 0467 0348 1358 2458 0168 2368 0278 1478 5678
FAM D=51 ell=11 count=22 nF=17 blocks: 0123 0145 1246 0256 3456 1257 0357 1367 0467 0248 1348 2358 0368 1568 0178 4578 2678
FAM D=51 ell=11 count=22 nF=17 blocks: 0123 0145 1246 0256 3456 1257 0357 1367 0467 0348 1358 2458 0168 2368 0278 1478 5678
FAM D=51 ell=11 count=22 nF=17 blocks: 0123 0145 1246 0256 3456 1357 2457 0167 2367 0248 1348 2358 0368 1568 1278 0578 4678
FAM D=51 ell=11 count=22 nF=17 blocks: 0123 0145 1246 0256 3456 1357 2457 0167 2367 2348 1258 0358 1368 0468 0278 1478 5678
FAM D=51 ell=11 count=22 nF=17 blocks: 0123 0145 1246 0256 0247 1347 2357 0367 1567 0348 1358 2458 0168 2368 1278 0578 4678
FAM D=51 ell=11 count=22 nF=17 blocks: 0123 0145 1246 0256 0247 1347 2357 0367 1567 2348 1258 0358 1368 0468 0178 4578 2678
FAM D=51 ell=11 count=22 nF=17 blocks: 0123 0145 1246 0256 0347 1357 2457 0167 2367 0248 1348 2358 0368 1568 1278 0578 4678
FAM D=51 ell=11 count=22 nF=17 blocks: 0123 0145 1246 0256 0347 1357 2457 0167 2367 2348 1258 0358 1368 0468 0278 1478 5678
FAM D=51 ell=11 count=22 nF=17 blocks: 0123 0145 1246 0256 2347 1257 0357 1367 0467 0248 1348 2358 0368 1568 0178 4578 2678
FAM D=51 ell=11 count=22 nF=17 blocks: 0123 0145 1246 0256 2347 1257 0357 1367 0467 0348 1358 2458 0168 2368 0278 1478 5678
FAM D=51 ell=11 count=22 nF=17 blocks: 0123 0145 1246 0356 0247 1357 0167 3467 2567 0348 1258 0268 1368 4568 2378 1478 0578
FAM D=51 ell=11 count=22 nF=17 blocks: 0123 0145 1246 0356 0247 1357 0167 3467 2567 1348 0258 2368 0468 1568 1278 0378 4578
FAM D=51 ell=11 count=22 nF=17 blocks: 0123 0145 1246 0356 0347 1257 0267 1367 4567 0248 1358 0168 3468 2568 2378 1478 0578
FAM D=51 ell=11 count=22 nF=17 blocks: 0123 0145 1246 0356 0347 1257 0267 1367 4567 1348 0258 2368 0468 1568 0178 2478 3578
FAM D=51 ell=11 count=22 nF=17 blocks: 0123 0145 1246 0356 1347 0257 2367 0467 1567 0248 1358 0168 3468 2568 1278 0378 4578
FAM D=51 ell=11 count=22 nF=17 blocks: 0123 0145 1246 0356 1347 0257 2367 0467 1567 0348 1258 0268 1368 4568 0178 2478 3578
FAM D=51 ell=11 count=22 nF=17 blocks: 0123 0145 1246 2356 0247 1257 3457 1367 0567 1348 0358 2458 0268 1568 0178 2378 4678
FAM D=51 ell=11 count=22 nF=17 blocks: 0123 0145 1246 2356 0247 1257 3457 1367 0567 2348 0258 1358 0168 4568 0378 1478 2678
FAM D=51 ell=11 count=22 nF=17 blocks: 0123 0145 1246 2356 1347 0357 2457 0267 1567 0248 1258 3458 1368 0568 0178 2378 4678
FAM D=51 ell=11 count=22 nF=17 blocks: 0123 0145 1246 2356 1347 0357 2457 0267 1567 2348 0258 1358 0168 4568 1278 0478 3678
FAM D=51 ell=11 count=22 nF=17 blocks: 0123 0145 1246 2356 2347 0257 1357 0167 4567 0248 1258 3458 1368 0568 0378 1478 2678
FAM D=51 ell=11 count=22 nF=17 blocks: 0123 0145 1246 2356 2347 0257 1357 0167 4567 1348 0358 2458 0268 1568 1278 0478 3678
FAM D=51 ell=11 count=22 nF=17 blocks: 0123 0145 1246 3456 0247 1347 2357 0367 1567 0348 1358 2458 0168 2368 1278 0578 4678
FAM D=51 ell=11 count=22 nF=17 blocks: 0123 0145 1246 3456 0247 1347 2357 0367 1567 2348 1258 0358 1368 0468 0178 4578 2678
FAM D=51 ell=11 count=22 nF=17 blocks: 0123 0145 1246 3456 0347 1357 2457 0167 2367 0248 1348 2358 0368 1568 1278 0578 4678
FAM D=51 ell=11 count=22 nF=17 blocks: 0123 0145 1246 3456 0347 1357 2457 0167 2367 2348 1258 0358 1368 0468 0278 1478 5678
FAM D=51 ell=11 count=22 nF=17 blocks: 0123 0145 1246 3456 2347 1257 0357 1367 0467 0248 1348 2358 0368 1568 0178 4578 2678
FAM D=51 ell=11 count=22 nF=17 blocks: 0123 0145 1246 3456 2347 1257 0357 1367 0467 0348 1358 2458 0168 2368 0278 1478 5678
FAM D=51 ell=11 count=22 nF=17 blocks: 0123 0145 0346 1256 0247 1357 2367 1467 0567 1248 0358 0268 1368 4568 0178 3478 2578
FAM D=51 ell=11 count=22 nF=17 blocks: 0123 0145 0346 1256 0247 1357 2367 1467 0567 1348 0258 0168 2468 3568 1278 0378 4578
FAM D=51 ell=11 count=22 nF=17 blocks: 0123 0145 0346 1256 1247 0357 0267 1367 4567 0248 1358 2368 1468 0568 0178 3478 2578
FAM D=51 ell=11 count=22 nF=17 blocks: 0123 0145 0346 1256 1247 0357 0267 1367 4567 1348 0258 0168 2468 3568 2378 0478 1578
FAM D=51 ell=11 count=22 nF=17 blocks: 0123 0145 0346 1256 1347 0257 0167 2467 3567 0248 1358 2368 1468 0568 1278 0378 4578
FAM D=51 ell=11 count=22 nF=17 blocks: 0123 0145 0346 1256 1347 0257 0167 2467 3567 1248 0358 0268 1368 4568 2378 0478 1578
FAM D=51 ell=11 count=22 nF=17 blocks: 0123 0145 0346 1356 2456 0247 1347 2357 1267 0567 1248 0258 3458 0168 2368 0378 1578
FAM D=54 ell=11 count=19 nF=18 blocks: 0123 0145 0346 1356 2456 0247 1347 2357 1267 0567 1248 0258 3458 0168 2368 0378 1578 4678
FAM D=51 ell=11 count=22 nF=17 blocks: 0123 0145 0346 1356 2456 0247 1347 2357 1267 0567 1248 0258 3458 0168 2368 0378 4678
FAM D=51 ell=11 count=22 nF=17 blocks: 0123 0145 0346 1356 2456 0247 1347 2357 1267 0567 1248 0258 3458 0168 2368 1578 4678
FAM D=51 ell=11 count=22 nF=17 blocks: 0123 0145 0346 1356 2456 0247 1347 2357 1267 0567 1248 0258 3458 0168 0378 1578 4678
FAM D=51 ell=11 count=22 nF=17 blocks: 0123 0145 0346 1356 2456 0247 1347 2357 1267 0567 1248 0258 3458 2368 0378 1578 4678
FAM D=51 ell=11 count=22 nF=17 blocks: 0123 0145 0346 1356 2456 0247 1347 2357 1267 0567 1248 0258 0168 2368 0378 1578 4678
FAM D=51 ell=11 count=22 nF=17 blocks: 0123 0145 0346 1356 2456 0247 1347 2357 1267 0567 1248 3458 0168 2368 0378 1578 4678
FAM D=51 ell=11 count=22 nF=17 blocks: 0123 0145 0346 1356 2456 0247 1347 2357 1267 0567 2348 1258 0358 0268 1468 0178 4578
FAM D=54 ell=11 count=19 nF=18 blocks: 0123 0145 0346 1356 2456 0247 1347 2357 1267 0567 2348 1258 0358 0268 1468 0178 4578 3678
FAM D=51 ell=11 count=22 nF=17 blocks: 0123 0145 0346 1356 2456 0247 1347 2357 1267 0567 2348 1258 0358 0268 1468 0178 3678
FAM D=51 ell=11 count=22 nF=17 blocks: 0123 0145 0346 1356 2456 0247 1347 2357 1267 0567 2348 1258 0358 0268 1468 4578 3678
FAM D=51 ell=11 count=22 nF=17 blocks: 0123 0145 0346 1356 2456 0247 1347 2357 1267 0567 2348 1258 0358 0268 0178 4578 3678
FAM D=51 ell=11 count=22 nF=17 blocks: 0123 0145 0346 1356 2456 0247 1347 2357 1267 0567 2348 1258 0358 1468 0178 4578 3678
FAM D=51 ell=11 count=22 nF=17 blocks: 0123 0145 0346 1356 2456 0247 1347 2357 1267 0567 2348 1258 0268 1468 0178 4578 3678
FAM D=51 ell=11 count=22 nF=17 blocks: 0123 0145 0346 1356 2456 0247 1347 2357 1267 0567 2348 0358 0268 1468 0178 4578 3678
FAM D=51 ell=11 count=22 nF=17 blocks: 0123 0145 0346 1356 2456 0247 1347 2357 1267 0567 0258 3458 0168 2368 0378 1578 4678
FAM D=51 ell=11 count=22 nF=17 blocks: 0123 0145 0346 1356 2456 0247 1347 2357 1267 0567 1258 0358 0268 1468 0178 4578 3678
FAM D=51 ell=11 count=22 nF=17 blocks: 0123 0145 0346 1356 2456 0247 1347 2357 1267 1248 0258 3458 0168 2368 0378 1578 4678
FAM D=51 ell=11 count=22 nF=17 blocks: 0123 0145 0346 1356 2456 0247 1347 2357 1267 2348 1258 0358 0268 1468 0178 4578 3678
FAM D=51 ell=11 count=22 nF=17 blocks: 0123 0145 0346 1356 2456 0247 1347 2357 0567 1248 0258 3458 0168 2368 0378 1578 4678
FAM D=51 ell=11 count=22 nF=17 blocks: 0123 0145 0346 1356 2456 0247 1347 2357 0567 2348 1258 0358 0268 1468 0178 4578 3678
FAM D=51 ell=11 count=22 nF=17 blocks: 0123 0145 0346 1356 2456 0247 1347 1267 0567 1248 0258 3458 0168 2368 0378 1578 4678
FAM D=51 ell=11 count=22 nF=17 blocks: 0123 0145 0346 1356 2456 0247 1347 1267 0567 2348 1258 0358 0268 1468 0178 4578 3678
FAM D=51 ell=11 count=22 nF=17 blocks: 0123 0145 0346 1356 2456 0247 2357 1267 0567 1248 0258 3458 0168 2368 0378 1578 4678
FAM D=51 ell=11 count=22 nF=17 blocks: 0123 0145 0346 1356 2456 0247 2357 1267 0567 2348 1258 0358 0268 1468 0178 4578 3678
FAM D=51 ell=11 count=22 nF=17 blocks: 0123 0145 0346 1356 2456 1247 0257 3457 0167 2367 0248 1348 2358 1268 0568 0378 1578
FAM D=54 ell=11 count=19 nF=18 blocks: 0123 0145 0346 1356 2456 1247 0257 3457 0167 2367 0248 1348 2358 1268 0568 0378 1578 4678
FAM D=51 ell=11 count=22 nF=17 blocks: 0123 0145 0346 1356 2456 1247 0257 3457 0167 2367 0248 1348 2358 1268 0568 0378 4678
FAM D=51 ell=11 count=22 nF=17 blocks: 0123 0145 0346 1356 2456 1247 0257 3457 0167 2367 0248 1348 2358 1268 0568 1578 4678
FAM D=51 ell=11 count=22 nF=17 blocks: 0123 0145 0346 1356 2456 1247 0257 3457 0167 2367 0248 1348 2358 1268 0378 1578 4678
FAM D=51 ell=11 count=22 nF=17 blocks: 0123 0145 0346 1356 2456 1247 0257 3457 0167 2367 0248 1348 2358 0568 0378 1578 4678
FAM D=51 ell=11 count=22 nF=17 blocks: 0123 0145 0346 1356 2456 1247 0257 3457 0167 2367 0248 1348 1268 0568 0378 1578 4678
FAM D=51 ell=11 count=22 nF=17 blocks: 0123 0145 0346 1356 2456 1247 0257 3457 0167 2367 0248 2358 1268 0568 0378 1578 4678
FAM D=51 ell=11 count=22 nF=17 blocks: 0123 0145 0346 1356 2456 1247 0257 3457 0167 2367 1348 2358 1268 0568 0378 1578 4678
FAM D=51 ell=11 count=22 nF=17 blocks: 0123 0145 0346 1356 2456 1247 0257 3457 0167 2367 2348 1258 0358 0268 1468 1378 0478
FAM D=54 ell=11 count=19 nF=18 blocks: 0123 0145 0346 1356 2456 1247 0257 3457 0167 2367 2348 1258 0358 0268 1468 1378 0478 5678
FAM D=51 ell=11 count=22 nF=17 blocks: 0123 0145 0346 1356 2456 1247 0257 3457 0167 2367 2348 1258 0358 0268 1468 1378 5678
FAM D=51 ell=11 count=22 nF=17 blocks: 0123 0145 0346 1356 2456 1247 0257 3457 0167 2367 2348 1258 0358 0268 1468 0478 5678
FAM D=51 ell=11 count=22 nF=17 blocks: 0123 0145 0346 1356 2456 1247 0257 3457 0167 2367 2348 1258 0358 0268 1378 0478 5678
FAM D=51 ell=11 count=22 nF=17 blocks: 0123 0145 0346 1356 2456 1247 0257 3457 0167 2367 2348 1258 0358 1468 1378 0478 5678
FAM D=51 ell=11 count=22 nF=17 blocks: 0123 0145 0346 1356 2456 1247 0257 3457 0167 2367 2348 1258 0268 1468 1378 0478 5678
FAM D=51 ell=11 count=22 nF=17 blocks: 0123 0145 0346 1356 2456 1247 0257 3457 0167 2367 2348 0358 0268 1468 1378 0478 5678
FAM D=51 ell=11 count=22 nF=17 blocks: 0123 0145 0346 1356 2456 1247 0257 3457 0167 2367 1258 0358 0268 1468 1378 0478 5678
FAM D=51 ell=11 count=22 nF=17 blocks: 0123 0145 0346 1356 2456 1247 0257 3457 0167 0248 1348 2358 1268 0568 0378 1578 4678
FAM D=51 ell=11 count=22 nF=17 blocks: 0123 0145 0346 1356 2456 1247 0257 3457 0167 2348 1258 0358 0268 1468 1378 0478 5678
FAM D=51 ell=11 count=22 nF=17 blocks: 0123 0145 0346 1356 2456 1247 0257 3457 2367 0248 1348 2358 1268 0568 0378 1578 4678
FAM D=51 ell=11 count=22 nF=17 blocks: 0123 0145 0346 1356 2456 1247 0257 3457 2367 2348 1258 0358 0268 1468 1378 0478 5678
FAM D=51 ell=11 count=22 nF=17 blocks: 0123 0145 0346 1356 2456 1247 0257 0167 2367 0248 1348 2358 1268 0568 0378 1578 4678
FAM D=51 ell=11 count=22 nF=17 blocks: 0123 0145 0346 1356 2456 1247 0257 0167 2367 2348 1258 0358 0268 1468 1378 0478 5678
FAM D=51 ell=11 count=22 nF=17 blocks: 0123 0145 0346 1356 2456 1247 3457 0167 2367 0248 1348 2358 1268 0568 0378 1578 4678
FAM D=51 ell=11 count=22 nF=17 blocks: 0123 0145 0346 1356 2456 1247 3457 0167 2367 2348 1258 0358 0268 1468 1378 0478 5678
FAM D=51 ell=11 count=22 nF=17 blocks: 0123 0145 0346 1356 2456 1347 2357 1267 0567 1248 0258 3458 0168 2368 0378 1578 4678
FAM D=51 ell=11 count=22 nF=17 blocks: 0123 0145 0346 1356 2456 1347 2357 1267 0567 2348 1258 0358 0268 1468 0178 4578 3678
FAM D=51 ell=11 count=22 nF=17 blocks: 0123 0145 0346 1356 2456 2347 1257 0357 0267 1467 0248 1348 2358 1268 0568 0178 4578
FAM D=54 ell=11 count=19 nF=18 blocks: 0123 0145 0346 1356 2456 2347 1257 0357 0267 1467 0248 1348 2358 1268 0568 0178 4578 3678
FAM D=51 ell=11 count=22 nF=17 blocks: 0123 0145 0346 1356 2456 2347 1257 0357 0267 1467 0248 1348 2358 1268 0568 0178 3678
FAM D=51 ell=11 count=22 nF=17 blocks: 0123 0145 0346 1356 2456 2347 1257 0357 0267 1467 0248 1348 2358 1268 0568 4578 3678
FAM D=51 ell=11 count=22 nF=17 blocks: 0123 0145 0346 1356 2456 2347 1257 0357 0267 1467 0248 1348 2358 1268 0178 4578 3678
FAM D=51 ell=11 count=22 nF=17 blocks: 0123 0145 0346 1356 2456 2347 1257 0357 0267 1467 0248 1348 2358 0568 0178 4578 3678
FAM D=51 ell=11 count=22 nF=17 blocks: 0123 0145 0346 1356 2456 2347 1257 0357 0267 1467 0248 1348 1268 0568 0178 4578 3678
FAM D=51 ell=11 count=22 nF=17 blocks: 0123 0145 0346 1356 2456 2347 1257 0357 0267 1467 0248 2358 1268 0568 0178 4578 3678
FAM D=51 ell=11 count=22 nF=17 blocks: 0123 0145 0346 1356 2456 2347 1257 0357 0267 1467 1248 0258 3458 0168 2368 1378 0478
FAM D=54 ell=11 count=19 nF=18 blocks: 0123 0145 0346 1356 2456 2347 1257 0357 0267 1467 1248 0258 3458 0168 2368 1378 0478 5678
FAM D=51 ell=11 count=22 nF=17 blocks: 0123 0145 0346 1356 2456 2347 1257 0357 0267 1467 1248 0258 3458 0168 2368 1378 5678
FAM D=51 ell=11 count=22 nF=17 blocks: 0123 0145 0346 1356 2456 2347 1257 0357 0267 1467 1248 0258 3458 0168 2368 0478 5678
FAM D=51 ell=11 count=22 nF=17 blocks: 0123 0145 0346 1356 2456 2347 1257 0357 0267 1467 1248 0258 3458 0168 1378 0478 5678
FAM D=51 ell=11 count=22 nF=17 blocks: 0123 0145 0346 1356 2456 2347 1257 0357 0267 1467 1248 0258 3458 2368 1378 0478 5678
FAM D=51 ell=11 count=22 nF=17 blocks: 0123 0145 0346 1356 2456 2347 1257 0357 0267 1467 1248 0258 0168 2368 1378 0478 5678
FAM D=51 ell=11 count=22 nF=17 blocks: 0123 0145 0346 1356 2456 2347 1257 0357 0267 1467 1248 3458 0168 2368 1378 0478 5678
FAM D=51 ell=11 count=22 nF=17 blocks: 0123 0145 0346 1356 2456 2347 1257 0357 0267 1467 1348 2358 1268 0568 0178 4578 3678
FAM D=51 ell=11 count=22 nF=17 blocks: 0123 0145 0346 1356 2456 2347 1257 0357 0267 1467 0258 3458 0168 2368 1378 0478 5678
FAM D=51 ell=11 count=22 nF=17 blocks: 0123 0145 0346 1356 2456 2347 1257 0357 0267 0248 1348 2358 1268 0568 0178 4578 3678
FAM D=51 ell=11 count=22 nF=17 blocks: 0123 0145 0346 1356 2456 2347 1257 0357 0267 1248 0258 3458 0168 2368 1378 0478 5678
FAM D=51 ell=11 count=22 nF=17 blocks: 0123 0145 0346 1356 2456 2347 1257 0357 1467 0248 1348 2358 1268 0568 0178 4578 3678
FAM D=51 ell=11 count=22 nF=17 blocks: 0123 0145 0346 1356 2456 2347 1257 0357 1467 1248 0258 3458 0168 2368 1378 0478 5678
FAM D=51 ell=11 count=22 nF=17 blocks: 0123 0145 0346 1356 2456 2347 1257 0267 1467 0248 1348 2358 1268 0568 0178 4578 3678
FAM D=51 ell=11 count=22 nF=17 blocks: 0123 0145 0346 1356 2456 2347 1257 0267 1467 1248 0258 3458 0168 2368 1378 0478 5678
FAM D=51 ell=11 count=22 nF=17 blocks: 0123 0145 0346 1356 2456 2347 0357 0267 1467 0248 1348 2358 1268 0568 0178 4578 3678
FAM D=51 ell=11 count=22 nF=17 blocks: 0123 0145 0346 1356 2456 2347 0357 0267 1467 1248 0258 3458 0168 2368 1378 0478 5678
FAM D=51 ell=11 count=22 nF=17 blocks: 0123 0145 0346 1356 2456 0257 3457 0167 2367 0248 1348 2358 1268 0568 0378 1578 4678
FAM D=51 ell=11 count=22 nF=17 blocks: 0123 0145 0346 1356 2456 0257 3457 0167 2367 2348 1258 0358 0268 1468 1378 0478 5678
FAM D=51 ell=11 count=22 nF=17 blocks: 0123 0145 0346 1356 2456 1257 0357 0267 1467 0248 1348 2358 1268 0568 0178 4578 3678
FAM D=51 ell=11 count=22 nF=17 blocks: 0123 0145 0346 1356 2456 1257 0357 0267 1467 1248 0258 3458 0168 2368 1378 0478 5678
FAM D=51 ell=11 count=22 nF=17 blocks: 0123 0145 0346 1356 0247 1347 2357 1267 0567 1248 0258 3458 0168 2368 0378 1578 4678
FAM D=51 ell=11 count=22 nF=17 blocks: 0123 0145 0346 1356 0247 1347 2357 1267 0567 2348 1258 0358 0268 1468 0178 4578 3678
FAM D=51 ell=11 count=22 nF=17 blocks: 0123 0145 0346 1356 1247 0257 3457 0167 2367 0248 1348 2358 1268 0568 0378 1578 4678
FAM D=51 ell=11 count=22 nF=17 blocks: 0123 0145 0346 1356 1247 0257 3457 0167 2367 2348 1258 0358 0268 1468 1378 0478 5678
FAM D=51 ell=11 count=22 nF=17 blocks: 0123 0145 0346 1356 2347 1257 0357 0267 1467 0248 1348 2358 1268 0568 0178 4578 3678
FAM D=51 ell=11 count=22 nF=17 blocks: 0123 0145 0346 1356 2347 1257 0357 0267 1467 1248 0258 3458 0168 2368 1378 0478 5678
FAM D=51 ell=11 count=22 nF=17 blocks: 0123 0145 0346 2356 0247 1257 3457 1367 0567 1348 0358 2458 0268 1568 0178 2378 4678
FAM D=51 ell=11 count=22 nF=17 blocks: 0123 0145 0346 2356 0247 1257 3457 1367 0567 2348 0258 1358 0168 4568 0378 1478 2678
FAM D=51 ell=11 count=22 nF=17 blocks: 0123 0145 0346 2356 1347 0357 2457 0267 1567 0248 1258 3458 1368 0568 0178 2378 4678
FAM D=51 ell=11 count=22 nF=17 blocks: 0123 0145 0346 2356 1347 0357 2457 0267 1567 2348 0258 1358 0168 4568 1278 0478 3678
FAM D=51 ell=11 count=22 nF=17 blocks: 0123 0145 0346 2356 2347 0257 1357 0167 4567 0248 1258 3458 1368 0568 0378 1478 2678
FAM D=51 ell=11 count=22 nF=17 blocks: 0123 0145 0346 2356 2347 0257 1357 0167 4567 1348 0358 2458 0268 1568 1278 0478 3678
FAM D=51 ell=11 count=22 nF=17 blocks: 0123 0145 0346 2456 0247 1347 2357 1267 0567 1248 0258 3458 0168 2368 0378 1578 4678
FAM D=51 ell=11 count=22 nF=17 blocks: 0123 0145 0346 2456 0247 1347 2357 1267 0567 2348 1258 0358 0268 1468 0178 4578 3678
FAM D=51 ell=11 count=22 nF=17 blocks: 0123 0145 0346 2456 1247 0257 3457 0167 2367 0248 1348 2358 1268 0568 0378 1578 4678
FAM D=51 ell=11 count=22 nF=17 blocks: 0123 0145 0346 2456 1247 0257 3457 0167 2367 2348 1258 0358 0268 1468 1378 0478 5678
FAM D=51 ell=11 count=22 nF=17 blocks: 0123 0145 0346 2456 2347 1257 0357 0267 1467 0248 1348 2358 1268 0568 0178 4578 3678
FAM D=51 ell=11 count=22 nF=17 blocks: 0123 0145 0346 2456 2347 1257 0357 0267 1467 1248 0258 3458 0168 2368 1378 0478 5678
FAM D=51 ell=11 count=22 nF=17 blocks: 0123 0145 1346 0256 0247 1357 1267 0367 4567 1248 0358 2368 0468 1568 0178 3478 2578
FAM D=51 ell=11 count=22 nF=17 blocks: 0123 0145 1346 0256 0247 1357 1267 0367 4567 0348 1258 0168 2468 3568 2378 1478 0578
FAM D=51 ell=11 count=22 nF=17 blocks: 0123 0145 1346 0256 1247 0357 2367 0467 1567 0248 1358 1268 0368 4568 0178 3478 2578
FAM D=51 ell=11 count=22 nF=17 blocks: 0123 0145 1346 0256 1247 0357 2367 0467 1567 0348 1258 0168 2468 3568 0278 1378 4578
FAM D=51 ell=11 count=22 nF=17 blocks: 0123 0145 1346 0256 0347 1257 0167 2467 3567 0248 1358 1268 0368 4568 2378 1478 0578
FAM D=51 ell=11 count=22 nF=17 blocks: 0123 0145 1346 0256 0347 1257 0167 2467 3567 1248 0358 2368 0468 1568 0278 1378 4578
FAM D=51 ell=11 count=22 nF=17 blocks: 0123 0145 1346 0356 2456 0247 1257 3457 0167 2367 1248 0348 2358 0268 1568 1378 0578
FAM D=54 ell=11 count=19 nF=18 blocks: 0123 0145 1346 0356 2456 0247 1257 3457 0167 2367 1248 0348 2358 0268 1568 1378 0578 4678
FAM D=51 ell=11 count=22 nF=17 blocks: 0123 0145 1346 0356 2456 0247 1257 3457 0167 2367 1248 0348 2358 0268 1568 1378 4678
FAM D=51 ell=11 count=22 nF=17 blocks: 0123 0145 1346 0356 2456 0247 1257 3457 0167 2367 1248 0348 2358 0268 1568 0578 4678
FAM D=51 ell=11 count=22 nF=17 blocks: 0123 0145 1346 0356 2456 0247 1257 3457 0167 2367 1248 0348 2358 0268 1378 0578 4678
FAM D=51 ell=11 count=22 nF=17 blocks: 0123 0145 1346 0356 2456 0247 1257 3457 0167 2367 1248 0348 2358 1568 1378 0578 4678
FAM D=51 ell=11 count=22 nF=17 blocks: 0123 0145 1346 0356 2456 0247 1257 3457 0167 2367 1248 0348 0268 1568 1378 0578 4678
FAM D=51 ell=11 count=22 nF=17 blocks: 0123 0145 1346 0356 2456 0247 1257 3457 0167 2367 1248 2358 0268 1568 1378 0578 4678
FAM D=51 ell=11 count=22 nF=17 blocks: 0123 0145 1346 0356 2456 0247 1257 3457 0167 2367 0348 2358 0268 1568 1378 0578 4678
FAM D=51 ell=11 count=22 nF=17 blocks: 0123 0145 1346 0356 2456 0247 1257 3457 0167 2367 2348 0258 1358 1268 0468 0378 1478
FAM D=54 ell=11 count=19 nF=18 blocks: 0123 0145 1346 0356 2456 0247 1257 3457 0167 2367 2348 0258 1358 1268 0468 0378 1478 5678
FAM D=51 ell=11 count=22 nF=17 blocks: 0123 0145 1346 0356 2456 0247 1257 3457 0167 2367 2348 0258 1358 1268 0468 0378 5678
FAM D=51 ell=11 count=22 nF=17 blocks: 0123 0145 1346 0356 2456 0247 1257 3457 0167 2367 2348 0258 1358 1268 0468 1478 5678
FAM D=51 ell=11 count=22 nF=17 blocks: 0123 0145 1346 0356 2456 0247 1257 3457 0167 2367 2348 0258 1358 1268 0378 1478 5678
FAM D=51 ell=11 count=22 nF=17 blocks: 0123 0145 1346 0356 2456 0247 1257 3457 0167 2367 2348 0258 1358 0468 0378 1478 5678
FAM D=51 ell=11 count=22 nF=17 blocks: 0123 0145 1346 0356 2456 0247 1257 3457 0167 2367 2348 0258 1268 0468 0378 1478 5678
FAM D=51 ell=11 count=22 nF=17 blocks: 0123 0145 1346 0356 2456 0247 1257 3457 0167 2367 2348 1358 1268 0468 0378 1478 5678
FAM D=51 ell=11 count=22 nF=17 blocks: 0123 0145 1346 0356 2456 0247 1257 3457 0167 2367 0258 1358 1268 0468 0378 1478 5678
FAM D=51 ell=11 count=22 nF=17 blocks: 0123 0145 1346 0356 2456 0247 1257 3457 0167 1248 0348 2358 0268 1568 1378 0578 4678
FAM D=51 ell=11 count=22 nF=17 blocks: 0123 0145 1346 0356 2456 0247 1257 3457 0167 2348 0258 1358 1268 0468 0378 1478 5678
FAM D=51 ell=11 count=22 nF=17 blocks: 0123 0145 1346 0356 2456 0247 1257 3457 2367 1248 0348 2358 0268 1568 1378 0578 4678
FAM D=51 ell=11 count=22 nF=17 blocks: 0123 0145 1346 0356 2456 0247 1257 3457 2367 2348 0258 1358 1268 0468 0378 1478 5678
FAM D=51 ell=11 count=22 nF=17 blocks: 0123 0145 1346 0356 2456 0247 1257 0167 2367 1248 0348 2358 0268 1568 1378 0578 4678
FAM D=51 ell=11 count=22 nF=17 blocks: 0123 0145 1346 0356 2456 0247 1257 0167 2367 2348 0258 1358 1268 0468 0378 1478 5678
FAM D=51 ell=11 count=22 nF=17 blocks: 0123 0145 1346 0356 2456 0247 3457 0167 2367 1248 0348 2358 0268 1568 1378 0578 4678
FAM D=51 ell=11 count=22 nF=17 blocks: 0123 0145 1346 0356 2456 0247 3457 0167 2367 2348 0258 1358 1268 0468 0378 1478 5678
FAM D=51 ell=11 count=22 nF=17 blocks: 0123 0145 1346 0356 2456 1247 0347 2357 0267 1567 0248 1258 3458 0168 2368 1378 0578
FAM D=54 ell=11 count=19 nF=18 blocks: 0123 0145 1346 0356 2456 1247 0347 2357 0267 1567 0248 1258 3458 0168 2368 1378 0578 4678
FAM D=51 ell=11 count=22 nF=17 blocks: 0123 0145 1346 0356 2456 1247 0347 2357 0267 1567 0248 1258 3458 0168 2368 1378 4678
FAM D=51 ell=11 count=22 nF=17 blocks: 0123 0145 1346 0356 2456 1247 0347 2357 0267 1567 0248 1258 3458 0168 2368 0578 4678
FAM D=51 ell=11 count=22 nF=17 blocks: 0123 0145 1346 0356 2456 1247 0347 2357 0267 1567 0248 1258 3458 0168 1378 0578 4678
FAM D=51 ell=11 count=22 nF=17 blocks: 0123 0145 1346 0356 2456 1247 0347 2357 0267 1567 0248 1258 3458 2368 1378 0578 4678
FAM D=51 ell=11 count=22 nF=17 blocks: 0123 0145 1346 0356 2456 1247 0347 2357 0267 1567 0248 1258 0168 2368 1378 0578 4678
FAM D=51 ell=11 count=22 nF=17 blocks: 0123 0145 1346 0356 2456 1247 0347 2357 0267 1567 0248 3458 0168 2368 1378 0578 4678
FAM D=51 ell=11 count=22 nF=17 blocks: 0123 0145 1346 0356 2456 1247 0347 2357 0267 1567 2348 0258 1358 1268 0468 0178 4578
FAM D=54 ell=11 count=19 nF=18 blocks: 0123 0145 1346 0356 2456 1247 0347 2357 0267 1567 2348 0258 1358 1268 0468 0178 4578 3678
FAM D=51 ell=11 count=22 nF=17 blocks: 0123 0145 1346 0356 2456 1247 0347 2357 0267 1567 2348 0258 1358 1268 0468 0178 3678
FAM D=51 ell=11 count=22 nF=17 blocks: 0123 0145 1346 0356 2456 1247 0347 2357 0267 1567 2348 0258 1358 1268 0468 4578 3678
FAM D=51 ell=11 count=22 nF=17 blocks: 0123 0145 1346 0356 2456 1247 0347 2357 0267 1567 2348 0258 1358 1268 0178 4578 3678
FAM D=51 ell=11 count=22 nF=17 blocks: 0123 0145 1346 0356 2456 1247 0347 2357 0267 1567 2348 0258 1358 0468 0178 4578 3678
FAM D=51 ell=11 count=22 nF=17 blocks: 0123 0145 1346 0356 2456 1247 0347 2357 0267 1567 2348 0258 1268 0468 0178 4578 3678
FAM D=51 ell=11 count=22 nF=17 blocks: 0123 0145 1346 0356 2456 1247 0347 2357 0267 1567 2348 1358 1268 0468 0178 4578 3678
FAM D=51 ell=11 count=22 nF=17 blocks: 0123 0145 1346 0356 2456 1247 0347 2357 0267 1567 0258 1358 1268 0468 0178 4578 3678
FAM D=51 ell=11 count=22 nF=17 blocks: 0123 0145 1346 0356 2456 1247 0347 2357 0267 1567 1258 3458 0168 2368 1378 0578 4678
FAM D=51 ell=11 count=22 nF=17 blocks: 0123 0145 1346 0356 2456 1247 0347 2357 0267 0248 1258 3458 0168 2368 1378 0578 4678
FAM D=51 ell=11 count=22 nF=17 blocks: 0123 0145 1346 0356 2456 1247 0347 2357 0267 2348 0258 1358 1268 0468 0178 4578 3678
FAM D=51 ell=11 count=22 nF=17 blocks: 0123 0145 1346 0356 2456 1247 0347 2357 1567 0248 1258 3458 0168 2368 1378 0578 4678
FAM D=51 ell=11 count=22 nF=17 blocks: 0123 0145 1346 0356 2456 1247 0347 2357 1567 2348 0258 1358 1268 0468 0178 4578 3678
FAM D=51 ell=11 count=22 nF=17 blocks: 0123 0145 1346 0356 2456 1247 0347 0267 1567 0248 1258 3458 0168 2368 1378 0578 4678
FAM D=51 ell=11 count=22 nF=17 blocks: 0123 0145 1346 0356 2456 1247 0347 0267 1567 2348 0258 1358 1268 0468 0178 4578 3678
FAM D=51 ell=11 count=22 nF=17 blocks: 0123 0145 1346 0356 2456 1247 2357 0267 1567 0248 1258 3458 0168 2368 1378 0578 4678
FAM D=51 ell=11 count=22 nF=17 blocks: 0123 0145 1346 0356 2456 1247 2357 0267 1567 2348 0258 1358 1268 0468 0178 4578 3678
FAM D=51 ell=11 count=22 nF=17 blocks: 0123 0145 1346 0356 2456 0347 2357 0267 1567 0248 1258 3458 0168 2368 1378 0578 4678
FAM D=51 ell=11 count=22 nF=17 blocks: 0123 0145 1346 0356 2456 0347 2357 0267 1567 2348 0258 1358 1268 0468 0178 4578 3678
FAM D=51 ell=11 count=22 nF=17 blocks: 0123 0145 1346 0356 2456 2347 0257 1357 1267 0467 0248 1258 3458 0168 2368 0378 1478
FAM D=54 ell=11 count=19 nF=18 blocks: 0123 0145 1346 0356 2456 2347 0257 1357 1267 0467 0248 1258 3458 0168 2368 0378 1478 5678
FAM D=51 ell=11 count=22 nF=17 blocks: 0123 0145 1346 0356 2456 2347 0257 1357 1267 0467 0248 1258 3458 0168 2368 0378 5678
FAM D=51 ell=11 count=22 nF=17 blocks: 0123 0145 1346 0356 2456 2347 0257 1357 1267 0467 0248 1258 3458 0168 2368 1478 5678
FAM D=51 ell=11 count=22 nF=17 blocks: 0123 0145 1346 0356 2456 2347 0257 1357 1267 0467 0248 1258 3458 0168 0378 1478 5678
FAM D=51 ell=11 count=22 nF=17 blocks: 0123 0145 1346 0356 2456 2347 0257 1357 1267 0467 0248 1258 3458 2368 0378 1478 5678
FAM D=51 ell=11 count=22 nF=17 blocks: 0123 0145 1346 0356 2456 2347 0257 1357 1267 0467 0248 1258 0168 2368 0378 1478 5678
FAM D=51 ell=11 count=22 nF=17 blocks: 0123 0145 1346 0356 2456 2347 0257 1357 1267 0467 0248 3458 0168 2368 0378 1478 5678
FAM D=51 ell=11 count=22 nF=17 blocks: 0123 0145 1346 0356 2456 2347 0257 1357 1267 0467 1248 0348 2358 0268 1568 0178 4578
FAM D=54 ell=11 count=19 nF=18 blocks: 0123 0145 1346 0356 2456 2347 0257 1357 1267 0467 1248 0348 2358 0268 1568 0178 4578 3678
FAM D=51 ell=11 count=22 nF=17 blocks: 0123 0145 1346 0356 2456 2347 0257 1357 1267 0467 1248 0348 2358 0268 1568 0178 3678
FAM D=51 ell=11 count=22 nF=17 blocks: 0123 0145 1346 0356 2456 2347 0257 1357 1267 0467 1248 0348 2358 0268 1568 4578 3678
FAM D=51 ell=11 count=22 nF=17 blocks: 0123 0145 1346 0356 2456 2347 0257 1357 1267 0467 1248 0348 2358 0268 0178 4578 3678
FAM D=51 ell=11 count=22 nF=17 blocks: 0123 0145 1346 0356 2456 2347 0257 1357 1267 0467 1248 0348 2358 1568 0178 4578 3678
FAM D=51 ell=11 count=22 nF=17 blocks: 0123 0145 1346 0356 2456 2347 0257 1357 1267 0467 1248 0348 0268 1568 0178 4578 3678
FAM D=51 ell=11 count=22 nF=17 blocks: 0123 0145 1346 0356 2456 2347 0257 1357 1267 0467 1248 2358 0268 1568 0178 4578 3678
FAM D=51 ell=11 count=22 nF=17 blocks: 0123 0145 1346 0356 2456 2347 0257 1357 1267 0467 0348 2358 0268 1568 0178 4578 3678
FAM D=51 ell=11 count=22 nF=17 blocks: 0123 0145 1346 0356 2456 2347 0257 1357 1267 0467 1258 3458 0168 2368 0378 1478 5678
FAM D=51 ell=11 count=22 nF=17 blocks: 0123 0145 1346 0356 2456 2347 0257 1357 1267 0248 1258 3458 0168 2368 0378 1478 5678
FAM D=51 ell=11 count=22 nF=17 blocks: 0123 0145 1346 0356 2456 2347 0257 1357 1267 1248 0348 2358 0268 1568 0178 4578 3678
FAM D=51 ell=11 count=22 nF=17 blocks: 0123 0145 1346 0356 2456 2347 0257 1357 0467 0248 1258 3458 0168 2368 0378 1478 5678
FAM D=51 ell=11 count=22 nF=17 blocks: 0123 0145 1346 0356 2456 2347 0257 1357 0467 1248 0348 2358 0268 1568 0178 4578 3678
FAM D=51 ell=11 count=22 nF=17 blocks: 0123 0145 1346 0356 2456 2347 0257 1267 0467 0248 1258 3458 0168 2368 0378 1478 5678
FAM D=51 ell=11 count=22 nF=17 blocks: 0123 0145 1346 0356 2456 2347 0257 1267 0467 1248 0348 2358 0268 1568 0178 4578 3678
FAM D=51 ell=11 count=22 nF=17 blocks: 0123 0145 1346 0356 2456 2347 1357 1267 0467 0248 1258 3458 0168 2368 0378 1478 5678
FAM D=51 ell=11 count=22 nF=17 blocks: 0123 0145 1346 0356 2456 2347 1357 1267 0467 1248 0348 2358 0268 1568 0178 4578 3678
FAM D=51 ell=11 count=22 nF=17 blocks: 0123 0145 1346 0356 2456 0257 1357 1267 0467 0248 1258 3458 0168 2368 0378 1478 5678
FAM D=51 ell=11 count=22 nF=17 blocks: 0123 0145 1346 0356 2456 0257 1357 1267 0467 1248 0348 2358 0268 1568 0178 4578 3678
FAM D=51 ell=11 count=22 nF=17 blocks: 0123 0145 1346 0356 2456 1257 3457 0167 2367 1248 0348 2358 0268 1568 1378 0578 4678
FAM D=51 ell=11 count=22 nF=17 blocks: 0123 0145 1346 0356 2456 1257 3457 0167 2367 2348 0258 1358 1268 0468 0378 1478 5678
FAM D=51 ell=11 count=22 nF=17 blocks: 0123 0145 1346 0356 0247 1257 3457 0167 2367 1248 0348 2358 0268 1568 1378 0578 4678
FAM D=51 ell=11 count=22 nF=17 blocks: 0123 0145 1346 0356 0247 1257 3457 0167 2367 2348 0258 1358 1268 0468 0378 1478 5678
FAM D=51 ell=11 count=22 nF=17 blocks: 0123 0145 1346 0356 1247 0347 2357 0267 1567 0248 1258 3458 0168 2368 1378 0578 4678
FAM D=51 ell=11 count=22 nF=17 blocks: 0123 0145 1346 0356 1247 0347 2357 0267 1567 2348 0258 1358 1268 0468 0178 4578 3678
FAM D=51 ell=11 count=22 nF=17 blocks: 0123 0145 1346 0356 2347 0257 1357 1267 0467 0248 1258 3458 0168 2368 0378 1478 5678
FAM D=51 ell=11 count=22 nF=17 blocks: 0123 0145 1346 0356 2347 0257 1357 1267 0467 1248 0348 2358 0268 1568 0178 4578 3678
FAM D=51 ell=11 count=22 nF=17 blocks: 0123 0145 1346 2356 1247 0257 3457 0367 1567 0348 1358 2458 1268 0568 0178 2378 4678
FAM D=51 ell=11 count=22 nF=17 blocks: 0123 0145 1346 2356 1247 0257 3457 0367 1567 2348 1258 0358 0168 4568 1378 0478 2678
FAM D=51 ell=11 count=22 nF=17 blocks: 0123 0145 1346 2356 0347 1357 2457 1267 0567 1248 0258 3458 0368 1568 0178 2378 4678
FAM D=51 ell=11 count=22 nF=17 blocks: 0123 0145 1346 2356 0347 1357 2457 1267 0567 2348 1258 0358 0168 4568 0278 1478 3678
FAM D=51 ell=11 count=22 nF=17 blocks: 0123 0145 1346 2356 2347 1257 0357 0167 4567 1248 0258 3458 0368 1568 1378 0478 2678
FAM D=51 ell=11 count=22 nF=17 blocks: 0123 0145 1346 2356 2347 1257 0357 0167 4567 0348 1358 2458 1268 0568 0278 1478 3678
FAM D=51 ell=11 count=22 nF=17 blocks: 0123 0145 1346 2456 0247 1257 3457 0167 2367 1248 0348 2358 0268 1568 1378 0578 4678
FAM D=51 ell=11 count=22 nF=17 blocks: 0123 0145 1346 2456 0247 1257 3457 0167 2367 2348 0258 1358 1268 0468 0378 1478 5678
FAM D=51 ell=11 count=22 nF=17 blocks: 0123 0145 1346 2456 1247 0347 2357 0267 1567 0248 1258 3458 0168 2368 1378 0578 4678
FAM D=51 ell=11 count=22 nF=17 blocks: 0123 0145 1346 2456 1247 0347 2357 0267 1567 2348 0258 1358 1268 0468 0178 4578 3678
FAM D=51 ell=11 count=22 nF=17 blocks: 0123 0145 1346 2456 2347 0257 1357 1267 0467 0248 1258 3458 0168 2368 0378 1478 5678
FAM D=51 ell=11 count=22 nF=17 blocks: 0123 0145 1346 2456 2347 0257 1357 1267 0467 1248 0348 2358 0268 1568 0178 4578 3678
FAM D=51 ell=11 count=22 nF=17 blocks: 0123 0145 2346 0256 1356 0247 1257 3457 0367 1467 1248 0348 2358 0168 4568 1378 0578
FAM D=54 ell=11 count=19 nF=18 blocks: 0123 0145 2346 0256 1356 0247 1257 3457 0367 1467 1248 0348 2358 0168 4568 1378 0578 2678
FAM D=51 ell=11 count=22 nF=17 blocks: 0123 0145 2346 0256 1356 0247 1257 3457 0367 1467 1248 0348 2358 0168 4568 1378 2678
FAM D=51 ell=11 count=22 nF=17 blocks: 0123 0145 2346 0256 1356 0247 1257 3457 0367 1467 1248 0348 2358 0168 4568 0578 2678
FAM D=51 ell=11 count=22 nF=17 blocks: 0123 0145 2346 0256 1356 0247 1257 3457 0367 1467 1248 0348 2358 0168 1378 0578 2678
FAM D=51 ell=11 count=22 nF=17 blocks: 0123 0145 2346 0256 1356 0247 1257 3457 0367 1467 1248 0348 2358 4568 1378 0578 2678
FAM D=51 ell=11 count=22 nF=17 blocks: 0123 0145 2346 0256 1356 0247 1257 3457 0367 1467 1248 0348 0168 4568 1378 0578 2678
FAM D=51 ell=11 count=22 nF=17 blocks: 0123 0145 2346 0256 1356 0247 1257 3457 0367 1467 1248 2358 0168 4568 1378 0578 2678
FAM D=51 ell=11 count=22 nF=17 blocks: 0123 0145 2346 0256 1356 0247 1257 3457 0367 1467 0348 2358 0168 4568 1378 0578 2678
FAM D=51 ell=11 count=22 nF=17 blocks: 0123 0145 2346 0256 1356 0247 1257 3457 0367 1467 1348 0358 2458 1268 0468 0178 2378
FAM D=54 ell=11 count=19 nF=18 blocks: 0123 0145 2346 0256 1356 0247 1257 3457 0367 1467 1348 0358 2458 1268 0468 0178 2378 5678
FAM D=51 ell=11 count=22 nF=17 blocks: 0123 0145 2346 0256 1356 0247 1257 3457 0367 1467 1348 0358 2458 1268 0468 0178 5678
FAM D=51 ell=11 count=22 nF=17 blocks: 0123 0145 2346 0256 1356 0247 1257 3457 0367 1467 1348 0358 2458 1268 0468 2378 5678
FAM D=51 ell=11 count=22 nF=17 blocks: 0123 0145 2346 0256 1356 0247 1257 3457 0367 1467 1348 0358 2458 1268 0178 2378 5678
FAM D=51 ell=11 count=22 nF=17 blocks: 0123 0145 2346 0256 1356 0247 1257 3457 0367 1467 1348 0358 2458 0468 0178 2378 5678
FAM D=51 ell=11 count=22 nF=17 blocks: 0123 0145 2346 0256 1356 0247 1257 3457 0367 1467 1348 0358 1268 0468 0178 2378 5678
FAM D=51 ell=11 count=22 nF=17 blocks: 0123 0145 2346 0256 1356 0247 1257 3457 0367 1467 1348 2458 1268 0468 0178 2378 5678
FAM D=51 ell=11 count=22 nF=17 blocks: 0123 0145 2346 0256 1356 0247 1257 3457 0367 1467 0358 2458 1268 0468 0178 2378 5678
FAM D=51 ell=11 count=22 nF=17 blocks: 0123 0145 2346 0256 1356 0247 1257 3457 0367 1248 0348 2358 0168 4568 1378 0578 2678
FAM D=51 ell=11 count=22 nF=17 blocks: 0123 0145 2346 0256 1356 0247 1257 3457 0367 1348 0358 2458 1268 0468 0178 2378 5678
FAM D=51 ell=11 count=22 nF=17 blocks: 0123 0145 2346 0256 1356 0247 1257 3457 1467 1248 0348 2358 0168 4568 1378 0578 2678
FAM D=51 ell=11 count=22 nF=17 blocks: 0123 0145 2346 0256 1356 0247 1257 3457 1467 1348 0358 2458 1268 0468 0178 2378 5678
FAM D=51 ell=11 count=22 nF=17 blocks: 0123 0145 2346 0256 1356 0247 1257 0367 1467 1248 0348 2358 0168 4568 1378 0578 2678
FAM D=51 ell=11 count=22 nF=17 blocks: 0123 0145 2346 0256 1356 0247 1257 0367 1467 1348 0358 2458 1268 0468 0178 2378 5678
FAM D=51 ell=11 count=22 nF=17 blocks: 0123 0145 2346 0256 1356 0247 3457 0367 1467 1248 0348 2358 0168 4568 1378 0578 2678
FAM D=51 ell=11 count=22 nF=17 blocks: 0123 0145 2346 0256 1356 0247 3457 0367 1467 1348 0358 2458 1268 0468 0178 2378 5678
FAM D=51 ell=11 count=22 nF=17 blocks: 0123 0145 2346 0256 1356 1247 0347 2357 0167 4567 0248 1258 3458 0368 1468 1378 0578
FAM D=54 ell=11 count=19 nF=18 blocks: 0123 0145 2346 0256 1356 1247 0347 2357 0167 4567 0248 1258 3458 0368 1468 1378 0578 2678
FAM D=51 ell=11 count=22 nF=17 blocks: 0123 0145 2346 0256 1356 1247 0347 2357 0167 4567 0248 1258 3458 0368 1468 1378 2678
FAM D=51 ell=11 count=22 nF=17 blocks: 0123 0145 2346 0256 1356 1247 0347 2357 0167 4567 0248 1258 3458 0368 1468 0578 2678
FAM D=51 ell=11 count=22 nF=17 blocks: 0123 0145 2346 0256 1356 1247 0347 2357 0167 4567 0248 1258 3458 0368 1378 0578 2678
FAM D=51 ell=11 count=22 nF=17 blocks: 0123 0145 2346 0256 1356 1247 0347 2357 0167 4567 0248 1258 3458 1468 1378 0578 2678
FAM D=51 ell=11 count=22 nF=17 blocks: 0123 0145 2346 0256 1356 1247 0347 2357 0167 4567 0248 1258 0368 1468 1378 0578 2678
FAM D=51 ell=11 count=22 nF=17 blocks: 0123 0145 2346 0256 1356 1247 0347 2357 0167 4567 0248 3458 0368 1468 1378 0578 2678
FAM D=51 ell=11 count=22 nF=17 blocks: 0123 0145 2346 0256 1356 1247 0347 2357 0167 4567 1348 0358 2458 1268 0468 0278 1578
FAM D=54 ell=11 count=19 nF=18 blocks: 0123 0145 2346 0256 1356 1247 0347 2357 0167 4567 1348 0358 2458 1268 0468 0278 1578 3678
FAM D=51 ell=11 count=22 nF=17 blocks: 0123 0145 2346 0256 1356 1247 0347 2357 0167 4567 1348 0358 2458 1268 0468 0278 3678
FAM D=51 ell=11 count=22 nF=17 blocks: 0123 0145 2346 0256 1356 1247 0347 2357 0167 4567 1348 0358 2458 1268 0468 1578 3678
FAM D=51 ell=11 count=22 nF=17 blocks: 0123 0145 2346 0256 1356 1247 0347 2357 0167 4567 1348 0358 2458 1268 0278 1578 3678
FAM D=51 ell=11 count=22 nF=17 blocks: 0123 0145 2346 0256 1356 1247 0347 2357 0167 4567 1348 0358 2458 0468 0278 1578 3678
FAM D=51 ell=11 count=22 nF=17 blocks: 0123 0145 2346 0256 1356 1247 0347 2357 0167 4567 1348 0358 1268 0468 0278 1578 3678
FAM D=51 ell=11 count=22 nF=17 blocks: 0123 0145 2346 0256 1356 1247 0347 2357 0167 4567 1348 2458 1268 0468 0278 1578 3678
FAM D=51 ell=11 count=22 nF=17 blocks: 0123 0145 2346 0256 1356 1247 0347 2357 0167 4567 1258 3458 0368 1468 1378 0578 2678
FAM D=51 ell=11 count=22 nF=17 blocks: 0123 0145 2346 0256 1356 1247 0347 2357 0167 4567 0358 2458 1268 0468 0278 1578 3678
FAM D=51 ell=11 count=22 nF=17 blocks: 0123 0145 2346 0256 1356 1247 0347 2357 0167 0248 1258 3458 0368 1468 1378 0578 2678
FAM D=51 ell=11 count=22 nF=17 blocks: 0123 0145 2346 0256 1356 1247 0347 2357 0167 1348 0358 2458 1268 0468 0278 1578 3678
FAM D=51 ell=11 count=22 nF=17 blocks: 0123 0145 2346 0256 1356 1247 0347 2357 4567 0248 1258 3458 0368 1468 1378 0578 2678
FAM D=51 ell=11 count=22 nF=17 blocks: 0123 0145 2346 0256 1356 1247 0347 2357 4567 1348 0358 2458 1268 0468 0278 1578 3678
FAM D=51 ell=11 count=22 nF=17 blocks: 0123 0145 2346 0256 1356 1247 0347 0167 4567 0248 1258 3458 0368 1468 1378 0578 2678
FAM D=51 ell=11 count=22 nF=17 blocks: 0123 0145 2346 0256 1356 1247 0347 0167 4567 1348 0358 2458 1268 0468 0278 1578 3678
FAM D=51 ell=11 count=22 nF=17 blocks: 0123 0145 2346 0256 1356 1247 2357 0167 4567 0248 1258 3458 0368 1468 1378 0578 2678
FAM D=51 ell=11 count=22 nF=17 blocks: 0123 0145 2346 0256 1356 1247 2357 0167 4567 1348 0358 2458 1268 0468 0278 1578 3678
FAM D=51 ell=11 count=22 nF=17 blocks: 0123 0145 2346 0256 1356 0347 2357 0167 4567 0248 1258 3458 0368 1468 1378 0578 2678
FAM D=51 ell=11 count=22 nF=17 blocks: 0123 0145 2346 0256 1356 0347 2357 0167 4567 1348 0358 2458 1268 0468 0278 1578 3678
FAM D=51 ell=11 count=22 nF=17 blocks: 0123 0145 2346 0256 1356 1347 0357 2457 1267 0467 0248 1258 3458 0368 1468 0178 2378
FAM D=54 ell=11 count=19 nF=18 blocks: 0123 0145 2346 0256 1356 1347 0357 2457 1267 0467 0248 1258 3458 0368 1468 0178 2378 5678
FAM D=51 ell=11 count=22 nF=17 blocks: 0123 0145 2346 0256 1356 1347 0357 2457 1267 0467 0248 1258 3458 0368 1468 0178 5678
FAM D=51 ell=11 count=22 nF=17 blocks: 0123 0145 2346 0256 1356 1347 0357 2457 1267 0467 0248 1258 3458 0368 1468 2378 5678
FAM D=51 ell=11 count=22 nF=17 blocks: 0123 0145 2346 0256 1356 1347 0357 2457 1267 0467 0248 1258 3458 0368 0178 2378 5678
FAM D=51 ell=11 count=22 nF=17 blocks: 0123 0145 2346 0256 1356 1347 0357 2457 1267 0467 0248 1258 3458 1468 0178 2378 5678
FAM D=51 ell=11 count=22 nF=17 blocks: 0123 0145 2346 0256 1356 1347 0357 2457 1267 0467 0248 1258 0368 1468 0178 2378 5678
FAM D=51 ell=11 count=22 nF=17 blocks: 0123 0145 2346 0256 1356 1347 0357 2457 1267 0467 0248 3458 0368 1468 0178 2378 5678
FAM D=51 ell=11 count=22 nF=17 blocks: 0123 0145 2346 0256 1356 1347 0357 2457 1267 0467 1248 0348 2358 0168 4568 0278 1578
FAM D=54 ell=11 count=19 nF=18 blocks: 0123 0145 2346 0256 1356 1347 0357 2457 1267 0467 1248 0348 2358 0168 4568 0278 1578 3678
FAM D=51 ell=11 count=22 nF=17 blocks: 0123 0145 2346 0256 1356 1347 0357 2457 1267 0467 1248 0348 2358 0168 4568 0278 3678
FAM D=51 ell=11 count=22 nF=17 blocks: 0123 0145 2346 0256 1356 1347 0357 2457 1267 0467 1248 0348 2358 0168 4568 1578 3678
FAM D=51 ell=11 count=22 nF=17 blocks: 0123 0145 2346 0256 1356 1347 0357 2457 1267 0467 1248 0348 2358 0168 0278 1578 3678
FAM D=51 ell=11 count=22 nF=17 blocks: 0123 0145 2346 0256 1356 1347 0357 2457 1267 0467 1248 0348 2358 4568 0278 1578 3678
FAM D=51 ell=11 count=22 nF=17 blocks: 0123 0145 2346 0256 1356 1347 0357 2457 1267 0467 1248 0348 0168 4568 0278 1578 3678
FAM D=51 ell=11 count=22 nF=17 blocks: 0123 0145 2346 0256 1356 1347 0357 2457 1267 0467 1248 2358 0168 4568 0278 1578 3678
FAM D=51 ell=11 count=22 nF=17 blocks: 0123 0145 2346 0256 1356 1347 0357 2457 1267 0467 0348 2358 0168 4568 0278 1578 3678
FAM D=51 ell=11 count=22 nF=17 blocks: 0123 0145 2346 0256 1356 1347 0357 2457 1267 0467 1258 3458 0368 1468 0178 2378 5678
FAM D=51 ell=11 count=22 nF=17 blocks: 0123 0145 2346 0256 1356 1347 0357 2457 1267 0248 1258 3458 0368 1468 0178 2378 5678
FAM D=51 ell=11 count=22 nF=17 blocks: 0123 0145 2346 0256 1356 1347 0357 2457 1267 1248 0348 2358 0168 4568 0278 1578 3678
FAM D=51 ell=11 count=22 nF=17 blocks: 0123 0145 2346 0256 1356 1347 0357 2457 0467 0248 1258 3458 0368 1468 0178 2378 5678
FAM D=51 ell=11 count=22 nF=17 blocks: 0123 0145 2346 0256 1356 1347 0357 2457 0467 1248 0348 2358 0168 4568 0278 1578 3678
FAM D=51 ell=11 count=22 nF=17 blocks: 0123 0145 2346 0256 1356 1347 0357 1267 0467 0248 1258 3458 0368 1468 0178 2378 5678
FAM D=51 ell=11 count=22 nF=17 blocks: 0123 0145 2346 0256 1356 1347 0357 1267 0467 1248 0348 2358 0168 4568 0278 1578 3678
FAM D=51 ell=11 count=22 nF=17 blocks: 0123 0145 2346 0256 1356 1347 2457 1267 0467 0248 1258 3458 0368 1468 0178 2378 5678
FAM D=51 ell=11 count=22 nF=17 blocks: 0123 0145 2346 0256 1356 1347 2457 1267 0467 1248 0348 2358 0168 4568 0278 1578 3678
FAM D=51 ell=11 count=22 nF=17 blocks: 0123 0145 2346 0256 1356 1257 3457 0367 1467 1248 0348 2358 0168 4568 1378 0578 2678
FAM D=51 ell=11 count=22 nF=17 blocks: 0123 0145 2346 0256 1356 1257 3457 0367 1467 1348 0358 2458 1268 0468 0178 2378 5678
FAM D=51 ell=11 count=22 nF=17 blocks: 0123 0145 2346 0256 1356 0357 2457 1267 0467 0248 1258 3458 0368 1468 0178 2378 5678
FAM D=51 ell=11 count=22 nF=17 blocks: 0123 0145 2346 0256 1356 0357 2457 1267 0467 1248 0348 2358 0168 4568 0278 1578 3678
FAM D=51 ell=11 count=22 nF=17 blocks: 0123 0145 2346 0256 0247 1257 3457 0367 1467 1248 0348 2358 0168 4568 1378 0578 2678
FAM D=51 ell=11 count=22 nF=17 blocks: 0123 0145 2346 0256 0247 1257 3457 0367 1467 1348 0358 2458 1268 0468 0178 2378 5678
FAM D=51 ell=11 count=22 nF=17 blocks: 0123 0145 2346 0256 1247 0347 2357 0167 4567 0248 1258 3458 0368 1468 1378 0578 2678
FAM D=51 ell=11 count=22 nF=17 blocks: 0123 0145 2346 0256 1247 0347 2357 0167 4567 1348 0358 2458 1268 0468 0278 1578 3678
FAM D=51 ell=11 count=22 nF=17 blocks: 0123 0145 2346 0256 1347 0357 2457 1267 0467 0248 1258 3458 0368 1468 0178 2378 5678
FAM D=51 ell=11 count=22 nF=17 blocks: 0123 0145 2346 0256 1347 0357 2457 1267 0467 1248 0348 2358 0168 4568 0278 1578 3678
FAM D=51 ell=11 count=22 nF=17 blocks: 0123 0145 2346 1256 0356 0247 1347 2357 0167 4567 1248 0258 3458 1368 0468 0378 1578
FAM D=54 ell=11 count=19 nF=18 blocks: 0123 0145 2346 1256 0356 0247 1347 2357 0167 4567 1248 0258 3458 1368 0468 0378 1578 2678
FAM D=51 ell=11 count=22 nF=17 blocks: 0123 0145 2346 1256 0356 0247 1347 2357 0167 4567 1248 0258 3458 1368 0468 0378 2678
FAM D=51 ell=11 count=22 nF=17 blocks: 0123 0145 2346 1256 0356 0247 1347 2357 0167 4567 1248 0258 3458 1368 0468 1578 2678
FAM D=51 ell=11 count=22 nF=17 blocks: 0123 0145 2346 1256 0356 0247 1347 2357 0167 4567 1248 0258 3458 1368 0378 1578 2678
FAM D=51 ell=11 count=22 nF=17 blocks: 0123 0145 2346 1256 0356 0247 1347 2357 0167 4567 1248 0258 3458 0468 0378 1578 2678
FAM D=51 ell=11 count=22 nF=17 blocks: 0123 0145 2346 1256 0356 0247 1347 2357 0167 4567 1248 0258 1368 0468 0378 1578 2678
FAM D=51 ell=11 count=22 nF=17 blocks: 0123 0145 2346 1256 0356 0247 1347 2357 0167 4567 1248 3458 1368 0468 0378 1578 2678
FAM D=51 ell=11 count=22 nF=17 blocks: 0123 0145 2346 1256 0356 0247 1347 2357 0167 4567 0348 1358 2458 0268 1468 1278 0578
FAM D=54 ell=11 count=19 nF=18 blocks: 0123 0145 2346 1256 0356 0247 1347 2357 0167 4567 0348 1358 2458 0268 1468 1278 0578 3678
FAM D=51 ell=11 count=22 nF=17 blocks: 0123 0145 2346 1256 0356 0247 1347 2357 0167 4567 0348 1358 2458 0268 1468 1278 3678
FAM D=51 ell=11 count=22 nF=17 blocks: 0123 0145 2346 1256 0356 0247 1347 2357 0167 4567 0348 1358 2458 0268 1468 0578 3678
FAM D=51 ell=11 count=22 nF=17 blocks: 0123 0145 2346 1256 0356 0247 1347 2357 0167 4567 0348 1358 2458 0268 1278 0578 3678
FAM D=51 ell=11 count=22 nF=17 blocks: 0123 0145 2346 1256 0356 0247 1347 2357 0167 4567 0348 1358 2458 1468 1278 0578 3678
FAM D=51 ell=11 count=22 nF=17 blocks: 0123 0145 2346 1256 0356 0247 1347 2357 0167 4567 0348 1358 0268 1468 1278 0578 3678
FAM D=51 ell=11 count=22 nF=17 blocks: 0123 0145 2346 1256 0356 0247 1347 2357 0167 4567 0348 2458 0268 1468 1278 0578 3678
FAM D=51 ell=11 count=22 nF=17 blocks: 0123 0145 2346 1256 0356 0247 1347 2357 0167 4567 0258 3458 1368 0468 0378 1578 2678
FAM D=51 ell=11 count=22 nF=17 blocks: 0123 0145 2346 1256 0356 0247 1347 2357 0167 4567 1358 2458 0268 1468 1278 0578 3678
FAM D=51 ell=11 count=22 nF=17 blocks: 0123 0145 2346 1256 0356 0247 1347 2357 0167 1248 0258 3458 1368 0468 0378 1578 2678
FAM D=51 ell=11 count=22 nF=17 blocks: 0123 0145 2346 1256 0356 0247 1347 2357 0167 0348 1358 2458 0268 1468 1278 0578 3678
FAM D=51 ell=11 count=22 nF=17 blocks: 0123 0145 2346 1256 0356 0247 1347 2357 4567 1248 0258 3458 1368 0468 0378 1578 2678
FAM D=51 ell=11 count=22 nF=17 blocks: 0123 0145 2346 1256 0356 0247 1347 2357 4567 0348 1358 2458 0268 1468 1278 0578 3678
FAM D=51 ell=11 count=22 nF=17 blocks: 0123 0145 2346 1256 0356 0247 1347 0167 4567 1248 0258 3458 1368 0468 0378 1578 2678
FAM D=51 ell=11 count=22 nF=17 blocks: 0123 0145 2346 1256 0356 0247 1347 0167 4567 0348 1358 2458 0268 1468 1278 0578 3678
FAM D=51 ell=11 count=22 nF=17 blocks: 0123 0145 2346 1256 0356 0247 2357 0167 4567 1248 0258 3458 1368 0468 0378 1578 2678
FAM D=51 ell=11 count=22 nF=17 blocks: 0123 0145 2346 1256 0356 0247 2357 0167 4567 0348 1358 2458 0268 1468 1278 0578 3678
FAM D=51 ell=11 count=22 nF=17 blocks: 0123 0145 2346 1256 0356 1247 0257 3457 1367 0467 0248 1348 2358 0168 4568 0378 1578
FAM D=54 ell=11 count=19 nF=18 blocks: 0123 0145 2346 1256 0356 1247 0257 3457 1367 0467 0248 1348 2358 0168 4568 0378 1578 2678
FAM D=51 ell=11 count=22 nF=17 blocks: 0123 0145 2346 1256 0356 1247 0257 3457 1367 0467 0248 1348 2358 0168 4568 0378 2678
FAM D=51 ell=11 count=22 nF=17 blocks: 0123 0145 2346 1256 0356 1247 0257 3457 1367 0467 0248 1348 2358 0168 4568 1578 2678
FAM D=51 ell=11 count=22 nF=17 blocks: 0123 0145 2346 1256 0356 1247 0257 3457 1367 0467 0248 1348 2358 0168 0378 1578 2678
FAM D=51 ell=11 count=22 nF=17 blocks: 0123 0145 2346 1256 0356 1247 0257 3457 1367 0467 0248 1348 2358 4568 0378 1578 2678
FAM D=51 ell=11 count=22 nF=17 blocks: 0123 0145 2346 1256 0356 1247 0257 3457 1367 0467 0248 1348 0168 4568 0378 1578 2678
FAM D=51 ell=11 count=22 nF=17 blocks: 0123 0145 2346 1256 0356 1247 0257 3457 1367 0467 0248 2358 0168 4568 0378 1578 2678
FAM D=51 ell=11 count=22 nF=17 blocks: 0123 0145 2346 1256 0356 1247 0257 3457 1367 0467 0348 1358 2458 0268 1468 0178 2378
FAM D=54 ell=11 count=19 nF=18 blocks: 0123 0145 2346 1256 0356 1247 0257 3457 1367 0467 0348 1358 2458 0268 1468 0178 2378 5678
FAM D=51 ell=11 count=22 nF=17 blocks: 0123 0145 2346 1256 0356 1247 0257 3457 1367 0467 0348 1358 2458 0268 1468 0178 5678
FAM D=51 ell=11 count=22 nF=17 blocks: 0123 0145 2346 1256 0356 1247 0257 3457 1367 0467 0348 1358 2458 0268 1468 2378 5678
FAM D=51 ell=11 count=22 nF=17 blocks: 0123 0145 2346 1256 0356 1247 0257 3457 1367 0467 0348 1358 2458 0268 0178 2378 5678
FAM D=51 ell=11 count=22 nF=17 blocks: 0123 0145 2346 1256 0356 1247 0257 3457 1367 0467 0348 1358 2458 1468 0178 2378 5678
FAM D=51 ell=11 count=22 nF=17 blocks: 0123 0145 2346 1256 0356 1247 0257 3457 1367 0467 0348 1358 0268 1468 0178 2378 5678
FAM D=51 ell=11 count=22 nF=17 blocks: 0123 0145 2346 1256 0356 1247 0257 3457 1367 0467 0348 2458 0268 1468 0178 2378 5678
FAM D=51 ell=11 count=22 nF=17 blocks: 0123 0145 2346 1256 0356 1247 0257 3457 1367 0467 1348 2358 0168 4568 0378 1578 2678
FAM D=51 ell=11 count=22 nF=17 blocks: 0123 0145 2346 1256 0356 1247 0257 3457 1367 0467 1358 2458 0268 1468 0178 2378 5678
FAM D=51 ell=11 count=22 nF=17 blocks: 0123 0145 2346 1256 0356 1247 0257 3457 1367 0248 1348 2358 0168 4568 0378 1578 2678
FAM D=51 ell=11 count=22 nF=17 blocks: 0123 0145 2346 1256 0356 1247 0257 3457 1367 0348 1358 2458 0268 1468 0178 2378 5678
FAM D=51 ell=11 count=22 nF=17 blocks: 0123 0145 2346 1256 0356 1247 0257 3457 0467 0248 1348 2358 0168 4568 0378 1578 2678
FAM D=51 ell=11 count=22 nF=17 blocks: 0123 0145 2346 1256 0356 1247 0257 3457 0467 0348 1358 2458 0268 1468 0178 2378 5678
FAM D=51 ell=11 count=22 nF=17 blocks: 0123 0145 2346 1256 0356 1247 0257 1367 0467 0248 1348 2358 0168 4568 0378 1578 2678
FAM D=51 ell=11 count=22 nF=17 blocks: 0123 0145 2346 1256 0356 1247 0257 1367 0467 0348 1358 2458 0268 1468 0178 2378 5678
FAM D=51 ell=11 count=22 nF=17 blocks: 0123 0145 2346 1256 0356 1247 3457 1367 0467 0248 1348 2358 0168 4568 0378 1578 2678
FAM D=51 ell=11 count=22 nF=17 blocks: 0123 0145 2346 1256 0356 1247 3457 1367 0467 0348 1358 2458 0268 1468 0178 2378 5678
FAM D=51 ell=11 count=22 nF=17 blocks: 0123 0145 2346 1256 0356 0347 1357 2457 0267 1467 0248 1348 2358 0168 4568 1278 0578
FAM D=54 ell=11 count=19 nF=18 blocks: 0123 0145 2346 1256 0356 0347 1357 2457 0267 1467 0248 1348 2358 0168 4568 1278 0578 3678
FAM D=51 ell=11 count=22 nF=17 blocks: 0123 0145 2346 1256 0356 0347 1357 2457 0267 1467 0248 1348 2358 0168 4568 1278 3678
FAM D=51 ell=11 count=22 nF=17 blocks: 0123 0145 2346 1256 0356 0347 1357 2457 0267 1467 0248 1348 2358 0168 4568 0578 3678
FAM D=51 ell=11 count=22 nF=17 blocks: 0123 0145 2346 1256 0356 0347 1357 2457 0267 1467 0248 1348 2358 0168 1278 0578 3678
FAM D=51 ell=11 count=22 nF=17 blocks: 0123 0145 2346 1256 0356 0347 1357 2457 0267 1467 0248 1348 2358 4568 1278 0578 3678
FAM D=51 ell=11 count=22 nF=17 blocks: 0123 0145 2346 1256 0356 0347 1357 2457 0267 1467 0248 1348 0168 4568 1278 0578 3678
FAM D=51 ell=11 count=22 nF=17 blocks: 0123 0145 2346 1256 0356 0347 1357 2457 0267 1467 0248 2358 0168 4568 1278 0578 3678
FAM D=51 ell=11 count=22 nF=17 blocks: 0123 0145 2346 1256 0356 0347 1357 2457 0267 1467 1248 0258 3458 1368 0468 0178 2378
FAM D=54 ell=11 count=19 nF=18 blocks: 0123 0145 2346 1256 0356 0347 1357 2457 0267 1467 1248 0258 3458 1368 0468 0178 2378 5678
FAM D=51 ell=11 count=22 nF=17 blocks: 0123 0145 2346 1256 0356 0347 1357 2457 0267 1467 1248 0258 3458 1368 0468 0178 5678
FAM D=51 ell=11 count=22 nF=17 blocks: 0123 0145 2346 1256 0356 0347 1357 2457 0267 1467 1248 0258 3458 1368 0468 2378 5678
FAM D=51 ell=11 count=22 nF=17 blocks: 0123 0145 2346 1256 0356 0347 1357 2457 0267 1467 1248 0258 3458 1368 0178 2378 5678
FAM D=51 ell=11 count=22 nF=17 blocks: 0123 0145 2346 1256 0356 0347 1357 2457 0267 1467 1248 0258 3458 0468 0178 2378 5678
FAM D=51 ell=11 count=22 nF=17 blocks: 0123 0145 2346 1256 0356 0347 1357 2457 0267 1467 1248 0258 1368 0468 0178 2378 5678
FAM D=51 ell=11 count=22 nF=17 blocks: 0123 0145 2346 1256 0356 0347 1357 2457 0267 1467 1248 3458 1368 0468 0178 2378 5678
FAM D=51 ell=11 count=22 nF=17 blocks: 0123 0145 2346 1256 0356 0347 1357 2457 0267 1467 1348 2358 0168 4568 1278 0578 3678
FAM D=51 ell=11 count=22 nF=17 blocks: 0123 0145 2346 1256 0356 0347 1357 2457 0267 1467 0258 3458 1368 0468 0178 2378 5678
FAM D=51 ell=11 count=22 nF=17 blocks: 0123 0145 2346 1256 0356 0347 1357 2457 0267 0248 1348 2358 0168 4568 1278 0578 3678
FAM D=51 ell=11 count=22 nF=17 blocks: 0123 0145 2346 1256 0356 0347 1357 2457 0267 1248 0258 3458 1368 0468 0178 2378 5678
FAM D=51 ell=11 count=22 nF=17 blocks: 0123 0145 2346 1256 0356 0347 1357 2457 1467 0248 1348 2358 0168 4568 1278 0578 3678
FAM D=51 ell=11 count=22 nF=17 blocks: 0123 0145 2346 1256 0356 0347 1357 2457 1467 1248 0258 3458 1368 0468 0178 2378 5678
FAM D=51 ell=11 count=22 nF=17 blocks: 0123 0145 2346 1256 0356 0347 1357 0267 1467 0248 1348 2358 0168 4568 1278 0578 3678
FAM D=51 ell=11 count=22 nF=17 blocks: 0123 0145 2346 1256 0356 0347 1357 0267 1467 1248 0258 3458 1368 0468 0178 2378 5678
FAM D=51 ell=11 count=22 nF=17 blocks: 0123 0145 2346 1256 0356 0347 2457 0267 1467 0248 1348 2358 0168 4568 1278 0578 3678
FAM D=51 ell=11 count=22 nF=17 blocks: 0123 0145 2346 1256 0356 0347 2457 0267 1467 1248 0258 3458 1368 0468 0178 2378 5678
FAM D=51 ell=11 count=22 nF=17 blocks: 0123 0145 2346 1256 0356 1347 2357 0167 4567 1248 0258 3458 1368 0468 0378 1578 2678
FAM D=51 ell=11 count=22 nF=17 blocks: 0123 0145 2346 1256 0356 1347 2357 0167 4567 0348 1358 2458 0268 1468 1278 0578 3678
FAM D=51 ell=11 count=22 nF=17 blocks: 0123 0145 2346 1256 0356 0257 3457 1367 0467 0248 1348 2358 0168 4568 0378 1578 2678
FAM D=51 ell=11 count=22 nF=17 blocks: 0123 0145 2346 1256 0356 0257 3457 1367 0467 0348 1358 2458 0268 1468 0178 2378 5678
FAM D=51 ell=11 count=22 nF=17 blocks: 0123 0145 2346 1256 0356 1357 2457 0267 1467 0248 1348 2358 0168 4568 1278 0578 3678
FAM D=51 ell=11 count=22 nF=17 blocks: 0123 0145 2346 1256 0356 1357 2457 0267 1467 1248 0258 3458 1368 0468 0178 2378 5678
FAM D=51 ell=11 count=22 nF=17 blocks: 0123 0145 2346 1256 0247 1347 2357 0167 4567 1248 0258 3458 1368 0468 0378 1578 2678
FAM D=51 ell=11 count=22 nF=17 blocks: 0123 0145 2346 1256 0247 1347 2357 0167 4567 0348 1358 2458 0268 1468 1278 0578 3678
FAM D=51 ell=11 count=22 nF=17 blocks: 0123 0145 2346 1256 1247 0257 3457 1367 0467 0248 1348 2358 0168 4568 0378 1578 2678
FAM D=51 ell=11 count=22 nF=17 blocks: 0123 0145 2346 1256 1247 0257 3457 1367 0467 0348 1358 2458 0268 1468 0178 2378 5678
FAM D=51 ell=11 count=22 nF=17 blocks: 0123 0145 2346 1256 0347 1357 2457 0267 1467 0248 1348 2358 0168 4568 1278 0578 3678
FAM D=51 ell=11 count=22 nF=17 blocks: 0123 0145 2346 1256 0347 1357 2457 0267 1467 1248 0258 3458 1368 0468 0178 2378 5678
FAM D=51 ell=11 count=22 nF=17 blocks: 0123 0145 2346 0356 0247 1347 2357 0167 4567 1248 0258 3458 1368 0468 0378 1578 2678
FAM D=51 ell=11 count=22 nF=17 blocks: 0123 0145 2346 0356 0247 1347 2357 0167 4567 0348 1358 2458 0268 1468 1278 0578 3678
FAM D=51 ell=11 count=22 nF=17 blocks: 0123 0145 2346 0356 1247 0257 3457 1367 0467 0248 1348 2358 0168 4568 0378 1578 2678
FAM D=51 ell=11 count=22 nF=17 blocks: 0123 0145 2346 0356 1247 0257 3457 1367 0467 0348 1358 2458 0268 1468 0178 2378 5678
FAM D=51 ell=11 count=22 nF=17 blocks: 0123 0145 2346 0356 0347 1357 2457 0267 1467 0248 1348 2358 0168 4568 1278 0578 3678
FAM D=51 ell=11 count=22 nF=17 blocks: 0123 0145 2346 0356 0347 1357 2457 0267 1467 1248 0258 3458 1368 0468 0178 2378 5678
FAM D=51 ell=11 count=22 nF=17 blocks: 0123 0145 2346 1356 0247 1257 3457 0367 1467 1248 0348 2358 0168 4568 1378 0578 2678
FAM D=51 ell=11 count=22 nF=17 blocks: 0123 0145 2346 1356 0247 1257 3457 0367 1467 1348 0358 2458 1268 0468 0178 2378 5678
FAM D=51 ell=11 count=22 nF=17 blocks: 0123 0145 2346 1356 1247 0347 2357 0167 4567 0248 1258 3458 0368 1468 1378 0578 2678
FAM D=51 ell=11 count=22 nF=17 blocks: 0123 0145 2346 1356 1247 0347 2357 0167 4567 1348 0358 2458 1268 0468 0278 1578 3678
FAM D=51 ell=11 count=22 nF=17 blocks: 0123 0145 2346 1356 1347 0357 2457 1267 0467 0248 1258 3458 0368 1468 0178 2378 5678
FAM D=51 ell=11 count=22 nF=17 blocks: 0123 0145 2346 1356 1347 0357 2457 1267 0467 1248 0348 2358 0168 4568 0278 1578 3678
FAM D=51 ell=11 count=22 nF=17 blocks: 0123 0145 0256 1356 0247 1257 3457 0367 1467 1248 0348 2358 0168 4568 1378 0578 2678
FAM D=51 ell=11 count=22 nF=17 blocks: 0123 0145 0256 1356 0247 1257 3457 0367 1467 1348 0358 2458 1268 0468 0178 2378 5678
FAM D=51 ell=11 count=22 nF=17 blocks: 0123 0145 0256 1356 1247 0347 2357 0167 4567 0248 1258 3458 0368 1468 1378 0578 2678
FAM D=51 ell=11 count=22 nF=17 blocks: 0123 0145 0256 1356 1247 0347 2357 0167 4567 1348 0358 2458 1268 0468 0278 1578 3678
FAM D=51 ell=11 count=22 nF=17 blocks: 0123 0145 0256 1356 1347 0357 2457 1267 0467 0248 1258 3458 0368 1468 0178 2378 5678
FAM D=51 ell=11 count=22 nF=17 blocks: 0123 0145 0256 1356 1347 0357 2457 1267 0467 1248 0348 2358 0168 4568 0278 1578 3678
FAM D=51 ell=11 count=22 nF=17 blocks: 0123 0145 0256 3456 0247 1347 2357 0367 1567 0348 1358 2458 0168 2368 1278 0578 4678
FAM D=51 ell=11 count=22 nF=17 blocks: 0123 0145 0256 3456 0247 1347 2357 0367 1567 2348 1258 0358 1368 0468 0178 4578 2678
FAM D=51 ell=11 count=22 nF=17 blocks: 0123 0145 0256 3456 0347 1357 2457 0167 2367 0248 1348 2358 0368 1568 1278 0578 4678
FAM D=51 ell=11 count=22 nF=17 blocks: 0123 0145 0256 3456 0347 1357 2457 0167 2367 2348 1258 0358 1368 0468 0278 1478 5678
FAM D=51 ell=11 count=22 nF=17 blocks: 0123 0145 0256 3456 2347 1257 0357 1367 0467 0248 1348 2358 0368 1568 0178 4578 2678
FAM D=51 ell=11 count=22 nF=17 blocks: 0123 0145 0256 3456 2347 1257 0357 1367 0467 0348 1358 2458 0168 2368 0278 1478 5678
FAM D=51 ell=11 count=22 nF=17 blocks: 0123 0145 1256 0356 0247 1347 2357 0167 4567 1248 0258 3458 1368 0468 0378 1578 2678
FAM D=51 ell=11 count=22 nF=17 blocks: 0123 0145 1256 0356 0247 1347 2357 0167 4567 0348 1358 2458 0268 1468 1278 0578 3678
FAM D=51 ell=11 count=22 nF=17 blocks: 0123 0145 1256 0356 1247 0257 3457 1367 0467 0248 1348 2358 0168 4568 0378 1578 2678
FAM D=51 ell=11 count=22 nF=17 blocks: 0123 0145 1256 0356 1247 0257 3457 1367 0467 0348 1358 2458 0268 1468 0178 2378 5678
FAM D=51 ell=11 count=22 nF=17 blocks: 0123 0145 1256 0356 0347 1357 2457 0267 1467 0248 1348 2358 0168 4568 1278 0578 3678
FAM D=51 ell=11 count=22 nF=17 blocks: 0123 0145 1256 0356 0347 1357 2457 0267 1467 1248 0258 3458 1368 0468 0178 2378 5678
FAM D=51 ell=11 count=22 nF=17 blocks: 0123 0145 1256 3456 1247 0347 2357 1367 0567 1348 0358 2458 0168 2368 0278 1578 4678
FAM D=51 ell=11 count=22 nF=17 blocks: 0123 0145 1256 3456 1247 0347 2357 1367 0567 2348 0258 1358 0368 1468 0178 4578 2678
FAM D=51 ell=11 count=22 nF=17 blocks: 0123 0145 1256 3456 1347 0357 2457 0167 2367 1248 0348 2358 1368 0568 0278 1578 4678
FAM D=51 ell=11 count=22 nF=17 blocks: 0123 0145 1256 3456 1347 0357 2457 0167 2367 2348 0258 1358 0368 1468 1278 0478 5678
FAM D=51 ell=11 count=22 nF=17 blocks: 0123 0145 1256 3456 2347 0257 1357 0367 1467 1248 0348 2358 1368 0568 0178 4578 2678
FAM D=51 ell=11 count=22 nF=17 blocks: 0123 0145 1256 3456 2347 0257 1357 0367 1467 1348 0358 2458 0168 2368 1278 0478 5678
FAM D=51 ell=11 count=22 nF=17 blocks: 0123 0145 0356 2456 0247 1257 3457 0167 2367 1248 0348 2358 0268 1568 1378 0578 4678
FAM D=51 ell=11 count=22 nF=17 blocks: 0123 0145 0356 2456 0247 1257 3457 0167 2367 2348 0258 1358 1268 0468 0378 1478 5678
FAM D=51 ell=11 count=22 nF=17 blocks: 0123 0145 0356 2456 1247 0347 2357 0267 1567 0248 1258 3458 0168 2368 1378 0578 4678
FAM D=51 ell=11 count=22 nF=17 blocks: 0123 0145 0356 2456 1247 0347 2357 0267 1567 2348 0258 1358 1268 0468 0178 4578 3678
FAM D=51 ell=11 count=22 nF=17 blocks: 0123 0145 0356 2456 2347 0257 1357 1267 0467 0248 1258 3458 0168 2368 0378 1478 5678
FAM D=51 ell=11 count=22 nF=17 blocks: 0123 0145 0356 2456 2347 0257 1357 1267 0467 1248 0348 2358 0268 1568 0178 4578 3678
FAM D=51 ell=11 count=22 nF=17 blocks: 0123 0145 1356 2456 0247 1347 2357 1267 0567 1248 0258 3458 0168 2368 0378 1578 4678
FAM D=51 ell=11 count=22 nF=17 blocks: 0123 0145 1356 2456 0247 1347 2357 1267 0567 2348 1258 0358 0268 1468 0178 4578 3678
FAM D=51 ell=11 count=22 nF=17 blocks: 0123 0145 1356 2456 1247 0257 3457 0167 2367 0248 1348 2358 1268 0568 0378 1578 4678
FAM D=51 ell=11 count=22 nF=17 blocks: 0123 0145 1356 2456 1247 0257 3457 0167 2367 2348 1258 0358 0268 1468 1378 0478 5678
FAM D=51 ell=11 count=22 nF=17 blocks: 0123 0145 1356 2456 2347 1257 0357 0267 1467 0248 1348 2358 1268 0568 0178 4578 3678
FAM D=51 ell=11 count=22 nF=17 blocks: 0123 0145 1356 2456 2347 1257 0357 0267 1467 1248 0258 3458 0168 2368 1378 0478 5678
FAM D=51 ell=11 count=22 nF=17 blocks: 0123 0245 1345 0146 2356 1247 0357 0267 3467 1567 0348 1258 1368 2468 0568 0178 2378
FAM D=54 ell=11 count=19 nF=18 blocks: 0123 0245 1345 0146 2356 1247 0357 0267 3467 1567 0348 1258 1368 2468 0568 0178 2378 4578
FAM D=51 ell=11 count=22 nF=17 blocks: 0123 0245 1345 0146 2356 1247 0357 0267 3467 1567 0348 1258 1368 2468 0568 0178 4578
FAM D=51 ell=11 count=22 nF=17 blocks: 0123 0245 1345 0146 2356 1247 0357 0267 3467 1567 0348 1258 1368 2468 0568 2378 4578
FAM D=51 ell=11 count=22 nF=17 blocks: 0123 0245 1345 0146 2356 1247 0357 0267 3467 1567 0348 1258 1368 2468 0178 2378 4578
FAM D=51 ell=11 count=22 nF=17 blocks: 0123 0245 1345 0146 2356 1247 0357 0267 3467 1567 0348 1258 1368 0568 0178 2378 4578
FAM D=51 ell=11 count=22 nF=17 blocks: 0123 0245 1345 0146 2356 1247 0357 0267 3467 1567 0348 1258 2468 0568 0178 2378 4578
FAM D=51 ell=11 count=22 nF=17 blocks: 0123 0245 1345 0146 2356 1247 0357 0267 3467 1567 0348 1368 2468 0568 0178 2378 4578
FAM D=51 ell=11 count=22 nF=17 blocks: 0123 0245 1345 0146 2356 1247 0357 0267 3467 1567 2348 0158 1268 0368 4568 1378 0478
FAM D=54 ell=11 count=19 nF=18 blocks: 0123 0245 1345 0146 2356 1247 0357 0267 3467 1567 2348 0158 1268 0368 4568 1378 0478 2578
FAM D=51 ell=11 count=22 nF=17 blocks: 0123 0245 1345 0146 2356 1247 0357 0267 3467 1567 2348 0158 1268 0368 4568 1378 2578
FAM D=51 ell=11 count=22 nF=17 blocks: 0123 0245 1345 0146 2356 1247 0357 0267 3467 1567 2348 0158 1268 0368 4568 0478 2578
FAM D=51 ell=11 count=22 nF=17 blocks: 0123 0245 1345 0146 2356 1247 0357 0267 3467 1567 2348 0158 1268 0368 1378 0478 2578
FAM D=51 ell=11 count=22 nF=17 blocks: 0123 0245 1345 0146 2356 1247 0357 0267 3467 1567 2348 0158 1268 4568 1378 0478 2578
FAM D=51 ell=11 count=22 nF=17 blocks: 0123 0245 1345 0146 2356 1247 0357 0267 3467 1567 2348 0158 0368 4568 1378 0478 2578
FAM D=51 ell=11 count=22 nF=17 blocks: 0123 0245 1345 0146 2356 1247 0357 0267 3467 1567 2348 1268 0368 4568 1378 0478 2578
FAM D=51 ell=11 count=22 nF=17 blocks: 0123 0245 1345 0146 2356 1247 0357 0267 3467 1567 0158 1268 0368 4568 1378 0478 2578
FAM D=51 ell=11 count=22 nF=17 blocks: 0123 0245 1345 0146 2356 1247 0357 0267 3467 1567 1258 1368 2468 0568 0178 2378 4578
FAM D=51 ell=11 count=22 nF=17 blocks: 0123 0245 1345 0146 2356 1247 0357 0267 3467 0348 1258 1368 2468 0568 0178 2378 4578
FAM D=51 ell=11 count=22 nF=17 blocks: 0123 0245 1345 0146 2356 1247 0357 0267 3467 2348 0158 1268 0368 4568 1378 0478 2578
FAM D=51 ell=11 count=22 nF=17 blocks: 0123 0245 1345 0146 2356 1247 0357 0267 1567 0348 1258 1368 2468 0568 0178 2378 4578
FAM D=51 ell=11 count=22 nF=17 blocks: 0123 0245 1345 0146 2356 1247 0357 0267 1567 2348 0158 1268 0368 4568 1378 0478 2578
FAM D=51 ell=11 count=22 nF=17 blocks: 0123 0245 1345 0146 2356 1247 0357 3467 1567 0348 1258 1368 2468 0568 0178 2378 4578
FAM D=51 ell=11 count=22 nF=17 blocks: 0123 0245 1345 0146 2356 1247 0357 3467 1567 2348 0158 1268 0368 4568 1378 0478 2578
FAM D=51 ell=11 count=22 nF=17 blocks: 0123 0245 1345 0146 2356 1247 0267 3467 1567 0348 1258 1368 2468 0568 0178 2378 4578
FAM D=51 ell=11 count=22 nF=17 blocks: 0123 0245 1345 0146 2356 1247 0267 3467 1567 2348 0158 1268 0368 4568 1378 0478 2578
FAM D=51 ell=11 count=22 nF=17 blocks: 0123 0245 1345 0146 2356 0347 1257 1367 2467 0567 1248 0358 0268 3468 1568 0178 2378
FAM D=54 ell=11 count=19 nF=18 blocks: 0123 0245 1345 0146 2356 0347 1257 1367 2467 0567 1248 0358 0268 3468 1568 0178 2378 4578
FAM D=51 ell=11 count=22 nF=17 blocks: 0123 0245 1345 0146 2356 0347 1257 1367 2467 0567 1248 0358 0268 3468 1568 0178 4578
FAM D=51 ell=11 count=22 nF=17 blocks: 0123 0245 1345 0146 2356 0347 1257 1367 2467 0567 1248 0358 0268 3468 1568 2378 4578
FAM D=51 ell=11 count=22 nF=17 blocks: 0123 0245 1345 0146 2356 0347 1257 1367 2467 0567 1248 0358 0268 3468 0178 2378 4578
FAM D=51 ell=11 count=22 nF=17 blocks: 0123 0245 1345 0146 2356 0347 1257 1367 2467 0567 1248 0358 0268 1568 0178 2378 4578
FAM D=51 ell=11 count=22 nF=17 blocks: 0123 0245 1345 0146 2356 0347 1257 1367 2467 0567 1248 0358 3468 1568 0178 2378 4578
FAM D=51 ell=11 count=22 nF=17 blocks: 0123 0245 1345 0146 2356 0347 1257 1367 2467 0567 1248 0268 3468 1568 0178 2378 4578
FAM D=51 ell=11 count=22 nF=17 blocks: 0123 0245 1345 0146 2356 0347 1257 1367 2467 0567 2348 0158 1268 0368 4568 0278 1478
FAM D=54 ell=11 count=19 nF=18 blocks: 0123 0245 1345 0146 2356 0347 1257 1367 2467 0567 2348 0158 1268 0368 4568 0278 1478 3578
FAM D=51 ell=11 count=22 nF=17 blocks: 0123 0245 1345 0146 2356 0347 1257 1367 2467 0567 2348 0158 1268 0368 4568 0278 3578
FAM D=51 ell=11 count=22 nF=17 blocks: 0123 0245 1345 0146 2356 0347 1257 1367 2467 0567 2348 0158 1268 0368 4568 1478 3578
FAM D=51 ell=11 count=22 nF=17 blocks: 0123 0245 1345 0146 2356 0347 1257 1367 2467 0567 2348 0158 1268 0368 0278 1478 3578
FAM D=51 ell=11 count=22 nF=17 blocks: 0123 0245 1345 0146 2356 0347 1257 1367 2467 0567 2348 0158 1268 4568 0278 1478 3578
FAM D=51 ell=11 count=22 nF=17 blocks: 0123 0245 1345 0146 2356 0347 1257 1367 2467 0567 2348 0158 0368 4568 0278 1478 3578
FAM D=51 ell=11 count=22 nF=17 blocks: 0123 0245 1345 0146 2356 0347 1257 1367 2467 0567 2348 1268 0368 4568 0278 1478 3578
FAM D=51 ell=11 count=22 nF=17 blocks: 0123 0245 1345 0146 2356 0347 1257 1367 2467 0567 0158 1268 0368 4568 0278 1478 3578
FAM D=51 ell=11 count=22 nF=17 blocks: 0123 0245 1345 0146 2356 0347 1257 1367 2467 0567 0358 0268 3468 1568 0178 2378 4578
FAM D=51 ell=11 count=22 nF=17 blocks: 0123 0245 1345 0146 2356 0347 1257 1367 2467 1248 0358 0268 3468 1568 0178 2378 4578
FAM D=51 ell=11 count=22 nF=17 blocks: 0123 0245 1345 0146 2356 0347 1257 1367 2467 2348 0158 1268 0368 4568 0278 1478 3578
FAM D=51 ell=11 count=22 nF=17 blocks: 0123 0245 1345 0146 2356 0347 1257 1367 0567 1248 0358 0268 3468 1568 0178 2378 4578
FAM D=51 ell=11 count=22 nF=17 blocks: 0123 0245 1345 0146 2356 0347 1257 1367 0567 2348 0158 1268 0368 4568 0278 1478 3578
FAM D=51 ell=11 count=22 nF=17 blocks: 0123 0245 1345 0146 2356 0347 1257 2467 0567 1248 0358 0268 3468 1568 0178 2378 4578
FAM D=51 ell=11 count=22 nF=17 blocks: 0123 0245 1345 0146 2356 0347 1257 2467 0567 2348 0158 1268 0368 4568 0278 1478 3578
FAM D=51 ell=11 count=22 nF=17 blocks: 0123 0245 1345 0146 2356 0347 1367 2467 0567 1248 0358 0268 3468 1568 0178 2378 4578
FAM D=51 ell=11 count=22 nF=17 blocks: 0123 0245 1345 0146 2356 0347 1367 2467 0567 2348 0158 1268 0368 4568 0278 1478 3578
FAM D=51 ell=11 count=22 nF=17 blocks: 0123 0245 1345 0146 2356 2347 0157 1267 0367 4567 1248 0358 0268 3468 1568 1378 0478
FAM D=54 ell=11 count=19 nF=18 blocks: 0123 0245 1345 0146 2356 2347 0157 1267 0367 4567 1248 0358 0268 3468 1568 1378 0478 2578
FAM D=51 ell=11 count=22 nF=17 blocks: 0123 0245 1345 0146 2356 2347 0157 1267 0367 4567 1248 0358 0268 3468 1568 1378 2578
FAM D=51 ell=11 count=22 nF=17 blocks: 0123 0245 1345 0146 2356 2347 0157 1267 0367 4567 1248 0358 0268 3468 1568 0478 2578
FAM D=51 ell=11 count=22 nF=17 blocks: 0123 0245 1345 0146 2356 2347 0157 1267 0367 4567 1248 0358 0268 3468 1378 0478 2578
FAM D=51 ell=11 count=22 nF=17 blocks: 0123 0245 1345 0146 2356 2347 0157 1267 0367 4567 1248 0358 0268 1568 1378 0478 2578
FAM D=51 ell=11 count=22 nF=17 blocks: 0123 0245 1345 0146 2356 2347 0157 1267 0367 4567 1248 0358 3468 1568 1378 0478 2578
FAM D=51 ell=11 count=22 nF=17 blocks: 0123 0245 1345 0146 2356 2347 0157 1267 0367 4567 1248 0268 3468 1568 1378 0478 2578
FAM D=51 ell=11 count=22 nF=17 blocks: 0123 0245 1345 0146 2356 2347 0157 1267 0367 4567 0348 1258 1368 2468 0568 0278 1478
FAM D=54 ell=11 count=19 nF=18 blocks: 0123 0245 1345 0146 2356 2347 0157 1267 0367 4567 0348 1258 1368 2468 0568 0278 1478 3578
FAM D=51 ell=11 count=22 nF=17 blocks: 0123 0245 1345 0146 2356 2347 0157 1267 0367 4567 0348 1258 1368 2468 0568 0278 3578
FAM D=51 ell=11 count=22 nF=17 blocks: 0123 0245 1345 0146 2356 2347 0157 1267 0367 4567 0348 1258 1368 2468 0568 1478 3578
FAM D=51 ell=11 count=22 nF=17 blocks: 0123 0245 1345 0146 2356 2347 0157 1267 0367 4567 0348 1258 1368 2468 0278 1478 3578
FAM D=51 ell=11 count=22 nF=17 blocks: 0123 0245 1345 0146 2356 2347 0157 1267 0367 4567 0348 1258 1368 0568 0278 1478 3578
FAM D=51 ell=11 count=22 nF=17 blocks: 0123 0245 1345 0146 2356 2347 0157 1267 0367 4567 0348 1258 2468 0568 0278 1478 3578
FAM D=51 ell=11 count=22 nF=17 blocks: 0123 0245 1345 0146 2356 2347 0157 1267 0367 4567 0348 1368 2468 0568 0278 1478 3578
FAM D=51 ell=11 count=22 nF=17 blocks: 0123 0245 1345 0146 2356 2347 0157 1267 0367 4567 1258 1368 2468 0568 0278 1478 3578
FAM D=51 ell=11 count=22 nF=17 blocks: 0123 0245 1345 0146 2356 2347 0157 1267 0367 4567 0358 0268 3468 1568 1378 0478 2578
FAM D=51 ell=11 count=22 nF=17 blocks: 0123 0245 1345 0146 2356 2347 0157 1267 0367 1248 0358 0268 3468 1568 1378 0478 2578
FAM D=51 ell=11 count=22 nF=17 blocks: 0123 0245 1345 0146 2356 2347 0157 1267 0367 0348 1258 1368 2468 0568 0278 1478 3578
FAM D=51 ell=11 count=22 nF=17 blocks: 0123 0245 1345 0146 2356 2347 0157 1267 4567 1248 0358 0268 3468 1568 1378 0478 2578
FAM D=51 ell=11 count=22 nF=17 blocks: 0123 0245 1345 0146 2356 2347 0157 1267 4567 0348 1258 1368 2468 0568 0278 1478 3578
FAM D=51 ell=11 count=22 nF=17 blocks: 0123 0245 1345 0146 2356 2347 0157 0367 4567 1248 0358 0268 3468 1568 1378 0478 2578
FAM D=51 ell=11 count=22 nF=17 blocks: 0123 0245 1345 0146 2356 2347 0157 0367 4567 0348 1258 1368 2468 0568 0278 1478 3578
FAM D=51 ell=11 count=22 nF=17 blocks: 0123 0245 1345 0146 2356 2347 1267 0367 4567 1248 0358 0268 3468 1568 1378 0478 2578
FAM D=51 ell=11 count=22 nF=17 blocks: 0123 0245 1345 0146 2356 2347 1267 0367 4567 0348 1258 1368 2468 0568 0278 1478 3578
FAM D=51 ell=11 count=22 nF=17 blocks: 0123 0245 1345 0146 2356 0157 1267 0367 4567 1248 0358 0268 3468 1568 1378 0478 2578
FAM D=51 ell=11 count=22 nF=17 blocks: 0123 0245 1345 0146 2356 0157 1267 0367 4567 0348 1258 1368 2468 0568 0278 1478 3578
FAM D=51 ell=11 count=22 nF=17 blocks: 0123 0245 1345 0146 2356 1257 1367 2467 0567 1248 0358 0268 3468 1568 0178 2378 4578
FAM D=51 ell=11 count=22 nF=17 blocks: 0123 0245 1345 0146 2356 1257 1367 2467 0567 2348 0158 1268 0368 4568 0278 1478 3578
FAM D=51 ell=11 count=22 nF=17 blocks: 0123 0245 1345 0146 2356 0357 0267 3467 1567 0348 1258 1368 2468 0568 0178 2378 4578
FAM D=51 ell=11 count=22 nF=17 blocks: 0123 0245 1345 0146 2356 0357 0267 3467 1567 2348 0158 1268 0368 4568 1378 0478 2578
FAM D=51 ell=11 count=22 nF=17 blocks: 0123 0245 1345 0146 1247 0357 0267 3467 1567 0348 1258 1368 2468 0568 0178 2378 4578
FAM D=51 ell=11 count=22 nF=17 blocks: 0123 0245 1345 0146 1247 0357 0267 3467 1567 2348 0158 1268 0368 4568 1378 0478 2578
FAM D=51 ell=11 count=22 nF=17 blocks: 0123 0245 1345 0146 0347 1257 1367 2467 0567 1248 0358 0268 3468 1568 0178 2378 4578
FAM D=51 ell=11 count=22 nF=17 blocks: 0123 0245 1345 0146 0347 1257 1367 2467 0567 2348 0158 1268 0368 4568 0278 1478 3578
FAM D=51 ell=11 count=22 nF=17 blocks: 0123 0245 1345 0146 2347 0157 1267 0367 4567 1248 0358 0268 3468 1568 1378 0478 2578
FAM D=51 ell=11 count=22 nF=17 blocks: 0123 0245 1345 0146 2347 0157 1267 0367 4567 0348 1258 1368 2468 0568 0278 1478 3578
FAM D=51 ell=11 count=22 nF=17 blocks: 0123 0245 1345 1246 0356 0147 2357 0267 3467 1567 0348 1258 0168 2368 4568 1378 2478
FAM D=54 ell=11 count=19 nF=18 blocks: 0123 0245 1345 1246 0356 0147 2357 0267 3467 1567 0348 1258 0168 2368 4568 1378 2478 0578
FAM D=51 ell=11 count=22 nF=17 blocks: 0123 0245 1345 1246 0356 0147 2357 0267 3467 1567 0348 1258 0168 2368 4568 1378 0578
FAM D=51 ell=11 count=22 nF=17 blocks: 0123 0245 1345 1246 0356 0147 2357 0267 3467 1567 0348 1258 0168 2368 4568 2478 0578
FAM D=51 ell=11 count=22 nF=17 blocks: 0123 0245 1345 1246 0356 0147 2357 0267 3467 1567 0348 1258 0168 2368 1378 2478 0578
FAM D=51 ell=11 count=22 nF=17 blocks: 0123 0245 1345 1246 0356 0147 2357 0267 3467 1567 0348 1258 0168 4568 1378 2478 0578
FAM D=51 ell=11 count=22 nF=17 blocks: 0123 0245 1345 1246 0356 0147 2357 0267 3467 1567 0348 1258 2368 4568 1378 2478 0578
FAM D=51 ell=11 count=22 nF=17 blocks: 0123 0245 1345 1246 0356 0147 2357 0267 3467 1567 0348 0168 2368 4568 1378 2478 0578
FAM D=51 ell=11 count=22 nF=17 blocks: 0123 0245 1345 1246 0356 0147 2357 0267 3467 1567 2348 0158 1368 0468 2568 1278 0378
FAM D=54 ell=11 count=19 nF=18 blocks: 0123 0245 1345 1246 0356 0147 2357 0267 3467 1567 2348 0158 1368 0468 2568 1278 0378 4578
FAM D=51 ell=11 count=22 nF=17 blocks: 0123 0245 1345 1246 0356 0147 2357 0267 3467 1567 2348 0158 1368 0468 2568 1278 4578
FAM D=51 ell=11 count=22 nF=17 blocks: 0123 0245 1345 1246 0356 0147 2357 0267 3467 1567 2348 0158 1368 0468 2568 0378 4578
FAM D=51 ell=11 count=22 nF=17 blocks: 0123 0245 1345 1246 0356 0147 2357 0267 3467 1567 2348 0158 1368 0468 1278 0378 4578
FAM D=51 ell=11 count=22 nF=17 blocks: 0123 0245 1345 1246 0356 0147 2357 0267 3467 1567 2348 0158 1368 2568 1278 0378 4578
FAM D=51 ell=11 count=22 nF=17 blocks: 0123 0245 1345 1246 0356 0147 2357 0267 3467 1567 2348 0158 0468 2568 1278 0378 4578
FAM D=51 ell=11 count=22 nF=17 blocks: 0123 0245 1345 1246 0356 0147 2357 0267 3467 1567 2348 1368 0468 2568 1278 0378 4578
FAM D=51 ell=11 count=22 nF=17 blocks: 0123 0245 1345 1246 0356 0147 2357 0267 3467 1567 0158 1368 0468 2568 1278 0378 4578
FAM D=51 ell=11 count=22 nF=17 blocks: 0123 0245 1345 1246 0356 0147 2357 0267 3467 1567 1258 0168 2368 4568 1378 2478 0578
FAM D=51 ell=11 count=22 nF=17 blocks: 0123 0245 1345 1246 0356 0147 2357 0267 3467 0348 1258 0168 2368 4568 1378 2478 0578
FAM D=51 ell=11 count=22 nF=17 blocks: 0123 0245 1345 1246 0356 0147 2357 0267 3467 2348 0158 1368 0468 2568 1278 0378 4578
FAM D=51 ell=11 count=22 nF=17 blocks: 0123 0245 1345 1246 0356 0147 2357 0267 1567 0348 1258 0168 2368 4568 1378 2478 0578
FAM D=51 ell=11 count=22 nF=17 blocks: 0123 0245 1345 1246 0356 0147 2357 0267 1567 2348 0158 1368 0468 2568 1278 0378 4578
FAM D=51 ell=11 count=22 nF=17 blocks: 0123 0245 1345 1246 0356 0147 2357 3467 1567 0348 1258 0168 2368 4568 1378 2478 0578
FAM D=51 ell=11 count=22 nF=17 blocks: 0123 0245 1345 1246 0356 0147 2357 3467 1567 2348 0158 1368 0468 2568 1278 0378 4578
FAM D=51 ell=11 count=22 nF=17 blocks: 0123 0245 1345 1246 0356 0147 0267 3467 1567 0348 1258 0168 2368 4568 1378 2478 0578
FAM D=51 ell=11 count=22 nF=17 blocks: 0123 0245 1345 1246 0356 0147 0267 3467 1567 2348 0158 1368 0468 2568 1278 0378 4578
FAM D=51 ell=11 count=22 nF=17 blocks: 0123 0245 1345 1246 0356 0347 1257 0167 2367 4567 0148 2358 0268 3468 1568 1378 2478
FAM D=54 ell=11 count=19 nF=18 blocks: 0123 0245 1345 1246 0356 0347 1257 0167 2367 4567 0148 2358 0268 3468 1568 1378 2478 0578
FAM D=51 ell=11 count=22 nF=17 blocks: 0123 0245 1345 1246 0356 0347 1257 0167 2367 4567 0148 2358 0268 3468 1568 1378 0578
FAM D=51 ell=11 count=22 nF=17 blocks: 0123 0245 1345 1246 0356 0347 1257 0167 2367 4567 0148 2358 0268 3468 1568 2478 0578
FAM D=51 ell=11 count=22 nF=17 blocks: 0123 0245 1345 1246 0356 0347 1257 0167 2367 4567 0148 2358 0268 3468 1378 2478 0578
FAM D=51 ell=11 count=22 nF=17 blocks: 0123 0245 1345 1246 0356 0347 1257 0167 2367 4567 0148 2358 0268 1568 1378 2478 0578
FAM D=51 ell=11 count=22 nF=17 blocks: 0123 0245 1345 1246 0356 0347 1257 0167 2367 4567 0148 2358 3468 1568 1378 2478 0578
FAM D=51 ell=11 count=22 nF=17 blocks: 0123 0245 1345 1246 0356 0347 1257 0167 2367 4567 0148 0268 3468 1568 1378 2478 0578
FAM D=51 ell=11 count=22 nF=17 blocks: 0123 0245 1345 1246 0356 0347 1257 0167 2367 4567 2348 0158 1368 0468 2568 0278 1478
FAM D=54 ell=11 count=19 nF=18 blocks: 0123 0245 1345 1246 0356 0347 1257 0167 2367 4567 2348 0158 1368 0468 2568 0278 1478 3578
FAM D=51 ell=11 count=22 nF=17 blocks: 0123 0245 1345 1246 0356 0347 1257 0167 2367 4567 2348 0158 1368 0468 2568 0278 3578
FAM D=51 ell=11 count=22 nF=17 blocks: 0123 0245 1345 1246 0356 0347 1257 0167 2367 4567 2348 0158 1368 0468 2568 1478 3578
FAM D=51 ell=11 count=22 nF=17 blocks: 0123 0245 1345 1246 0356 0347 1257 0167 2367 4567 2348 0158 1368 0468 0278 1478 3578
FAM D=51 ell=11 count=22 nF=17 blocks: 0123 0245 1345 1246 0356 0347 1257 0167 2367 4567 2348 0158 1368 2568 0278 1478 3578
FAM D=51 ell=11 count=22 nF=17 blocks: 0123 0245 1345 1246 0356 0347 1257 0167 2367 4567 2348 0158 0468 2568 0278 1478 3578
FAM D=51 ell=11 count=22 nF=17 blocks: 0123 0245 1345 1246 0356 0347 1257 0167 2367 4567 2348 1368 0468 2568 0278 1478 3578
FAM D=51 ell=11 count=22 nF=17 blocks: 0123 0245 1345 1246 0356 0347 1257 0167 2367 4567 0158 1368 0468 2568 0278 1478 3578
FAM D=51 ell=11 count=22 nF=17 blocks: 0123 0245 1345 1246 0356 0347 1257 0167 2367 4567 2358 0268 3468 1568 1378 2478 0578
FAM D=51 ell=11 count=22 nF=17 blocks: 0123 0245 1345 1246 0356 0347 1257 0167 2367 0148 2358 0268 3468 1568 1378 2478 0578
FAM D=51 ell=11 count=22 nF=17 blocks: 0123 0245 1345 1246 0356 0347 1257 0167 2367 2348 0158 1368 0468 2568 0278 1478 3578
FAM D=51 ell=11 count=22 nF=17 blocks: 0123 0245 1345 1246 0356 0347 1257 0167 4567 0148 2358 0268 3468 1568 1378 2478 0578
FAM D=51 ell=11 count=22 nF=17 blocks: 0123 0245 1345 1246 0356 0347 1257 0167 4567 2348 0158 1368 0468 2568 0278 1478 3578
FAM D=51 ell=11 count=22 nF=17 blocks: 0123 0245 1345 1246 0356 0347 1257 2367 4567 0148 2358 0268 3468 1568 1378 2478 0578
FAM D=51 ell=11 count=22 nF=17 blocks: 0123 0245 1345 1246 0356 0347 1257 2367 4567 2348 0158 1368 0468 2568 0278 1478 3578
FAM D=51 ell=11 count=22 nF=17 blocks: 0123 0245 1345 1246 0356 0347 0167 2367 4567 0148 2358 0268 3468 1568 1378 2478 0578
FAM D=51 ell=11 count=22 nF=17 blocks: 0123 0245 1345 1246 0356 0347 0167 2367 4567 2348 0158 1368 0468 2568 0278 1478 3578
FAM D=51 ell=11 count=22 nF=17 blocks: 0123 0245 1345 1246 0356 2347 0157 1367 0467 2567 0148 2358 0268 3468 1568 1278 0378
FAM D=54 ell=11 count=19 nF=18 blocks: 0123 0245 1345 1246 0356 2347 0157 1367 0467 2567 0148 2358 0268 3468 1568 1278 0378 4578
FAM D=51 ell=11 count=22 nF=17 blocks: 0123 0245 1345 1246 0356 2347 0157 1367 0467 2567 0148 2358 0268 3468 1568 1278 4578
FAM D=51 ell=11 count=22 nF=17 blocks: 0123 0245 1345 1246 0356 2347 0157 1367 0467 2567 0148 2358 0268 3468 1568 0378 4578
FAM D=51 ell=11 count=22 nF=17 blocks: 0123 0245 1345 1246 0356 2347 0157 1367 0467 2567 0148 2358 0268 3468 1278 0378 4578
FAM D=51 ell=11 count=22 nF=17 blocks: 0123 0245 1345 1246 0356 2347 0157 1367 0467 2567 0148 2358 0268 1568 1278 0378 4578
FAM D=51 ell=11 count=22 nF=17 blocks: 0123 0245 1345 1246 0356 2347 0157 1367 0467 2567 0148 2358 3468 1568 1278 0378 4578
FAM D=51 ell=11 count=22 nF=17 blocks: 0123 0245 1345 1246 0356 2347 0157 1367 0467 2567 0148 0268 3468 1568 1278 0378 4578
FAM D=51 ell=11 count=22 nF=17 blocks: 0123 0245 1345 1246 0356 2347 0157 1367 0467 2567 0348 1258 0168 2368 4568 0278 1478
FAM D=54 ell=11 count=19 nF=18 blocks: 0123 0245 1345 1246 0356 2347 0157 1367 0467 2567 0348 1258 0168 2368 4568 0278 1478 3578
FAM D=51 ell=11 count=22 nF=17 blocks: 0123 0245 1345 1246 0356 2347 0157 1367 0467 2567 0348 1258 0168 2368 4568 0278 3578
FAM D=51 ell=11 count=22 nF=17 blocks: 0123 0245 1345 1246 0356 2347 0157 1367 0467 2567 0348 1258 0168 2368 4568 1478 3578
FAM D=51 ell=11 count=22 nF=17 blocks: 0123 0245 1345 1246 0356 2347 0157 1367 0467 2567 0348 1258 0168 2368 0278 1478 3578
FAM D=51 ell=11 count=22 nF=17 blocks: 0123 0245 1345 1246 0356 2347 0157 1367 0467 2567 0348 1258 0168 4568 0278 1478 3578
FAM D=51 ell=11 count=22 nF=17 blocks: 0123 0245 1345 1246 0356 2347 0157 1367 0467 2567 0348 1258 2368 4568 0278 1478 3578
FAM D=51 ell=11 count=22 nF=17 blocks: 0123 0245 1345 1246 0356 2347 0157 1367 0467 2567 0348 0168 2368 4568 0278 1478 3578
FAM D=51 ell=11 count=22 nF=17 blocks: 0123 0245 1345 1246 0356 2347 0157 1367 0467 2567 1258 0168 2368 4568 0278 1478 3578
FAM D=51 ell=11 count=22 nF=17 blocks: 0123 0245 1345 1246 0356 2347 0157 1367 0467 2567 2358 0268 3468 1568 1278 0378 4578
FAM D=51 ell=11 count=22 nF=17 blocks: 0123 0245 1345 1246 0356 2347 0157 1367 0467 0148 2358 0268 3468 1568 1278 0378 4578
FAM D=51 ell=11 count=22 nF=17 blocks: 0123 0245 1345 1246 0356 2347 0157 1367 0467 0348 1258 0168 2368 4568 0278 1478 3578
FAM D=51 ell=11 count=22 nF=17 blocks: 0123 0245 1345 1246 0356 2347 0157 1367 2567 0148 2358 0268 3468 1568 1278 0378 4578
FAM D=51 ell=11 count=22 nF=17 blocks: 0123 0245 1345 1246 0356 2347 0157 1367 2567 0348 1258 0168 2368 4568 0278 1478 3578
FAM D=51 ell=11 count=22 nF=17 blocks: 0123 0245 1345 1246 0356 2347 0157 0467 2567 0148 2358 0268 3468 1568 1278 0378 4578
FAM D=51 ell=11 count=22 nF=17 blocks: 0123 0245 1345 1246 0356 2347 0157 0467 2567 0348 1258 0168 2368 4568 0278 1478 3578
FAM D=51 ell=11 count=22 nF=17 blocks: 0123 0245 1345 1246 0356 2347 1367 0467 2567 0148 2358 0268 3468 1568 1278 0378 4578
FAM D=51 ell=11 count=22 nF=17 blocks: 0123 0245 1345 1246 0356 2347 1367 0467 2567 0348 1258 0168 2368 4568 0278 1478 3578
FAM D=51 ell=11 count=22 nF=17 blocks: 0123 0245 1345 1246 0356 0157 1367 0467 2567 0148 2358 0268 3468 1568 1278 0378 4578
FAM D=51 ell=11 count=22 nF=17 blocks: 0123 0245 1345 1246 0356 0157 1367 0467 2567 0348 1258 0168 2368 4568 0278 1478 3578
FAM D=51 ell=11 count=22 nF=17 blocks: 0123 0245 1345 1246 0356 1257 0167 2367 4567 0148 2358 0268 3468 1568 1378 2478 0578
FAM D=51 ell=11 count=22 nF=17 blocks: 0123 0245 1345 1246 0356 1257 0167 2367 4567 2348 0158 1368 0468 2568 0278 1478 3578
FAM D=51 ell=11 count=22 nF=17 blocks: 0123 0245 1345 1246 0356 2357 0267 3467 1567 0348 1258 0168 2368 4568 1378 2478 0578
FAM D=51 ell=11 count=22 nF=17 blocks: 0123 0245 1345 1246 0356 2357 0267 3467 1567 2348 0158 1368 0468 2568 1278 0378 4578
FAM D=51 ell=11 count=22 nF=17 blocks: 0123 0245 1345 1246 0147 2357 0267 3467 1567 0348 1258 0168 2368 4568 1378 2478 0578
FAM D=51 ell=11 count=22 nF=17 blocks: 0123 0245 1345 1246 0147 2357 0267 3467 1567 2348 0158 1368 0468 2568 1278 0378 4578
FAM D=51 ell=11 count=22 nF=17 blocks: 0123 0245 1345 1246 0347 1257 0167 2367 4567 0148 2358 0268 3468 1568 1378 2478 0578
FAM D=51 ell=11 count=22 nF=17 blocks: 0123 0245 1345 1246 0347 1257 0167 2367 4567 2348 0158 1368 0468 2568 0278 1478 3578
FAM D=51 ell=11 count=22 nF=17 blocks: 0123 0245 1345 1246 2347 0157 1367 0467 2567 0148 2358 0268 3468 1568 1278 0378 4578
FAM D=51 ell=11 count=22 nF=17 blocks: 0123 0245 1345 1246 2347 0157 1367 0467 2567 0348 1258 0168 2368 4568 0278 1478 3578
FAM D=51 ell=11 count=22 nF=17 blocks: 0123 0245 1345 0346 1256 0147 2357 1367 2467 0567 1248 0358 0168 2368 4568 0278 3478
FAM D=54 ell=11 count=19 nF=18 blocks: 0123 0245 1345 0346 1256 0147 2357 1367 2467 0567 1248 0358 0168 2368 4568 0278 3478 1578
FAM D=51 ell=11 count=22 nF=17 blocks: 0123 0245 1345 0346 1256 0147 2357 1367 2467 0567 1248 0358 0168 2368 4568 0278 1578
FAM D=51 ell=11 count=22 nF=17 blocks: 0123 0245 1345 0346 1256 0147 2357 1367 2467 0567 1248 0358 0168 2368 4568 3478 1578
FAM D=51 ell=11 count=22 nF=17 blocks: 0123 0245 1345 0346 1256 0147 2357 1367 2467 0567 1248 0358 0168 2368 0278 3478 1578
FAM D=51 ell=11 count=22 nF=17 blocks: 0123 0245 1345 0346 1256 0147 2357 1367 2467 0567 1248 0358 0168 4568 0278 3478 1578
FAM D=51 ell=11 count=22 nF=17 blocks: 0123 0245 1345 0346 1256 0147 2357 1367 2467 0567 1248 0358 2368 4568 0278 3478 1578
FAM D=51 ell=11 count=22 nF=17 blocks: 0123 0245 1345 0346 1256 0147 2357 1367 2467 0567 1248 0168 2368 4568 0278 3478 1578
FAM D=51 ell=11 count=22 nF=17 blocks: 0123 0245 1345 0346 1256 0147 2357 1367 2467 0567 2348 0158 0268 1468 3568 1278 0378
FAM D=54 ell=11 count=19 nF=18 blocks: 0123 0245 1345 0346 1256 0147 2357 1367 2467 0567 2348 0158 0268 1468 3568 1278 0378 4578
FAM D=51 ell=11 count=22 nF=17 blocks: 0123 0245 1345 0346 1256 0147 2357 1367 2467 0567 2348 0158 0268 1468 3568 1278 4578
FAM D=51 ell=11 count=22 nF=17 blocks: 0123 0245 1345 0346 1256 0147 2357 1367 2467 0567 2348 0158 0268 1468 3568 0378 4578
FAM D=51 ell=11 count=22 nF=17 blocks: 0123 0245 1345 0346 1256 0147 2357 1367 2467 0567 2348 0158 0268 1468 1278 0378 4578
FAM D=51 ell=11 count=22 nF=17 blocks: 0123 0245 1345 0346 1256 0147 2357 1367 2467 0567 2348 0158 0268 3568 1278 0378 4578
FAM D=51 ell=11 count=22 nF=17 blocks: 0123 0245 1345 0346 1256 0147 2357 1367 2467 0567 2348 0158 1468 3568 1278 0378 4578
FAM D=51 ell=11 count=22 nF=17 blocks: 0123 0245 1345 0346 1256 0147 2357 1367 2467 0567 2348 0268 1468 3568 1278 0378 4578
FAM D=51 ell=11 count=22 nF=17 blocks: 0123 0245 1345 0346 1256 0147 2357 1367 2467 0567 0158 0268 1468 3568 1278 0378 4578
FAM D=51 ell=11 count=22 nF=17 blocks: 0123 0245 1345 0346 1256 0147 2357 1367 2467 0567 0358 0168 2368 4568 0278 3478 1578
FAM D=51 ell=11 count=22 nF=17 blocks: 0123 0245 1345 0346 1256 0147 2357 1367 2467 1248 0358 0168 2368 4568 0278 3478 1578
FAM D=51 ell=11 count=22 nF=17 blocks: 0123 0245 1345 0346 1256 0147 2357 1367 2467 2348 0158 0268 1468 3568 1278 0378 4578
FAM D=51 ell=11 count=22 nF=17 blocks: 0123 0245 1345 0346 1256 0147 2357 1367 0567 1248 0358 0168 2368 4568 0278 3478 1578
FAM D=51 ell=11 count=22 nF=17 blocks: 0123 0245 1345 0346 1256 0147 2357 1367 0567 2348 0158 0268 1468 3568 1278 0378 4578
FAM D=51 ell=11 count=22 nF=17 blocks: 0123 0245 1345 0346 1256 0147 2357 2467 0567 1248 0358 0168 2368 4568 0278 3478 1578
FAM D=51 ell=11 count=22 nF=17 blocks: 0123 0245 1345 0346 1256 0147 2357 2467 0567 2348 0158 0268 1468 3568 1278 0378 4578
FAM D=51 ell=11 count=22 nF=17 blocks: 0123 0245 1345 0346 1256 0147 1367 2467 0567 1248 0358 0168 2368 4568 0278 3478 1578
FAM D=51 ell=11 count=22 nF=17 blocks: 0123 0245 1345 0346 1256 0147 1367 2467 0567 2348 0158 0268 1468 3568 1278 0378 4578
FAM D=51 ell=11 count=22 nF=17 blocks: 0123 0245 1345 0346 1256 1247 0357 0167 2367 4567 0148 2358 1368 2468 0568 0278 3478
FAM D=54 ell=11 count=19 nF=18 blocks: 0123 0245 1345 0346 1256 1247 0357 0167 2367 4567 0148 2358 1368 2468 0568 0278 3478 1578
FAM D=51 ell=11 count=22 nF=17 blocks: 0123 0245 1345 0346 1256 1247 0357 0167 2367 4567 0148 2358 1368 2468 0568 0278 1578
FAM D=51 ell=11 count=22 nF=17 blocks: 0123 0245 1345 0346 1256 1247 0357 0167 2367 4567 0148 2358 1368 2468 0568 3478 1578
FAM D=51 ell=11 count=22 nF=17 blocks: 0123 0245 1345 0346 1256 1247 0357 0167 2367 4567 0148 2358 1368 2468 0278 3478 1578
FAM D=51 ell=11 count=22 nF=17 blocks: 0123 0245 1345 0346 1256 1247 0357 0167 2367 4567 0148 2358 1368 0568 0278 3478 1578
FAM D=51 ell=11 count=22 nF=17 blocks: 0123 0245 1345 0346 1256 1247 0357 0167 2367 4567 0148 2358 2468 0568 0278 3478 1578
FAM D=51 ell=11 count=22 nF=17 blocks: 0123 0245 1345 0346 1256 1247 0357 0167 2367 4567 0148 1368 2468 0568 0278 3478 1578
FAM D=51 ell=11 count=22 nF=17 blocks: 0123 0245 1345 0346 1256 1247 0357 0167 2367 4567 2348 0158 0268 1468 3568 1378 0478
FAM D=54 ell=11 count=19 nF=18 blocks: 0123 0245 1345 0346 1256 1247 0357 0167 2367 4567 2348 0158 0268 1468 3568 1378 0478 2578
FAM D=51 ell=11 count=22 nF=17 blocks: 0123 0245 1345 0346 1256 1247 0357 0167 2367 4567 2348 0158 0268 1468 3568 1378 2578
FAM D=51 ell=11 count=22 nF=17 blocks: 0123 0245 1345 0346 1256 1247 0357 0167 2367 4567 2348 0158 0268 1468 3568 0478 2578
FAM D=51 ell=11 count=22 nF=17 blocks: 0123 0245 1345 0346 1256 1247 0357 0167 2367 4567 2348 0158 0268 1468 1378 0478 2578
FAM D=51 ell=11 count=22 nF=17 blocks: 0123 0245 1345 0346 1256 1247 0357 0167 2367 4567 2348 0158 0268 3568 1378 0478 2578
FAM D=51 ell=11 count=22 nF=17 blocks: 0123 0245 1345 0346 1256 1247 0357 0167 2367 4567 2348 0158 1468 3568 1378 0478 2578
FAM D=51 ell=11 count=22 nF=17 blocks: 0123 0245 1345 0346 1256 1247 0357 0167 2367 4567 2348 0268 1468 3568 1378 0478 2578
FAM D=51 ell=11 count=22 nF=17 blocks: 0123 0245 1345 0346 1256 1247 0357 0167 2367 4567 0158 0268 1468 3568 1378 0478 2578
FAM D=51 ell=11 count=22 nF=17 blocks: 0123 0245 1345 0346 1256 1247 0357 0167 2367 4567 2358 1368 2468 0568 0278 3478 1578
FAM D=51 ell=11 count=22 nF=17 blocks: 0123 0245 1345 0346 1256 1247 0357 0167 2367 0148 2358 1368 2468 0568 0278 3478 1578
FAM D=51 ell=11 count=22 nF=17 blocks: 0123 0245 1345 0346 1256 1247 0357 0167 2367 2348 0158 0268 1468 3568 1378 0478 2578
FAM D=51 ell=11 count=22 nF=17 blocks: 0123 0245 1345 0346 1256 1247 0357 0167 4567 0148 2358 1368 2468 0568 0278 3478 1578
FAM D=51 ell=11 count=22 nF=17 blocks: 0123 0245 1345 0346 1256 1247 0357 0167 4567 2348 0158 0268 1468 3568 1378 0478 2578
FAM D=51 ell=11 count=22 nF=17 blocks: 0123 0245 1345 0346 1256 1247 0357 2367 4567 0148 2358 1368 2468 0568 0278 3478 1578
FAM D=51 ell=11 count=22 nF=17 blocks: 0123 0245 1345 0346 1256 1247 0357 2367 4567 2348 0158 0268 1468 3568 1378 0478 2578
FAM D=51 ell=11 count=22 nF=17 blocks: 0123 0245 1345 0346 1256 1247 0167 2367 4567 0148 2358 1368 2468 0568 0278 3478 1578
FAM D=51 ell=11 count=22 nF=17 blocks: 0123 0245 1345 0346 1256 1247 0167 2367 4567 2348 0158 0268 1468 3568 1378 0478 2578
FAM D=51 ell=11 count=22 nF=17 blocks: 0123 0245 1345 0346 1256 2347 0157 0267 1467 3567 0148 2358 1368 2468 0568 1278 0378
FAM D=54 ell=11 count=19 nF=18 blocks: 0123 0245 1345 0346 1256 2347 0157 0267 1467 3567 0148 2358 1368 2468 0568 1278 0378 4578
FAM D=51 ell=11 count=22 nF=17 blocks: 0123 0245 1345 0346 1256 2347 0157 0267 1467 3567 0148 2358 1368 2468 0568 1278 4578
FAM D=51 ell=11 count=22 nF=17 blocks: 0123 0245 1345 0346 1256 2347 0157 0267 1467 3567 0148 2358 1368 2468 0568 0378 4578
FAM D=51 ell=11 count=22 nF=17 blocks: 0123 0245 1345 0346 1256 2347 0157 0267 1467 3567 0148 2358 1368 2468 1278 0378 4578
FAM D=51 ell=11 count=22 nF=17 blocks: 0123 0245 1345 0346 1256 2347 0157 0267 1467 3567 0148 2358 1368 0568 1278 0378 4578
FAM D=51 ell=11 count=22 nF=17 blocks: 0123 0245 1345 0346 1256 2347 0157 0267 1467 3567 0148 2358 2468 0568 1278 0378 4578
FAM D=51 ell=11 count=22 nF=17 blocks: 0123 0245 1345 0346 1256 2347 0157 0267 1467 3567 0148 1368 2468 0568 1278 0378 4578
FAM D=51 ell=11 count=22 nF=17 blocks: 0123 0245 1345 0346 1256 2347 0157 0267 1467 3567 1248 0358 0168 2368 4568 1378 0478
FAM D=54 ell=11 count=19 nF=18 blocks: 0123 0245 1345 0346 1256 2347 0157 0267 1467 3567 1248 0358 0168 2368 4568 1378 0478 2578
FAM D=51 ell=11 count=22 nF=17 blocks: 0123 0245 1345 0346 1256 2347 0157 0267 1467 3567 1248 0358 0168 2368 4568 1378 2578
FAM D=51 ell=11 count=22 nF=17 blocks: 0123 0245 1345 0346 1256 2347 0157 0267 1467 3567 1248 0358 0168 2368 4568 0478 2578
FAM D=51 ell=11 count=22 nF=17 blocks: 0123 0245 1345 0346 1256 2347 0157 0267 1467 3567 1248 0358 0168 2368 1378 0478 2578
FAM D=51 ell=11 count=22 nF=17 blocks: 0123 0245 1345 0346 1256 2347 0157 0267 1467 3567 1248 0358 0168 4568 1378 0478 2578
FAM D=51 ell=11 count=22 nF=17 blocks: 0123 0245 1345 0346 1256 2347 0157 0267 1467 3567 1248 0358 2368 4568 1378 0478 2578
FAM D=51 ell=11 count=22 nF=17 blocks: 0123 0245 1345 0346 1256 2347 0157 0267 1467 3567 1248 0168 2368 4568 1378 0478 2578
FAM D=51 ell=11 count=22 nF=17 blocks: 0123 0245 1345 0346 1256 2347 0157 0267 1467 3567 0358 0168 2368 4568 1378 0478 2578
FAM D=51 ell=11 count=22 nF=17 blocks: 0123 0245 1345 0346 1256 2347 0157 0267 1467 3567 2358 1368 2468 0568 1278 0378 4578
FAM D=51 ell=11 count=22 nF=17 blocks: 0123 0245 1345 0346 1256 2347 0157 0267 1467 0148 2358 1368 2468 0568 1278 0378 4578
FAM D=51 ell=11 count=22 nF=17 blocks: 0123 0245 1345 0346 1256 2347 0157 0267 1467 1248 0358 0168 2368 4568 1378 0478 2578
FAM D=51 ell=11 count=22 nF=17 blocks: 0123 0245 1345 0346 1256 2347 0157 0267 3567 0148 2358 1368 2468 0568 1278 0378 4578
FAM D=51 ell=11 count=22 nF=17 blocks: 0123 0245 1345 0346 1256 2347 0157 0267 3567 1248 0358 0168 2368 4568 1378 0478 2578
FAM D=51 ell=11 count=22 nF=17 blocks: 0123 0245 1345 0346 1256 2347 0157 1467 3567 0148 2358 1368 2468 0568 1278 0378 4578
FAM D=51 ell=11 count=22 nF=17 blocks: 0123 0245 1345 0346 1256 2347 0157 1467 3567 1248 0358 0168 2368 4568 1378 0478 2578
FAM D=51 ell=11 count=22 nF=17 blocks: 0123 0245 1345 0346 1256 2347 0267 1467 3567 0148 2358 1368 2468 0568 1278 0378 4578
FAM D=51 ell=11 count=22 nF=17 blocks: 0123 0245 1345 0346 1256 2347 0267 1467 3567 1248 0358 0168 2368 4568 1378 0478 2578
FAM D=51 ell=11 count=22 nF=17 blocks: 0123 0245 1345 0346 1256 0157 0267 1467 3567 0148 2358 1368 2468 0568 1278 0378 4578
FAM D=51 ell=11 count=22 nF=17 blocks: 0123 0245 1345 0346 1256 0157 0267 1467 3567 1248 0358 0168 2368 4568 1378 0478 2578
FAM D=51 ell=11 count=22 nF=17 blocks: 0123 0245 1345 0346 1256 0357 0167 2367 4567 0148 2358 1368 2468 0568 0278 3478 1578
FAM D=51 ell=11 count=22 nF=17 blocks: 0123 0245 1345 0346 1256 0357 0167 2367 4567 2348 0158 0268 1468 3568 1378 0478 2578
FAM D=51 ell=11 count=22 nF=17 blocks: 0123 0245 1345 0346 1256 2357 1367 2467 0567 1248 0358 0168 2368 4568 0278 3478 1578
FAM D=51 ell=11 count=22 nF=17 blocks: 0123 0245 1345 0346 1256 2357 1367 2467 0567 2348 0158 0268 1468 3568 1278 0378 4578
FAM D=51 ell=11 count=22 nF=17 blocks: 0123 0245 1345 0346 0147 2357 1367 2467 0567 1248 0358 0168 2368 4568 0278 3478 1578
FAM D=51 ell=11 count=22 nF=17 blocks: 0123 0245 1345 0346 0147 2357 1367 2467 0567 2348 0158 0268 1468 3568 1278 0378 4578
FAM D=51 ell=11 count=22 nF=17 blocks: 0123 0245 1345 0346 1247 0357 0167 2367 4567 0148 2358 1368 2468 0568 0278 3478 1578
FAM D=51 ell=11 count=22 nF=17 blocks: 0123 0245 1345 0346 1247 0357 0167 2367 4567 2348 0158 0268 1468 3568 1378 0478 2578
FAM D=51 ell=11 count=22 nF=17 blocks: 0123 0245 1345 0346 2347 0157 0267 1467 3567 0148 2358 1368 2468 0568 1278 0378 4578
FAM D=51 ell=11 count=22 nF=17 blocks: 0123 0245 1345 0346 2347 0157 0267 1467 3567 1248 0358 0168 2368 4568 1378 0478 2578
FAM D=51 ell=11 count=22 nF=17 blocks: 0123 0245 1345 2346 0156 0147 2357 1267 0367 4567 1248 0358 1368 0468 2568 0278 3478
FAM D=54 ell=11 count=19 nF=18 blocks: 0123 0245 1345 2346 0156 0147 2357 1267 0367 4567 1248 0358 1368 0468 2568 0278 3478 1578
FAM D=51 ell=11 count=22 nF=17 blocks: 0123 0245 1345 2346 0156 0147 2357 1267 0367 4567 1248 0358 1368 0468 2568 0278 1578
FAM D=51 ell=11 count=22 nF=17 blocks: 0123 0245 1345 2346 0156 0147 2357 1267 0367 4567 1248 0358 1368 0468 2568 3478 1578
FAM D=51 ell=11 count=22 nF=17 blocks: 0123 0245 1345 2346 0156 0147 2357 1267 0367 4567 1248 0358 1368 0468 0278 3478 1578
FAM D=51 ell=11 count=22 nF=17 blocks: 0123 0245 1345 2346 0156 0147 2357 1267 0367 4567 1248 0358 1368 2568 0278 3478 1578
FAM D=51 ell=11 count=22 nF=17 blocks: 0123 0245 1345 2346 0156 0147 2357 1267 0367 4567 1248 0358 0468 2568 0278 3478 1578
FAM D=51 ell=11 count=22 nF=17 blocks: 0123 0245 1345 2346 0156 0147 2357 1267 0367 4567 1248 1368 0468 2568 0278 3478 1578
FAM D=51 ell=11 count=22 nF=17 blocks: 0123 0245 1345 2346 0156 0147 2357 1267 0367 4567 0348 1258 0268 1468 3568 1378 2478
FAM D=54 ell=11 count=19 nF=18 blocks: 0123 0245 1345 2346 0156 0147 2357 1267 0367 4567 0348 1258 0268 1468 3568 1378 2478 0578
FAM D=51 ell=11 count=22 nF=17 blocks: 0123 0245 1345 2346 0156 0147 2357 1267 0367 4567 0348 1258 0268 1468 3568 1378 0578
FAM D=51 ell=11 count=22 nF=17 blocks: 0123 0245 1345 2346 0156 0147 2357 1267 0367 4567 0348 1258 0268 1468 3568 2478 0578
FAM D=51 ell=11 count=22 nF=17 blocks: 0123 0245 1345 2346 0156 0147 2357 1267 0367 4567 0348 1258 0268 1468 1378 2478 0578
FAM D=51 ell=11 count=22 nF=17 blocks: 0123 0245 1345 2346 0156 0147 2357 1267 0367 4567 0348 1258 0268 3568 1378 2478 0578
FAM D=51 ell=11 count=22 nF=17 blocks: 0123 0245 1345 2346 0156 0147 2357 1267 0367 4567 0348 1258 1468 3568 1378 2478 0578
FAM D=51 ell=11 count=22 nF=17 blocks: 0123 0245 1345 2346 0156 0147 2357 1267 0367 4567 0348 0268 1468 3568 1378 2478 0578
FAM D=51 ell=11 count=22 nF=17 blocks: 0123 0245 1345 2346 0156 0147 2357 1267 0367 4567 1258 0268 1468 3568 1378 2478 0578
FAM D=51 ell=11 count=22 nF=17 blocks: 0123 0245 1345 2346 0156 0147 2357 1267 0367 4567 0358 1368 0468 2568 0278 3478 1578
FAM D=51 ell=11 count=22 nF=17 blocks: 0123 0245 1345 2346 0156 0147 2357 1267 0367 1248 0358 1368 0468 2568 0278 3478 1578
FAM D=51 ell=11 count=22 nF=17 blocks: 0123 0245 1345 2346 0156 0147 2357 1267 0367 0348 1258 0268 1468 3568 1378 2478 0578
FAM D=51 ell=11 count=22 nF=17 blocks: 0123 0245 1345 2346 0156 0147 2357 1267 4567 1248 0358 1368 0468 2568 0278 3478 1578
FAM D=51 ell=11 count=22 nF=17 blocks: 0123 0245 1345 2346 0156 0147 2357 1267 4567 0348 1258 0268 1468 3568 1378 2478 0578
FAM D=51 ell=11 count=22 nF=17 blocks: 0123 0245 1345 2346 0156 0147 2357 0367 4567 1248 0358 1368 0468 2568 0278 3478 1578
FAM D=51 ell=11 count=22 nF=17 blocks: 0123 0245 1345 2346 0156 0147 2357 0367 4567 0348 1258 0268 1468 3568 1378 2478 0578
FAM D=51 ell=11 count=22 nF=17 blocks: 0123 0245 1345 2346 0156 0147 1267 0367 4567 1248 0358 1368 0468 2568 0278 3478 1578
FAM D=51 ell=11 count=22 nF=17 blocks: 0123 0245 1345 2346 0156 0147 1267 0367 4567 0348 1258 0268 1468 3568 1378 2478 0578
FAM D=51 ell=11 count=22 nF=17 blocks: 0123 0245 1345 2346 0156 1247 0357 1367 0467 2567 0148 2358 1268 0368 4568 0278 3478
FAM D=54 ell=11 count=19 nF=18 blocks: 0123 0245 1345 2346 0156 1247 0357 1367 0467 2567 0148 2358 1268 0368 4568 0278 3478 1578
FAM D=51 ell=11 count=22 nF=17 blocks: 0123 0245 1345 2346 0156 1247 0357 1367 0467 2567 0148 2358 1268 0368 4568 0278 1578
FAM D=51 ell=11 count=22 nF=17 blocks: 0123 0245 1345 2346 0156 1247 0357 1367 0467 2567 0148 2358 1268 0368 4568 3478 1578
FAM D=51 ell=11 count=22 nF=17 blocks: 0123 0245 1345 2346 0156 1247 0357 1367 0467 2567 0148 2358 1268 0368 0278 3478 1578
FAM D=51 ell=11 count=22 nF=17 blocks: 0123 0245 1345 2346 0156 1247 0357 1367 0467 2567 0148 2358 1268 4568 0278 3478 1578
FAM D=51 ell=11 count=22 nF=17 blocks: 0123 0245 1345 2346 0156 1247 0357 1367 0467 2567 0148 2358 0368 4568 0278 3478 1578
FAM D=51 ell=11 count=22 nF=17 blocks: 0123 0245 1345 2346 0156 1247 0357 1367 0467 2567 0148 1268 0368 4568 0278 3478 1578
FAM D=51 ell=11 count=22 nF=17 blocks: 0123 0245 1345 2346 0156 1247 0357 1367 0467 2567 0348 1258 0268 1468 3568 0178 2378
FAM D=54 ell=11 count=19 nF=18 blocks: 0123 0245 1345 2346 0156 1247 0357 1367 0467 2567 0348 1258 0268 1468 3568 0178 2378 4578
FAM D=51 ell=11 count=22 nF=17 blocks: 0123 0245 1345 2346 0156 1247 0357 1367 0467 2567 0348 1258 0268 1468 3568 0178 4578
FAM D=51 ell=11 count=22 nF=17 blocks: 0123 0245 1345 2346 0156 1247 0357 1367 0467 2567 0348 1258 0268 1468 3568 2378 4578
FAM D=51 ell=11 count=22 nF=17 blocks: 0123 0245 1345 2346 0156 1247 0357 1367 0467 2567 0348 1258 0268 1468 0178 2378 4578
FAM D=51 ell=11 count=22 nF=17 blocks: 0123 0245 1345 2346 0156 1247 0357 1367 0467 2567 0348 1258 0268 3568 0178 2378 4578
FAM D=51 ell=11 count=22 nF=17 blocks: 0123 0245 1345 2346 0156 1247 0357 1367 0467 2567 0348 1258 1468 3568 0178 2378 4578
FAM D=51 ell=11 count=22 nF=17 blocks: 0123 0245 1345 2346 0156 1247 0357 1367 0467 2567 0348 0268 1468 3568 0178 2378 4578
FAM D=51 ell=11 count=22 nF=17 blocks: 0123 0245 1345 2346 0156 1247 0357 1367 0467 2567 1258 0268 1468 3568 0178 2378 4578
FAM D=51 ell=11 count=22 nF=17 blocks: 0123 0245 1345 2346 0156 1247 0357 1367 0467 2567 2358 1268 0368 4568 0278 3478 1578
FAM D=51 ell=11 count=22 nF=17 blocks: 0123 0245 1345 2346 0156 1247 0357 1367 0467 0148 2358 1268 0368 4568 0278 3478 1578
FAM D=51 ell=11 count=22 nF=17 blocks: 0123 0245 1345 2346 0156 1247 0357 1367 0467 0348 1258 0268 1468 3568 0178 2378 4578
FAM D=51 ell=11 count=22 nF=17 blocks: 0123 0245 1345 2346 0156 1247 0357 1367 2567 0148 2358 1268 0368 4568 0278 3478 1578
FAM D=51 ell=11 count=22 nF=17 blocks: 0123 0245 1345 2346 0156 1247 0357 1367 2567 0348 1258 0268 1468 3568 0178 2378 4578
FAM D=51 ell=11 count=22 nF=17 blocks: 0123 0245 1345 2346 0156 1247 0357 0467 2567 0148 2358 1268 0368 4568 0278 3478 1578
FAM D=51 ell=11 count=22 nF=17 blocks: 0123 0245 1345 2346 0156 1247 0357 0467 2567 0348 1258 0268 1468 3568 0178 2378 4578
FAM D=51 ell=11 count=22 nF=17 blocks: 0123 0245 1345 2346 0156 1247 1367 0467 2567 0148 2358 1268 0368 4568 0278 3478 1578
FAM D=51 ell=11 count=22 nF=17 blocks: 0123 0245 1345 2346 0156 1247 1367 0467 2567 0348 1258 0268 1468 3568 0178 2378 4578
FAM D=51 ell=11 count=22 nF=17 blocks: 0123 0245 1345 2346 0156 0347 1257 0267 1467 3567 0148 2358 1268 0368 4568 1378 2478
FAM D=54 ell=11 count=19 nF=18 blocks: 0123 0245 1345 2346 0156 0347 1257 0267 1467 3567 0148 2358 1268 0368 4568 1378 2478 0578
FAM D=51 ell=11 count=22 nF=17 blocks: 0123 0245 1345 2346 0156 0347 1257 0267 1467 3567 0148 2358 1268 0368 4568 1378 0578
FAM D=51 ell=11 count=22 nF=17 blocks: 0123 0245 1345 2346 0156 0347 1257 0267 1467 3567 0148 2358 1268 0368 4568 2478 0578
FAM D=51 ell=11 count=22 nF=17 blocks: 0123 0245 1345 2346 0156 0347 1257 0267 1467 3567 0148 2358 1268 0368 1378 2478 0578
FAM D=51 ell=11 count=22 nF=17 blocks: 0123 0245 1345 2346 0156 0347 1257 0267 1467 3567 0148 2358 1268 4568 1378 2478 0578
FAM D=51 ell=11 count=22 nF=17 blocks: 0123 0245 1345 2346 0156 0347 1257 0267 1467 3567 0148 2358 0368 4568 1378 2478 0578
FAM D=51 ell=11 count=22 nF=17 blocks: 0123 0245 1345 2346 0156 0347 1257 0267 1467 3567 0148 1268 0368 4568 1378 2478 0578
FAM D=51 ell=11 count=22 nF=17 blocks: 0123 0245 1345 2346 0156 0347 1257 0267 1467 3567 1248 0358 1368 0468 2568 0178 2378
FAM D=54 ell=11 count=19 nF=18 blocks: 0123 0245 1345 2346 0156 0347 1257 0267 1467 3567 1248 0358 1368 0468 2568 0178 2378 4578
FAM D=51 ell=11 count=22 nF=17 blocks: 0123 0245 1345 2346 0156 0347 1257 0267 1467 3567 1248 0358 1368 0468 2568 0178 4578
FAM D=51 ell=11 count=22 nF=17 blocks: 0123 0245 1345 2346 0156 0347 1257 0267 1467 3567 1248 0358 1368 0468 2568 2378 4578
FAM D=51 ell=11 count=22 nF=17 blocks: 0123 0245 1345 2346 0156 0347 1257 0267 1467 3567 1248 0358 1368 0468 0178 2378 4578
FAM D=51 ell=11 count=22 nF=17 blocks: 0123 0245 1345 2346 0156 0347 1257 0267 1467 3567 1248 0358 1368 2568 0178 2378 4578
FAM D=51 ell=11 count=22 nF=17 blocks: 0123 0245 1345 2346 0156 0347 1257 0267 1467 3567 1248 0358 0468 2568 0178 2378 4578
FAM D=51 ell=11 count=22 nF=17 blocks: 0123 0245 1345 2346 0156 0347 1257 0267 1467 3567 1248 1368 0468 2568 0178 2378 4578
FAM D=51 ell=11 count=22 nF=17 blocks: 0123 0245 1345 2346 0156 0347 1257 0267 1467 3567 0358 1368 0468 2568 0178 2378 4578
FAM D=51 ell=11 count=22 nF=17 blocks: 0123 0245 1345 2346 0156 0347 1257 0267 1467 3567 2358 1268 0368 4568 1378 2478 0578
FAM D=51 ell=11 count=22 nF=17 blocks: 0123 0245 1345 2346 0156 0347 1257 0267 1467 0148 2358 1268 0368 4568 1378 2478 0578
FAM D=51 ell=11 count=22 nF=17 blocks: 0123 0245 1345 2346 0156 0347 1257 0267 1467 1248 0358 1368 0468 2568 0178 2378 4578
FAM D=51 ell=11 count=22 nF=17 blocks: 0123 0245 1345 2346 0156 0347 1257 0267 3567 0148 2358 1268 0368 4568 1378 2478 0578
FAM D=51 ell=11 count=22 nF=17 blocks: 0123 0245 1345 2346 0156 0347 1257 0267 3567 1248 0358 1368 0468 2568 0178 2378 4578
FAM D=51 ell=11 count=22 nF=17 blocks: 0123 0245 1345 2346 0156 0347 1257 1467 3567 0148 2358 1268 0368 4568 1378 2478 0578
FAM D=51 ell=11 count=22 nF=17 blocks: 0123 0245 1345 2346 0156 0347 1257 1467 3567 1248 0358 1368 0468 2568 0178 2378 4578
FAM D=51 ell=11 count=22 nF=17 blocks: 0123 0245 1345 2346 0156 0347 0267 1467 3567 0148 2358 1268 0368 4568 1378 2478 0578
FAM D=51 ell=11 count=22 nF=17 blocks: 0123 0245 1345 2346 0156 0347 0267 1467 3567 1248 0358 1368 0468 2568 0178 2378 4578
FAM D=51 ell=11 count=22 nF=17 blocks: 0123 0245 1345 2346 0156 1257 0267 1467 3567 0148 2358 1268 0368 4568 1378 2478 0578
FAM D=51 ell=11 count=22 nF=17 blocks: 0123 0245 1345 2346 0156 1257 0267 1467 3567 1248 0358 1368 0468 2568 0178 2378 4578
FAM D=51 ell=11 count=22 nF=17 blocks: 0123 0245 1345 2346 0156 0357 1367 0467 2567 0148 2358 1268 0368 4568 0278 3478 1578
FAM D=51 ell=11 count=22 nF=17 blocks: 0123 0245 1345 2346 0156 0357 1367 0467 2567 0348 1258 0268 1468 3568 0178 2378 4578
FAM D=51 ell=11 count=22 nF=17 blocks: 0123 0245 1345 2346 0156 2357 1267 0367 4567 1248 0358 1368 0468 2568 0278 3478 1578
FAM D=51 ell=11 count=22 nF=17 blocks: 0123 0245 1345 2346 0156 2357 1267 0367 4567 0348 1258 0268 1468 3568 1378 2478 0578
FAM D=51 ell=11 count=22 nF=17 blocks: 0123 0245 1345 2346 0147 2357 1267 0367 4567 1248 0358 1368 0468 2568 0278 3478 1578
FAM D=51 ell=11 count=22 nF=17 blocks: 0123 0245 1345 2346 0147 2357 1267 0367 4567 0348 1258 0268 1468 3568 1378 2478 0578
FAM D=51 ell=11 count=22 nF=17 blocks: 0123 0245 1345 2346 1247 0357 1367 0467 2567 0148 2358 1268 0368 4568 0278 3478 1578
FAM D=51 ell=11 count=22 nF=17 blocks: 0123 0245 1345 2346 1247 0357 1367 0467 2567 0348 1258 0268 1468 3568 0178 2378 4578
FAM D=51 ell=11 count=22 nF=17 blocks: 0123 0245 1345 2346 0347 1257 0267 1467 3567 0148 2358 1268 0368 4568 1378 2478 0578
FAM D=51 ell=11 count=22 nF=17 blocks: 0123 0245 1345 2346 0347 1257 0267 1467 3567 1248 0358 1368 0468 2568 0178 2378 4578
FAM D=51 ell=11 count=22 nF=17 blocks: 0123 0245 1345 0156 0147 2357 1267 0367 4567 1248 0358 1368 0468 2568 0278 3478 1578
FAM D=51 ell=11 count=22 nF=17 blocks: 0123 0245 1345 0156 0147 2357 1267 0367 4567 0348 1258 0268 1468 3568 1378 2478 0578
FAM D=51 ell=11 count=22 nF=17 blocks: 0123 0245 1345 0156 1247 0357 1367 0467 2567 0148 2358 1268 0368 4568 0278 3478 1578
FAM D=51 ell=11 count=22 nF=17 blocks: 0123 0245 1345 0156 1247 0357 1367 0467 2567 0348 1258 0268 1468 3568 0178 2378 4578
FAM D=51 ell=11 count=22 nF=17 blocks: 0123 0245 1345 0156 0347 1257 0267 1467 3567 0148 2358 1268 0368 4568 1378 2478 0578
FAM D=51 ell=11 count=22 nF=17 blocks: 0123 0245 1345 0156 0347 1257 0267 1467 3567 1248 0358 1368 0468 2568 0178 2378 4578
FAM D=51 ell=11 count=22 nF=17 blocks: 0123 0245 1345 1256 0147 2357 1367 2467 0567 1248 0358 0168 2368 4568 0278 3478 1578
FAM D=51 ell=11 count=22 nF=17 blocks: 0123 0245 1345 1256 0147 2357 1367 2467 0567 2348 0158 0268 1468 3568 1278 0378 4578
FAM D=51 ell=11 count=22 nF=17 blocks: 0123 0245 1345 1256 1247 0357 0167 2367 4567 0148 2358 1368 2468 0568 0278 3478 1578
FAM D=51 ell=11 count=22 nF=17 blocks: 0123 0245 1345 1256 1247 0357 0167 2367 4567 2348 0158 0268 1468 3568 1378 0478 2578
FAM D=51 ell=11 count=22 nF=17 blocks: 0123 0245 1345 1256 2347 0157 0267 1467 3567 0148 2358 1368 2468 0568 1278 0378 4578
FAM D=51 ell=11 count=22 nF=17 blocks: 0123 0245 1345 1256 2347 0157 0267 1467 3567 1248 0358 0168 2368 4568 1378 0478 2578
FAM D=51 ell=11 count=22 nF=17 blocks: 0123 0245 1345 0356 0147 2357 0267 3467 1567 0348 1258 0168 2368 4568 1378 2478 0578
FAM D=51 ell=11 count=22 nF=17 blocks: 0123 0245 1345 0356 0147 2357 0267 3467 1567 2348 0158 1368 0468 2568 1278 0378 4578
FAM D=51 ell=11 count=22 nF=17 blocks: 0123 0245 1345 0356 0347 1257 0167 2367 4567 0148 2358 0268 3468 1568 1378 2478 0578
FAM D=51 ell=11 count=22 nF=17 blocks: 0123 0245 1345 0356 0347 1257 0167 2367 4567 2348 0158 1368 0468 2568 0278 1478 3578
FAM D=51 ell=11 count=22 nF=17 blocks: 0123 0245 1345 0356 2347 0157 1367 0467 2567 0148 2358 0268 3468 1568 1278 0378 4578
FAM D=51 ell=11 count=22 nF=17 blocks: 0123 0245 1345 0356 2347 0157 1367 0467 2567 0348 1258 0168 2368 4568 0278 1478 3578
FAM D=51 ell=11 count=22 nF=17 blocks: 0123 0245 1345 2356 1247 0357 0267 3467 1567 0348 1258 1368 2468 0568 0178 2378 4578
FAM D=51 ell=11 count=22 nF=17 blocks: 0123 0245 1345 2356 1247 0357 0267 3467 1567 2348 0158 1268 0368 4568 1378 0478 2578
FAM D=51 ell=11 count=22 nF=17 blocks: 0123 0245 1345 2356 0347 1257 1367 2467 0567 1248 0358 0268 3468 1568 0178 2378 4578
FAM D=51 ell=11 count=22 nF=17 blocks: 0123 0245 1345 2356 0347 1257 1367 2467 0567 2348 0158 1268 0368 4568 0278 1478 3578
FAM D=51 ell=11 count=22 nF=17 blocks: 0123 0245 1345 2356 2347 0157 1267 0367 4567 1248 0358 0268 3468 1568 1378 0478 2578
FAM D=51 ell=11 count=22 nF=17 blocks: 0123 0245 1345 2356 2347 0157 1267 0367 4567 0348 1258 1368 2468 0568 0278 1478 3578
FAM D=51 ell=11 count=22 nF=17 blocks: 0123 0245 0146 2346 1356 1247 0157 3457 0367 2567 0348 2358 1458 1268 0568 0278 1378
FAM D=54 ell=11 count=19 nF=18 blocks: 0123 0245 0146 2346 1356 1247 0157 3457 0367 2567 0348 2358 1458 1268 0568 0278 1378 4678
FAM D=51 ell=11 count=22 nF=17 blocks: 0123 0245 0146 2346 1356 1247 0157 3457 0367 2567 0348 2358 1458 1268 0568 0278 4678
FAM D=51 ell=11 count=22 nF=17 blocks: 0123 0245 0146 2346 1356 1247 0157 3457 0367 2567 0348 2358 1458 1268 0568 1378 4678
FAM D=51 ell=11 count=22 nF=17 blocks: 0123 0245 0146 2346 1356 1247 0157 3457 0367 2567 0348 2358 1458 1268 0278 1378 4678
FAM D=51 ell=11 count=22 nF=17 blocks: 0123 0245 0146 2346 1356 1247 0157 3457 0367 2567 0348 2358 1458 0568 0278 1378 4678
FAM D=51 ell=11 count=22 nF=17 blocks: 0123 0245 0146 2346 1356 1247 0157 3457 0367 2567 0348 2358 1268 0568 0278 1378 4678
FAM D=51 ell=11 count=22 nF=17 blocks: 0123 0245 0146 2346 1356 1247 0157 3457 0367 2567 0348 1458 1268 0568 0278 1378 4678
FAM D=51 ell=11 count=22 nF=17 blocks: 0123 0245 0146 2346 1356 1247 0157 3457 0367 2567 1348 1258 0358 0268 4568 2378 0478
FAM D=54 ell=11 count=19 nF=18 blocks: 0123 0245 0146 2346 1356 1247 0157 3457 0367 2567 1348 1258 0358 0268 4568 2378 0478 1678
FAM D=51 ell=11 count=22 nF=17 blocks: 0123 0245 0146 2346 1356 1247 0157 3457 0367 2567 1348 1258 0358 0268 4568 2378 1678
FAM D=51 ell=11 count=22 nF=17 blocks: 0123 0245 0146 2346 1356 1247 0157 3457 0367 2567 1348 1258 0358 0268 4568 0478 1678
FAM D=51 ell=11 count=22 nF=17 blocks: 0123 0245 0146 2346 1356 1247 0157 3457 0367 2567 1348 1258 0358 0268 2378 0478 1678
FAM D=51 ell=11 count=22 nF=17 blocks: 0123 0245 0146 2346 1356 1247 0157 3457 0367 2567 1348 1258 0358 4568 2378 0478 1678
FAM D=51 ell=11 count=22 nF=17 blocks: 0123 0245 0146 2346 1356 1247 0157 3457 0367 2567 1348 1258 0268 4568 2378 0478 1678
FAM D=51 ell=11 count=22 nF=17 blocks: 0123 0245 0146 2346 1356 1247 0157 3457 0367 2567 1348 0358 0268 4568 2378 0478 1678
FAM D=51 ell=11 count=22 nF=17 blocks: 0123 0245 0146 2346 1356 1247 0157 3457 0367 2567 1258 0358 0268 4568 2378 0478 1678
FAM D=51 ell=11 count=22 nF=17 blocks: 0123 0245 0146 2346 1356 1247 0157 3457 0367 2567 2358 1458 1268 0568 0278 1378 4678
FAM D=51 ell=11 count=22 nF=17 blocks: 0123 0245 0146 2346 1356 1247 0157 3457 0367 0348 2358 1458 1268 0568 0278 1378 4678
FAM D=51 ell=11 count=22 nF=17 blocks: 0123 0245 0146 2346 1356 1247 0157 3457 0367 1348 1258 0358 0268 4568 2378 0478 1678
FAM D=51 ell=11 count=22 nF=17 blocks: 0123 0245 0146 2346 1356 1247 0157 3457 2567 0348 2358 1458 1268 0568 0278 1378 4678
FAM D=51 ell=11 count=22 nF=17 blocks: 0123 0245 0146 2346 1356 1247 0157 3457 2567 1348 1258 0358 0268 4568 2378 0478 1678
FAM D=51 ell=11 count=22 nF=17 blocks: 0123 0245 0146 2346 1356 1247 0157 0367 2567 0348 2358 1458 1268 0568 0278 1378 4678
FAM D=51 ell=11 count=22 nF=17 blocks: 0123 0245 0146 2346 1356 1247 0157 0367 2567 1348 1258 0358 0268 4568 2378 0478 1678
FAM D=51 ell=11 count=22 nF=17 blocks: 0123 0245 0146 2346 1356 1247 3457 0367 2567 0348 2358 1458 1268 0568 0278 1378 4678
FAM D=51 ell=11 count=22 nF=17 blocks: 0123 0245 0146 2346 1356 1247 3457 0367 2567 1348 1258 0358 0268 4568 2378 0478 1678
FAM D=51 ell=11 count=22 nF=17 blocks: 0123 0245 0146 2346 1356 0347 2357 1457 1267 0567 1248 0158 3458 0368 2568 0278 1378
FAM D=54 ell=11 count=19 nF=18 blocks: 0123 0245 0146 2346 1356 0347 2357 1457 1267 0567 1248 0158 3458 0368 2568 0278 1378 4678
FAM D=51 ell=11 count=22 nF=17 blocks: 0123 0245 0146 2346 1356 0347 2357 1457 1267 0567 1248 0158 3458 0368 2568 0278 4678
FAM D=51 ell=11 count=22 nF=17 blocks: 0123 0245 0146 2346 1356 0347 2357 1457 1267 0567 1248 0158 3458 0368 2568 1378 4678
FAM D=51 ell=11 count=22 nF=17 blocks: 0123 0245 0146 2346 1356 0347 2357 1457 1267 0567 1248 0158 3458 0368 0278 1378 4678
FAM D=51 ell=11 count=22 nF=17 blocks: 0123 0245 0146 2346 1356 0347 2357 1457 1267 0567 1248 0158 3458 2568 0278 1378 4678
FAM D=51 ell=11 count=22 nF=17 blocks: 0123 0245 0146 2346 1356 0347 2357 1457 1267 0567 1248 0158 0368 2568 0278 1378 4678
FAM D=51 ell=11 count=22 nF=17 blocks: 0123 0245 0146 2346 1356 0347 2357 1457 1267 0567 1248 3458 0368 2568 0278 1378 4678
FAM D=51 ell=11 count=22 nF=17 blocks: 0123 0245 0146 2346 1356 0347 2357 1457 1267 0567 1348 1258 0358 0268 4568 0178 2478
FAM D=54 ell=11 count=19 nF=18 blocks: 0123 0245 0146 2346 1356 0347 2357 1457 1267 0567 1348 1258 0358 0268 4568 0178 2478 3678
FAM D=51 ell=11 count=22 nF=17 blocks: 0123 0245 0146 2346 1356 0347 2357 1457 1267 0567 1348 1258 0358 0268 4568 0178 3678
FAM D=51 ell=11 count=22 nF=17 blocks: 0123 0245 0146 2346 1356 0347 2357 1457 1267 0567 1348 1258 0358 0268 4568 2478 3678
FAM D=51 ell=11 count=22 nF=17 blocks: 0123 0245 0146 2346 1356 0347 2357 1457 1267 0567 1348 1258 0358 0268 0178 2478 3678
FAM D=51 ell=11 count=22 nF=17 blocks: 0123 0245 0146 2346 1356 0347 2357 1457 1267 0567 1348 1258 0358 4568 0178 2478 3678
FAM D=51 ell=11 count=22 nF=17 blocks: 0123 0245 0146 2346 1356 0347 2357 1457 1267 0567 1348 1258 0268 4568 0178 2478 3678
FAM D=51 ell=11 count=22 nF=17 blocks: 0123 0245 0146 2346 1356 0347 2357 1457 1267 0567 1348 0358 0268 4568 0178 2478 3678
FAM D=51 ell=11 count=22 nF=17 blocks: 0123 0245 0146 2346 1356 0347 2357 1457 1267 0567 0158 3458 0368 2568 0278 1378 4678
FAM D=51 ell=11 count=22 nF=17 blocks: 0123 0245 0146 2346 1356 0347 2357 1457 1267 0567 1258 0358 0268 4568 0178 2478 3678
FAM D=51 ell=11 count=22 nF=17 blocks: 0123 0245 0146 2346 1356 0347 2357 1457 1267 1248 0158 3458 0368 2568 0278 1378 4678
FAM D=51 ell=11 count=22 nF=17 blocks: 0123 0245 0146 2346 1356 0347 2357 1457 1267 1348 1258 0358 0268 4568 0178 2478 3678
FAM D=51 ell=11 count=22 nF=17 blocks: 0123 0245 0146 2346 1356 0347 2357 1457 0567 1248 0158 3458 0368 2568 0278 1378 4678
FAM D=51 ell=11 count=22 nF=17 blocks: 0123 0245 0146 2346 1356 0347 2357 1457 0567 1348 1258 0358 0268 4568 0178 2478 3678
FAM D=51 ell=11 count=22 nF=17 blocks: 0123 0245 0146 2346 1356 0347 2357 1267 0567 1248 0158 3458 0368 2568 0278 1378 4678
FAM D=51 ell=11 count=22 nF=17 blocks: 0123 0245 0146 2346 1356 0347 2357 1267 0567 1348 1258 0358 0268 4568 0178 2478 3678
FAM D=51 ell=11 count=22 nF=17 blocks: 0123 0245 0146 2346 1356 0347 1457 1267 0567 1248 0158 3458 0368 2568 0278 1378 4678
FAM D=51 ell=11 count=22 nF=17 blocks: 0123 0245 0146 2346 1356 0347 1457 1267 0567 1348 1258 0358 0268 4568 0178 2478 3678
FAM D=51 ell=11 count=22 nF=17 blocks: 0123 0245 0146 2346 1356 1347 1257 0357 0267 4567 1248 0158 3458 0368 2568 2378 0478
FAM D=54 ell=11 count=19 nF=18 blocks: 0123 0245 0146 2346 1356 1347 1257 0357 0267 4567 1248 0158 3458 0368 2568 2378 0478 1678
FAM D=51 ell=11 count=22 nF=17 blocks: 0123 0245 0146 2346 1356 1347 1257 0357 0267 4567 1248 0158 3458 0368 2568 2378 1678
FAM D=51 ell=11 count=22 nF=17 blocks: 0123 0245 0146 2346 1356 1347 1257 0357 0267 4567 1248 0158 3458 0368 2568 0478 1678
FAM D=51 ell=11 count=22 nF=17 blocks: 0123 0245 0146 2346 1356 1347 1257 0357 0267 4567 1248 0158 3458 0368 2378 0478 1678
FAM D=51 ell=11 count=22 nF=17 blocks: 0123 0245 0146 2346 1356 1347 1257 0357 0267 4567 1248 0158 3458 2568 2378 0478 1678
FAM D=51 ell=11 count=22 nF=17 blocks: 0123 0245 0146 2346 1356 1347 1257 0357 0267 4567 1248 0158 0368 2568 2378 0478 1678
FAM D=51 ell=11 count=22 nF=17 blocks: 0123 0245 0146 2346 1356 1347 1257 0357 0267 4567 1248 3458 0368 2568 2378 0478 1678
FAM D=51 ell=11 count=22 nF=17 blocks: 0123 0245 0146 2346 1356 1347 1257 0357 0267 4567 0348 2358 1458 1268 0568 0178 2478
FAM D=54 ell=11 count=19 nF=18 blocks: 0123 0245 0146 2346 1356 1347 1257 0357 0267 4567 0348 2358 1458 1268 0568 0178 2478 3678
FAM D=51 ell=11 count=22 nF=17 blocks: 0123 0245 0146 2346 1356 1347 1257 0357 0267 4567 0348 2358 1458 1268 0568 0178 3678
FAM D=51 ell=11 count=22 nF=17 blocks: 0123 0245 0146 2346 1356 1347 1257 0357 0267 4567 0348 2358 1458 1268 0568 2478 3678
FAM D=51 ell=11 count=22 nF=17 blocks: 0123 0245 0146 2346 1356 1347 1257 0357 0267 4567 0348 2358 1458 1268 0178 2478 3678
FAM D=51 ell=11 count=22 nF=17 blocks: 0123 0245 0146 2346 1356 1347 1257 0357 0267 4567 0348 2358 1458 0568 0178 2478 3678
FAM D=51 ell=11 count=22 nF=17 blocks: 0123 0245 0146 2346 1356 1347 1257 0357 0267 4567 0348 2358 1268 0568 0178 2478 3678
FAM D=51 ell=11 count=22 nF=17 blocks: 0123 0245 0146 2346 1356 1347 1257 0357 0267 4567 0348 1458 1268 0568 0178 2478 3678
FAM D=51 ell=11 count=22 nF=17 blocks: 0123 0245 0146 2346 1356 1347 1257 0357 0267 4567 0158 3458 0368 2568 2378 0478 1678
FAM D=51 ell=11 count=22 nF=17 blocks: 0123 0245 0146 2346 1356 1347 1257 0357 0267 4567 2358 1458 1268 0568 0178 2478 3678
FAM D=51 ell=11 count=22 nF=17 blocks: 0123 0245 0146 2346 1356 1347 1257 0357 0267 1248 0158 3458 0368 2568 2378 0478 1678
FAM D=51 ell=11 count=22 nF=17 blocks: 0123 0245 0146 2346 1356 1347 1257 0357 0267 0348 2358 1458 1268 0568 0178 2478 3678
FAM D=51 ell=11 count=22 nF=17 blocks: 0123 0245 0146 2346 1356 1347 1257 0357 4567 1248 0158 3458 0368 2568 2378 0478 1678
FAM D=51 ell=11 count=22 nF=17 blocks: 0123 0245 0146 2346 1356 1347 1257 0357 4567 0348 2358 1458 1268 0568 0178 2478 3678
FAM D=51 ell=11 count=22 nF=17 blocks: 0123 0245 0146 2346 1356 1347 1257 0267 4567 1248 0158 3458 0368 2568 2378 0478 1678
FAM D=51 ell=11 count=22 nF=17 blocks: 0123 0245 0146 2346 1356 1347 1257 0267 4567 0348 2358 1458 1268 0568 0178 2478 3678
FAM D=51 ell=11 count=22 nF=17 blocks: 0123 0245 0146 2346 1356 1347 0357 0267 4567 1248 0158 3458 0368 2568 2378 0478 1678
FAM D=51 ell=11 count=22 nF=17 blocks: 0123 0245 0146 2346 1356 1347 0357 0267 4567 0348 2358 1458 1268 0568 0178 2478 3678
FAM D=51 ell=11 count=22 nF=17 blocks: 0123 0245 0146 2346 1356 0157 3457 0367 2567 0348 2358 1458 1268 0568 0278 1378 4678
FAM D=51 ell=11 count=22 nF=17 blocks: 0123 0245 0146 2346 1356 0157 3457 0367 2567 1348 1258 0358 0268 4568 2378 0478 1678
FAM D=51 ell=11 count=22 nF=17 blocks: 0123 0245 0146 2346 1356 1257 0357 0267 4567 1248 0158 3458 0368 2568 2378 0478 1678
FAM D=51 ell=11 count=22 nF=17 blocks: 0123 0245 0146 2346 1356 1257 0357 0267 4567 0348 2358 1458 1268 0568 0178 2478 3678
FAM D=51 ell=11 count=22 nF=17 blocks: 0123 0245 0146 2346 1356 2357 1457 1267 0567 1248 0158 3458 0368 2568 0278 1378 4678
FAM D=51 ell=11 count=22 nF=17 blocks: 0123 0245 0146 2346 1356 2357 1457 1267 0567 1348 1258 0358 0268 4568 0178 2478 3678
FAM D=51 ell=11 count=22 nF=17 blocks: 0123 0245 0146 2346 1247 0157 3457 0367 2567 0348 2358 1458 1268 0568 0278 1378 4678
FAM D=51 ell=11 count=22 nF=17 blocks: 0123 0245 0146 2346 1247 0157 3457 0367 2567 1348 1258 0358 0268 4568 2378 0478 1678
FAM D=51 ell=11 count=22 nF=17 blocks: 0123 0245 0146 2346 0347 2357 1457 1267 0567 1248 0158 3458 0368 2568 0278 1378 4678
FAM D=51 ell=11 count=22 nF=17 blocks: 0123 0245 0146 2346 0347 2357 1457 1267 0567 1348 1258 0358 0268 4568 0178 2478 3678
FAM D=51 ell=11 count=22 nF=17 blocks: 0123 0245 0146 2346 1347 1257 0357 0267 4567 1248 0158 3458 0368 2568 2378 0478 1678
FAM D=51 ell=11 count=22 nF=17 blocks: 0123 0245 0146 2346 1347 1257 0357 0267 4567 0348 2358 1458 1268 0568 0178 2478 3678
FAM D=51 ell=11 count=22 nF=17 blocks: 0123 0245 0146 1256 3456 1247 0347 1357 2367 0567 1348 0158 2358 0368 2468 0278 4578
FAM D=54 ell=11 count=19 nF=18 blocks: 0123 0245 0146 1256 3456 1247 0347 1357 2367 0567 1348 0158 2358 0368 2468 0278 4578 1678
FAM D=51 ell=11 count=22 nF=17 blocks: 0123 0245 0146 1256 3456 1247 0347 1357 2367 0567 1348 0158 2358 0368 2468 0278 1678
FAM D=51 ell=11 count=22 nF=17 blocks: 0123 0245 0146 1256 3456 1247 0347 1357 2367 0567 1348 0158 2358 0368 2468 4578 1678
FAM D=51 ell=11 count=22 nF=17 blocks: 0123 0245 0146 1256 3456 1247 0347 1357 2367 0567 1348 0158 2358 0368 0278 4578 1678
FAM D=51 ell=11 count=22 nF=17 blocks: 0123 0245 0146 1256 3456 1247 0347 1357 2367 0567 1348 0158 2358 2468 0278 4578 1678
FAM D=51 ell=11 count=22 nF=17 blocks: 0123 0245 0146 1256 3456 1247 0347 1357 2367 0567 1348 0158 0368 2468 0278 4578 1678
FAM D=51 ell=11 count=22 nF=17 blocks: 0123 0245 0146 1256 3456 1247 0347 1357 2367 0567 1348 2358 0368 2468 0278 4578 1678
FAM D=51 ell=11 count=22 nF=17 blocks: 0123 0245 0146 1256 3456 1247 0347 1357 2367 0567 2348 0358 1458 0268 1368 0178 2578
FAM D=54 ell=11 count=19 nF=18 blocks: 0123 0245 0146 1256 3456 1247 0347 1357 2367 0567 2348 0358 1458 0268 1368 0178 2578 4678
FAM D=51 ell=11 count=22 nF=17 blocks: 0123 0245 0146 1256 3456 1247 0347 1357 2367 0567 2348 0358 1458 0268 1368 0178 4678
FAM D=51 ell=11 count=22 nF=17 blocks: 0123 0245 0146 1256 3456 1247 0347 1357 2367 0567 2348 0358 1458 0268 1368 2578 4678
FAM D=51 ell=11 count=22 nF=17 blocks: 0123 0245 0146 1256 3456 1247 0347 1357 2367 0567 2348 0358 1458 0268 0178 2578 4678
FAM D=51 ell=11 count=22 nF=17 blocks: 0123 0245 0146 1256 3456 1247 0347 1357 2367 0567 2348 0358 1458 1368 0178 2578 4678
FAM D=51 ell=11 count=22 nF=17 blocks: 0123 0245 0146 1256 3456 1247 0347 1357 2367 0567 2348 0358 0268 1368 0178 2578 4678
FAM D=51 ell=11 count=22 nF=17 blocks: 0123 0245 0146 1256 3456 1247 0347 1357 2367 0567 2348 1458 0268 1368 0178 2578 4678
FAM D=51 ell=11 count=22 nF=17 blocks: 0123 0245 0146 1256 3456 1247 0347 1357 2367 0567 0158 2358 0368 2468 0278 4578 1678
FAM D=51 ell=11 count=22 nF=17 blocks: 0123 0245 0146 1256 3456 1247 0347 1357 2367 0567 0358 1458 0268 1368 0178 2578 4678
FAM D=51 ell=11 count=22 nF=17 blocks: 0123 0245 0146 1256 3456 1247 0347 1357 2367 1348 0158 2358 0368 2468 0278 4578 1678
FAM D=51 ell=11 count=22 nF=17 blocks: 0123 0245 0146 1256 3456 1247 0347 1357 2367 2348 0358 1458 0268 1368 0178 2578 4678
FAM D=51 ell=11 count=22 nF=17 blocks: 0123 0245 0146 1256 3456 1247 0347 1357 0567 1348 0158 2358 0368 2468 0278 4578 1678
FAM D=51 ell=11 count=22 nF=17 blocks: 0123 0245 0146 1256 3456 1247 0347 1357 0567 2348 0358 1458 0268 1368 0178 2578 4678
FAM D=51 ell=11 count=22 nF=17 blocks: 0123 0245 0146 1256 3456 1247 0347 2367 0567 1348 0158 2358 0368 2468 0278 4578 1678
FAM D=51 ell=11 count=22 nF=17 blocks: 0123 0245 0146 1256 3456 1247 0347 2367 0567 2348 0358 1458 0268 1368 0178 2578 4678
FAM D=51 ell=11 count=22 nF=17 blocks: 0123 0245 0146 1256 3456 1247 1357 2367 0567 1348 0158 2358 0368 2468 0278 4578 1678
FAM D=51 ell=11 count=22 nF=17 blocks: 0123 0245 0146 1256 3456 1247 1357 2367 0567 2348 0358 1458 0268 1368 0178 2578 4678
FAM D=51 ell=11 count=22 nF=17 blocks: 0123 0245 0146 1256 3456 0347 1357 2367 0567 1348 0158 2358 0368 2468 0278 4578 1678
FAM D=51 ell=11 count=22 nF=17 blocks: 0123 0245 0146 1256 3456 0347 1357 2367 0567 2348 0358 1458 0268 1368 0178 2578 4678
FAM D=51 ell=11 count=22 nF=17 blocks: 0123 0245 0146 1256 3456 1347 0157 2357 0367 2467 1248 0348 1358 2368 0568 0278 4578
FAM D=54 ell=11 count=19 nF=18 blocks: 0123 0245 0146 1256 3456 1347 0157 2357 0367 2467 1248 0348 1358 2368 0568 0278 4578 1678
FAM D=51 ell=11 count=22 nF=17 blocks: 0123 0245 0146 1256 3456 1347 0157 2357 0367 2467 1248 0348 1358 2368 0568 0278 1678
FAM D=51 ell=11 count=22 nF=17 blocks: 0123 0245 0146 1256 3456 1347 0157 2357 0367 2467 1248 0348 1358 2368 0568 4578 1678
FAM D=51 ell=11 count=22 nF=17 blocks: 0123 0245 0146 1256 3456 1347 0157 2357 0367 2467 1248 0348 1358 2368 0278 4578 1678
FAM D=51 ell=11 count=22 nF=17 blocks: 0123 0245 0146 1256 3456 1347 0157 2357 0367 2467 1248 0348 1358 0568 0278 4578 1678
FAM D=51 ell=11 count=22 nF=17 blocks: 0123 0245 0146 1256 3456 1347 0157 2357 0367 2467 1248 0348 2368 0568 0278 4578 1678
FAM D=51 ell=11 count=22 nF=17 blocks: 0123 0245 0146 1256 3456 1347 0157 2357 0367 2467 1248 1358 2368 0568 0278 4578 1678
FAM D=51 ell=11 count=22 nF=17 blocks: 0123 0245 0146 1256 3456 1347 0157 2357 0367 2467 0348 1358 2368 0568 0278 4578 1678
FAM D=51 ell=11 count=22 nF=17 blocks: 0123 0245 0146 1256 3456 1347 0157 2357 0367 2467 2348 0358 1458 0268 1368 1278 0478
FAM D=54 ell=11 count=19 nF=18 blocks: 0123 0245 0146 1256 3456 1347 0157 2357 0367 2467 2348 0358 1458 0268 1368 1278 0478 5678
FAM D=51 ell=11 count=22 nF=17 blocks: 0123 0245 0146 1256 3456 1347 0157 2357 0367 2467 2348 0358 1458 0268 1368 1278 5678
FAM D=51 ell=11 count=22 nF=17 blocks: 0123 0245 0146 1256 3456 1347 0157 2357 0367 2467 2348 0358 1458 0268 1368 0478 5678
FAM D=51 ell=11 count=22 nF=17 blocks: 0123 0245 0146 1256 3456 1347 0157 2357 0367 2467 2348 0358 1458 0268 1278 0478 5678
FAM D=51 ell=11 count=22 nF=17 blocks: 0123 0245 0146 1256 3456 1347 0157 2357 0367 2467 2348 0358 1458 1368 1278 0478 5678
FAM D=51 ell=11 count=22 nF=17 blocks: 0123 0245 0146 1256 3456 1347 0157 2357 0367 2467 2348 0358 0268 1368 1278 0478 5678
FAM D=51 ell=11 count=22 nF=17 blocks: 0123 0245 0146 1256 3456 1347 0157 2357 0367 2467 2348 1458 0268 1368 1278 0478 5678
FAM D=51 ell=11 count=22 nF=17 blocks: 0123 0245 0146 1256 3456 1347 0157 2357 0367 2467 0358 1458 0268 1368 1278 0478 5678
FAM D=51 ell=11 count=22 nF=17 blocks: 0123 0245 0146 1256 3456 1347 0157 2357 0367 1248 0348 1358 2368 0568 0278 4578 1678
FAM D=51 ell=11 count=22 nF=17 blocks: 0123 0245 0146 1256 3456 1347 0157 2357 0367 2348 0358 1458 0268 1368 1278 0478 5678
FAM D=51 ell=11 count=22 nF=17 blocks: 0123 0245 0146 1256 3456 1347 0157 2357 2467 1248 0348 1358 2368 0568 0278 4578 1678
FAM D=51 ell=11 count=22 nF=17 blocks: 0123 0245 0146 1256 3456 1347 0157 2357 2467 2348 0358 1458 0268 1368 1278 0478 5678
FAM D=51 ell=11 count=22 nF=17 blocks: 0123 0245 0146 1256 3456 1347 0157 0367 2467 1248 0348 1358 2368 0568 0278 4578 1678
FAM D=51 ell=11 count=22 nF=17 blocks: 0123 0245 0146 1256 3456 1347 0157 0367 2467 2348 0358 1458 0268 1368 1278 0478 5678
FAM D=51 ell=11 count=22 nF=17 blocks: 0123 0245 0146 1256 3456 1347 2357 0367 2467 1248 0348 1358 2368 0568 0278 4578 1678
FAM D=51 ell=11 count=22 nF=17 blocks: 0123 0245 0146 1256 3456 1347 2357 0367 2467 2348 0358 1458 0268 1368 1278 0478 5678
FAM D=51 ell=11 count=22 nF=17 blocks: 0123 0245 0146 1256 3456 2347 0357 1457 0267 1367 1248 0348 1358 2368 0568 0178 2578
FAM D=54 ell=11 count=19 nF=18 blocks: 0123 0245 0146 1256 3456 2347 0357 1457 0267 1367 1248 0348 1358 2368 0568 0178 2578 4678
FAM D=51 ell=11 count=22 nF=17 blocks: 0123 0245 0146 1256 3456 2347 0357 1457 0267 1367 1248 0348 1358 2368 0568 0178 4678
FAM D=51 ell=11 count=22 nF=17 blocks: 0123 0245 0146 1256 3456 2347 0357 1457 0267 1367 1248 0348 1358 2368 0568 2578 4678
FAM D=51 ell=11 count=22 nF=17 blocks: 0123 0245 0146 1256 3456 2347 0357 1457 0267 1367 1248 0348 1358 2368 0178 2578 4678
FAM D=51 ell=11 count=22 nF=17 blocks: 0123 0245 0146 1256 3456 2347 0357 1457 0267 1367 1248 0348 1358 0568 0178 2578 4678
FAM D=51 ell=11 count=22 nF=17 blocks: 0123 0245 0146 1256 3456 2347 0357 1457 0267 1367 1248 0348 2368 0568 0178 2578 4678
FAM D=51 ell=11 count=22 nF=17 blocks: 0123 0245 0146 1256 3456 2347 0357 1457 0267 1367 1248 1358 2368 0568 0178 2578 4678
FAM D=51 ell=11 count=22 nF=17 blocks: 0123 0245 0146 1256 3456 2347 0357 1457 0267 1367 0348 1358 2368 0568 0178 2578 4678
FAM D=51 ell=11 count=22 nF=17 blocks: 0123 0245 0146 1256 3456 2347 0357 1457 0267 1367 1348 0158 2358 0368 2468 1278 0478
FAM D=54 ell=11 count=19 nF=18 blocks: 0123 0245 0146 1256 3456 2347 0357 1457 0267 1367 1348 0158 2358 0368 2468 1278 0478 5678
FAM D=51 ell=11 count=22 nF=17 blocks: 0123 0245 0146 1256 3456 2347 0357 1457 0267 1367 1348 0158 2358 0368 2468 1278 5678
FAM D=51 ell=11 count=22 nF=17 blocks: 0123 0245 0146 1256 3456 2347 0357 1457 0267 1367 1348 0158 2358 0368 2468 0478 5678
FAM D=51 ell=11 count=22 nF=17 blocks: 0123 0245 0146 1256 3456 2347 0357 1457 0267 1367 1348 0158 2358 0368 1278 0478 5678
FAM D=51 ell=11 count=22 nF=17 blocks: 0123 0245 0146 1256 3456 2347 0357 1457 0267 1367 1348 0158 2358 2468 1278 0478 5678
FAM D=51 ell=11 count=22 nF=17 blocks: 0123 0245 0146 1256 3456 2347 0357 1457 0267 1367 1348 0158 0368 2468 1278 0478 5678
FAM D=51 ell=11 count=22 nF=17 blocks: 0123 0245 0146 1256 3456 2347 0357 1457 0267 1367 1348 2358 0368 2468 1278 0478 5678
FAM D=51 ell=11 count=22 nF=17 blocks: 0123 0245 0146 1256 3456 2347 0357 1457 0267 1367 0158 2358 0368 2468 1278 0478 5678
FAM D=51 ell=11 count=22 nF=17 blocks: 0123 0245 0146 1256 3456 2347 0357 1457 0267 1248 0348 1358 2368 0568 0178 2578 4678
FAM D=51 ell=11 count=22 nF=17 blocks: 0123 0245 0146 1256 3456 2347 0357 1457 0267 1348 0158 2358 0368 2468 1278 0478 5678
FAM D=51 ell=11 count=22 nF=17 blocks: 0123 0245 0146 1256 3456 2347 0357 1457 1367 1248 0348 1358 2368 0568 0178 2578 4678
FAM D=51 ell=11 count=22 nF=17 blocks: 0123 0245 0146 1256 3456 2347 0357 1457 1367 1348 0158 2358 0368 2468 1278 0478 5678
FAM D=51 ell=11 count=22 nF=17 blocks: 0123 0245 0146 1256 3456 2347 0357 0267 1367 1248 0348 1358 2368 0568 0178 2578 4678
FAM D=51 ell=11 count=22 nF=17 blocks: 0123 0245 0146 1256 3456 2347 0357 0267 1367 1348 0158 2358 0368 2468 1278 0478 5678
FAM D=51 ell=11 count=22 nF=17 blocks: 0123 0245 0146 1256 3456 2347 1457 0267 1367 1248 0348 1358 2368 0568 0178 2578 4678
FAM D=51 ell=11 count=22 nF=17 blocks: 0123 0245 0146 1256 3456 2347 1457 0267 1367 1348 0158 2358 0368 2468 1278 0478 5678
FAM D=51 ell=11 count=22 nF=17 blocks: 0123 0245 0146 1256 3456 0157 2357 0367 2467 1248 0348 1358 2368 0568 0278 4578 1678
FAM D=51 ell=11 count=22 nF=17 blocks: 0123 0245 0146 1256 3456 0157 2357 0367 2467 2348 0358 1458 0268 1368 1278 0478 5678
FAM D=51 ell=11 count=22 nF=17 blocks: 0123 0245 0146 1256 3456 0357 1457 0267 1367 1248 0348 1358 2368 0568 0178 2578 4678
FAM D=51 ell=11 count=22 nF=17 blocks: 0123 0245 0146 1256 3456 0357 1457 0267 1367 1348 0158 2358 0368 2468 1278 0478 5678
FAM D=51 ell=11 count=22 nF=17 blocks: 0123 0245 0146 1256 1247 0347 1357 2367 0567 1348 0158 2358 0368 2468 0278 4578 1678
FAM D=51 ell=11 count=22 nF=17 blocks: 0123 0245 0146 1256 1247 0347 1357 2367 0567 2348 0358 1458 0268 1368 0178 2578 4678
FAM D=51 ell=11 count=22 nF=17 blocks: 0123 0245 0146 1256 1347 0157 2357 0367 2467 1248 0348 1358 2368 0568 0278 4578 1678
FAM D=51 ell=11 count=22 nF=17 blocks: 0123 0245 0146 1256 1347 0157 2357 0367 2467 2348 0358 1458 0268 1368 1278 0478 5678
FAM D=51 ell=11 count=22 nF=17 blocks: 0123 0245 0146 1256 2347 0357 1457 0267 1367 1248 0348 1358 2368 0568 0178 2578 4678
FAM D=51 ell=11 count=22 nF=17 blocks: 0123 0245 0146 1256 2347 0357 1457 0267 1367 1348 0158 2358 0368 2468 1278 0478 5678
FAM D=51 ell=11 count=22 nF=17 blocks: 0123 0245 0146 1356 1247 0157 3457 0367 2567 0348 2358 1458 1268 0568 0278 1378 4678
FAM D=51 ell=11 count=22 nF=17 blocks: 0123 0245 0146 1356 1247 0157 3457 0367 2567 1348 1258 0358 0268 4568 2378 0478 1678
FAM D=51 ell=11 count=22 nF=17 blocks: 0123 0245 0146 1356 0347 2357 1457 1267 0567 1248 0158 3458 0368 2568 0278 1378 4678
FAM D=51 ell=11 count=22 nF=17 blocks: 0123 0245 0146 1356 0347 2357 1457 1267 0567 1348 1258 0358 0268 4568 0178 2478 3678
FAM D=51 ell=11 count=22 nF=17 blocks: 0123 0245 0146 1356 1347 1257 0357 0267 4567 1248 0158 3458 0368 2568 2378 0478 1678
FAM D=51 ell=11 count=22 nF=17 blocks: 0123 0245 0146 1356 1347 1257 0357 0267 4567 0348 2358 1458 1268 0568 0178 2478 3678
FAM D=51 ell=11 count=22 nF=17 blocks: 0123 0245 0146 2356 1247 0357 0267 3467 1567 0348 1258 1368 2468 0568 0178 2378 4578
FAM D=51 ell=11 count=22 nF=17 blocks: 0123 0245 0146 2356 1247 0357 0267 3467 1567 2348 0158 1268 0368 4568 1378 0478 2578
FAM D=51 ell=11 count=22 nF=17 blocks: 0123 0245 0146 2356 0347 1257 1367 2467 0567 1248 0358 0268 3468 1568 0178 2378 4578
FAM D=51 ell=11 count=22 nF=17 blocks: 0123 0245 0146 2356 0347 1257 1367 2467 0567 2348 0158 1268 0368 4568 0278 1478 3578
FAM D=51 ell=11 count=22 nF=17 blocks: 0123 0245 0146 2356 2347 0157 1267 0367 4567 1248 0358 0268 3468 1568 1378 0478 2578
FAM D=51 ell=11 count=22 nF=17 blocks: 0123 0245 0146 2356 2347 0157 1267 0367 4567 0348 1258 1368 2468 0568 0278 1478 3578
FAM D=51 ell=11 count=22 nF=17 blocks: 0123 0245 0146 3456 1247 0347 1357 2367 0567 1348 0158 2358 0368 2468 0278 4578 1678
FAM D=51 ell=11 count=22 nF=17 blocks: 0123 0245 0146 3456 1247 0347 1357 2367 0567 2348 0358 1458 0268 1368 0178 2578 4678
FAM D=51 ell=11 count=22 nF=17 blocks: 0123 0245 0146 3456 1347 0157 2357 0367 2467 1248 0348 1358 2368 0568 0278 4578 1678
FAM D=51 ell=11 count=22 nF=17 blocks: 0123 0245 0146 3456 1347 0157 2357 0367 2467 2348 0358 1458 0268 1368 1278 0478 5678
FAM D=51 ell=11 count=22 nF=17 blocks: 0123 0245 0146 3456 2347 0357 1457 0267 1367 1248 0348 1358 2368 0568 0178 2578 4678
FAM D=51 ell=11 count=22 nF=17 blocks: 0123 0245 0146 3456 2347 0357 1457 0267 1367 1348 0158 2358 0368 2468 1278 0478 5678
FAM D=51 ell=11 count=22 nF=17 blocks: 0123 0245 1246 0346 1356 0147 1257 3457 2367 0567 1348 0158 2358 0268 4568 0378 2478
FAM D=54 ell=11 count=19 nF=18 blocks: 0123 0245 1246 0346 1356 0147 1257 3457 2367 0567 1348 0158 2358 0268 4568 0378 2478 1678
FAM D=51 ell=11 count=22 nF=17 blocks: 0123 0245 1246 0346 1356 0147 1257 3457 2367 0567 1348 0158 2358 0268 4568 0378 1678
FAM D=51 ell=11 count=22 nF=17 blocks: 0123 0245 1246 0346 1356 0147 1257 3457 2367 0567 1348 0158 2358 0268 4568 2478 1678
FAM D=51 ell=11 count=22 nF=17 blocks: 0123 0245 1246 0346 1356 0147 1257 3457 2367 0567 1348 0158 2358 0268 0378 2478 1678
FAM D=51 ell=11 count=22 nF=17 blocks: 0123 0245 1246 0346 1356 0147 1257 3457 2367 0567 1348 0158 2358 4568 0378 2478 1678
FAM D=51 ell=11 count=22 nF=17 blocks: 0123 0245 1246 0346 1356 0147 1257 3457 2367 0567 1348 0158 0268 4568 0378 2478 1678
FAM D=51 ell=11 count=22 nF=17 blocks: 0123 0245 1246 0346 1356 0147 1257 3457 2367 0567 1348 2358 0268 4568 0378 2478 1678
FAM D=51 ell=11 count=22 nF=17 blocks: 0123 0245 1246 0346 1356 0147 1257 3457 2367 0567 2348 0358 1458 0168 2568 0278 1378
FAM D=54 ell=11 count=19 nF=18 blocks: 0123 0245 1246 0346 1356 0147 1257 3457 2367 0567 2348 0358 1458 0168 2568 0278 1378 4678
FAM D=51 ell=11 count=22 nF=17 blocks: 0123 0245 1246 0346 1356 0147 1257 3457 2367 0567 2348 0358 1458 0168 2568 0278 4678
FAM D=51 ell=11 count=22 nF=17 blocks: 0123 0245 1246 0346 1356 0147 1257 3457 2367 0567 2348 0358 1458 0168 2568 1378 4678
FAM D=51 ell=11 count=22 nF=17 blocks: 0123 0245 1246 0346 1356 0147 1257 3457 2367 0567 2348 0358 1458 0168 0278 1378 4678
FAM D=51 ell=11 count=22 nF=17 blocks: 0123 0245 1246 0346 1356 0147 1257 3457 2367 0567 2348 0358 1458 2568 0278 1378 4678
FAM D=51 ell=11 count=22 nF=17 blocks: 0123 0245 1246 0346 1356 0147 1257 3457 2367 0567 2348 0358 0168 2568 0278 1378 4678
FAM D=51 ell=11 count=22 nF=17 blocks: 0123 0245 1246 0346 1356 0147 1257 3457 2367 0567 2348 1458 0168 2568 0278 1378 4678
FAM D=51 ell=11 count=22 nF=17 blocks: 0123 0245 1246 0346 1356 0147 1257 3457 2367 0567 0158 2358 0268 4568 0378 2478 1678
FAM D=51 ell=11 count=22 nF=17 blocks: 0123 0245 1246 0346 1356 0147 1257 3457 2367 0567 0358 1458 0168 2568 0278 1378 4678
FAM D=51 ell=11 count=22 nF=17 blocks: 0123 0245 1246 0346 1356 0147 1257 3457 2367 1348 0158 2358 0268 4568 0378 2478 1678
FAM D=51 ell=11 count=22 nF=17 blocks: 0123 0245 1246 0346 1356 0147 1257 3457 2367 2348 0358 1458 0168 2568 0278 1378 4678
FAM D=51 ell=11 count=22 nF=17 blocks: 0123 0245 1246 0346 1356 0147 1257 3457 0567 1348 0158 2358 0268 4568 0378 2478 1678
FAM D=51 ell=11 count=22 nF=17 blocks: 0123 0245 1246 0346 1356 0147 1257 3457 0567 2348 0358 1458 0168 2568 0278 1378 4678
FAM D=51 ell=11 count=22 nF=17 blocks: 0123 0245 1246 0346 1356 0147 1257 2367 0567 1348 0158 2358 0268 4568 0378 2478 1678
FAM D=51 ell=11 count=22 nF=17 blocks: 0123 0245 1246 0346 1356 0147 1257 2367 0567 2348 0358 1458 0168 2568 0278 1378 4678
FAM D=51 ell=11 count=22 nF=17 blocks: 0123 0245 1246 0346 1356 0147 3457 2367 0567 1348 0158 2358 0268 4568 0378 2478 1678
FAM D=51 ell=11 count=22 nF=17 blocks: 0123 0245 1246 0346 1356 0147 3457 2367 0567 2348 0358 1458 0168 2568 0278 1378 4678
FAM D=51 ell=11 count=22 nF=17 blocks: 0123 0245 1246 0346 1356 1347 0157 2357 0267 4567 0148 1258 3458 2368 0568 0378 2478
FAM D=54 ell=11 count=19 nF=18 blocks: 0123 0245 1246 0346 1356 1347 0157 2357 0267 4567 0148 1258 3458 2368 0568 0378 2478 1678
FAM D=51 ell=11 count=22 nF=17 blocks: 0123 0245 1246 0346 1356 1347 0157 2357 0267 4567 0148 1258 3458 2368 0568 0378 1678
FAM D=51 ell=11 count=22 nF=17 blocks: 0123 0245 1246 0346 1356 1347 0157 2357 0267 4567 0148 1258 3458 2368 0568 2478 1678
FAM D=51 ell=11 count=22 nF=17 blocks: 0123 0245 1246 0346 1356 1347 0157 2357 0267 4567 0148 1258 3458 2368 0378 2478 1678
FAM D=51 ell=11 count=22 nF=17 blocks: 0123 0245 1246 0346 1356 1347 0157 2357 0267 4567 0148 1258 3458 0568 0378 2478 1678
FAM D=51 ell=11 count=22 nF=17 blocks: 0123 0245 1246 0346 1356 1347 0157 2357 0267 4567 0148 1258 2368 0568 0378 2478 1678
FAM D=51 ell=11 count=22 nF=17 blocks: 0123 0245 1246 0346 1356 1347 0157 2357 0267 4567 0148 3458 2368 0568 0378 2478 1678
FAM D=51 ell=11 count=22 nF=17 blocks: 0123 0245 1246 0346 1356 1347 0157 2357 0267 4567 2348 0358 1458 0168 2568 1278 0478
FAM D=54 ell=11 count=19 nF=18 blocks: 0123 0245 1246 0346 1356 1347 0157 2357 0267 4567 2348 0358 1458 0168 2568 1278 0478 3678
FAM D=51 ell=11 count=22 nF=17 blocks: 0123 0245 1246 0346 1356 1347 0157 2357 0267 4567 2348 0358 1458 0168 2568 1278 3678
FAM D=51 ell=11 count=22 nF=17 blocks: 0123 0245 1246 0346 1356 1347 0157 2357 0267 4567 2348 0358 1458 0168 2568 0478 3678
FAM D=51 ell=11 count=22 nF=17 blocks: 0123 0245 1246 0346 1356 1347 0157 2357 0267 4567 2348 0358 1458 0168 1278 0478 3678
FAM D=51 ell=11 count=22 nF=17 blocks: 0123 0245 1246 0346 1356 1347 0157 2357 0267 4567 2348 0358 1458 2568 1278 0478 3678
FAM D=51 ell=11 count=22 nF=17 blocks: 0123 0245 1246 0346 1356 1347 0157 2357 0267 4567 2348 0358 0168 2568 1278 0478 3678
FAM D=51 ell=11 count=22 nF=17 blocks: 0123 0245 1246 0346 1356 1347 0157 2357 0267 4567 2348 1458 0168 2568 1278 0478 3678
FAM D=51 ell=11 count=22 nF=17 blocks: 0123 0245 1246 0346 1356 1347 0157 2357 0267 4567 1258 3458 2368 0568 0378 2478 1678
FAM D=51 ell=11 count=22 nF=17 blocks: 0123 0245 1246 0346 1356 1347 0157 2357 0267 4567 0358 1458 0168 2568 1278 0478 3678
FAM D=51 ell=11 count=22 nF=17 blocks: 0123 0245 1246 0346 1356 1347 0157 2357 0267 0148 1258 3458 2368 0568 0378 2478 1678
FAM D=51 ell=11 count=22 nF=17 blocks: 0123 0245 1246 0346 1356 1347 0157 2357 0267 2348 0358 1458 0168 2568 1278 0478 3678
FAM D=51 ell=11 count=22 nF=17 blocks: 0123 0245 1246 0346 1356 1347 0157 2357 4567 0148 1258 3458 2368 0568 0378 2478 1678
FAM D=51 ell=11 count=22 nF=17 blocks: 0123 0245 1246 0346 1356 1347 0157 2357 4567 2348 0358 1458 0168 2568 1278 0478 3678
FAM D=51 ell=11 count=22 nF=17 blocks: 0123 0245 1246 0346 1356 1347 0157 0267 4567 0148 1258 3458 2368 0568 0378 2478 1678
FAM D=51 ell=11 count=22 nF=17 blocks: 0123 0245 1246 0346 1356 1347 0157 0267 4567 2348 0358 1458 0168 2568 1278 0478 3678
FAM D=51 ell=11 count=22 nF=17 blocks: 0123 0245 1246 0346 1356 1347 2357 0267 4567 0148 1258 3458 2368 0568 0378 2478 1678
FAM D=51 ell=11 count=22 nF=17 blocks: 0123 0245 1246 0346 1356 1347 2357 0267 4567 2348 0358 1458 0168 2568 1278 0478 3678
FAM D=51 ell=11 count=22 nF=17 blocks: 0123 0245 1246 0346 1356 2347 0357 1457 0167 2567 0148 1258 3458 2368 0568 0278 1378
FAM D=54 ell=11 count=19 nF=18 blocks: 0123 0245 1246 0346 1356 2347 0357 1457 0167 2567 0148 1258 3458 2368 0568 0278 1378 4678
FAM D=51 ell=11 count=22 nF=17 blocks: 0123 0245 1246 0346 1356 2347 0357 1457 0167 2567 0148 1258 3458 2368 0568 0278 4678
FAM D=51 ell=11 count=22 nF=17 blocks: 0123 0245 1246 0346 1356 2347 0357 1457 0167 2567 0148 1258 3458 2368 0568 1378 4678
FAM D=51 ell=11 count=22 nF=17 blocks: 0123 0245 1246 0346 1356 2347 0357 1457 0167 2567 0148 1258 3458 2368 0278 1378 4678
FAM D=51 ell=11 count=22 nF=17 blocks: 0123 0245 1246 0346 1356 2347 0357 1457 0167 2567 0148 1258 3458 0568 0278 1378 4678
FAM D=51 ell=11 count=22 nF=17 blocks: 0123 0245 1246 0346 1356 2347 0357 1457 0167 2567 0148 1258 2368 0568 0278 1378 4678
FAM D=51 ell=11 count=22 nF=17 blocks: 0123 0245 1246 0346 1356 2347 0357 1457 0167 2567 0148 3458 2368 0568 0278 1378 4678
FAM D=51 ell=11 count=22 nF=17 blocks: 0123 0245 1246 0346 1356 2347 0357 1457 0167 2567 1348 0158 2358 0268 4568 1278 0478
FAM D=54 ell=11 count=19 nF=18 blocks: 0123 0245 1246 0346 1356 2347 0357 1457 0167 2567 1348 0158 2358 0268 4568 1278 0478 3678
FAM D=51 ell=11 count=22 nF=17 blocks: 0123 0245 1246 0346 1356 2347 0357 1457 0167 2567 1348 0158 2358 0268 4568 1278 3678
FAM D=51 ell=11 count=22 nF=17 blocks: 0123 0245 1246 0346 1356 2347 0357 1457 0167 2567 1348 0158 2358 0268 4568 0478 3678
FAM D=51 ell=11 count=22 nF=17 blocks: 0123 0245 1246 0346 1356 2347 0357 1457 0167 2567 1348 0158 2358 0268 1278 0478 3678
FAM D=51 ell=11 count=22 nF=17 blocks: 0123 0245 1246 0346 1356 2347 0357 1457 0167 2567 1348 0158 2358 4568 1278 0478 3678
FAM D=51 ell=11 count=22 nF=17 blocks: 0123 0245 1246 0346 1356 2347 0357 1457 0167 2567 1348 0158 0268 4568 1278 0478 3678
FAM D=51 ell=11 count=22 nF=17 blocks: 0123 0245 1246 0346 1356 2347 0357 1457 0167 2567 1348 2358 0268 4568 1278 0478 3678
FAM D=51 ell=11 count=22 nF=17 blocks: 0123 0245 1246 0346 1356 2347 0357 1457 0167 2567 0158 2358 0268 4568 1278 0478 3678
FAM D=51 ell=11 count=22 nF=17 blocks: 0123 0245 1246 0346 1356 2347 0357 1457 0167 2567 1258 3458 2368 0568 0278 1378 4678
FAM D=51 ell=11 count=22 nF=17 blocks: 0123 0245 1246 0346 1356 2347 0357 1457 0167 0148 1258 3458 2368 0568 0278 1378 4678
FAM D=51 ell=11 count=22 nF=17 blocks: 0123 0245 1246 0346 1356 2347 0357 1457 0167 1348 0158 2358 0268 4568 1278 0478 3678
FAM D=51 ell=11 count=22 nF=17 blocks: 0123 0245 1246 0346 1356 2347 0357 1457 2567 0148 1258 3458 2368 0568 0278 1378 4678
FAM D=51 ell=11 count=22 nF=17 blocks: 0123 0245 1246 0346 1356 2347 0357 1457 2567 1348 0158 2358 0268 4568 1278 0478 3678
FAM D=51 ell=11 count=22 nF=17 blocks: 0123 0245 1246 0346 1356 2347 0357 0167 2567 0148 1258 3458 2368 0568 0278 1378 4678
FAM D=51 ell=11 count=22 nF=17 blocks: 0123 0245 1246 0346 1356 2347 0357 0167 2567 1348 0158 2358 0268 4568 1278 0478 3678
FAM D=51 ell=11 count=22 nF=17 blocks: 0123 0245 1246 0346 1356 2347 1457 0167 2567 0148 1258 3458 2368 0568 0278 1378 4678
FAM D=51 ell=11 count=22 nF=17 blocks: 0123 0245 1246 0346 1356 2347 1457 0167 2567 1348 0158 2358 0268 4568 1278 0478 3678
FAM D=51 ell=11 count=22 nF=17 blocks: 0123 0245 1246 0346 1356 0157 2357 0267 4567 0148 1258 3458 2368 0568 0378 2478 1678
FAM D=51 ell=11 count=22 nF=17 blocks: 0123 0245 1246 0346 1356 0157 2357 0267 4567 2348 0358 1458 0168 2568 1278 0478 3678
FAM D=51 ell=11 count=22 nF=17 blocks: 0123 0245 1246 0346 1356 1257 3457 2367 0567 1348 0158 2358 0268 4568 0378 2478 1678
FAM D=51 ell=11 count=22 nF=17 blocks: 0123 0245 1246 0346 1356 1257 3457 2367 0567 2348 0358 1458 0168 2568 0278 1378 4678
FAM D=51 ell=11 count=22 nF=17 blocks: 0123 0245 1246 0346 1356 0357 1457 0167 2567 0148 1258 3458 2368 0568 0278 1378 4678
FAM D=51 ell=11 count=22 nF=17 blocks: 0123 0245 1246 0346 1356 0357 1457 0167 2567 1348 0158 2358 0268 4568 1278 0478 3678
FAM D=51 ell=11 count=22 nF=17 blocks: 0123 0245 1246 0346 0147 1257 3457 2367 0567 1348 0158 2358 0268 4568 0378 2478 1678
FAM D=51 ell=11 count=22 nF=17 blocks: 0123 0245 1246 0346 0147 1257 3457 2367 0567 2348 0358 1458 0168 2568 0278 1378 4678
FAM D=51 ell=11 count=22 nF=17 blocks: 0123 0245 1246 0346 1347 0157 2357 0267 4567 0148 1258 3458 2368 0568 0378 2478 1678
FAM D=51 ell=11 count=22 nF=17 blocks: 0123 0245 1246 0346 1347 0157 2357 0267 4567 2348 0358 1458 0168 2568 1278 0478 3678
FAM D=51 ell=11 count=22 nF=17 blocks: 0123 0245 1246 0346 2347 0357 1457 0167 2567 0148 1258 3458 2368 0568 0278 1378 4678
FAM D=51 ell=11 count=22 nF=17 blocks: 0123 0245 1246 0346 2347 0357 1457 0167 2567 1348 0158 2358 0268 4568 1278 0478 3678
FAM D=51 ell=11 count=22 nF=17 blocks: 0123 0245 1246 0156 3456 0147 2347 1357 0367 2567 0348 2358 1458 0268 1368 1278 0578
FAM D=54 ell=11 count=19 nF=18 blocks: 0123 0245 1246 0156 3456 0147 2347 1357 0367 2567 0348 2358 1458 0268 1368 1278 0578 4678
FAM D=51 ell=11 count=22 nF=17 blocks: 0123 0245 1246 0156 3456 0147 2347 1357 0367 2567 0348 2358 1458 0268 1368 1278 4678
FAM D=51 ell=11 count=22 nF=17 blocks: 0123 0245 1246 0156 3456 0147 2347 1357 0367 2567 0348 2358 1458 0268 1368 0578 4678
FAM D=51 ell=11 count=22 nF=17 blocks: 0123 0245 1246 0156 3456 0147 2347 1357 0367 2567 0348 2358 1458 0268 1278 0578 4678
FAM D=51 ell=11 count=22 nF=17 blocks: 0123 0245 1246 0156 3456 0147 2347 1357 0367 2567 0348 2358 1458 1368 1278 0578 4678
FAM D=51 ell=11 count=22 nF=17 blocks: 0123 0245 1246 0156 3456 0147 2347 1357 0367 2567 0348 2358 0268 1368 1278 0578 4678
FAM D=51 ell=11 count=22 nF=17 blocks: 0123 0245 1246 0156 3456 0147 2347 1357 0367 2567 0348 1458 0268 1368 1278 0578 4678
FAM D=51 ell=11 count=22 nF=17 blocks: 0123 0245 1246 0156 3456 0147 2347 1357 0367 2567 1348 1258 0358 2368 0468 0278 4578
FAM D=54 ell=11 count=19 nF=18 blocks: 0123 0245 1246 0156 3456 0147 2347 1357 0367 2567 1348 1258 0358 2368 0468 0278 4578 1678
FAM D=51 ell=11 count=22 nF=17 blocks: 0123 0245 1246 0156 3456 0147 2347 1357 0367 2567 1348 1258 0358 2368 0468 0278 1678
FAM D=51 ell=11 count=22 nF=17 blocks: 0123 0245 1246 0156 3456 0147 2347 1357 0367 2567 1348 1258 0358 2368 0468 4578 1678
FAM D=51 ell=11 count=22 nF=17 blocks: 0123 0245 1246 0156 3456 0147 2347 1357 0367 2567 1348 1258 0358 2368 0278 4578 1678
FAM D=51 ell=11 count=22 nF=17 blocks: 0123 0245 1246 0156 3456 0147 2347 1357 0367 2567 1348 1258 0358 0468 0278 4578 1678
FAM D=51 ell=11 count=22 nF=17 blocks: 0123 0245 1246 0156 3456 0147 2347 1357 0367 2567 1348 1258 2368 0468 0278 4578 1678
FAM D=51 ell=11 count=22 nF=17 blocks: 0123 0245 1246 0156 3456 0147 2347 1357 0367 2567 1348 0358 2368 0468 0278 4578 1678
FAM D=51 ell=11 count=22 nF=17 blocks: 0123 0245 1246 0156 3456 0147 2347 1357 0367 2567 1258 0358 2368 0468 0278 4578 1678
FAM D=51 ell=11 count=22 nF=17 blocks: 0123 0245 1246 0156 3456 0147 2347 1357 0367 2567 2358 1458 0268 1368 1278 0578 4678
FAM D=51 ell=11 count=22 nF=17 blocks: 0123 0245 1246 0156 3456 0147 2347 1357 0367 0348 2358 1458 0268 1368 1278 0578 4678
FAM D=51 ell=11 count=22 nF=17 blocks: 0123 0245 1246 0156 3456 0147 2347 1357 0367 1348 1258 0358 2368 0468 0278 4578 1678
FAM D=51 ell=11 count=22 nF=17 blocks: 0123 0245 1246 0156 3456 0147 2347 1357 2567 0348 2358 1458 0268 1368 1278 0578 4678
FAM D=51 ell=11 count=22 nF=17 blocks: 0123 0245 1246 0156 3456 0147 2347 1357 2567 1348 1258 0358 2368 0468 0278 4578 1678
FAM D=51 ell=11 count=22 nF=17 blocks: 0123 0245 1246 0156 3456 0147 2347 0367 2567 0348 2358 1458 0268 1368 1278 0578 4678
FAM D=51 ell=11 count=22 nF=17 blocks: 0123 0245 1246 0156 3456 0147 2347 0367 2567 1348 1258 0358 2368 0468 0278 4578 1678
FAM D=51 ell=11 count=22 nF=17 blocks: 0123 0245 1246 0156 3456 0147 1357 0367 2567 0348 2358 1458 0268 1368 1278 0578 4678
FAM D=51 ell=11 count=22 nF=17 blocks: 0123 0245 1246 0156 3456 0147 1357 0367 2567 1348 1258 0358 2368 0468 0278 4578 1678
FAM D=51 ell=11 count=22 nF=17 blocks: 0123 0245 1246 0156 3456 0347 2357 1457 0267 1367 0148 2348 1358 0368 2568 1278 0578
FAM D=54 ell=11 count=19 nF=18 blocks: 0123 0245 1246 0156 3456 0347 2357 1457 0267 1367 0148 2348 1358 0368 2568 1278 0578 4678
FAM D=51 ell=11 count=22 nF=17 blocks: 0123 0245 1246 0156 3456 0347 2357 1457 0267 1367 0148 2348 1358 0368 2568 1278 4678
FAM D=51 ell=11 count=22 nF=17 blocks: 0123 0245 1246 0156 3456 0347 2357 1457 0267 1367 0148 2348 1358 0368 2568 0578 4678
FAM D=51 ell=11 count=22 nF=17 blocks: 0123 0245 1246 0156 3456 0347 2357 1457 0267 1367 0148 2348 1358 0368 1278 0578 4678
FAM D=51 ell=11 count=22 nF=17 blocks: 0123 0245 1246 0156 3456 0347 2357 1457 0267 1367 0148 2348 1358 2568 1278 0578 4678
FAM D=51 ell=11 count=22 nF=17 blocks: 0123 0245 1246 0156 3456 0347 2357 1457 0267 1367 0148 2348 0368 2568 1278 0578 4678
FAM D=51 ell=11 count=22 nF=17 blocks: 0123 0245 1246 0156 3456 0347 2357 1457 0267 1367 0148 1358 0368 2568 1278 0578 4678
FAM D=51 ell=11 count=22 nF=17 blocks: 0123 0245 1246 0156 3456 0347 2357 1457 0267 1367 1348 1258 0358 2368 0468 0178 2478
FAM D=54 ell=11 count=19 nF=18 blocks: 0123 0245 1246 0156 3456 0347 2357 1457 0267 1367 1348 1258 0358 2368 0468 0178 2478 5678
FAM D=51 ell=11 count=22 nF=17 blocks: 0123 0245 1246 0156 3456 0347 2357 1457 0267 1367 1348 1258 0358 2368 0468 0178 5678
FAM D=51 ell=11 count=22 nF=17 blocks: 0123 0245 1246 0156 3456 0347 2357 1457 0267 1367 1348 1258 0358 2368 0468 2478 5678
FAM D=51 ell=11 count=22 nF=17 blocks: 0123 0245 1246 0156 3456 0347 2357 1457 0267 1367 1348 1258 0358 2368 0178 2478 5678
FAM D=51 ell=11 count=22 nF=17 blocks: 0123 0245 1246 0156 3456 0347 2357 1457 0267 1367 1348 1258 0358 0468 0178 2478 5678
FAM D=51 ell=11 count=22 nF=17 blocks: 0123 0245 1246 0156 3456 0347 2357 1457 0267 1367 1348 1258 2368 0468 0178 2478 5678
FAM D=51 ell=11 count=22 nF=17 blocks: 0123 0245 1246 0156 3456 0347 2357 1457 0267 1367 1348 0358 2368 0468 0178 2478 5678
FAM D=51 ell=11 count=22 nF=17 blocks: 0123 0245 1246 0156 3456 0347 2357 1457 0267 1367 2348 1358 0368 2568 1278 0578 4678
FAM D=51 ell=11 count=22 nF=17 blocks: 0123 0245 1246 0156 3456 0347 2357 1457 0267 1367 1258 0358 2368 0468 0178 2478 5678
FAM D=51 ell=11 count=22 nF=17 blocks: 0123 0245 1246 0156 3456 0347 2357 1457 0267 0148 2348 1358 0368 2568 1278 0578 4678
FAM D=51 ell=11 count=22 nF=17 blocks: 0123 0245 1246 0156 3456 0347 2357 1457 0267 1348 1258 0358 2368 0468 0178 2478 5678
FAM D=51 ell=11 count=22 nF=17 blocks: 0123 0245 1246 0156 3456 0347 2357 1457 1367 0148 2348 1358 0368 2568 1278 0578 4678
FAM D=51 ell=11 count=22 nF=17 blocks: 0123 0245 1246 0156 3456 0347 2357 1457 1367 1348 1258 0358 2368 0468 0178 2478 5678
FAM D=51 ell=11 count=22 nF=17 blocks: 0123 0245 1246 0156 3456 0347 2357 0267 1367 0148 2348 1358 0368 2568 1278 0578 4678
FAM D=51 ell=11 count=22 nF=17 blocks: 0123 0245 1246 0156 3456 0347 2357 0267 1367 1348 1258 0358 2368 0468 0178 2478 5678
FAM D=51 ell=11 count=22 nF=17 blocks: 0123 0245 1246 0156 3456 0347 1457 0267 1367 0148 2348 1358 0368 2568 1278 0578 4678
FAM D=51 ell=11 count=22 nF=17 blocks: 0123 0245 1246 0156 3456 0347 1457 0267 1367 1348 1258 0358 2368 0468 0178 2478 5678
FAM D=51 ell=11 count=22 nF=17 blocks: 0123 0245 1246 0156 3456 1347 1257 0357 2367 0467 0148 2348 1358 0368 2568 0278 4578
FAM D=54 ell=11 count=19 nF=18 blocks: 0123 0245 1246 0156 3456 1347 1257 0357 2367 0467 0148 2348 1358 0368 2568 0278 4578 1678
FAM D=51 ell=11 count=22 nF=17 blocks: 0123 0245 1246 0156 3456 1347 1257 0357 2367 0467 0148 2348 1358 0368 2568 0278 1678
FAM D=51 ell=11 count=22 nF=17 blocks: 0123 0245 1246 0156 3456 1347 1257 0357 2367 0467 0148 2348 1358 0368 2568 4578 1678
FAM D=51 ell=11 count=22 nF=17 blocks: 0123 0245 1246 0156 3456 1347 1257 0357 2367 0467 0148 2348 1358 0368 0278 4578 1678
FAM D=51 ell=11 count=22 nF=17 blocks: 0123 0245 1246 0156 3456 1347 1257 0357 2367 0467 0148 2348 1358 2568 0278 4578 1678
FAM D=51 ell=11 count=22 nF=17 blocks: 0123 0245 1246 0156 3456 1347 1257 0357 2367 0467 0148 2348 0368 2568 0278 4578 1678
FAM D=51 ell=11 count=22 nF=17 blocks: 0123 0245 1246 0156 3456 1347 1257 0357 2367 0467 0148 1358 0368 2568 0278 4578 1678
FAM D=51 ell=11 count=22 nF=17 blocks: 0123 0245 1246 0156 3456 1347 1257 0357 2367 0467 0348 2358 1458 0268 1368 0178 2478
FAM D=54 ell=11 count=19 nF=18 blocks: 0123 0245 1246 0156 3456 1347 1257 0357 2367 0467 0348 2358 1458 0268 1368 0178 2478 5678
FAM D=51 ell=11 count=22 nF=17 blocks: 0123 0245 1246 0156 3456 1347 1257 0357 2367 0467 0348 2358 1458 0268 1368 0178 5678
FAM D=51 ell=11 count=22 nF=17 blocks: 0123 0245 1246 0156 3456 1347 1257 0357 2367 0467 0348 2358 1458 0268 1368 2478 5678
FAM D=51 ell=11 count=22 nF=17 blocks: 0123 0245 1246 0156 3456 1347 1257 0357 2367 0467 0348 2358 1458 0268 0178 2478 5678
FAM D=51 ell=11 count=22 nF=17 blocks: 0123 0245 1246 0156 3456 1347 1257 0357 2367 0467 0348 2358 1458 1368 0178 2478 5678
FAM D=51 ell=11 count=22 nF=17 blocks: 0123 0245 1246 0156 3456 1347 1257 0357 2367 0467 0348 2358 0268 1368 0178 2478 5678
FAM D=51 ell=11 count=22 nF=17 blocks: 0123 0245 1246 0156 3456 1347 1257 0357 2367 0467 0348 1458 0268 1368 0178 2478 5678
FAM D=51 ell=11 count=22 nF=17 blocks: 0123 0245 1246 0156 3456 1347 1257 0357 2367 0467 2348 1358 0368 2568 0278 4578 1678
FAM D=51 ell=11 count=22 nF=17 blocks: 0123 0245 1246 0156 3456 1347 1257 0357 2367 0467 2358 1458 0268 1368 0178 2478 5678
FAM D=51 ell=11 count=22 nF=17 blocks: 0123 0245 1246 0156 3456 1347 1257 0357 2367 0148 2348 1358 0368 2568 0278 4578 1678
FAM D=51 ell=11 count=22 nF=17 blocks: 0123 0245 1246 0156 3456 1347 1257 0357 2367 0348 2358 1458 0268 1368 0178 2478 5678
FAM D=51 ell=11 count=22 nF=17 blocks: 0123 0245 1246 0156 3456 1347 1257 0357 0467 0148 2348 1358 0368 2568 0278 4578 1678
FAM D=51 ell=11 count=22 nF=17 blocks: 0123 0245 1246 0156 3456 1347 1257 0357 0467 0348 2358 1458 0268 1368 0178 2478 5678
FAM D=51 ell=11 count=22 nF=17 blocks: 0123 0245 1246 0156 3456 1347 1257 2367 0467 0148 2348 1358 0368 2568 0278 4578 1678
FAM D=51 ell=11 count=22 nF=17 blocks: 0123 0245 1246 0156 3456 1347 1257 2367 0467 0348 2358 1458 0268 1368 0178 2478 5678
FAM D=51 ell=11 count=22 nF=17 blocks: 0123 0245 1246 0156 3456 1347 0357 2367 0467 0148 2348 1358 0368 2568 0278 4578 1678
FAM D=51 ell=11 count=22 nF=17 blocks: 0123 0245 1246 0156 3456 1347 0357 2367 0467 0348 2358 1458 0268 1368 0178 2478 5678
FAM D=51 ell=11 count=22 nF=17 blocks: 0123 0245 1246 0156 3456 2347 1357 0367 2567 0348 2358 1458 0268 1368 1278 0578 4678
FAM D=51 ell=11 count=22 nF=17 blocks: 0123 0245 1246 0156 3456 2347 1357 0367 2567 1348 1258 0358 2368 0468 0278 4578 1678
FAM D=51 ell=11 count=22 nF=17 blocks: 0123 0245 1246 0156 3456 1257 0357 2367 0467 0148 2348 1358 0368 2568 0278 4578 1678
FAM D=51 ell=11 count=22 nF=17 blocks: 0123 0245 1246 0156 3456 1257 0357 2367 0467 0348 2358 1458 0268 1368 0178 2478 5678
FAM D=51 ell=11 count=22 nF=17 blocks: 0123 0245 1246 0156 3456 2357 1457 0267 1367 0148 2348 1358 0368 2568 1278 0578 4678
FAM D=51 ell=11 count=22 nF=17 blocks: 0123 0245 1246 0156 3456 2357 1457 0267 1367 1348 1258 0358 2368 0468 0178 2478 5678
FAM D=51 ell=11 count=22 nF=17 blocks: 0123 0245 1246 0156 0147 2347 1357 0367 2567 0348 2358 1458 0268 1368 1278 0578 4678
FAM D=51 ell=11 count=22 nF=17 blocks: 0123 0245 1246 0156 0147 2347 1357 0367 2567 1348 1258 0358 2368 0468 0278 4578 1678
FAM D=51 ell=11 count=22 nF=17 blocks: 0123 0245 1246 0156 0347 2357 1457 0267 1367 0148 2348 1358 0368 2568 1278 0578 4678
FAM D=51 ell=11 count=22 nF=17 blocks: 0123 0245 1246 0156 0347 2357 1457 0267 1367 1348 1258 0358 2368 0468 0178 2478 5678
FAM D=51 ell=11 count=22 nF=17 blocks: 0123 0245 1246 0156 1347 1257 0357 2367 0467 0148 2348 1358 0368 2568 0278 4578 1678
FAM D=51 ell=11 count=22 nF=17 blocks: 0123 0245 1246 0156 1347 1257 0357 2367 0467 0348 2358 1458 0268 1368 0178 2478 5678
FAM D=51 ell=11 count=22 nF=17 blocks: 0123 0245 1246 0356 0147 2357 0267 3467 1567 0348 1258 0168 2368 4568 1378 2478 0578
FAM D=51 ell=11 count=22 nF=17 blocks: 0123 0245 1246 0356 0147 2357 0267 3467 1567 2348 0158 1368 0468 2568 1278 0378 4578
FAM D=51 ell=11 count=22 nF=17 blocks: 0123 0245 1246 0356 0347 1257 0167 2367 4567 0148 2358 0268 3468 1568 1378 2478 0578
FAM D=51 ell=11 count=22 nF=17 blocks: 0123 0245 1246 0356 0347 1257 0167 2367 4567 2348 0158 1368 0468 2568 0278 1478 3578
FAM D=51 ell=11 count=22 nF=17 blocks: 0123 0245 1246 0356 2347 0157 1367 0467 2567 0148 2358 0268 3468 1568 1278 0378 4578
FAM D=51 ell=11 count=22 nF=17 blocks: 0123 0245 1246 0356 2347 0157 1367 0467 2567 0348 1258 0168 2368 4568 0278 1478 3578
FAM D=51 ell=11 count=22 nF=17 blocks: 0123 0245 1246 1356 0147 1257 3457 2367 0567 1348 0158 2358 0268 4568 0378 2478 1678
FAM D=51 ell=11 count=22 nF=17 blocks: 0123 0245 1246 1356 0147 1257 3457 2367 0567 2348 0358 1458 0168 2568 0278 1378 4678
FAM D=51 ell=11 count=22 nF=17 blocks: 0123 0245 1246 1356 1347 0157 2357 0267 4567 0148 1258 3458 2368 0568 0378 2478 1678
FAM D=51 ell=11 count=22 nF=17 blocks: 0123 0245 1246 1356 1347 0157 2357 0267 4567 2348 0358 1458 0168 2568 1278 0478 3678
FAM D=51 ell=11 count=22 nF=17 blocks: 0123 0245 1246 1356 2347 0357 1457 0167 2567 0148 1258 3458 2368 0568 0278 1378 4678
FAM D=51 ell=11 count=22 nF=17 blocks: 0123 0245 1246 1356 2347 0357 1457 0167 2567 1348 0158 2358 0268 4568 1278 0478 3678
FAM D=51 ell=11 count=22 nF=17 blocks: 0123 0245 1246 3456 0147 2347 1357 0367 2567 0348 2358 1458 0268 1368 1278 0578 4678
FAM D=51 ell=11 count=22 nF=17 blocks: 0123 0245 1246 3456 0147 2347 1357 0367 2567 1348 1258 0358 2368 0468 0278 4578 1678
FAM D=51 ell=11 count=22 nF=17 blocks: 0123 0245 1246 3456 0347 2357 1457 0267 1367 0148 2348 1358 0368 2568 1278 0578 4678
FAM D=51 ell=11 count=22 nF=17 blocks: 0123 0245 1246 3456 0347 2357 1457 0267 1367 1348 1258 0358 2368 0468 0178 2478 5678
FAM D=51 ell=11 count=22 nF=17 blocks: 0123 0245 1246 3456 1347 1257 0357 2367 0467 0148 2348 1358 0368 2568 0278 4578 1678
FAM D=51 ell=11 count=22 nF=17 blocks: 0123 0245 1246 3456 1347 1257 0357 2367 0467 0348 2358 1458 0268 1368 0178 2478 5678
FAM D=51 ell=11 count=22 nF=17 blocks: 0123 0245 0346 1256 0147 2357 1367 2467 0567 1248 0358 0168 2368 4568 0278 3478 1578
FAM D=51 ell=11 count=22 nF=17 blocks: 0123 0245 0346 1256 0147 2357 1367 2467 0567 2348 0158 0268 1468 3568 1278 0378 4578
FAM D=51 ell=11 count=22 nF=17 blocks: 0123 0245 0346 1256 1247 0357 0167 2367 4567 0148 2358 1368 2468 0568 0278 3478 1578
FAM D=51 ell=11 count=22 nF=17 blocks: 0123 0245 0346 1256 1247 0357 0167 2367 4567 2348 0158 0268 1468 3568 1378 0478 2578
FAM D=51 ell=11 count=22 nF=17 blocks: 0123 0245 0346 1256 2347 0157 0267 1467 3567 0148 2358 1368 2468 0568 1278 0378 4578
FAM D=51 ell=11 count=22 nF=17 blocks: 0123 0245 0346 1256 2347 0157 0267 1467 3567 1248 0358 0168 2368 4568 1378 0478 2578
FAM D=51 ell=11 count=22 nF=17 blocks: 0123 0245 0346 1356 0147 1257 3457 2367 0567 1348 0158 2358 0268 4568 0378 2478 1678
FAM D=51 ell=11 count=22 nF=17 blocks: 0123 0245 0346 1356 0147 1257 3457 2367 0567 2348 0358 1458 0168 2568 0278 1378 4678
FAM D=51 ell=11 count=22 nF=17 blocks: 0123 0245 0346 1356 1347 0157 2357 0267 4567 0148 1258 3458 2368 0568 0378 2478 1678
FAM D=51 ell=11 count=22 nF=17 blocks: 0123 0245 0346 1356 1347 0157 2357 0267 4567 2348 0358 1458 0168 2568 1278 0478 3678
FAM D=51 ell=11 count=22 nF=17 blocks: 0123 0245 0346 1356 2347 0357 1457 0167 2567 0148 1258 3458 2368 0568 0278 1378 4678
FAM D=51 ell=11 count=22 nF=17 blocks: 0123 0245 0346 1356 2347 0357 1457 0167 2567 1348 0158 2358 0268 4568 1278 0478 3678
FAM D=51 ell=11 count=22 nF=17 blocks: 0123 0245 0346 2356 1456 0147 2347 1357 1267 0567 1248 0158 3458 0268 1368 0378 2578
FAM D=54 ell=11 count=19 nF=18 blocks: 0123 0245 0346 2356 1456 0147 2347 1357 1267 0567 1248 0158 3458 0268 1368 0378 2578 4678
FAM D=51 ell=11 count=22 nF=17 blocks: 0123 0245 0346 2356 1456 0147 2347 1357 1267 0567 1248 0158 3458 0268 1368 0378 4678
FAM D=51 ell=11 count=22 nF=17 blocks: 0123 0245 0346 2356 1456 0147 2347 1357 1267 0567 1248 0158 3458 0268 1368 2578 4678
FAM D=51 ell=11 count=22 nF=17 blocks: 0123 0245 0346 2356 1456 0147 2347 1357 1267 0567 1248 0158 3458 0268 0378 2578 4678
FAM D=51 ell=11 count=22 nF=17 blocks: 0123 0245 0346 2356 1456 0147 2347 1357 1267 0567 1248 0158 3458 1368 0378 2578 4678
FAM D=51 ell=11 count=22 nF=17 blocks: 0123 0245 0346 2356 1456 0147 2347 1357 1267 0567 1248 0158 0268 1368 0378 2578 4678
FAM D=51 ell=11 count=22 nF=17 blocks: 0123 0245 0346 2356 1456 0147 2347 1357 1267 0567 1248 3458 0268 1368 0378 2578 4678
FAM D=51 ell=11 count=22 nF=17 blocks: 0123 0245 0346 2356 1456 0147 2347 1357 1267 0567 1348 1258 0358 0168 2468 0278 4578
FAM D=54 ell=11 count=19 nF=18 blocks: 0123 0245 0346 2356 1456 0147 2347 1357 1267 0567 1348 1258 0358 0168 2468 0278 4578 3678
FAM D=51 ell=11 count=22 nF=17 blocks: 0123 0245 0346 2356 1456 0147 2347 1357 1267 0567 1348 1258 0358 0168 2468 0278 3678
FAM D=51 ell=11 count=22 nF=17 blocks: 0123 0245 0346 2356 1456 0147 2347 1357 1267 0567 1348 1258 0358 0168 2468 4578 3678
FAM D=51 ell=11 count=22 nF=17 blocks: 0123 0245 0346 2356 1456 0147 2347 1357 1267 0567 1348 1258 0358 0168 0278 4578 3678
FAM D=51 ell=11 count=22 nF=17 blocks: 0123 0245 0346 2356 1456 0147 2347 1357 1267 0567 1348 1258 0358 2468 0278 4578 3678
FAM D=51 ell=11 count=22 nF=17 blocks: 0123 0245 0346 2356 1456 0147 2347 1357 1267 0567 1348 1258 0168 2468 0278 4578 3678
FAM D=51 ell=11 count=22 nF=17 blocks: 0123 0245 0346 2356 1456 0147 2347 1357 1267 0567 1348 0358 0168 2468 0278 4578 3678
FAM D=51 ell=11 count=22 nF=17 blocks: 0123 0245 0346 2356 1456 0147 2347 1357 1267 0567 0158 3458 0268 1368 0378 2578 4678
FAM D=51 ell=11 count=22 nF=17 blocks: 0123 0245 0346 2356 1456 0147 2347 1357 1267 0567 1258 0358 0168 2468 0278 4578 3678
FAM D=51 ell=11 count=22 nF=17 blocks: 0123 0245 0346 2356 1456 0147 2347 1357 1267 1248 0158 3458 0268 1368 0378 2578 4678
FAM D=51 ell=11 count=22 nF=17 blocks: 0123 0245 0346 2356 1456 0147 2347 1357 1267 1348 1258 0358 0168 2468 0278 4578 3678
FAM D=51 ell=11 count=22 nF=17 blocks: 0123 0245 0346 2356 1456 0147 2347 1357 0567 1248 0158 3458 0268 1368 0378 2578 4678
FAM D=51 ell=11 count=22 nF=17 blocks: 0123 0245 0346 2356 1456 0147 2347 1357 0567 1348 1258 0358 0168 2468 0278 4578 3678
FAM D=51 ell=11 count=22 nF=17 blocks: 0123 0245 0346 2356 1456 0147 2347 1267 0567 1248 0158 3458 0268 1368 0378 2578 4678
FAM D=51 ell=11 count=22 nF=17 blocks: 0123 0245 0346 2356 1456 0147 2347 1267 0567 1348 1258 0358 0168 2468 0278 4578 3678
FAM D=51 ell=11 count=22 nF=17 blocks: 0123 0245 0346 2356 1456 0147 1357 1267 0567 1248 0158 3458 0268 1368 0378 2578 4678
FAM D=51 ell=11 count=22 nF=17 blocks: 0123 0245 0346 2356 1456 0147 1357 1267 0567 1348 1258 0358 0168 2468 0278 4578 3678
FAM D=51 ell=11 count=22 nF=17 blocks: 0123 0245 0346 2356 1456 1247 0157 3457 0267 1367 0148 2348 1358 1268 0568 0378 2578
FAM D=54 ell=11 count=19 nF=18 blocks: 0123 0245 0346 2356 1456 1247 0157 3457 0267 1367 0148 2348 1358 1268 0568 0378 2578 4678
FAM D=51 ell=11 count=22 nF=17 blocks: 0123 0245 0346 2356 1456 1247 0157 3457 0267 1367 0148 2348 1358 1268 0568 0378 4678
FAM D=51 ell=11 count=22 nF=17 blocks: 0123 0245 0346 2356 1456 1247 0157 3457 0267 1367 0148 2348 1358 1268 0568 2578 4678
FAM D=51 ell=11 count=22 nF=17 blocks: 0123 0245 0346 2356 1456 1247 0157 3457 0267 1367 0148 2348 1358 1268 0378 2578 4678
FAM D=51 ell=11 count=22 nF=17 blocks: 0123 0245 0346 2356 1456 1247 0157 3457 0267 1367 0148 2348 1358 0568 0378 2578 4678
FAM D=51 ell=11 count=22 nF=17 blocks: 0123 0245 0346 2356 1456 1247 0157 3457 0267 1367 0148 2348 1268 0568 0378 2578 4678
FAM D=51 ell=11 count=22 nF=17 blocks: 0123 0245 0346 2356 1456 1247 0157 3457 0267 1367 0148 1358 1268 0568 0378 2578 4678
FAM D=51 ell=11 count=22 nF=17 blocks: 0123 0245 0346 2356 1456 1247 0157 3457 0267 1367 1348 1258 0358 0168 2468 2378 0478
FAM D=54 ell=11 count=19 nF=18 blocks: 0123 0245 0346 2356 1456 1247 0157 3457 0267 1367 1348 1258 0358 0168 2468 2378 0478 5678
FAM D=51 ell=11 count=22 nF=17 blocks: 0123 0245 0346 2356 1456 1247 0157 3457 0267 1367 1348 1258 0358 0168 2468 2378 5678
FAM D=51 ell=11 count=22 nF=17 blocks: 0123 0245 0346 2356 1456 1247 0157 3457 0267 1367 1348 1258 0358 0168 2468 0478 5678
FAM D=51 ell=11 count=22 nF=17 blocks: 0123 0245 0346 2356 1456 1247 0157 3457 0267 1367 1348 1258 0358 0168 2378 0478 5678
FAM D=51 ell=11 count=22 nF=17 blocks: 0123 0245 0346 2356 1456 1247 0157 3457 0267 1367 1348 1258 0358 2468 2378 0478 5678
FAM D=51 ell=11 count=22 nF=17 blocks: 0123 0245 0346 2356 1456 1247 0157 3457 0267 1367 1348 1258 0168 2468 2378 0478 5678
FAM D=51 ell=11 count=22 nF=17 blocks: 0123 0245 0346 2356 1456 1247 0157 3457 0267 1367 1348 0358 0168 2468 2378 0478 5678
FAM D=51 ell=11 count=22 nF=17 blocks: 0123 0245 0346 2356 1456 1247 0157 3457 0267 1367 2348 1358 1268 0568 0378 2578 4678
FAM D=51 ell=11 count=22 nF=17 blocks: 0123 0245 0346 2356 1456 1247 0157 3457 0267 1367 1258 0358 0168 2468 2378 0478 5678
FAM D=51 ell=11 count=22 nF=17 blocks: 0123 0245 0346 2356 1456 1247 0157 3457 0267 0148 2348 1358 1268 0568 0378 2578 4678
FAM D=51 ell=11 count=22 nF=17 blocks: 0123 0245 0346 2356 1456 1247 0157 3457 0267 1348 1258 0358 0168 2468 2378 0478 5678
FAM D=51 ell=11 count=22 nF=17 blocks: 0123 0245 0346 2356 1456 1247 0157 3457 1367 0148 2348 1358 1268 0568 0378 2578 4678
FAM D=51 ell=11 count=22 nF=17 blocks: 0123 0245 0346 2356 1456 1247 0157 3457 1367 1348 1258 0358 0168 2468 2378 0478 5678
FAM D=51 ell=11 count=22 nF=17 blocks: 0123 0245 0346 2356 1456 1247 0157 0267 1367 0148 2348 1358 1268 0568 0378 2578 4678
FAM D=51 ell=11 count=22 nF=17 blocks: 0123 0245 0346 2356 1456 1247 0157 0267 1367 1348 1258 0358 0168 2468 2378 0478 5678
FAM D=51 ell=11 count=22 nF=17 blocks: 0123 0245 0346 2356 1456 1247 3457 0267 1367 0148 2348 1358 1268 0568 0378 2578 4678
FAM D=51 ell=11 count=22 nF=17 blocks: 0123 0245 0346 2356 1456 1247 3457 0267 1367 1348 1258 0358 0168 2468 2378 0478 5678
FAM D=51 ell=11 count=22 nF=17 blocks: 0123 0245 0346 2356 1456 1347 1257 0357 0167 2467 0148 2348 1358 1268 0568 0278 4578
FAM D=54 ell=11 count=19 nF=18 blocks: 0123 0245 0346 2356 1456 1347 1257 0357 0167 2467 0148 2348 1358 1268 0568 0278 4578 3678
FAM D=51 ell=11 count=22 nF=17 blocks: 0123 0245 0346 2356 1456 1347 1257 0357 0167 2467 0148 2348 1358 1268 0568 0278 3678
FAM D=51 ell=11 count=22 nF=17 blocks: 0123 0245 0346 2356 1456 1347 1257 0357 0167 2467 0148 2348 1358 1268 0568 4578 3678
FAM D=51 ell=11 count=22 nF=17 blocks: 0123 0245 0346 2356 1456 1347 1257 0357 0167 2467 0148 2348 1358 1268 0278 4578 3678
FAM D=51 ell=11 count=22 nF=17 blocks: 0123 0245 0346 2356 1456 1347 1257 0357 0167 2467 0148 2348 1358 0568 0278 4578 3678
FAM D=51 ell=11 count=22 nF=17 blocks: 0123 0245 0346 2356 1456 1347 1257 0357 0167 2467 0148 2348 1268 0568 0278 4578 3678
FAM D=51 ell=11 count=22 nF=17 blocks: 0123 0245 0346 2356 1456 1347 1257 0357 0167 2467 0148 1358 1268 0568 0278 4578 3678
FAM D=51 ell=11 count=22 nF=17 blocks: 0123 0245 0346 2356 1456 1347 1257 0357 0167 2467 1248 0158 3458 0268 1368 2378 0478
FAM D=54 ell=11 count=19 nF=18 blocks: 0123 0245 0346 2356 1456 1347 1257 0357 0167 2467 1248 0158 3458 0268 1368 2378 0478 5678
FAM D=51 ell=11 count=22 nF=17 blocks: 0123 0245 0346 2356 1456 1347 1257 0357 0167 2467 1248 0158 3458 0268 1368 2378 5678
FAM D=51 ell=11 count=22 nF=17 blocks: 0123 0245 0346 2356 1456 1347 1257 0357 0167 2467 1248 0158 3458 0268 1368 0478 5678
FAM D=51 ell=11 count=22 nF=17 blocks: 0123 0245 0346 2356 1456 1347 1257 0357 0167 2467 1248 0158 3458 0268 2378 0478 5678
FAM D=51 ell=11 count=22 nF=17 blocks: 0123 0245 0346 2356 1456 1347 1257 0357 0167 2467 1248 0158 3458 1368 2378 0478 5678
FAM D=51 ell=11 count=22 nF=17 blocks: 0123 0245 0346 2356 1456 1347 1257 0357 0167 2467 1248 0158 0268 1368 2378 0478 5678
FAM D=51 ell=11 count=22 nF=17 blocks: 0123 0245 0346 2356 1456 1347 1257 0357 0167 2467 1248 3458 0268 1368 2378 0478 5678
FAM D=51 ell=11 count=22 nF=17 blocks: 0123 0245 0346 2356 1456 1347 1257 0357 0167 2467 2348 1358 1268 0568 0278 4578 3678
FAM D=51 ell=11 count=22 nF=17 blocks: 0123 0245 0346 2356 1456 1347 1257 0357 0167 2467 0158 3458 0268 1368 2378 0478 5678
FAM D=51 ell=11 count=22 nF=17 blocks: 0123 0245 0346 2356 1456 1347 1257 0357 0167 0148 2348 1358 1268 0568 0278 4578 3678
FAM D=51 ell=11 count=22 nF=17 blocks: 0123 0245 0346 2356 1456 1347 1257 0357 0167 1248 0158 3458 0268 1368 2378 0478 5678
FAM D=51 ell=11 count=22 nF=17 blocks: 0123 0245 0346 2356 1456 1347 1257 0357 2467 0148 2348 1358 1268 0568 0278 4578 3678
FAM D=51 ell=11 count=22 nF=17 blocks: 0123 0245 0346 2356 1456 1347 1257 0357 2467 1248 0158 3458 0268 1368 2378 0478 5678
FAM D=51 ell=11 count=22 nF=17 blocks: 0123 0245 0346 2356 1456 1347 1257 0167 2467 0148 2348 1358 1268 0568 0278 4578 3678
FAM D=51 ell=11 count=22 nF=17 blocks: 0123 0245 0346 2356 1456 1347 1257 0167 2467 1248 0158 3458 0268 1368 2378 0478 5678
FAM D=51 ell=11 count=22 nF=17 blocks: 0123 0245 0346 2356 1456 1347 0357 0167 2467 0148 2348 1358 1268 0568 0278 4578 3678
FAM D=51 ell=11 count=22 nF=17 blocks: 0123 0245 0346 2356 1456 1347 0357 0167 2467 1248 0158 3458 0268 1368 2378 0478 5678
FAM D=51 ell=11 count=22 nF=17 blocks: 0123 0245 0346 2356 1456 2347 1357 1267 0567 1248 0158 3458 0268 1368 0378 2578 4678
FAM D=51 ell=11 count=22 nF=17 blocks: 0123 0245 0346 2356 1456 2347 1357 1267 0567 1348 1258 0358 0168 2468 0278 4578 3678
FAM D=51 ell=11 count=22 nF=17 blocks: 0123 0245 0346 2356 1456 0157 3457 0267 1367 0148 2348 1358 1268 0568 0378 2578 4678
FAM D=51 ell=11 count=22 nF=17 blocks: 0123 0245 0346 2356 1456 0157 3457 0267 1367 1348 1258 0358 0168 2468 2378 0478 5678
FAM D=51 ell=11 count=22 nF=17 blocks: 0123 0245 0346 2356 1456 1257 0357 0167 2467 0148 2348 1358 1268 0568 0278 4578 3678
FAM D=51 ell=11 count=22 nF=17 blocks: 0123 0245 0346 2356 1456 1257 0357 0167 2467 1248 0158 3458 0268 1368 2378 0478 5678
FAM D=51 ell=11 count=22 nF=17 blocks: 0123 0245 0346 2356 0147 2347 1357 1267 0567 1248 0158 3458 0268 1368 0378 2578 4678
FAM D=51 ell=11 count=22 nF=17 blocks: 0123 0245 0346 2356 0147 2347 1357 1267 0567 1348 1258 0358 0168 2468 0278 4578 3678
FAM D=51 ell=11 count=22 nF=17 blocks: 0123 0245 0346 2356 1247 0157 3457 0267 1367 0148 2348 1358 1268 0568 0378 2578 4678
FAM D=51 ell=11 count=22 nF=17 blocks: 0123 0245 0346 2356 1247 0157 3457 0267 1367 1348 1258 0358 0168 2468 2378 0478 5678
FAM D=51 ell=11 count=22 nF=17 blocks: 0123 0245 0346 2356 1347 1257 0357 0167 2467 0148 2348 1358 1268 0568 0278 4578 3678
FAM D=51 ell=11 count=22 nF=17 blocks: 0123 0245 0346 2356 1347 1257 0357 0167 2467 1248 0158 3458 0268 1368 2378 0478 5678
FAM D=51 ell=11 count=22 nF=17 blocks: 0123 0245 0346 1456 0147 2347 1357 1267 0567 1248 0158 3458 0268 1368 0378 2578 4678
FAM D=51 ell=11 count=22 nF=17 blocks: 0123 0245 0346 1456 0147 2347 1357 1267 0567 1348 1258 0358 0168 2468 0278 4578 3678
FAM D=51 ell=11 count=22 nF=17 blocks: 0123 0245 0346 1456 1247 0157 3457 0267 1367 0148 2348 1358 1268 0568 0378 2578 4678
FAM D=51 ell=11 count=22 nF=17 blocks: 0123 0245 0346 1456 1247 0157 3457 0267 1367 1348 1258 0358 0168 2468 2378 0478 5678
FAM D=51 ell=11 count=22 nF=17 blocks: 0123 0245 0346 1456 1347 1257 0357 0167 2467 0148 2348 1358 1268 0568 0278 4578 3678
FAM D=51 ell=11 count=22 nF=17 blocks: 0123 0245 0346 1456 1347 1257 0357 0167 2467 1248 0158 3458 0268 1368 2378 0478 5678
FAM D=51 ell=11 count=22 nF=17 blocks: 0123 0245 1346 0156 2356 0147 1257 3457 0367 2467 1248 0348 1358 0268 4568 2378 0578
FAM D=54 ell=11 count=19 nF=18 blocks: 0123 0245 1346 0156 2356 0147 1257 3457 0367 2467 1248 0348 1358 0268 4568 2378 0578 1678
FAM D=51 ell=11 count=22 nF=17 blocks: 0123 0245 1346 0156 2356 0147 1257 3457 0367 2467 1248 0348 1358 0268 4568 2378 1678
FAM D=51 ell=11 count=22 nF=17 blocks: 0123 0245 1346 0156 2356 0147 1257 3457 0367 2467 1248 0348 1358 0268 4568 0578 1678
FAM D=51 ell=11 count=22 nF=17 blocks: 0123 0245 1346 0156 2356 0147 1257 3457 0367 2467 1248 0348 1358 0268 2378 0578 1678
FAM D=51 ell=11 count=22 nF=17 blocks: 0123 0245 1346 0156 2356 0147 1257 3457 0367 2467 1248 0348 1358 4568 2378 0578 1678
FAM D=51 ell=11 count=22 nF=17 blocks: 0123 0245 1346 0156 2356 0147 1257 3457 0367 2467 1248 0348 0268 4568 2378 0578 1678
FAM D=51 ell=11 count=22 nF=17 blocks: 0123 0245 1346 0156 2356 0147 1257 3457 0367 2467 1248 1358 0268 4568 2378 0578 1678
FAM D=51 ell=11 count=22 nF=17 blocks: 0123 0245 1346 0156 2356 0147 1257 3457 0367 2467 0348 1358 0268 4568 2378 0578 1678
FAM D=51 ell=11 count=22 nF=17 blocks: 0123 0245 1346 0156 2356 0147 1257 3457 0367 2467 2348 0358 1458 1268 0468 0278 1378
FAM D=54 ell=11 count=19 nF=18 blocks: 0123 0245 1346 0156 2356 0147 1257 3457 0367 2467 2348 0358 1458 1268 0468 0278 1378 5678
FAM D=51 ell=11 count=22 nF=17 blocks: 0123 0245 1346 0156 2356 0147 1257 3457 0367 2467 2348 0358 1458 1268 0468 0278 5678
FAM D=51 ell=11 count=22 nF=17 blocks: 0123 0245 1346 0156 2356 0147 1257 3457 0367 2467 2348 0358 1458 1268 0468 1378 5678
FAM D=51 ell=11 count=22 nF=17 blocks: 0123 0245 1346 0156 2356 0147 1257 3457 0367 2467 2348 0358 1458 1268 0278 1378 5678
FAM D=51 ell=11 count=22 nF=17 blocks: 0123 0245 1346 0156 2356 0147 1257 3457 0367 2467 2348 0358 1458 0468 0278 1378 5678
FAM D=51 ell=11 count=22 nF=17 blocks: 0123 0245 1346 0156 2356 0147 1257 3457 0367 2467 2348 0358 1268 0468 0278 1378 5678
FAM D=51 ell=11 count=22 nF=17 blocks: 0123 0245 1346 0156 2356 0147 1257 3457 0367 2467 2348 1458 1268 0468 0278 1378 5678
FAM D=51 ell=11 count=22 nF=17 blocks: 0123 0245 1346 0156 2356 0147 1257 3457 0367 2467 0358 1458 1268 0468 0278 1378 5678
FAM D=51 ell=11 count=22 nF=17 blocks: 0123 0245 1346 0156 2356 0147 1257 3457 0367 1248 0348 1358 0268 4568 2378 0578 1678
FAM D=51 ell=11 count=22 nF=17 blocks: 0123 0245 1346 0156 2356 0147 1257 3457 0367 2348 0358 1458 1268 0468 0278 1378 5678
FAM D=51 ell=11 count=22 nF=17 blocks: 0123 0245 1346 0156 2356 0147 1257 3457 2467 1248 0348 1358 0268 4568 2378 0578 1678
FAM D=51 ell=11 count=22 nF=17 blocks: 0123 0245 1346 0156 2356 0147 1257 3457 2467 2348 0358 1458 1268 0468 0278 1378 5678
FAM D=51 ell=11 count=22 nF=17 blocks: 0123 0245 1346 0156 2356 0147 1257 0367 2467 1248 0348 1358 0268 4568 2378 0578 1678
FAM D=51 ell=11 count=22 nF=17 blocks: 0123 0245 1346 0156 2356 0147 1257 0367 2467 2348 0358 1458 1268 0468 0278 1378 5678
FAM D=51 ell=11 count=22 nF=17 blocks: 0123 0245 1346 0156 2356 0147 3457 0367 2467 1248 0348 1358 0268 4568 2378 0578 1678
FAM D=51 ell=11 count=22 nF=17 blocks: 0123 0245 1346 0156 2356 0147 3457 0367 2467 2348 0358 1458 1268 0468 0278 1378 5678
FAM D=51 ell=11 count=22 nF=17 blocks: 0123 0245 1346 0156 2356 1247 0347 1357 0267 4567 0148 1258 3458 0368 2468 2378 0578
FAM D=54 ell=11 count=19 nF=18 blocks: 0123 0245 1346 0156 2356 1247 0347 1357 0267 4567 0148 1258 3458 0368 2468 2378 0578 1678
FAM D=51 ell=11 count=22 nF=17 blocks: 0123 0245 1346 0156 2356 1247 0347 1357 0267 4567 0148 1258 3458 0368 2468 2378 1678
FAM D=51 ell=11 count=22 nF=17 blocks: 0123 0245 1346 0156 2356 1247 0347 1357 0267 4567 0148 1258 3458 0368 2468 0578 1678
FAM D=51 ell=11 count=22 nF=17 blocks: 0123 0245 1346 0156 2356 1247 0347 1357 0267 4567 0148 1258 3458 0368 2378 0578 1678
FAM D=51 ell=11 count=22 nF=17 blocks: 0123 0245 1346 0156 2356 1247 0347 1357 0267 4567 0148 1258 3458 2468 2378 0578 1678
FAM D=51 ell=11 count=22 nF=17 blocks: 0123 0245 1346 0156 2356 1247 0347 1357 0267 4567 0148 1258 0368 2468 2378 0578 1678
FAM D=51 ell=11 count=22 nF=17 blocks: 0123 0245 1346 0156 2356 1247 0347 1357 0267 4567 0148 3458 0368 2468 2378 0578 1678
FAM D=51 ell=11 count=22 nF=17 blocks: 0123 0245 1346 0156 2356 1247 0347 1357 0267 4567 2348 0358 1458 1268 0468 0178 2578
FAM D=54 ell=11 count=19 nF=18 blocks: 0123 0245 1346 0156 2356 1247 0347 1357 0267 4567 2348 0358 1458 1268 0468 0178 2578 3678
FAM D=51 ell=11 count=22 nF=17 blocks: 0123 0245 1346 0156 2356 1247 0347 1357 0267 4567 2348 0358 1458 1268 0468 0178 3678
FAM D=51 ell=11 count=22 nF=17 blocks: 0123 0245 1346 0156 2356 1247 0347 1357 0267 4567 2348 0358 1458 1268 0468 2578 3678
FAM D=51 ell=11 count=22 nF=17 blocks: 0123 0245 1346 0156 2356 1247 0347 1357 0267 4567 2348 0358 1458 1268 0178 2578 3678
FAM D=51 ell=11 count=22 nF=17 blocks: 0123 0245 1346 0156 2356 1247 0347 1357 0267 4567 2348 0358 1458 0468 0178 2578 3678
FAM D=51 ell=11 count=22 nF=17 blocks: 0123 0245 1346 0156 2356 1247 0347 1357 0267 4567 2348 0358 1268 0468 0178 2578 3678
FAM D=51 ell=11 count=22 nF=17 blocks: 0123 0245 1346 0156 2356 1247 0347 1357 0267 4567 2348 1458 1268 0468 0178 2578 3678
FAM D=51 ell=11 count=22 nF=17 blocks: 0123 0245 1346 0156 2356 1247 0347 1357 0267 4567 1258 3458 0368 2468 2378 0578 1678
FAM D=51 ell=11 count=22 nF=17 blocks: 0123 0245 1346 0156 2356 1247 0347 1357 0267 4567 0358 1458 1268 0468 0178 2578 3678
FAM D=51 ell=11 count=22 nF=17 blocks: 0123 0245 1346 0156 2356 1247 0347 1357 0267 0148 1258 3458 0368 2468 2378 0578 1678
FAM D=51 ell=11 count=22 nF=17 blocks: 0123 0245 1346 0156 2356 1247 0347 1357 0267 2348 0358 1458 1268 0468 0178 2578 3678
FAM D=51 ell=11 count=22 nF=17 blocks: 0123 0245 1346 0156 2356 1247 0347 1357 4567 0148 1258 3458 0368 2468 2378 0578 1678
FAM D=51 ell=11 count=22 nF=17 blocks: 0123 0245 1346 0156 2356 1247 0347 1357 4567 2348 0358 1458 1268 0468 0178 2578 3678
FAM D=51 ell=11 count=22 nF=17 blocks: 0123 0245 1346 0156 2356 1247 0347 0267 4567 0148 1258 3458 0368 2468 2378 0578 1678
FAM D=51 ell=11 count=22 nF=17 blocks: 0123 0245 1346 0156 2356 1247 0347 0267 4567 2348 0358 1458 1268 0468 0178 2578 3678
FAM D=51 ell=11 count=22 nF=17 blocks: 0123 0245 1346 0156 2356 1247 1357 0267 4567 0148 1258 3458 0368 2468 2378 0578 1678
FAM D=51 ell=11 count=22 nF=17 blocks: 0123 0245 1346 0156 2356 1247 1357 0267 4567 2348 0358 1458 1268 0468 0178 2578 3678
FAM D=51 ell=11 count=22 nF=17 blocks: 0123 0245 1346 0156 2356 0347 1357 0267 4567 0148 1258 3458 0368 2468 2378 0578 1678
FAM D=51 ell=11 count=22 nF=17 blocks: 0123 0245 1346 0156 2356 0347 1357 0267 4567 2348 0358 1458 1268 0468 0178 2578 3678
FAM D=51 ell=11 count=22 nF=17 blocks: 0123 0245 1346 0156 2356 2347 0357 1457 1267 0467 0148 1258 3458 0368 2468 0278 1378
FAM D=54 ell=11 count=19 nF=18 blocks: 0123 0245 1346 0156 2356 2347 0357 1457 1267 0467 0148 1258 3458 0368 2468 0278 1378 5678
FAM D=51 ell=11 count=22 nF=17 blocks: 0123 0245 1346 0156 2356 2347 0357 1457 1267 0467 0148 1258 3458 0368 2468 0278 5678
FAM D=51 ell=11 count=22 nF=17 blocks: 0123 0245 1346 0156 2356 2347 0357 1457 1267 0467 0148 1258 3458 0368 2468 1378 5678
FAM D=51 ell=11 count=22 nF=17 blocks: 0123 0245 1346 0156 2356 2347 0357 1457 1267 0467 0148 1258 3458 0368 0278 1378 5678
FAM D=51 ell=11 count=22 nF=17 blocks: 0123 0245 1346 0156 2356 2347 0357 1457 1267 0467 0148 1258 3458 2468 0278 1378 5678
FAM D=51 ell=11 count=22 nF=17 blocks: 0123 0245 1346 0156 2356 2347 0357 1457 1267 0467 0148 1258 0368 2468 0278 1378 5678
FAM D=51 ell=11 count=22 nF=17 blocks: 0123 0245 1346 0156 2356 2347 0357 1457 1267 0467 0148 3458 0368 2468 0278 1378 5678
FAM D=51 ell=11 count=22 nF=17 blocks: 0123 0245 1346 0156 2356 2347 0357 1457 1267 0467 1248 0348 1358 0268 4568 0178 2578
FAM D=54 ell=11 count=19 nF=18 blocks: 0123 0245 1346 0156 2356 2347 0357 1457 1267 0467 1248 0348 1358 0268 4568 0178 2578 3678
FAM D=51 ell=11 count=22 nF=17 blocks: 0123 0245 1346 0156 2356 2347 0357 1457 1267 0467 1248 0348 1358 0268 4568 0178 3678
FAM D=51 ell=11 count=22 nF=17 blocks: 0123 0245 1346 0156 2356 2347 0357 1457 1267 0467 1248 0348 1358 0268 4568 2578 3678
FAM D=51 ell=11 count=22 nF=17 blocks: 0123 0245 1346 0156 2356 2347 0357 1457 1267 0467 1248 0348 1358 0268 0178 2578 3678
FAM D=51 ell=11 count=22 nF=17 blocks: 0123 0245 1346 0156 2356 2347 0357 1457 1267 0467 1248 0348 1358 4568 0178 2578 3678
FAM D=51 ell=11 count=22 nF=17 blocks: 0123 0245 1346 0156 2356 2347 0357 1457 1267 0467 1248 0348 0268 4568 0178 2578 3678
FAM D=51 ell=11 count=22 nF=17 blocks: 0123 0245 1346 0156 2356 2347 0357 1457 1267 0467 1248 1358 0268 4568 0178 2578 3678
FAM D=51 ell=11 count=22 nF=17 blocks: 0123 0245 1346 0156 2356 2347 0357 1457 1267 0467 0348 1358 0268 4568 0178 2578 3678
FAM D=51 ell=11 count=22 nF=17 blocks: 0123 0245 1346 0156 2356 2347 0357 1457 1267 0467 1258 3458 0368 2468 0278 1378 5678
FAM D=51 ell=11 count=22 nF=17 blocks: 0123 0245 1346 0156 2356 2347 0357 1457 1267 0148 1258 3458 0368 2468 0278 1378 5678
FAM D=51 ell=11 count=22 nF=17 blocks: 0123 0245 1346 0156 2356 2347 0357 1457 1267 1248 0348 1358 0268 4568 0178 2578 3678
FAM D=51 ell=11 count=22 nF=17 blocks: 0123 0245 1346 0156 2356 2347 0357 1457 0467 0148 1258 3458 0368 2468 0278 1378 5678
FAM D=51 ell=11 count=22 nF=17 blocks: 0123 0245 1346 0156 2356 2347 0357 1457 0467 1248 0348 1358 0268 4568 0178 2578 3678
FAM D=51 ell=11 count=22 nF=17 blocks: 0123 0245 1346 0156 2356 2347 0357 1267 0467 0148 1258 3458 0368 2468 0278 1378 5678
FAM D=51 ell=11 count=22 nF=17 blocks: 0123 0245 1346 0156 2356 2347 0357 1267 0467 1248 0348 1358 0268 4568 0178 2578 3678
FAM D=51 ell=11 count=22 nF=17 blocks: 0123 0245 1346 0156 2356 2347 1457 1267 0467 0148 1258 3458 0368 2468 0278 1378 5678
FAM D=51 ell=11 count=22 nF=17 blocks: 0123 0245 1346 0156 2356 2347 1457 1267 0467 1248 0348 1358 0268 4568 0178 2578 3678
FAM D=51 ell=11 count=22 nF=17 blocks: 0123 0245 1346 0156 2356 1257 3457 0367 2467 1248 0348 1358 0268 4568 2378 0578 1678
FAM D=51 ell=11 count=22 nF=17 blocks: 0123 0245 1346 0156 2356 1257 3457 0367 2467 2348 0358 1458 1268 0468 0278 1378 5678
FAM D=51 ell=11 count=22 nF=17 blocks: 0123 0245 1346 0156 2356 0357 1457 1267 0467 0148 1258 3458 0368 2468 0278 1378 5678
FAM D=51 ell=11 count=22 nF=17 blocks: 0123 0245 1346 0156 2356 0357 1457 1267 0467 1248 0348 1358 0268 4568 0178 2578 3678
FAM D=51 ell=11 count=22 nF=17 blocks: 0123 0245 1346 0156 0147 1257 3457 0367 2467 1248 0348 1358 0268 4568 2378 0578 1678
FAM D=51 ell=11 count=22 nF=17 blocks: 0123 0245 1346 0156 0147 1257 3457 0367 2467 2348 0358 1458 1268 0468 0278 1378 5678
FAM D=51 ell=11 count=22 nF=17 blocks: 0123 0245 1346 0156 1247 0347 1357 0267 4567 0148 1258 3458 0368 2468 2378 0578 1678
FAM D=51 ell=11 count=22 nF=17 blocks: 0123 0245 1346 0156 1247 0347 1357 0267 4567 2348 0358 1458 1268 0468 0178 2578 3678
FAM D=51 ell=11 count=22 nF=17 blocks: 0123 0245 1346 0156 2347 0357 1457 1267 0467 0148 1258 3458 0368 2468 0278 1378 5678
FAM D=51 ell=11 count=22 nF=17 blocks: 0123 0245 1346 0156 2347 0357 1457 1267 0467 1248 0348 1358 0268 4568 0178 2578 3678
FAM D=51 ell=11 count=22 nF=17 blocks: 0123 0245 1346 1256 0356 0147 2347 1357 0267 4567 1248 0158 3458 2368 0468 0378 2578
FAM D=54 ell=11 count=19 nF=18 blocks: 0123 0245 1346 1256 0356 0147 2347 1357 0267 4567 1248 0158 3458 2368 0468 0378 2578 1678
FAM D=51 ell=11 count=22 nF=17 blocks: 0123 0245 1346 1256 0356 0147 2347 1357 0267 4567 1248 0158 3458 2368 0468 0378 1678
FAM D=51 ell=11 count=22 nF=17 blocks: 0123 0245 1346 1256 0356 0147 2347 1357 0267 4567 1248 0158 3458 2368 0468 2578 1678
FAM D=51 ell=11 count=22 nF=17 blocks: 0123 0245 1346 1256 0356 0147 2347 1357 0267 4567 1248 0158 3458 2368 0378 2578 1678
FAM D=51 ell=11 count=22 nF=17 blocks: 0123 0245 1346 1256 0356 0147 2347 1357 0267 4567 1248 0158 3458 0468 0378 2578 1678
FAM D=51 ell=11 count=22 nF=17 blocks: 0123 0245 1346 1256 0356 0147 2347 1357 0267 4567 1248 0158 2368 0468 0378 2578 1678
FAM D=51 ell=11 count=22 nF=17 blocks: 0123 0245 1346 1256 0356 0147 2347 1357 0267 4567 1248 3458 2368 0468 0378 2578 1678
FAM D=51 ell=11 count=22 nF=17 blocks: 0123 0245 1346 1256 0356 0147 2347 1357 0267 4567 0348 2358 1458 0168 2468 1278 0578
FAM D=54 ell=11 count=19 nF=18 blocks: 0123 0245 1346 1256 0356 0147 2347 1357 0267 4567 0348 2358 1458 0168 2468 1278 0578 3678
FAM D=51 ell=11 count=22 nF=17 blocks: 0123 0245 1346 1256 0356 0147 2347 1357 0267 4567 0348 2358 1458 0168 2468 1278 3678
FAM D=51 ell=11 count=22 nF=17 blocks: 0123 0245 1346 1256 0356 0147 2347 1357 0267 4567 0348 2358 1458 0168 2468 0578 3678
FAM D=51 ell=11 count=22 nF=17 blocks: 0123 0245 1346 1256 0356 0147 2347 1357 0267 4567 0348 2358 1458 0168 1278 0578 3678
FAM D=51 ell=11 count=22 nF=17 blocks: 0123 0245 1346 1256 0356 0147 2347 1357 0267 4567 0348 2358 1458 2468 1278 0578 3678
FAM D=51 ell=11 count=22 nF=17 blocks: 0123 0245 1346 1256 0356 0147 2347 1357 0267 4567 0348 2358 0168 2468 1278 0578 3678
FAM D=51 ell=11 count=22 nF=17 blocks: 0123 0245 1346 1256 0356 0147 2347 1357 0267 4567 0348 1458 0168 2468 1278 0578 3678
FAM D=51 ell=11 count=22 nF=17 blocks: 0123 0245 1346 1256 0356 0147 2347 1357 0267 4567 0158 3458 2368 0468 0378 2578 1678
FAM D=51 ell=11 count=22 nF=17 blocks: 0123 0245 1346 1256 0356 0147 2347 1357 0267 4567 2358 1458 0168 2468 1278 0578 3678
FAM D=51 ell=11 count=22 nF=17 blocks: 0123 0245 1346 1256 0356 0147 2347 1357 0267 1248 0158 3458 2368 0468 0378 2578 1678
FAM D=51 ell=11 count=22 nF=17 blocks: 0123 0245 1346 1256 0356 0147 2347 1357 0267 0348 2358 1458 0168 2468 1278 0578 3678
FAM D=51 ell=11 count=22 nF=17 blocks: 0123 0245 1346 1256 0356 0147 2347 1357 4567 1248 0158 3458 2368 0468 0378 2578 1678
FAM D=51 ell=11 count=22 nF=17 blocks: 0123 0245 1346 1256 0356 0147 2347 1357 4567 0348 2358 1458 0168 2468 1278 0578 3678
FAM D=51 ell=11 count=22 nF=17 blocks: 0123 0245 1346 1256 0356 0147 2347 0267 4567 1248 0158 3458 2368 0468 0378 2578 1678
FAM D=51 ell=11 count=22 nF=17 blocks: 0123 0245 1346 1256 0356 0147 2347 0267 4567 0348 2358 1458 0168 2468 1278 0578 3678
FAM D=51 ell=11 count=22 nF=17 blocks: 0123 0245 1346 1256 0356 0147 1357 0267 4567 1248 0158 3458 2368 0468 0378 2578 1678
FAM D=51 ell=11 count=22 nF=17 blocks: 0123 0245 1346 1256 0356 0147 1357 0267 4567 0348 2358 1458 0168 2468 1278 0578 3678
FAM D=51 ell=11 count=22 nF=17 blocks: 0123 0245 1346 1256 0356 1247 0157 3457 2367 0467 0148 2348 1358 0268 4568 0378 2578
FAM D=54 ell=11 count=19 nF=18 blocks: 0123 0245 1346 1256 0356 1247 0157 3457 2367 0467 0148 2348 1358 0268 4568 0378 2578 1678
FAM D=51 ell=11 count=22 nF=17 blocks: 0123 0245 1346 1256 0356 1247 0157 3457 2367 0467 0148 2348 1358 0268 4568 0378 1678
FAM D=51 ell=11 count=22 nF=17 blocks: 0123 0245 1346 1256 0356 1247 0157 3457 2367 0467 0148 2348 1358 0268 4568 2578 1678
FAM D=51 ell=11 count=22 nF=17 blocks: 0123 0245 1346 1256 0356 1247 0157 3457 2367 0467 0148 2348 1358 0268 0378 2578 1678
FAM D=51 ell=11 count=22 nF=17 blocks: 0123 0245 1346 1256 0356 1247 0157 3457 2367 0467 0148 2348 1358 4568 0378 2578 1678
FAM D=51 ell=11 count=22 nF=17 blocks: 0123 0245 1346 1256 0356 1247 0157 3457 2367 0467 0148 2348 0268 4568 0378 2578 1678
FAM D=51 ell=11 count=22 nF=17 blocks: 0123 0245 1346 1256 0356 1247 0157 3457 2367 0467 0148 1358 0268 4568 0378 2578 1678
FAM D=51 ell=11 count=22 nF=17 blocks: 0123 0245 1346 1256 0356 1247 0157 3457 2367 0467 0348 2358 1458 0168 2468 0278 1378
FAM D=54 ell=11 count=19 nF=18 blocks: 0123 0245 1346 1256 0356 1247 0157 3457 2367 0467 0348 2358 1458 0168 2468 0278 1378 5678
FAM D=51 ell=11 count=22 nF=17 blocks: 0123 0245 1346 1256 0356 1247 0157 3457 2367 0467 0348 2358 1458 0168 2468 0278 5678
FAM D=51 ell=11 count=22 nF=17 blocks: 0123 0245 1346 1256 0356 1247 0157 3457 2367 0467 0348 2358 1458 0168 2468 1378 5678
FAM D=51 ell=11 count=22 nF=17 blocks: 0123 0245 1346 1256 0356 1247 0157 3457 2367 0467 0348 2358 1458 0168 0278 1378 5678
FAM D=51 ell=11 count=22 nF=17 blocks: 0123 0245 1346 1256 0356 1247 0157 3457 2367 0467 0348 2358 1458 2468 0278 1378 5678
FAM D=51 ell=11 count=22 nF=17 blocks: 0123 0245 1346 1256 0356 1247 0157 3457 2367 0467 0348 2358 0168 2468 0278 1378 5678
FAM D=51 ell=11 count=22 nF=17 blocks: 0123 0245 1346 1256 0356 1247 0157 3457 2367 0467 0348 1458 0168 2468 0278 1378 5678
FAM D=51 ell=11 count=22 nF=17 blocks: 0123 0245 1346 1256 0356 1247 0157 3457 2367 0467 2348 1358 0268 4568 0378 2578 1678
FAM D=51 ell=11 count=22 nF=17 blocks: 0123 0245 1346 1256 0356 1247 0157 3457 2367 0467 2358 1458 0168 2468 0278 1378 5678
FAM D=51 ell=11 count=22 nF=17 blocks: 0123 0245 1346 1256 0356 1247 0157 3457 2367 0148 2348 1358 0268 4568 0378 2578 1678
FAM D=51 ell=11 count=22 nF=17 blocks: 0123 0245 1346 1256 0356 1247 0157 3457 2367 0348 2358 1458 0168 2468 0278 1378 5678
FAM D=51 ell=11 count=22 nF=17 blocks: 0123 0245 1346 1256 0356 1247 0157 3457 0467 0148 2348 1358 0268 4568 0378 2578 1678
FAM D=51 ell=11 count=22 nF=17 blocks: 0123 0245 1346 1256 0356 1247 0157 3457 0467 0348 2358 1458 0168 2468 0278 1378 5678
FAM D=51 ell=11 count=22 nF=17 blocks: 0123 0245 1346 1256 0356 1247 0157 2367 0467 0148 2348 1358 0268 4568 0378 2578 1678
FAM D=51 ell=11 count=22 nF=17 blocks: 0123 0245 1346 1256 0356 1247 0157 2367 0467 0348 2358 1458 0168 2468 0278 1378 5678
FAM D=51 ell=11 count=22 nF=17 blocks: 0123 0245 1346 1256 0356 1247 3457 2367 0467 0148 2348 1358 0268 4568 0378 2578 1678
FAM D=51 ell=11 count=22 nF=17 blocks: 0123 0245 1346 1256 0356 1247 3457 2367 0467 0348 2358 1458 0168 2468 0278 1378 5678
FAM D=51 ell=11 count=22 nF=17 blocks: 0123 0245 1346 1256 0356 0347 2357 1457 0167 2467 0148 2348 1358 0268 4568 1278 0578
FAM D=54 ell=11 count=19 nF=18 blocks: 0123 0245 1346 1256 0356 0347 2357 1457 0167 2467 0148 2348 1358 0268 4568 1278 0578 3678
FAM D=51 ell=11 count=22 nF=17 blocks: 0123 0245 1346 1256 0356 0347 2357 1457 0167 2467 0148 2348 1358 0268 4568 1278 3678
FAM D=51 ell=11 count=22 nF=17 blocks: 0123 0245 1346 1256 0356 0347 2357 1457 0167 2467 0148 2348 1358 0268 4568 0578 3678
FAM D=51 ell=11 count=22 nF=17 blocks: 0123 0245 1346 1256 0356 0347 2357 1457 0167 2467 0148 2348 1358 0268 1278 0578 3678
FAM D=51 ell=11 count=22 nF=17 blocks: 0123 0245 1346 1256 0356 0347 2357 1457 0167 2467 0148 2348 1358 4568 1278 0578 3678
FAM D=51 ell=11 count=22 nF=17 blocks: 0123 0245 1346 1256 0356 0347 2357 1457 0167 2467 0148 2348 0268 4568 1278 0578 3678
FAM D=51 ell=11 count=22 nF=17 blocks: 0123 0245 1346 1256 0356 0347 2357 1457 0167 2467 0148 1358 0268 4568 1278 0578 3678
FAM D=51 ell=11 count=22 nF=17 blocks: 0123 0245 1346 1256 0356 0347 2357 1457 0167 2467 1248 0158 3458 2368 0468 0278 1378
FAM D=54 ell=11 count=19 nF=18 blocks: 0123 0245 1346 1256 0356 0347 2357 1457 0167 2467 1248 0158 3458 2368 0468 0278 1378 5678
FAM D=51 ell=11 count=22 nF=17 blocks: 0123 0245 1346 1256 0356 0347 2357 1457 0167 2467 1248 0158 3458 2368 0468 0278 5678
FAM D=51 ell=11 count=22 nF=17 blocks: 0123 0245 1346 1256 0356 0347 2357 1457 0167 2467 1248 0158 3458 2368 0468 1378 5678
FAM D=51 ell=11 count=22 nF=17 blocks: 0123 0245 1346 1256 0356 0347 2357 1457 0167 2467 1248 0158 3458 2368 0278 1378 5678
FAM D=51 ell=11 count=22 nF=17 blocks: 0123 0245 1346 1256 0356 0347 2357 1457 0167 2467 1248 0158 3458 0468 0278 1378 5678
FAM D=51 ell=11 count=22 nF=17 blocks: 0123 0245 1346 1256 0356 0347 2357 1457 0167 2467 1248 0158 2368 0468 0278 1378 5678
FAM D=51 ell=11 count=22 nF=17 blocks: 0123 0245 1346 1256 0356 0347 2357 1457 0167 2467 1248 3458 2368 0468 0278 1378 5678
FAM D=51 ell=11 count=22 nF=17 blocks: 0123 0245 1346 1256 0356 0347 2357 1457 0167 2467 2348 1358 0268 4568 1278 0578 3678
FAM D=51 ell=11 count=22 nF=17 blocks: 0123 0245 1346 1256 0356 0347 2357 1457 0167 2467 0158 3458 2368 0468 0278 1378 5678
FAM D=51 ell=11 count=22 nF=17 blocks: 0123 0245 1346 1256 0356 0347 2357 1457 0167 0148 2348 1358 0268 4568 1278 0578 3678
FAM D=51 ell=11 count=22 nF=17 blocks: 0123 0245 1346 1256 0356 0347 2357 1457 0167 1248 0158 3458 2368 0468 0278 1378 5678
FAM D=51 ell=11 count=22 nF=17 blocks: 0123 0245 1346 1256 0356 0347 2357 1457 2467 0148 2348 1358 0268 4568 1278 0578 3678
FAM D=51 ell=11 count=22 nF=17 blocks: 0123 0245 1346 1256 0356 0347 2357 1457 2467 1248 0158 3458 2368 0468 0278 1378 5678
FAM D=51 ell=11 count=22 nF=17 blocks: 0123 0245 1346 1256 0356 0347 2357 0167 2467 0148 2348 1358 0268 4568 1278 0578 3678
FAM D=51 ell=11 count=22 nF=17 blocks: 0123 0245 1346 1256 0356 0347 2357 0167 2467 1248 0158 3458 2368 0468 0278 1378 5678
FAM D=51 ell=11 count=22 nF=17 blocks: 0123 0245 1346 1256 0356 0347 1457 0167 2467 0148 2348 1358 0268 4568 1278 0578 3678
FAM D=51 ell=11 count=22 nF=17 blocks: 0123 0245 1346 1256 0356 0347 1457 0167 2467 1248 0158 3458 2368 0468 0278 1378 5678
FAM D=51 ell=11 count=22 nF=17 blocks: 0123 0245 1346 1256 0356 2347 1357 0267 4567 1248 0158 3458 2368 0468 0378 2578 1678
FAM D=51 ell=11 count=22 nF=17 blocks: 0123 0245 1346 1256 0356 2347 1357 0267 4567 0348 2358 1458 0168 2468 1278 0578 3678
FAM D=51 ell=11 count=22 nF=17 blocks: 0123 0245 1346 1256 0356 0157 3457 2367 0467 0148 2348 1358 0268 4568 0378 2578 1678
FAM D=51 ell=11 count=22 nF=17 blocks: 0123 0245 1346 1256 0356 0157 3457 2367 0467 0348 2358 1458 0168 2468 0278 1378 5678
FAM D=51 ell=11 count=22 nF=17 blocks: 0123 0245 1346 1256 0356 2357 1457 0167 2467 0148 2348 1358 0268 4568 1278 0578 3678
FAM D=51 ell=11 count=22 nF=17 blocks: 0123 0245 1346 1256 0356 2357 1457 0167 2467 1248 0158 3458 2368 0468 0278 1378 5678
FAM D=51 ell=11 count=22 nF=17 blocks: 0123 0245 1346 1256 0147 2347 1357 0267 4567 1248 0158 3458 2368 0468 0378 2578 1678
FAM D=51 ell=11 count=22 nF=17 blocks: 0123 0245 1346 1256 0147 2347 1357 0267 4567 0348 2358 1458 0168 2468 1278 0578 3678
FAM D=51 ell=11 count=22 nF=17 blocks: 0123 0245 1346 1256 1247 0157 3457 2367 0467 0148 2348 1358 0268 4568 0378 2578 1678
FAM D=51 ell=11 count=22 nF=17 blocks: 0123 0245 1346 1256 1247 0157 3457 2367 0467 0348 2358 1458 0168 2468 0278 1378 5678
FAM D=51 ell=11 count=22 nF=17 blocks: 0123 0245 1346 1256 0347 2357 1457 0167 2467 0148 2348 1358 0268 4568 1278 0578 3678
FAM D=51 ell=11 count=22 nF=17 blocks: 0123 0245 1346 1256 0347 2357 1457 0167 2467 1248 0158 3458 2368 0468 0278 1378 5678
FAM D=51 ell=11 count=22 nF=17 blocks: 0123 0245 1346 0356 0147 2347 1357 0267 4567 1248 0158 3458 2368 0468 0378 2578 1678
FAM D=51 ell=11 count=22 nF=17 blocks: 0123 0245 1346 0356 0147 2347 1357 0267 4567 0348 2358 1458 0168 2468 1278 0578 3678
FAM D=51 ell=11 count=22 nF=17 blocks: 0123 0245 1346 0356 1247 0157 3457 2367 0467 0148 2348 1358 0268 4568 0378 2578 1678
FAM D=51 ell=11 count=22 nF=17 blocks: 0123 0245 1346 0356 1247 0157 3457 2367 0467 0348 2358 1458 0168 2468 0278 1378 5678
FAM D=51 ell=11 count=22 nF=17 blocks: 0123 0245 1346 0356 0347 2357 1457 0167 2467 0148 2348 1358 0268 4568 1278 0578 3678
FAM D=51 ell=11 count=22 nF=17 blocks: 0123 0245 1346 0356 0347 2357 1457 0167 2467 1248 0158 3458 2368 0468 0278 1378 5678
FAM D=51 ell=11 count=22 nF=17 blocks: 0123 0245 1346 2356 0147 1257 3457 0367 2467 1248 0348 1358 0268 4568 2378 0578 1678
FAM D=51 ell=11 count=22 nF=17 blocks: 0123 0245 1346 2356 0147 1257 3457 0367 2467 2348 0358 1458 1268 0468 0278 1378 5678
FAM D=51 ell=11 count=22 nF=17 blocks: 0123 0245 1346 2356 1247 0347 1357 0267 4567 0148 1258 3458 0368 2468 2378 0578 1678
FAM D=51 ell=11 count=22 nF=17 blocks: 0123 0245 1346 2356 1247 0347 1357 0267 4567 2348 0358 1458 1268 0468 0178 2578 3678
FAM D=51 ell=11 count=22 nF=17 blocks: 0123 0245 1346 2356 2347 0357 1457 1267 0467 0148 1258 3458 0368 2468 0278 1378 5678
FAM D=51 ell=11 count=22 nF=17 blocks: 0123 0245 1346 2356 2347 0357 1457 1267 0467 1248 0348 1358 0268 4568 0178 2578 3678
FAM D=51 ell=11 count=22 nF=17 blocks: 0123 0245 2346 0156 0147 2357 1267 0367 4567 1248 0358 1368 0468 2568 0278 3478 1578
FAM D=51 ell=11 count=22 nF=17 blocks: 0123 0245 2346 0156 0147 2357 1267 0367 4567 0348 1258 0268 1468 3568 1378 2478 0578
FAM D=51 ell=11 count=22 nF=17 blocks: 0123 0245 2346 0156 1247 0357 1367 0467 2567 0148 2358 1268 0368 4568 0278 3478 1578
FAM D=51 ell=11 count=22 nF=17 blocks: 0123 0245 2346 0156 1247 0357 1367 0467 2567 0348 1258 0268 1468 3568 0178 2378 4578
FAM D=51 ell=11 count=22 nF=17 blocks: 0123 0245 2346 0156 0347 1257 0267 1467 3567 0148 2358 1268 0368 4568 1378 2478 0578
FAM D=51 ell=11 count=22 nF=17 blocks: 0123 0245 2346 0156 0347 1257 0267 1467 3567 1248 0358 1368 0468 2568 0178 2378 4578
FAM D=51 ell=11 count=22 nF=17 blocks: 0123 0245 2346 0356 1456 0147 1257 3457 0267 1367 1248 0348 1358 0168 2568 2378 0578
FAM D=54 ell=11 count=19 nF=18 blocks: 0123 0245 2346 0356 1456 0147 1257 3457 0267 1367 1248 0348 1358 0168 2568 2378 0578 4678
FAM D=51 ell=11 count=22 nF=17 blocks: 0123 0245 2346 0356 1456 0147 1257 3457 0267 1367 1248 0348 1358 0168 2568 2378 4678
FAM D=51 ell=11 count=22 nF=17 blocks: 0123 0245 2346 0356 1456 0147 1257 3457 0267 1367 1248 0348 1358 0168 2568 0578 4678
FAM D=51 ell=11 count=22 nF=17 blocks: 0123 0245 2346 0356 1456 0147 1257 3457 0267 1367 1248 0348 1358 0168 2378 0578 4678
FAM D=51 ell=11 count=22 nF=17 blocks: 0123 0245 2346 0356 1456 0147 1257 3457 0267 1367 1248 0348 1358 2568 2378 0578 4678
FAM D=51 ell=11 count=22 nF=17 blocks: 0123 0245 2346 0356 1456 0147 1257 3457 0267 1367 1248 0348 0168 2568 2378 0578 4678
FAM D=51 ell=11 count=22 nF=17 blocks: 0123 0245 2346 0356 1456 0147 1257 3457 0267 1367 1248 1358 0168 2568 2378 0578 4678
FAM D=51 ell=11 count=22 nF=17 blocks: 0123 0245 2346 0356 1456 0147 1257 3457 0267 1367 0348 1358 0168 2568 2378 0578 4678
FAM D=51 ell=11 count=22 nF=17 blocks: 0123 0245 2346 0356 1456 0147 1257 3457 0267 1367 1348 0158 2358 1268 0468 0378 2478
FAM D=54 ell=11 count=19 nF=18 blocks: 0123 0245 2346 0356 1456 0147 1257 3457 0267 1367 1348 0158 2358 1268 0468 0378 2478 5678
FAM D=51 ell=11 count=22 nF=17 blocks: 0123 0245 2346 0356 1456 0147 1257 3457 0267 1367 1348 0158 2358 1268 0468 0378 5678
FAM D=51 ell=11 count=22 nF=17 blocks: 0123 0245 2346 0356 1456 0147 1257 3457 0267 1367 1348 0158 2358 1268 0468 2478 5678
FAM D=51 ell=11 count=22 nF=17 blocks: 0123 0245 2346 0356 1456 0147 1257 3457 0267 1367 1348 0158 2358 1268 0378 2478 5678
FAM D=51 ell=11 count=22 nF=17 blocks: 0123 0245 2346 0356 1456 0147 1257 3457 0267 1367 1348 0158 2358 0468 0378 2478 5678
FAM D=51 ell=11 count=22 nF=17 blocks: 0123 0245 2346 0356 1456 0147 1257 3457 0267 1367 1348 0158 1268 0468 0378 2478 5678
FAM D=51 ell=11 count=22 nF=17 blocks: 0123 0245 2346 0356 1456 0147 1257 3457 0267 1367 1348 2358 1268 0468 0378 2478 5678
FAM D=51 ell=11 count=22 nF=17 blocks: 0123 0245 2346 0356 1456 0147 1257 3457 0267 1367 0158 2358 1268 0468 0378 2478 5678
FAM D=51 ell=11 count=22 nF=17 blocks: 0123 0245 2346 0356 1456 0147 1257 3457 0267 1248 0348 1358 0168 2568 2378 0578 4678
FAM D=51 ell=11 count=22 nF=17 blocks: 0123 0245 2346 0356 1456 0147 1257 3457 0267 1348 0158 2358 1268 0468 0378 2478 5678
FAM D=51 ell=11 count=22 nF=17 blocks: 0123 0245 2346 0356 1456 0147 1257 3457 1367 1248 0348 1358 0168 2568 2378 0578 4678
FAM D=51 ell=11 count=22 nF=17 blocks: 0123 0245 2346 0356 1456 0147 1257 3457 1367 1348 0158 2358 1268 0468 0378 2478 5678
FAM D=51 ell=11 count=22 nF=17 blocks: 0123 0245 2346 0356 1456 0147 1257 0267 1367 1248 0348 1358 0168 2568 2378 0578 4678
FAM D=51 ell=11 count=22 nF=17 blocks: 0123 0245 2346 0356 1456 0147 1257 0267 1367 1348 0158 2358 1268 0468 0378 2478 5678
FAM D=51 ell=11 count=22 nF=17 blocks: 0123 0245 2346 0356 1456 0147 3457 0267 1367 1248 0348 1358 0168 2568 2378 0578 4678
FAM D=51 ell=11 count=22 nF=17 blocks: 0123 0245 2346 0356 1456 0147 3457 0267 1367 1348 0158 2358 1268 0468 0378 2478 5678
FAM D=51 ell=11 count=22 nF=17 blocks: 0123 0245 2346 0356 1456 1247 0347 1357 0167 2567 0148 1258 3458 0268 1368 2378 0578
FAM D=54 ell=11 count=19 nF=18 blocks: 0123 0245 2346 0356 1456 1247 0347 1357 0167 2567 0148 1258 3458 0268 1368 2378 0578 4678
FAM D=51 ell=11 count=22 nF=17 blocks: 0123 0245 2346 0356 1456 1247 0347 1357 0167 2567 0148 1258 3458 0268 1368 2378 4678
FAM D=51 ell=11 count=22 nF=17 blocks: 0123 0245 2346 0356 1456 1247 0347 1357 0167 2567 0148 1258 3458 0268 1368 0578 4678
FAM D=51 ell=11 count=22 nF=17 blocks: 0123 0245 2346 0356 1456 1247 0347 1357 0167 2567 0148 1258 3458 0268 2378 0578 4678
FAM D=51 ell=11 count=22 nF=17 blocks: 0123 0245 2346 0356 1456 1247 0347 1357 0167 2567 0148 1258 3458 1368 2378 0578 4678
FAM D=51 ell=11 count=22 nF=17 blocks: 0123 0245 2346 0356 1456 1247 0347 1357 0167 2567 0148 1258 0268 1368 2378 0578 4678
FAM D=51 ell=11 count=22 nF=17 blocks: 0123 0245 2346 0356 1456 1247 0347 1357 0167 2567 0148 3458 0268 1368 2378 0578 4678
FAM D=51 ell=11 count=22 nF=17 blocks: 0123 0245 2346 0356 1456 1247 0347 1357 0167 2567 1348 0158 2358 1268 0468 0278 4578
FAM D=54 ell=11 count=19 nF=18 blocks: 0123 0245 2346 0356 1456 1247 0347 1357 0167 2567 1348 0158 2358 1268 0468 0278 4578 3678
FAM D=51 ell=11 count=22 nF=17 blocks: 0123 0245 2346 0356 1456 1247 0347 1357 0167 2567 1348 0158 2358 1268 0468 0278 3678
FAM D=51 ell=11 count=22 nF=17 blocks: 0123 0245 2346 0356 1456 1247 0347 1357 0167 2567 1348 0158 2358 1268 0468 4578 3678
FAM D=51 ell=11 count=22 nF=17 blocks: 0123 0245 2346 0356 1456 1247 0347 1357 0167 2567 1348 0158 2358 1268 0278 4578 3678
FAM D=51 ell=11 count=22 nF=17 blocks: 0123 0245 2346 0356 1456 1247 0347 1357 0167 2567 1348 0158 2358 0468 0278 4578 3678
FAM D=51 ell=11 count=22 nF=17 blocks: 0123 0245 2346 0356 1456 1247 0347 1357 0167 2567 1348 0158 1268 0468 0278 4578 3678
FAM D=51 ell=11 count=22 nF=17 blocks: 0123 0245 2346 0356 1456 1247 0347 1357 0167 2567 1348 2358 1268 0468 0278 4578 3678
FAM D=51 ell=11 count=22 nF=17 blocks: 0123 0245 2346 0356 1456 1247 0347 1357 0167 2567 0158 2358 1268 0468 0278 4578 3678
FAM D=51 ell=11 count=22 nF=17 blocks: 0123 0245 2346 0356 1456 1247 0347 1357 0167 2567 1258 3458 0268 1368 2378 0578 4678
FAM D=51 ell=11 count=22 nF=17 blocks: 0123 0245 2346 0356 1456 1247 0347 1357 0167 0148 1258 3458 0268 1368 2378 0578 4678
FAM D=51 ell=11 count=22 nF=17 blocks: 0123 0245 2346 0356 1456 1247 0347 1357 0167 1348 0158 2358 1268 0468 0278 4578 3678
FAM D=51 ell=11 count=22 nF=17 blocks: 0123 0245 2346 0356 1456 1247 0347 1357 2567 0148 1258 3458 0268 1368 2378 0578 4678
FAM D=51 ell=11 count=22 nF=17 blocks: 0123 0245 2346 0356 1456 1247 0347 1357 2567 1348 0158 2358 1268 0468 0278 4578 3678
FAM D=51 ell=11 count=22 nF=17 blocks: 0123 0245 2346 0356 1456 1247 0347 0167 2567 0148 1258 3458 0268 1368 2378 0578 4678
FAM D=51 ell=11 count=22 nF=17 blocks: 0123 0245 2346 0356 1456 1247 0347 0167 2567 1348 0158 2358 1268 0468 0278 4578 3678
FAM D=51 ell=11 count=22 nF=17 blocks: 0123 0245 2346 0356 1456 1247 1357 0167 2567 0148 1258 3458 0268 1368 2378 0578 4678
FAM D=51 ell=11 count=22 nF=17 blocks: 0123 0245 2346 0356 1456 1247 1357 0167 2567 1348 0158 2358 1268 0468 0278 4578 3678
FAM D=51 ell=11 count=22 nF=17 blocks: 0123 0245 2346 0356 1456 0347 1357 0167 2567 0148 1258 3458 0268 1368 2378 0578 4678
FAM D=51 ell=11 count=22 nF=17 blocks: 0123 0245 2346 0356 1456 0347 1357 0167 2567 1348 0158 2358 1268 0468 0278 4578 3678
FAM D=51 ell=11 count=22 nF=17 blocks: 0123 0245 2346 0356 1456 1347 0157 2357 1267 0467 0148 1258 3458 0268 1368 0378 2478
FAM D=54 ell=11 count=19 nF=18 blocks: 0123 0245 2346 0356 1456 1347 0157 2357 1267 0467 0148 1258 3458 0268 1368 0378 2478 5678
FAM D=51 ell=11 count=22 nF=17 blocks: 0123 0245 2346 0356 1456 1347 0157 2357 1267 0467 0148 1258 3458 0268 1368 0378 5678
FAM D=51 ell=11 count=22 nF=17 blocks: 0123 0245 2346 0356 1456 1347 0157 2357 1267 0467 0148 1258 3458 0268 1368 2478 5678
FAM D=51 ell=11 count=22 nF=17 blocks: 0123 0245 2346 0356 1456 1347 0157 2357 1267 0467 0148 1258 3458 0268 0378 2478 5678
FAM D=51 ell=11 count=22 nF=17 blocks: 0123 0245 2346 0356 1456 1347 0157 2357 1267 0467 0148 1258 3458 1368 0378 2478 5678
FAM D=51 ell=11 count=22 nF=17 blocks: 0123 0245 2346 0356 1456 1347 0157 2357 1267 0467 0148 1258 0268 1368 0378 2478 5678
FAM D=51 ell=11 count=22 nF=17 blocks: 0123 0245 2346 0356 1456 1347 0157 2357 1267 0467 0148 3458 0268 1368 0378 2478 5678
FAM D=51 ell=11 count=22 nF=17 blocks: 0123 0245 2346 0356 1456 1347 0157 2357 1267 0467 1248 0348 1358 0168 2568 0278 4578
FAM D=54 ell=11 count=19 nF=18 blocks: 0123 0245 2346 0356 1456 1347 0157 2357 1267 0467 1248 0348 1358 0168 2568 0278 4578 3678
FAM D=51 ell=11 count=22 nF=17 blocks: 0123 0245 2346 0356 1456 1347 0157 2357 1267 0467 1248 0348 1358 0168 2568 0278 3678
FAM D=51 ell=11 count=22 nF=17 blocks: 0123 0245 2346 0356 1456 1347 0157 2357 1267 0467 1248 0348 1358 0168 2568 4578 3678
FAM D=51 ell=11 count=22 nF=17 blocks: 0123 0245 2346 0356 1456 1347 0157 2357 1267 0467 1248 0348 1358 0168 0278 4578 3678
FAM D=51 ell=11 count=22 nF=17 blocks: 0123 0245 2346 0356 1456 1347 0157 2357 1267 0467 1248 0348 1358 2568 0278 4578 3678
FAM D=51 ell=11 count=22 nF=17 blocks: 0123 0245 2346 0356 1456 1347 0157 2357 1267 0467 1248 0348 0168 2568 0278 4578 3678
FAM D=51 ell=11 count=22 nF=17 blocks: 0123 0245 2346 0356 1456 1347 0157 2357 1267 0467 1248 1358 0168 2568 0278 4578 3678
FAM D=51 ell=11 count=22 nF=17 blocks: 0123 0245 2346 0356 1456 1347 0157 2357 1267 0467 0348 1358 0168 2568 0278 4578 3678
FAM D=51 ell=11 count=22 nF=17 blocks: 0123 0245 2346 0356 1456 1347 0157 2357 1267 0467 1258 3458 0268 1368 0378 2478 5678
FAM D=51 ell=11 count=22 nF=17 blocks: 0123 0245 2346 0356 1456 1347 0157 2357 1267 0148 1258 3458 0268 1368 0378 2478 5678
FAM D=51 ell=11 count=22 nF=17 blocks: 0123 0245 2346 0356 1456 1347 0157 2357 1267 1248 0348 1358 0168 2568 0278 4578 3678
FAM D=51 ell=11 count=22 nF=17 blocks: 0123 0245 2346 0356 1456 1347 0157 2357 0467 0148 1258 3458 0268 1368 0378 2478 5678
FAM D=51 ell=11 count=22 nF=17 blocks: 0123 0245 2346 0356 1456 1347 0157 2357 0467 1248 0348 1358 0168 2568 0278 4578 3678
FAM D=51 ell=11 count=22 nF=17 blocks: 0123 0245 2346 0356 1456 1347 0157 1267 0467 0148 1258 3458 0268 1368 0378 2478 5678
FAM D=51 ell=11 count=22 nF=17 blocks: 0123 0245 2346 0356 1456 1347 0157 1267 0467 1248 0348 1358 0168 2568 0278 4578 3678
FAM D=51 ell=11 count=22 nF=17 blocks: 0123 0245 2346 0356 1456 1347 2357 1267 0467 0148 1258 3458 0268 1368 0378 2478 5678
FAM D=51 ell=11 count=22 nF=17 blocks: 0123 0245 2346 0356 1456 1347 2357 1267 0467 1248 0348 1358 0168 2568 0278 4578 3678
FAM D=51 ell=11 count=22 nF=17 blocks: 0123 0245 2346 0356 1456 0157 2357 1267 0467 0148 1258 3458 0268 1368 0378 2478 5678
FAM D=51 ell=11 count=22 nF=17 blocks: 0123 0245 2346 0356 1456 0157 2357 1267 0467 1248 0348 1358 0168 2568 0278 4578 3678
FAM D=51 ell=11 count=22 nF=17 blocks: 0123 0245 2346 0356 1456 1257 3457 0267 1367 1248 0348 1358 0168 2568 2378 0578 4678
FAM D=51 ell=11 count=22 nF=17 blocks: 0123 0245 2346 0356 1456 1257 3457 0267 1367 1348 0158 2358 1268 0468 0378 2478 5678
FAM D=51 ell=11 count=22 nF=17 blocks: 0123 0245 2346 0356 0147 1257 3457 0267 1367 1248 0348 1358 0168 2568 2378 0578 4678
FAM D=51 ell=11 count=22 nF=17 blocks: 0123 0245 2346 0356 0147 1257 3457 0267 1367 1348 0158 2358 1268 0468 0378 2478 5678
FAM D=51 ell=11 count=22 nF=17 blocks: 0123 0245 2346 0356 1247 0347 1357 0167 2567 0148 1258 3458 0268 1368 2378 0578 4678
FAM D=51 ell=11 count=22 nF=17 blocks: 0123 0245 2346 0356 1247 0347 1357 0167 2567 1348 0158 2358 1268 0468 0278 4578 3678
FAM D=51 ell=11 count=22 nF=17 blocks: 0123 0245 2346 0356 1347 0157 2357 1267 0467 0148 1258 3458 0268 1368 0378 2478 5678
FAM D=51 ell=11 count=22 nF=17 blocks: 0123 0245 2346 0356 1347 0157 2357 1267 0467 1248 0348 1358 0168 2568 0278 4578 3678
FAM D=51 ell=11 count=22 nF=17 blocks: 0123 0245 2346 1356 1247 0157 3457 0367 2567 0348 2358 1458 1268 0568 0278 1378 4678
FAM D=51 ell=11 count=22 nF=17 blocks: 0123 0245 2346 1356 1247 0157 3457 0367 2567 1348 1258 0358 0268 4568 2378 0478 1678
FAM D=51 ell=11 count=22 nF=17 blocks: 0123 0245 2346 1356 0347 2357 1457 1267 0567 1248 0158 3458 0368 2568 0278 1378 4678
FAM D=51 ell=11 count=22 nF=17 blocks: 0123 0245 2346 1356 0347 2357 1457 1267 0567 1348 1258 0358 0268 4568 0178 2478 3678
FAM D=51 ell=11 count=22 nF=17 blocks: 0123 0245 2346 1356 1347 1257 0357 0267 4567 1248 0158 3458 0368 2568 2378 0478 1678
FAM D=51 ell=11 count=22 nF=17 blocks: 0123 0245 2346 1356 1347 1257 0357 0267 4567 0348 2358 1458 1268 0568 0178 2478 3678
FAM D=51 ell=11 count=22 nF=17 blocks: 0123 0245 2346 1456 0147 1257 3457 0267 1367 1248 0348 1358 0168 2568 2378 0578 4678
FAM D=51 ell=11 count=22 nF=17 blocks: 0123 0245 2346 1456 0147 1257 3457 0267 1367 1348 0158 2358 1268 0468 0378 2478 5678
FAM D=51 ell=11 count=22 nF=17 blocks: 0123 0245 2346 1456 1247 0347 1357 0167 2567 0148 1258 3458 0268 1368 2378 0578 4678
FAM D=51 ell=11 count=22 nF=17 blocks: 0123 0245 2346 1456 1247 0347 1357 0167 2567 1348 0158 2358 1268 0468 0278 4578 3678
FAM D=51 ell=11 count=22 nF=17 blocks: 0123 0245 2346 1456 1347 0157 2357 1267 0467 0148 1258 3458 0268 1368 0378 2478 5678
FAM D=51 ell=11 count=22 nF=17 blocks: 0123 0245 2346 1456 1347 0157 2357 1267 0467 1248 0348 1358 0168 2568 0278 4578 3678
FAM D=51 ell=11 count=22 nF=17 blocks: 0123 0245 0156 2356 0147 1257 3457 0367 2467 1248 0348 1358 0268 4568 2378 0578 1678
FAM D=51 ell=11 count=22 nF=17 blocks: 0123 0245 0156 2356 0147 1257 3457 0367 2467 2348 0358 1458 1268 0468 0278 1378 5678
FAM D=51 ell=11 count=22 nF=17 blocks: 0123 0245 0156 2356 1247 0347 1357 0267 4567 0148 1258 3458 0368 2468 2378 0578 1678
FAM D=51 ell=11 count=22 nF=17 blocks: 0123 0245 0156 2356 1247 0347 1357 0267 4567 2348 0358 1458 1268 0468 0178 2578 3678
FAM D=51 ell=11 count=22 nF=17 blocks: 0123 0245 0156 2356 2347 0357 1457 1267 0467 0148 1258 3458 0368 2468 0278 1378 5678
FAM D=51 ell=11 count=22 nF=17 blocks: 0123 0245 0156 2356 2347 0357 1457 1267 0467 1248 0348 1358 0268 4568 0178 2578 3678
FAM D=51 ell=11 count=22 nF=17 blocks: 0123 0245 0156 3456 0147 2347 1357 0367 2567 0348 2358 1458 0268 1368 1278 0578 4678
FAM D=51 ell=11 count=22 nF=17 blocks: 0123 0245 0156 3456 0147 2347 1357 0367 2567 1348 1258 0358 2368 0468 0278 4578 1678
FAM D=51 ell=11 count=22 nF=17 blocks: 0123 0245 0156 3456 0347 2357 1457 0267 1367 0148 2348 1358 0368 2568 1278 0578 4678
FAM D=51 ell=11 count=22 nF=17 blocks: 0123 0245 0156 3456 0347 2357 1457 0267 1367 1348 1258 0358 2368 0468 0178 2478 5678
FAM D=51 ell=11 count=22 nF=17 blocks: 0123 0245 0156 3456 1347 1257 0357 2367 0467 0148 2348 1358 0368 2568 0278 4578 1678
FAM D=51 ell=11 count=22 nF=17 blocks: 0123 0245 0156 3456 1347 1257 0357 2367 0467 0348 2358 1458 0268 1368 0178 2478 5678
FAM D=51 ell=11 count=22 nF=17 blocks: 0123 0245 1256 0356 0147 2347 1357 0267 4567 1248 0158 3458 2368 0468 0378 2578 1678
FAM D=51 ell=11 count=22 nF=17 blocks: 0123 0245 1256 0356 0147 2347 1357 0267 4567 0348 2358 1458 0168 2468 1278 0578 3678
FAM D=51 ell=11 count=22 nF=17 blocks: 0123 0245 1256 0356 1247 0157 3457 2367 0467 0148 2348 1358 0268 4568 0378 2578 1678
FAM D=51 ell=11 count=22 nF=17 blocks: 0123 0245 1256 0356 1247 0157 3457 2367 0467 0348 2358 1458 0168 2468 0278 1378 5678
FAM D=51 ell=11 count=22 nF=17 blocks: 0123 0245 1256 0356 0347 2357 1457 0167 2467 0148 2348 1358 0268 4568 1278 0578 3678
FAM D=51 ell=11 count=22 nF=17 blocks: 0123 0245 1256 0356 0347 2357 1457 0167 2467 1248 0158 3458 2368 0468 0278 1378 5678
FAM D=51 ell=11 count=22 nF=17 blocks: 0123 0245 1256 3456 1247 0347 1357 2367 0567 1348 0158 2358 0368 2468 0278 4578 1678
FAM D=51 ell=11 count=22 nF=17 blocks: 0123 0245 1256 3456 1247 0347 1357 2367 0567 2348 0358 1458 0268 1368 0178 2578 4678
FAM D=51 ell=11 count=22 nF=17 blocks: 0123 0245 1256 3456 1347 0157 2357 0367 2467 1248 0348 1358 2368 0568 0278 4578 1678
FAM D=51 ell=11 count=22 nF=17 blocks: 0123 0245 1256 3456 1347 0157 2357 0367 2467 2348 0358 1458 0268 1368 1278 0478 5678
FAM D=51 ell=11 count=22 nF=17 blocks: 0123 0245 1256 3456 2347 0357 1457 0267 1367 1248 0348 1358 2368 0568 0178 2578 4678
FAM D=51 ell=11 count=22 nF=17 blocks: 0123 0245 1256 3456 2347 0357 1457 0267 1367 1348 0158 2358 0368 2468 1278 0478 5678
FAM D=51 ell=11 count=22 nF=17 blocks: 0123 0245 0356 1456 0147 1257 3457 0267 1367 1248 0348 1358 0168 2568 2378 0578 4678
FAM D=51 ell=11 count=22 nF=17 blocks: 0123 0245 0356 1456 0147 1257 3457 0267 1367 1348 0158 2358 1268 0468 0378 2478 5678
FAM D=51 ell=11 count=22 nF=17 blocks: 0123 0245 0356 1456 1247 0347 1357 0167 2567 0148 1258 3458 0268 1368 2378 0578 4678
FAM D=51 ell=11 count=22 nF=17 blocks: 0123 0245 0356 1456 1247 0347 1357 0167 2567 1348 0158 2358 1268 0468 0278 4578 3678
FAM D=51 ell=11 count=22 nF=17 blocks: 0123 0245 0356 1456 1347 0157 2357 1267 0467 0148 1258 3458 0268 1368 0378 2478 5678
FAM D=51 ell=11 count=22 nF=17 blocks: 0123 0245 0356 1456 1347 0157 2357 1267 0467 1248 0348 1358 0168 2568 0278 4578 3678
FAM D=51 ell=11 count=22 nF=17 blocks: 0123 0245 2356 1456 0147 2347 1357 1267 0567 1248 0158 3458 0268 1368 0378 2578 4678
FAM D=51 ell=11 count=22 nF=17 blocks: 0123 0245 2356 1456 0147 2347 1357 1267 0567 1348 1258 0358 0168 2468 0278 4578 3678
FAM D=51 ell=11 count=22 nF=17 blocks: 0123 0245 2356 1456 1247 0157 3457 0267 1367 0148 2348 1358 1268 0568 0378 2578 4678
FAM D=51 ell=11 count=22 nF=17 blocks: 0123 0245 2356 1456 1247 0157 3457 0267 1367 1348 1258 0358 0168 2468 2378 0478 5678
FAM D=51 ell=11 count=22 nF=17 blocks: 0123 0245 2356 1456 1347 1257 0357 0167 2467 0148 2348 1358 1268 0568 0278 4578 3678
FAM D=51 ell=11 count=22 nF=17 blocks: 0123 0245 2356 1456 1347 1257 0357 0167 2467 1248 0158 3458 0268 1368 2378 0478 5678
FAM D=51 ell=11 count=22 nF=17 blocks: 0123 1245 0345 0146 2356 0247 1357 1267 3467 0567 1348 0258 0368 2468 1568 0178 2378
FAM D=54 ell=11 count=19 nF=18 blocks: 0123 1245 0345 0146 2356 0247 1357 1267 3467 0567 1348 0258 0368 2468 1568 0178 2378 4578
FAM D=51 ell=11 count=22 nF=17 blocks: 0123 1245 0345 0146 2356 0247 1357 1267 3467 0567 1348 0258 0368 2468 1568 0178 4578
FAM D=51 ell=11 count=22 nF=17 blocks: 0123 1245 0345 0146 2356 0247 1357 1267 3467 0567 1348 0258 0368 2468 1568 2378 4578
FAM D=51 ell=11 count=22 nF=17 blocks: 0123 1245 0345 0146 2356 0247 1357 1267 3467 0567 1348 0258 0368 2468 0178 2378 4578
FAM D=51 ell=11 count=22 nF=17 blocks: 0123 1245 0345 0146 2356 0247 1357 1267 3467 0567 1348 0258 0368 1568 0178 2378 4578
FAM D=51 ell=11 count=22 nF=17 blocks: 0123 1245 0345 0146 2356 0247 1357 1267 3467 0567 1348 0258 2468 1568 0178 2378 4578
FAM D=51 ell=11 count=22 nF=17 blocks: 0123 1245 0345 0146 2356 0247 1357 1267 3467 0567 1348 0368 2468 1568 0178 2378 4578
FAM D=51 ell=11 count=22 nF=17 blocks: 0123 1245 0345 0146 2356 0247 1357 1267 3467 0567 2348 0158 0268 1368 4568 0378 1478
FAM D=54 ell=11 count=19 nF=18 blocks: 0123 1245 0345 0146 2356 0247 1357 1267 3467 0567 2348 0158 0268 1368 4568 0378 1478 2578
FAM D=51 ell=11 count=22 nF=17 blocks: 0123 1245 0345 0146 2356 0247 1357 1267 3467 0567 2348 0158 0268 1368 4568 0378 2578
FAM D=51 ell=11 count=22 nF=17 blocks: 0123 1245 0345 0146 2356 0247 1357 1267 3467 0567 2348 0158 0268 1368 4568 1478 2578
FAM D=51 ell=11 count=22 nF=17 blocks: 0123 1245 0345 0146 2356 0247 1357 1267 3467 0567 2348 0158 0268 1368 0378 1478 2578
FAM D=51 ell=11 count=22 nF=17 blocks: 0123 1245 0345 0146 2356 0247 1357 1267 3467 0567 2348 0158 0268 4568 0378 1478 2578
FAM D=51 ell=11 count=22 nF=17 blocks: 0123 1245 0345 0146 2356 0247 1357 1267 3467 0567 2348 0158 1368 4568 0378 1478 2578
FAM D=51 ell=11 count=22 nF=17 blocks: 0123 1245 0345 0146 2356 0247 1357 1267 3467 0567 2348 0268 1368 4568 0378 1478 2578
FAM D=51 ell=11 count=22 nF=17 blocks: 0123 1245 0345 0146 2356 0247 1357 1267 3467 0567 0158 0268 1368 4568 0378 1478 2578
FAM D=51 ell=11 count=22 nF=17 blocks: 0123 1245 0345 0146 2356 0247 1357 1267 3467 0567 0258 0368 2468 1568 0178 2378 4578
FAM D=51 ell=11 count=22 nF=17 blocks: 0123 1245 0345 0146 2356 0247 1357 1267 3467 1348 0258 0368 2468 1568 0178 2378 4578
FAM D=51 ell=11 count=22 nF=17 blocks: 0123 1245 0345 0146 2356 0247 1357 1267 3467 2348 0158 0268 1368 4568 0378 1478 2578
FAM D=51 ell=11 count=22 nF=17 blocks: 0123 1245 0345 0146 2356 0247 1357 1267 0567 1348 0258 0368 2468 1568 0178 2378 4578
FAM D=51 ell=11 count=22 nF=17 blocks: 0123 1245 0345 0146 2356 0247 1357 1267 0567 2348 0158 0268 1368 4568 0378 1478 2578
FAM D=51 ell=11 count=22 nF=17 blocks: 0123 1245 0345 0146 2356 0247 1357 3467 0567 1348 0258 0368 2468 1568 0178 2378 4578
FAM D=51 ell=11 count=22 nF=17 blocks: 0123 1245 0345 0146 2356 0247 1357 3467 0567 2348 0158 0268 1368 4568 0378 1478 2578
FAM D=51 ell=11 count=22 nF=17 blocks: 0123 1245 0345 0146 2356 0247 1267 3467 0567 1348 0258 0368 2468 1568 0178 2378 4578
FAM D=51 ell=11 count=22 nF=17 blocks: 0123 1245 0345 0146 2356 0247 1267 3467 0567 2348 0158 0268 1368 4568 0378 1478 2578
FAM D=51 ell=11 count=22 nF=17 blocks: 0123 1245 0345 0146 2356 1347 0257 0367 2467 1567 0248 1358 1268 3468 0568 0178 2378
FAM D=54 ell=11 count=19 nF=18 blocks: 0123 1245 0345 0146 2356 1347 0257 0367 2467 1567 0248 1358 1268 3468 0568 0178 2378 4578
FAM D=51 ell=11 count=22 nF=17 blocks: 0123 1245 0345 0146 2356 1347 0257 0367 2467 1567 0248 1358 1268 3468 0568 0178 4578
FAM D=51 ell=11 count=22 nF=17 blocks: 0123 1245 0345 0146 2356 1347 0257 0367 2467 1567 0248 1358 1268 3468 0568 2378 4578
FAM D=51 ell=11 count=22 nF=17 blocks: 0123 1245 0345 0146 2356 1347 0257 0367 2467 1567 0248 1358 1268 3468 0178 2378 4578
FAM D=51 ell=11 count=22 nF=17 blocks: 0123 1245 0345 0146 2356 1347 0257 0367 2467 1567 0248 1358 1268 0568 0178 2378 4578
FAM D=51 ell=11 count=22 nF=17 blocks: 0123 1245 0345 0146 2356 1347 0257 0367 2467 1567 0248 1358 3468 0568 0178 2378 4578
FAM D=51 ell=11 count=22 nF=17 blocks: 0123 1245 0345 0146 2356 1347 0257 0367 2467 1567 0248 1268 3468 0568 0178 2378 4578
FAM D=51 ell=11 count=22 nF=17 blocks: 0123 1245 0345 0146 2356 1347 0257 0367 2467 1567 2348 0158 0268 1368 4568 1278 0478
FAM D=54 ell=11 count=19 nF=18 blocks: 0123 1245 0345 0146 2356 1347 0257 0367 2467 1567 2348 0158 0268 1368 4568 1278 0478 3578
FAM D=51 ell=11 count=22 nF=17 blocks: 0123 1245 0345 0146 2356 1347 0257 0367 2467 1567 2348 0158 0268 1368 4568 1278 3578
FAM D=51 ell=11 count=22 nF=17 blocks: 0123 1245 0345 0146 2356 1347 0257 0367 2467 1567 2348 0158 0268 1368 4568 0478 3578
FAM D=51 ell=11 count=22 nF=17 blocks: 0123 1245 0345 0146 2356 1347 0257 0367 2467 1567 2348 0158 0268 1368 1278 0478 3578
FAM D=51 ell=11 count=22 nF=17 blocks: 0123 1245 0345 0146 2356 1347 0257 0367 2467 1567 2348 0158 0268 4568 1278 0478 3578
FAM D=51 ell=11 count=22 nF=17 blocks: 0123 1245 0345 0146 2356 1347 0257 0367 2467 1567 2348 0158 1368 4568 1278 0478 3578
FAM D=51 ell=11 count=22 nF=17 blocks: 0123 1245 0345 0146 2356 1347 0257 0367 2467 1567 2348 0268 1368 4568 1278 0478 3578
FAM D=51 ell=11 count=22 nF=17 blocks: 0123 1245 0345 0146 2356 1347 0257 0367 2467 1567 0158 0268 1368 4568 1278 0478 3578
FAM D=51 ell=11 count=22 nF=17 blocks: 0123 1245 0345 0146 2356 1347 0257 0367 2467 1567 1358 1268 3468 0568 0178 2378 4578
FAM D=51 ell=11 count=22 nF=17 blocks: 0123 1245 0345 0146 2356 1347 0257 0367 2467 0248 1358 1268 3468 0568 0178 2378 4578
FAM D=51 ell=11 count=22 nF=17 blocks: 0123 1245 0345 0146 2356 1347 0257 0367 2467 2348 0158 0268 1368 4568 1278 0478 3578
FAM D=51 ell=11 count=22 nF=17 blocks: 0123 1245 0345 0146 2356 1347 0257 0367 1567 0248 1358 1268 3468 0568 0178 2378 4578
FAM D=51 ell=11 count=22 nF=17 blocks: 0123 1245 0345 0146 2356 1347 0257 0367 1567 2348 0158 0268 1368 4568 1278 0478 3578
FAM D=51 ell=11 count=22 nF=17 blocks: 0123 1245 0345 0146 2356 1347 0257 2467 1567 0248 1358 1268 3468 0568 0178 2378 4578
FAM D=51 ell=11 count=22 nF=17 blocks: 0123 1245 0345 0146 2356 1347 0257 2467 1567 2348 0158 0268 1368 4568 1278 0478 3578
FAM D=51 ell=11 count=22 nF=17 blocks: 0123 1245 0345 0146 2356 1347 0367 2467 1567 0248 1358 1268 3468 0568 0178 2378 4578
FAM D=51 ell=11 count=22 nF=17 blocks: 0123 1245 0345 0146 2356 1347 0367 2467 1567 2348 0158 0268 1368 4568 1278 0478 3578
FAM D=51 ell=11 count=22 nF=17 blocks: 0123 1245 0345 0146 2356 2347 0157 0267 1367 4567 0248 1358 1268 3468 0568 0378 1478
FAM D=54 ell=11 count=19 nF=18 blocks: 0123 1245 0345 0146 2356 2347 0157 0267 1367 4567 0248 1358 1268 3468 0568 0378 1478 2578
FAM D=51 ell=11 count=22 nF=17 blocks: 0123 1245 0345 0146 2356 2347 0157 0267 1367 4567 0248 1358 1268 3468 0568 0378 2578
FAM D=51 ell=11 count=22 nF=17 blocks: 0123 1245 0345 0146 2356 2347 0157 0267 1367 4567 0248 1358 1268 3468 0568 1478 2578
FAM D=51 ell=11 count=22 nF=17 blocks: 0123 1245 0345 0146 2356 2347 0157 0267 1367 4567 0248 1358 1268 3468 0378 1478 2578
FAM D=51 ell=11 count=22 nF=17 blocks: 0123 1245 0345 0146 2356 2347 0157 0267 1367 4567 0248 1358 1268 0568 0378 1478 2578
FAM D=51 ell=11 count=22 nF=17 blocks: 0123 1245 0345 0146 2356 2347 0157 0267 1367 4567 0248 1358 3468 0568 0378 1478 2578
FAM D=51 ell=11 count=22 nF=17 blocks: 0123 1245 0345 0146 2356 2347 0157 0267 1367 4567 0248 1268 3468 0568 0378 1478 2578
FAM D=51 ell=11 count=22 nF=17 blocks: 0123 1245 0345 0146 2356 2347 0157 0267 1367 4567 1348 0258 0368 2468 1568 1278 0478
FAM D=54 ell=11 count=19 nF=18 blocks: 0123 1245 0345 0146 2356 2347 0157 0267 1367 4567 1348 0258 0368 2468 1568 1278 0478 3578
FAM D=51 ell=11 count=22 nF=17 blocks: 0123 1245 0345 0146 2356 2347 0157 0267 1367 4567 1348 0258 0368 2468 1568 1278 3578
FAM D=51 ell=11 count=22 nF=17 blocks: 0123 1245 0345 0146 2356 2347 0157 0267 1367 4567 1348 0258 0368 2468 1568 0478 3578
FAM D=51 ell=11 count=22 nF=17 blocks: 0123 1245 0345 0146 2356 2347 0157 0267 1367 4567 1348 0258 0368 2468 1278 0478 3578
FAM D=51 ell=11 count=22 nF=17 blocks: 0123 1245 0345 0146 2356 2347 0157 0267 1367 4567 1348 0258 0368 1568 1278 0478 3578
FAM D=51 ell=11 count=22 nF=17 blocks: 0123 1245 0345 0146 2356 2347 0157 0267 1367 4567 1348 0258 2468 1568 1278 0478 3578
FAM D=51 ell=11 count=22 nF=17 blocks: 0123 1245 0345 0146 2356 2347 0157 0267 1367 4567 1348 0368 2468 1568 1278 0478 3578
FAM D=51 ell=11 count=22 nF=17 blocks: 0123 1245 0345 0146 2356 2347 0157 0267 1367 4567 0258 0368 2468 1568 1278 0478 3578
FAM D=51 ell=11 count=22 nF=17 blocks: 0123 1245 0345 0146 2356 2347 0157 0267 1367 4567 1358 1268 3468 0568 0378 1478 2578
FAM D=51 ell=11 count=22 nF=17 blocks: 0123 1245 0345 0146 2356 2347 0157 0267 1367 0248 1358 1268 3468 0568 0378 1478 2578
FAM D=51 ell=11 count=22 nF=17 blocks: 0123 1245 0345 0146 2356 2347 0157 0267 1367 1348 0258 0368 2468 1568 1278 0478 3578
FAM D=51 ell=11 count=22 nF=17 blocks: 0123 1245 0345 0146 2356 2347 0157 0267 4567 0248 1358 1268 3468 0568 0378 1478 2578
FAM D=51 ell=11 count=22 nF=17 blocks: 0123 1245 0345 0146 2356 2347 0157 0267 4567 1348 0258 0368 2468 1568 1278 0478 3578
FAM D=51 ell=11 count=22 nF=17 blocks: 0123 1245 0345 0146 2356 2347 0157 1367 4567 0248 1358 1268 3468 0568 0378 1478 2578
FAM D=51 ell=11 count=22 nF=17 blocks: 0123 1245 0345 0146 2356 2347 0157 1367 4567 1348 0258 0368 2468 1568 1278 0478 3578
FAM D=51 ell=11 count=22 nF=17 blocks: 0123 1245 0345 0146 2356 2347 0267 1367 4567 0248 1358 1268 3468 0568 0378 1478 2578
FAM D=51 ell=11 count=22 nF=17 blocks: 0123 1245 0345 0146 2356 2347 0267 1367 4567 1348 0258 0368 2468 1568 1278 0478 3578
FAM D=51 ell=11 count=22 nF=17 blocks: 0123 1245 0345 0146 2356 0157 0267 1367 4567 0248 1358 1268 3468 0568 0378 1478 2578
FAM D=51 ell=11 count=22 nF=17 blocks: 0123 1245 0345 0146 2356 0157 0267 1367 4567 1348 0258 0368 2468 1568 1278 0478 3578
FAM D=51 ell=11 count=22 nF=17 blocks: 0123 1245 0345 0146 2356 0257 0367 2467 1567 0248 1358 1268 3468 0568 0178 2378 4578
FAM D=51 ell=11 count=22 nF=17 blocks: 0123 1245 0345 0146 2356 0257 0367 2467 1567 2348 0158 0268 1368 4568 1278 0478 3578
FAM D=51 ell=11 count=22 nF=17 blocks: 0123 1245 0345 0146 2356 1357 1267 3467 0567 1348 0258 0368 2468 1568 0178 2378 4578
FAM D=51 ell=11 count=22 nF=17 blocks: 0123 1245 0345 0146 2356 1357 1267 3467 0567 2348 0158 0268 1368 4568 0378 1478 2578
FAM D=51 ell=11 count=22 nF=17 blocks: 0123 1245 0345 0146 0247 1357 1267 3467 0567 1348 0258 0368 2468 1568 0178 2378 4578
FAM D=51 ell=11 count=22 nF=17 blocks: 0123 1245 0345 0146 0247 1357 1267 3467 0567 2348 0158 0268 1368 4568 0378 1478 2578
FAM D=51 ell=11 count=22 nF=17 blocks: 0123 1245 0345 0146 1347 0257 0367 2467 1567 0248 1358 1268 3468 0568 0178 2378 4578
FAM D=51 ell=11 count=22 nF=17 blocks: 0123 1245 0345 0146 1347 0257 0367 2467 1567 2348 0158 0268 1368 4568 1278 0478 3578
FAM D=51 ell=11 count=22 nF=17 blocks: 0123 1245 0345 0146 2347 0157 0267 1367 4567 0248 1358 1268 3468 0568 0378 1478 2578
FAM D=51 ell=11 count=22 nF=17 blocks: 0123 1245 0345 0146 2347 0157 0267 1367 4567 1348 0258 0368 2468 1568 1278 0478 3578
FAM D=51 ell=11 count=22 nF=17 blocks: 0123 1245 0345 0246 1356 0147 2357 1267 3467 0567 1348 0258 0168 2368 4568 0378 2478
FAM D=54 ell=11 count=19 nF=18 blocks: 0123 1245 0345 0246 1356 0147 2357 1267 3467 0567 1348 0258 0168 2368 4568 0378 2478 1578
FAM D=51 ell=11 count=22 nF=17 blocks: 0123 1245 0345 0246 1356 0147 2357 1267 3467 0567 1348 0258 0168 2368 4568 0378 1578
FAM D=51 ell=11 count=22 nF=17 blocks: 0123 1245 0345 0246 1356 0147 2357 1267 3467 0567 1348 0258 0168 2368 4568 2478 1578
FAM D=51 ell=11 count=22 nF=17 blocks: 0123 1245 0345 0246 1356 0147 2357 1267 3467 0567 1348 0258 0168 2368 0378 2478 1578
FAM D=51 ell=11 count=22 nF=17 blocks: 0123 1245 0345 0246 1356 0147 2357 1267 3467 0567 1348 0258 0168 4568 0378 2478 1578
FAM D=51 ell=11 count=22 nF=17 blocks: 0123 1245 0345 0246 1356 0147 2357 1267 3467 0567 1348 0258 2368 4568 0378 2478 1578
FAM D=51 ell=11 count=22 nF=17 blocks: 0123 1245 0345 0246 1356 0147 2357 1267 3467 0567 1348 0168 2368 4568 0378 2478 1578
FAM D=51 ell=11 count=22 nF=17 blocks: 0123 1245 0345 0246 1356 0147 2357 1267 3467 0567 2348 0158 0368 1468 2568 0278 1378
FAM D=54 ell=11 count=19 nF=18 blocks: 0123 1245 0345 0246 1356 0147 2357 1267 3467 0567 2348 0158 0368 1468 2568 0278 1378 4578
FAM D=51 ell=11 count=22 nF=17 blocks: 0123 1245 0345 0246 1356 0147 2357 1267 3467 0567 2348 0158 0368 1468 2568 0278 4578
FAM D=51 ell=11 count=22 nF=17 blocks: 0123 1245 0345 0246 1356 0147 2357 1267 3467 0567 2348 0158 0368 1468 2568 1378 4578
FAM D=51 ell=11 count=22 nF=17 blocks: 0123 1245 0345 0246 1356 0147 2357 1267 3467 0567 2348 0158 0368 1468 0278 1378 4578
FAM D=51 ell=11 count=22 nF=17 blocks: 0123 1245 0345 0246 1356 0147 2357 1267 3467 0567 2348 0158 0368 2568 0278 1378 4578
FAM D=51 ell=11 count=22 nF=17 blocks: 0123 1245 0345 0246 1356 0147 2357 1267 3467 0567 2348 0158 1468 2568 0278 1378 4578
FAM D=51 ell=11 count=22 nF=17 blocks: 0123 1245 0345 0246 1356 0147 2357 1267 3467 0567 2348 0368 1468 2568 0278 1378 4578
FAM D=51 ell=11 count=22 nF=17 blocks: 0123 1245 0345 0246 1356 0147 2357 1267 3467 0567 0158 0368 1468 2568 0278 1378 4578
FAM D=51 ell=11 count=22 nF=17 blocks: 0123 1245 0345 0246 1356 0147 2357 1267 3467 0567 0258 0168 2368 4568 0378 2478 1578
FAM D=51 ell=11 count=22 nF=17 blocks: 0123 1245 0345 0246 1356 0147 2357 1267 3467 1348 0258 0168 2368 4568 0378 2478 1578
FAM D=51 ell=11 count=22 nF=17 blocks: 0123 1245 0345 0246 1356 0147 2357 1267 3467 2348 0158 0368 1468 2568 0278 1378 4578
FAM D=51 ell=11 count=22 nF=17 blocks: 0123 1245 0345 0246 1356 0147 2357 1267 0567 1348 0258 0168 2368 4568 0378 2478 1578
FAM D=51 ell=11 count=22 nF=17 blocks: 0123 1245 0345 0246 1356 0147 2357 1267 0567 2348 0158 0368 1468 2568 0278 1378 4578
FAM D=51 ell=11 count=22 nF=17 blocks: 0123 1245 0345 0246 1356 0147 2357 3467 0567 1348 0258 0168 2368 4568 0378 2478 1578
FAM D=51 ell=11 count=22 nF=17 blocks: 0123 1245 0345 0246 1356 0147 2357 3467 0567 2348 0158 0368 1468 2568 0278 1378 4578
FAM D=51 ell=11 count=22 nF=17 blocks: 0123 1245 0345 0246 1356 0147 1267 3467 0567 1348 0258 0168 2368 4568 0378 2478 1578
FAM D=51 ell=11 count=22 nF=17 blocks: 0123 1245 0345 0246 1356 0147 1267 3467 0567 2348 0158 0368 1468 2568 0278 1378 4578
FAM D=51 ell=11 count=22 nF=17 blocks: 0123 1245 0345 0246 1356 1347 0257 0167 2367 4567 0148 2358 1268 3468 0568 0378 2478
FAM D=54 ell=11 count=19 nF=18 blocks: 0123 1245 0345 0246 1356 1347 0257 0167 2367 4567 0148 2358 1268 3468 0568 0378 2478 1578
FAM D=51 ell=11 count=22 nF=17 blocks: 0123 1245 0345 0246 1356 1347 0257 0167 2367 4567 0148 2358 1268 3468 0568 0378 1578
FAM D=51 ell=11 count=22 nF=17 blocks: 0123 1245 0345 0246 1356 1347 0257 0167 2367 4567 0148 2358 1268 3468 0568 2478 1578
FAM D=51 ell=11 count=22 nF=17 blocks: 0123 1245 0345 0246 1356 1347 0257 0167 2367 4567 0148 2358 1268 3468 0378 2478 1578
FAM D=51 ell=11 count=22 nF=17 blocks: 0123 1245 0345 0246 1356 1347 0257 0167 2367 4567 0148 2358 1268 0568 0378 2478 1578
FAM D=51 ell=11 count=22 nF=17 blocks: 0123 1245 0345 0246 1356 1347 0257 0167 2367 4567 0148 2358 3468 0568 0378 2478 1578
FAM D=51 ell=11 count=22 nF=17 blocks: 0123 1245 0345 0246 1356 1347 0257 0167 2367 4567 0148 1268 3468 0568 0378 2478 1578
FAM D=51 ell=11 count=22 nF=17 blocks: 0123 1245 0345 0246 1356 1347 0257 0167 2367 4567 2348 0158 0368 1468 2568 1278 0478
FAM D=54 ell=11 count=19 nF=18 blocks: 0123 1245 0345 0246 1356 1347 0257 0167 2367 4567 2348 0158 0368 1468 2568 1278 0478 3578
FAM D=51 ell=11 count=22 nF=17 blocks: 0123 1245 0345 0246 1356 1347 0257 0167 2367 4567 2348 0158 0368 1468 2568 1278 3578
FAM D=51 ell=11 count=22 nF=17 blocks: 0123 1245 0345 0246 1356 1347 0257 0167 2367 4567 2348 0158 0368 1468 2568 0478 3578
FAM D=51 ell=11 count=22 nF=17 blocks: 0123 1245 0345 0246 1356 1347 0257 0167 2367 4567 2348 0158 0368 1468 1278 0478 3578
FAM D=51 ell=11 count=22 nF=17 blocks: 0123 1245 0345 0246 1356 1347 0257 0167 2367 4567 2348 0158 0368 2568 1278 0478 3578
FAM D=51 ell=11 count=22 nF=17 blocks: 0123 1245 0345 0246 1356 1347 0257 0167 2367 4567 2348 0158 1468 2568 1278 0478 3578
FAM D=51 ell=11 count=22 nF=17 blocks: 0123 1245 0345 0246 1356 1347 0257 0167 2367 4567 2348 0368 1468 2568 1278 0478 3578
FAM D=51 ell=11 count=22 nF=17 blocks: 0123 1245 0345 0246 1356 1347 0257 0167 2367 4567 0158 0368 1468 2568 1278 0478 3578
FAM D=51 ell=11 count=22 nF=17 blocks: 0123 1245 0345 0246 1356 1347 0257 0167 2367 4567 2358 1268 3468 0568 0378 2478 1578
FAM D=51 ell=11 count=22 nF=17 blocks: 0123 1245 0345 0246 1356 1347 0257 0167 2367 0148 2358 1268 3468 0568 0378 2478 1578
FAM D=51 ell=11 count=22 nF=17 blocks: 0123 1245 0345 0246 1356 1347 0257 0167 2367 2348 0158 0368 1468 2568 1278 0478 3578
FAM D=51 ell=11 count=22 nF=17 blocks: 0123 1245 0345 0246 1356 1347 0257 0167 4567 0148 2358 1268 3468 0568 0378 2478 1578
FAM D=51 ell=11 count=22 nF=17 blocks: 0123 1245 0345 0246 1356 1347 0257 0167 4567 2348 0158 0368 1468 2568 1278 0478 3578
FAM D=51 ell=11 count=22 nF=17 blocks: 0123 1245 0345 0246 1356 1347 0257 2367 4567 0148 2358 1268 3468 0568 0378 2478 1578
FAM D=51 ell=11 count=22 nF=17 blocks: 0123 1245 0345 0246 1356 1347 0257 2367 4567 2348 0158 0368 1468 2568 1278 0478 3578
FAM D=51 ell=11 count=22 nF=17 blocks: 0123 1245 0345 0246 1356 1347 0167 2367 4567 0148 2358 1268 3468 0568 0378 2478 1578
FAM D=51 ell=11 count=22 nF=17 blocks: 0123 1245 0345 0246 1356 1347 0167 2367 4567 2348 0158 0368 1468 2568 1278 0478 3578
FAM D=51 ell=11 count=22 nF=17 blocks: 0123 1245 0345 0246 1356 2347 0157 0367 1467 2567 0148 2358 1268 3468 0568 0278 1378
FAM D=54 ell=11 count=19 nF=18 blocks: 0123 1245 0345 0246 1356 2347 0157 0367 1467 2567 0148 2358 1268 3468 0568 0278 1378 4578
FAM D=51 ell=11 count=22 nF=17 blocks: 0123 1245 0345 0246 1356 2347 0157 0367 1467 2567 0148 2358 1268 3468 0568 0278 4578
FAM D=51 ell=11 count=22 nF=17 blocks: 0123 1245 0345 0246 1356 2347 0157 0367 1467 2567 0148 2358 1268 3468 0568 1378 4578
FAM D=51 ell=11 count=22 nF=17 blocks: 0123 1245 0345 0246 1356 2347 0157 0367 1467 2567 0148 2358 1268 3468 0278 1378 4578
FAM D=51 ell=11 count=22 nF=17 blocks: 0123 1245 0345 0246 1356 2347 0157 0367 1467 2567 0148 2358 1268 0568 0278 1378 4578
FAM D=51 ell=11 count=22 nF=17 blocks: 0123 1245 0345 0246 1356 2347 0157 0367 1467 2567 0148 2358 3468 0568 0278 1378 4578
FAM D=51 ell=11 count=22 nF=17 blocks: 0123 1245 0345 0246 1356 2347 0157 0367 1467 2567 0148 1268 3468 0568 0278 1378 4578
FAM D=51 ell=11 count=22 nF=17 blocks: 0123 1245 0345 0246 1356 2347 0157 0367 1467 2567 1348 0258 0168 2368 4568 1278 0478
FAM D=54 ell=11 count=19 nF=18 blocks: 0123 1245 0345 0246 1356 2347 0157 0367 1467 2567 1348 0258 0168 2368 4568 1278 0478 3578
FAM D=51 ell=11 count=22 nF=17 blocks: 0123 1245 0345 0246 1356 2347 0157 0367 1467 2567 1348 0258 0168 2368 4568 1278 3578
FAM D=51 ell=11 count=22 nF=17 blocks: 0123 1245 0345 0246 1356 2347 0157 0367 1467 2567 1348 0258 0168 2368 4568 0478 3578
FAM D=51 ell=11 count=22 nF=17 blocks: 0123 1245 0345 0246 1356 2347 0157 0367 1467 2567 1348 0258 0168 2368 1278 0478 3578
FAM D=51 ell=11 count=22 nF=17 blocks: 0123 1245 0345 0246 1356 2347 0157 0367 1467 2567 1348 0258 0168 4568 1278 0478 3578
FAM D=51 ell=11 count=22 nF=17 blocks: 0123 1245 0345 0246 1356 2347 0157 0367 1467 2567 1348 0258 2368 4568 1278 0478 3578
FAM D=51 ell=11 count=22 nF=17 blocks: 0123 1245 0345 0246 1356 2347 0157 0367 1467 2567 1348 0168 2368 4568 1278 0478 3578
FAM D=51 ell=11 count=22 nF=17 blocks: 0123 1245 0345 0246 1356 2347 0157 0367 1467 2567 0258 0168 2368 4568 1278 0478 3578
FAM D=51 ell=11 count=22 nF=17 blocks: 0123 1245 0345 0246 1356 2347 0157 0367 1467 2567 2358 1268 3468 0568 0278 1378 4578
FAM D=51 ell=11 count=22 nF=17 blocks: 0123 1245 0345 0246 1356 2347 0157 0367 1467 0148 2358 1268 3468 0568 0278 1378 4578
FAM D=51 ell=11 count=22 nF=17 blocks: 0123 1245 0345 0246 1356 2347 0157 0367 1467 1348 0258 0168 2368 4568 1278 0478 3578
FAM D=51 ell=11 count=22 nF=17 blocks: 0123 1245 0345 0246 1356 2347 0157 0367 2567 0148 2358 1268 3468 0568 0278 1378 4578
FAM D=51 ell=11 count=22 nF=17 blocks: 0123 1245 0345 0246 1356 2347 0157 0367 2567 1348 0258 0168 2368 4568 1278 0478 3578
FAM D=51 ell=11 count=22 nF=17 blocks: 0123 1245 0345 0246 1356 2347 0157 1467 2567 0148 2358 1268 3468 0568 0278 1378 4578
FAM D=51 ell=11 count=22 nF=17 blocks: 0123 1245 0345 0246 1356 2347 0157 1467 2567 1348 0258 0168 2368 4568 1278 0478 3578
FAM D=51 ell=11 count=22 nF=17 blocks: 0123 1245 0345 0246 1356 2347 0367 1467 2567 0148 2358 1268 3468 0568 0278 1378 4578
FAM D=51 ell=11 count=22 nF=17 blocks: 0123 1245 0345 0246 1356 2347 0367 1467 2567 1348 0258 0168 2368 4568 1278 0478 3578
FAM D=51 ell=11 count=22 nF=17 blocks: 0123 1245 0345 0246 1356 0157 0367 1467 2567 0148 2358 1268 3468 0568 0278 1378 4578
FAM D=51 ell=11 count=22 nF=17 blocks: 0123 1245 0345 0246 1356 0157 0367 1467 2567 1348 0258 0168 2368 4568 1278 0478 3578
FAM D=51 ell=11 count=22 nF=17 blocks: 0123 1245 0345 0246 1356 0257 0167 2367 4567 0148 2358 1268 3468 0568 0378 2478 1578
FAM D=51 ell=11 count=22 nF=17 blocks: 0123 1245 0345 0246 1356 0257 0167 2367 4567 2348 0158 0368 1468 2568 1278 0478 3578
FAM D=51 ell=11 count=22 nF=17 blocks: 0123 1245 0345 0246 1356 2357 1267 3467 0567 1348 0258 0168 2368 4568 0378 2478 1578
FAM D=51 ell=11 count=22 nF=17 blocks: 0123 1245 0345 0246 1356 2357 1267 3467 0567 2348 0158 0368 1468 2568 0278 1378 4578
FAM D=51 ell=11 count=22 nF=17 blocks: 0123 1245 0345 0246 0147 2357 1267 3467 0567 1348 0258 0168 2368 4568 0378 2478 1578
FAM D=51 ell=11 count=22 nF=17 blocks: 0123 1245 0345 0246 0147 2357 1267 3467 0567 2348 0158 0368 1468 2568 0278 1378 4578
FAM D=51 ell=11 count=22 nF=17 blocks: 0123 1245 0345 0246 1347 0257 0167 2367 4567 0148 2358 1268 3468 0568 0378 2478 1578
FAM D=51 ell=11 count=22 nF=17 blocks: 0123 1245 0345 0246 1347 0257 0167 2367 4567 2348 0158 0368 1468 2568 1278 0478 3578
FAM D=51 ell=11 count=22 nF=17 blocks: 0123 1245 0345 0246 2347 0157 0367 1467 2567 0148 2358 1268 3468 0568 0278 1378 4578
FAM D=51 ell=11 count=22 nF=17 blocks: 0123 1245 0345 0246 2347 0157 0367 1467 2567 1348 0258 0168 2368 4568 1278 0478 3578
FAM D=51 ell=11 count=22 nF=17 blocks: 0123 1245 0345 1346 0256 0147 2357 0367 2467 1567 0248 1358 0168 2368 4568 1278 3478
FAM D=54 ell=11 count=19 nF=18 blocks: 0123 1245 0345 1346 0256 0147 2357 0367 2467 1567 0248 1358 0168 2368 4568 1278 3478 0578
FAM D=51 ell=11 count=22 nF=17 blocks: 0123 1245 0345 1346 0256 0147 2357 0367 2467 1567 0248 1358 0168 2368 4568 1278 0578
FAM D=51 ell=11 count=22 nF=17 blocks: 0123 1245 0345 1346 0256 0147 2357 0367 2467 1567 0248 1358 0168 2368 4568 3478 0578
FAM D=51 ell=11 count=22 nF=17 blocks: 0123 1245 0345 1346 0256 0147 2357 0367 2467 1567 0248 1358 0168 2368 1278 3478 0578
FAM D=51 ell=11 count=22 nF=17 blocks: 0123 1245 0345 1346 0256 0147 2357 0367 2467 1567 0248 1358 0168 4568 1278 3478 0578
FAM D=51 ell=11 count=22 nF=17 blocks: 0123 1245 0345 1346 0256 0147 2357 0367 2467 1567 0248 1358 2368 4568 1278 3478 0578
FAM D=51 ell=11 count=22 nF=17 blocks: 0123 1245 0345 1346 0256 0147 2357 0367 2467 1567 0248 0168 2368 4568 1278 3478 0578
FAM D=51 ell=11 count=22 nF=17 blocks: 0123 1245 0345 1346 0256 0147 2357 0367 2467 1567 2348 0158 1268 0468 3568 0278 1378
FAM D=54 ell=11 count=19 nF=18 blocks: 0123 1245 0345 1346 0256 0147 2357 0367 2467 1567 2348 0158 1268 0468 3568 0278 1378 4578
FAM D=51 ell=11 count=22 nF=17 blocks: 0123 1245 0345 1346 0256 0147 2357 0367 2467 1567 2348 0158 1268 0468 3568 0278 4578
FAM D=51 ell=11 count=22 nF=17 blocks: 0123 1245 0345 1346 0256 0147 2357 0367 2467 1567 2348 0158 1268 0468 3568 1378 4578
FAM D=51 ell=11 count=22 nF=17 blocks: 0123 1245 0345 1346 0256 0147 2357 0367 2467 1567 2348 0158 1268 0468 0278 1378 4578
FAM D=51 ell=11 count=22 nF=17 blocks: 0123 1245 0345 1346 0256 0147 2357 0367 2467 1567 2348 0158 1268 3568 0278 1378 4578
FAM D=51 ell=11 count=22 nF=17 blocks: 0123 1245 0345 1346 0256 0147 2357 0367 2467 1567 2348 0158 0468 3568 0278 1378 4578
FAM D=51 ell=11 count=22 nF=17 blocks: 0123 1245 0345 1346 0256 0147 2357 0367 2467 1567 2348 1268 0468 3568 0278 1378 4578
FAM D=51 ell=11 count=22 nF=17 blocks: 0123 1245 0345 1346 0256 0147 2357 0367 2467 1567 0158 1268 0468 3568 0278 1378 4578
FAM D=51 ell=11 count=22 nF=17 blocks: 0123 1245 0345 1346 0256 0147 2357 0367 2467 1567 1358 0168 2368 4568 1278 3478 0578
FAM D=51 ell=11 count=22 nF=17 blocks: 0123 1245 0345 1346 0256 0147 2357 0367 2467 0248 1358 0168 2368 4568 1278 3478 0578
FAM D=51 ell=11 count=22 nF=17 blocks: 0123 1245 0345 1346 0256 0147 2357 0367 2467 2348 0158 1268 0468 3568 0278 1378 4578
FAM D=51 ell=11 count=22 nF=17 blocks: 0123 1245 0345 1346 0256 0147 2357 0367 1567 0248 1358 0168 2368 4568 1278 3478 0578
FAM D=51 ell=11 count=22 nF=17 blocks: 0123 1245 0345 1346 0256 0147 2357 0367 1567 2348 0158 1268 0468 3568 0278 1378 4578
FAM D=51 ell=11 count=22 nF=17 blocks: 0123 1245 0345 1346 0256 0147 2357 2467 1567 0248 1358 0168 2368 4568 1278 3478 0578
FAM D=51 ell=11 count=22 nF=17 blocks: 0123 1245 0345 1346 0256 0147 2357 2467 1567 2348 0158 1268 0468 3568 0278 1378 4578
FAM D=51 ell=11 count=22 nF=17 blocks: 0123 1245 0345 1346 0256 0147 0367 2467 1567 0248 1358 0168 2368 4568 1278 3478 0578
FAM D=51 ell=11 count=22 nF=17 blocks: 0123 1245 0345 1346 0256 0147 0367 2467 1567 2348 0158 1268 0468 3568 0278 1378 4578
FAM D=51 ell=11 count=22 nF=17 blocks: 0123 1245 0345 1346 0256 0247 1357 0167 2367 4567 0148 2358 0368 2468 1568 1278 3478
FAM D=54 ell=11 count=19 nF=18 blocks: 0123 1245 0345 1346 0256 0247 1357 0167 2367 4567 0148 2358 0368 2468 1568 1278 3478 0578
FAM D=51 ell=11 count=22 nF=17 blocks: 0123 1245 0345 1346 0256 0247 1357 0167 2367 4567 0148 2358 0368 2468 1568 1278 0578
FAM D=51 ell=11 count=22 nF=17 blocks: 0123 1245 0345 1346 0256 0247 1357 0167 2367 4567 0148 2358 0368 2468 1568 3478 0578
FAM D=51 ell=11 count=22 nF=17 blocks: 0123 1245 0345 1346 0256 0247 1357 0167 2367 4567 0148 2358 0368 2468 1278 3478 0578
FAM D=51 ell=11 count=22 nF=17 blocks: 0123 1245 0345 1346 0256 0247 1357 0167 2367 4567 0148 2358 0368 1568 1278 3478 0578
FAM D=51 ell=11 count=22 nF=17 blocks: 0123 1245 0345 1346 0256 0247 1357 0167 2367 4567 0148 2358 2468 1568 1278 3478 0578
FAM D=51 ell=11 count=22 nF=17 blocks: 0123 1245 0345 1346 0256 0247 1357 0167 2367 4567 0148 0368 2468 1568 1278 3478 0578
FAM D=51 ell=11 count=22 nF=17 blocks: 0123 1245 0345 1346 0256 0247 1357 0167 2367 4567 2348 0158 1268 0468 3568 0378 1478
FAM D=54 ell=11 count=19 nF=18 blocks: 0123 1245 0345 1346 0256 0247 1357 0167 2367 4567 2348 0158 1268 0468 3568 0378 1478 2578
FAM D=51 ell=11 count=22 nF=17 blocks: 0123 1245 0345 1346 0256 0247 1357 0167 2367 4567 2348 0158 1268 0468 3568 0378 2578
FAM D=51 ell=11 count=22 nF=17 blocks: 0123 1245 0345 1346 0256 0247 1357 0167 2367 4567 2348 0158 1268 0468 3568 1478 2578
FAM D=51 ell=11 count=22 nF=17 blocks: 0123 1245 0345 1346 0256 0247 1357 0167 2367 4567 2348 0158 1268 0468 0378 1478 2578
FAM D=51 ell=11 count=22 nF=17 blocks: 0123 1245 0345 1346 0256 0247 1357 0167 2367 4567 2348 0158 1268 3568 0378 1478 2578
FAM D=51 ell=11 count=22 nF=17 blocks: 0123 1245 0345 1346 0256 0247 1357 0167 2367 4567 2348 0158 0468 3568 0378 1478 2578
FAM D=51 ell=11 count=22 nF=17 blocks: 0123 1245 0345 1346 0256 0247 1357 0167 2367 4567 2348 1268 0468 3568 0378 1478 2578
FAM D=51 ell=11 count=22 nF=17 blocks: 0123 1245 0345 1346 0256 0247 1357 0167 2367 4567 0158 1268 0468 3568 0378 1478 2578
FAM D=51 ell=11 count=22 nF=17 blocks: 0123 1245 0345 1346 0256 0247 1357 0167 2367 4567 2358 0368 2468 1568 1278 3478 0578
FAM D=51 ell=11 count=22 nF=17 blocks: 0123 1245 0345 1346 0256 0247 1357 0167 2367 0148 2358 0368 2468 1568 1278 3478 0578
FAM D=51 ell=11 count=22 nF=17 blocks: 0123 1245 0345 1346 0256 0247 1357 0167 2367 2348 0158 1268 0468 3568 0378 1478 2578
FAM D=51 ell=11 count=22 nF=17 blocks: 0123 1245 0345 1346 0256 0247 1357 0167 4567 0148 2358 0368 2468 1568 1278 3478 0578
FAM D=51 ell=11 count=22 nF=17 blocks: 0123 1245 0345 1346 0256 0247 1357 0167 4567 2348 0158 1268 0468 3568 0378 1478 2578
FAM D=51 ell=11 count=22 nF=17 blocks: 0123 1245 0345 1346 0256 0247 1357 2367 4567 0148 2358 0368 2468 1568 1278 3478 0578
FAM D=51 ell=11 count=22 nF=17 blocks: 0123 1245 0345 1346 0256 0247 1357 2367 4567 2348 0158 1268 0468 3568 0378 1478 2578
FAM D=51 ell=11 count=22 nF=17 blocks: 0123 1245 0345 1346 0256 0247 0167 2367 4567 0148 2358 0368 2468 1568 1278 3478 0578
FAM D=51 ell=11 count=22 nF=17 blocks: 0123 1245 0345 1346 0256 0247 0167 2367 4567 2348 0158 1268 0468 3568 0378 1478 2578
FAM D=51 ell=11 count=22 nF=17 blocks: 0123 1245 0345 1346 0256 2347 0157 1267 0467 3567 0148 2358 0368 2468 1568 0278 1378
FAM D=54 ell=11 count=19 nF=18 blocks: 0123 1245 0345 1346 0256 2347 0157 1267 0467 3567 0148 2358 0368 2468 1568 0278 1378 4578
FAM D=51 ell=11 count=22 nF=17 blocks: 0123 1245 0345 1346 0256 2347 0157 1267 0467 3567 0148 2358 0368 2468 1568 0278 4578
FAM D=51 ell=11 count=22 nF=17 blocks: 0123 1245 0345 1346 0256 2347 0157 1267 0467 3567 0148 2358 0368 2468 1568 1378 4578
FAM D=51 ell=11 count=22 nF=17 blocks: 0123 1245 0345 1346 0256 2347 0157 1267 0467 3567 0148 2358 0368 2468 0278 1378 4578
FAM D=51 ell=11 count=22 nF=17 blocks: 0123 1245 0345 1346 0256 2347 0157 1267 0467 3567 0148 2358 0368 1568 0278 1378 4578
FAM D=51 ell=11 count=22 nF=17 blocks: 0123 1245 0345 1346 0256 2347 0157 1267 0467 3567 0148 2358 2468 1568 0278 1378 4578
FAM D=51 ell=11 count=22 nF=17 blocks: 0123 1245 0345 1346 0256 2347 0157 1267 0467 3567 0148 0368 2468 1568 0278 1378 4578
FAM D=51 ell=11 count=22 nF=17 blocks: 0123 1245 0345 1346 0256 2347 0157 1267 0467 3567 0248 1358 0168 2368 4568 0378 1478
FAM D=54 ell=11 count=19 nF=18 blocks: 0123 1245 0345 1346 0256 2347 0157 1267 0467 3567 0248 1358 0168 2368 4568 0378 1478 2578
FAM D=51 ell=11 count=22 nF=17 blocks: 0123 1245 0345 1346 0256 2347 0157 1267 0467 3567 0248 1358 0168 2368 4568 0378 2578
FAM D=51 ell=11 count=22 nF=17 blocks: 0123 1245 0345 1346 0256 2347 0157 1267 0467 3567 0248 1358 0168 2368 4568 1478 2578
FAM D=51 ell=11 count=22 nF=17 blocks: 0123 1245 0345 1346 0256 2347 0157 1267 0467 3567 0248 1358 0168 2368 0378 1478 2578
FAM D=51 ell=11 count=22 nF=17 blocks: 0123 1245 0345 1346 0256 2347 0157 1267 0467 3567 0248 1358 0168 4568 0378 1478 2578
FAM D=51 ell=11 count=22 nF=17 blocks: 0123 1245 0345 1346 0256 2347 0157 1267 0467 3567 0248 1358 2368 4568 0378 1478 2578
FAM D=51 ell=11 count=22 nF=17 blocks: 0123 1245 0345 1346 0256 2347 0157 1267 0467 3567 0248 0168 2368 4568 0378 1478 2578
FAM D=51 ell=11 count=22 nF=17 blocks: 0123 1245 0345 1346 0256 2347 0157 1267 0467 3567 1358 0168 2368 4568 0378 1478 2578
FAM D=51 ell=11 count=22 nF=17 blocks: 0123 1245 0345 1346 0256 2347 0157 1267 0467 3567 2358 0368 2468 1568 0278 1378 4578
FAM D=51 ell=11 count=22 nF=17 blocks: 0123 1245 0345 1346 0256 2347 0157 1267 0467 0148 2358 0368 2468 1568 0278 1378 4578
FAM D=51 ell=11 count=22 nF=17 blocks: 0123 1245 0345 1346 0256 2347 0157 1267 0467 0248 1358 0168 2368 4568 0378 1478 2578
FAM D=51 ell=11 count=22 nF=17 blocks: 0123 1245 0345 1346 0256 2347 0157 1267 3567 0148 2358 0368 2468 1568 0278 1378 4578
FAM D=51 ell=11 count=22 nF=17 blocks: 0123 1245 0345 1346 0256 2347 0157 1267 3567 0248 1358 0168 2368 4568 0378 1478 2578
FAM D=51 ell=11 count=22 nF=17 blocks: 0123 1245 0345 1346 0256 2347 0157 0467 3567 0148 2358 0368 2468 1568 0278 1378 4578
FAM D=51 ell=11 count=22 nF=17 blocks: 0123 1245 0345 1346 0256 2347 0157 0467 3567 0248 1358 0168 2368 4568 0378 1478 2578
FAM D=51 ell=11 count=22 nF=17 blocks: 0123 1245 0345 1346 0256 2347 1267 0467 3567 0148 2358 0368 2468 1568 0278 1378 4578
FAM D=51 ell=11 count=22 nF=17 blocks: 0123 1245 0345 1346 0256 2347 1267 0467 3567 0248 1358 0168 2368 4568 0378 1478 2578
FAM D=51 ell=11 count=22 nF=17 blocks: 0123 1245 0345 1346 0256 0157 1267 0467 3567 0148 2358 0368 2468 1568 0278 1378 4578
FAM D=51 ell=11 count=22 nF=17 blocks: 0123 1245 0345 1346 0256 0157 1267 0467 3567 0248 1358 0168 2368 4568 0378 1478 2578
FAM D=51 ell=11 count=22 nF=17 blocks: 0123 1245 0345 1346 0256 1357 0167 2367 4567 0148 2358 0368 2468 1568 1278 3478 0578
FAM D=51 ell=11 count=22 nF=17 blocks: 0123 1245 0345 1346 0256 1357 0167 2367 4567 2348 0158 1268 0468 3568 0378 1478 2578
FAM D=51 ell=11 count=22 nF=17 blocks: 0123 1245 0345 1346 0256 2357 0367 2467 1567 0248 1358 0168 2368 4568 1278 3478 0578
FAM D=51 ell=11 count=22 nF=17 blocks: 0123 1245 0345 1346 0256 2357 0367 2467 1567 2348 0158 1268 0468 3568 0278 1378 4578
FAM D=51 ell=11 count=22 nF=17 blocks: 0123 1245 0345 1346 0147 2357 0367 2467 1567 0248 1358 0168 2368 4568 1278 3478 0578
FAM D=51 ell=11 count=22 nF=17 blocks: 0123 1245 0345 1346 0147 2357 0367 2467 1567 2348 0158 1268 0468 3568 0278 1378 4578
FAM D=51 ell=11 count=22 nF=17 blocks: 0123 1245 0345 1346 0247 1357 0167 2367 4567 0148 2358 0368 2468 1568 1278 3478 0578
FAM D=51 ell=11 count=22 nF=17 blocks: 0123 1245 0345 1346 0247 1357 0167 2367 4567 2348 0158 1268 0468 3568 0378 1478 2578
FAM D=51 ell=11 count=22 nF=17 blocks: 0123 1245 0345 1346 2347 0157 1267 0467 3567 0148 2358 0368 2468 1568 0278 1378 4578
FAM D=51 ell=11 count=22 nF=17 blocks: 0123 1245 0345 1346 2347 0157 1267 0467 3567 0248 1358 0168 2368 4568 0378 1478 2578
FAM D=51 ell=11 count=22 nF=17 blocks: 0123 1245 0345 2346 0156 0147 2357 0267 1367 4567 0248 1358 0368 1468 2568 1278 3478
FAM D=54 ell=11 count=19 nF=18 blocks: 0123 1245 0345 2346 0156 0147 2357 0267 1367 4567 0248 1358 0368 1468 2568 1278 3478 0578
FAM D=51 ell=11 count=22 nF=17 blocks: 0123 1245 0345 2346 0156 0147 2357 0267 1367 4567 0248 1358 0368 1468 2568 1278 0578
FAM D=51 ell=11 count=22 nF=17 blocks: 0123 1245 0345 2346 0156 0147 2357 0267 1367 4567 0248 1358 0368 1468 2568 3478 0578
FAM D=51 ell=11 count=22 nF=17 blocks: 0123 1245 0345 2346 0156 0147 2357 0267 1367 4567 0248 1358 0368 1468 1278 3478 0578
FAM D=51 ell=11 count=22 nF=17 blocks: 0123 1245 0345 2346 0156 0147 2357 0267 1367 4567 0248 1358 0368 2568 1278 3478 0578
FAM D=51 ell=11 count=22 nF=17 blocks: 0123 1245 0345 2346 0156 0147 2357 0267 1367 4567 0248 1358 1468 2568 1278 3478 0578
FAM D=51 ell=11 count=22 nF=17 blocks: 0123 1245 0345 2346 0156 0147 2357 0267 1367 4567 0248 0368 1468 2568 1278 3478 0578
FAM D=51 ell=11 count=22 nF=17 blocks: 0123 1245 0345 2346 0156 0147 2357 0267 1367 4567 1348 0258 1268 0468 3568 0378 2478
FAM D=54 ell=11 count=19 nF=18 blocks: 0123 1245 0345 2346 0156 0147 2357 0267 1367 4567 1348 0258 1268 0468 3568 0378 2478 1578
FAM D=51 ell=11 count=22 nF=17 blocks: 0123 1245 0345 2346 0156 0147 2357 0267 1367 4567 1348 0258 1268 0468 3568 0378 1578
FAM D=51 ell=11 count=22 nF=17 blocks: 0123 1245 0345 2346 0156 0147 2357 0267 1367 4567 1348 0258 1268 0468 3568 2478 1578
FAM D=51 ell=11 count=22 nF=17 blocks: 0123 1245 0345 2346 0156 0147 2357 0267 1367 4567 1348 0258 1268 0468 0378 2478 1578
FAM D=51 ell=11 count=22 nF=17 blocks: 0123 1245 0345 2346 0156 0147 2357 0267 1367 4567 1348 0258 1268 3568 0378 2478 1578
FAM D=51 ell=11 count=22 nF=17 blocks: 0123 1245 0345 2346 0156 0147 2357 0267 1367 4567 1348 0258 0468 3568 0378 2478 1578
FAM D=51 ell=11 count=22 nF=17 blocks: 0123 1245 0345 2346 0156 0147 2357 0267 1367 4567 1348 1268 0468 3568 0378 2478 1578
FAM D=51 ell=11 count=22 nF=17 blocks: 0123 1245 0345 2346 0156 0147 2357 0267 1367 4567 0258 1268 0468 3568 0378 2478 1578
FAM D=51 ell=11 count=22 nF=17 blocks: 0123 1245 0345 2346 0156 0147 2357 0267 1367 4567 1358 0368 1468 2568 1278 3478 0578
FAM D=51 ell=11 count=22 nF=17 blocks: 0123 1245 0345 2346 0156 0147 2357 0267 1367 0248 1358 0368 1468 2568 1278 3478 0578
FAM D=51 ell=11 count=22 nF=17 blocks: 0123 1245 0345 2346 0156 0147 2357 0267 1367 1348 0258 1268 0468 3568 0378 2478 1578
FAM D=51 ell=11 count=22 nF=17 blocks: 0123 1245 0345 2346 0156 0147 2357 0267 4567 0248 1358 0368 1468 2568 1278 3478 0578
FAM D=51 ell=11 count=22 nF=17 blocks: 0123 1245 0345 2346 0156 0147 2357 0267 4567 1348 0258 1268 0468 3568 0378 2478 1578
FAM D=51 ell=11 count=22 nF=17 blocks: 0123 1245 0345 2346 0156 0147 2357 1367 4567 0248 1358 0368 1468 2568 1278 3478 0578
FAM D=51 ell=11 count=22 nF=17 blocks: 0123 1245 0345 2346 0156 0147 2357 1367 4567 1348 0258 1268 0468 3568 0378 2478 1578
FAM D=51 ell=11 count=22 nF=17 blocks: 0123 1245 0345 2346 0156 0147 0267 1367 4567 0248 1358 0368 1468 2568 1278 3478 0578
FAM D=51 ell=11 count=22 nF=17 blocks: 0123 1245 0345 2346 0156 0147 0267 1367 4567 1348 0258 1268 0468 3568 0378 2478 1578
FAM D=51 ell=11 count=22 nF=17 blocks: 0123 1245 0345 2346 0156 0247 1357 0367 1467 2567 0148 2358 0268 1368 4568 1278 3478
FAM D=54 ell=11 count=19 nF=18 blocks: 0123 1245 0345 2346 0156 0247 1357 0367 1467 2567 0148 2358 0268 1368 4568 1278 3478 0578
FAM D=51 ell=11 count=22 nF=17 blocks: 0123 1245 0345 2346 0156 0247 1357 0367 1467 2567 0148 2358 0268 1368 4568 1278 0578
FAM D=51 ell=11 count=22 nF=17 blocks: 0123 1245 0345 2346 0156 0247 1357 0367 1467 2567 0148 2358 0268 1368 4568 3478 0578
FAM D=51 ell=11 count=22 nF=17 blocks: 0123 1245 0345 2346 0156 0247 1357 0367 1467 2567 0148 2358 0268 1368 1278 3478 0578
FAM D=51 ell=11 count=22 nF=17 blocks: 0123 1245 0345 2346 0156 0247 1357 0367 1467 2567 0148 2358 0268 4568 1278 3478 0578
FAM D=51 ell=11 count=22 nF=17 blocks: 0123 1245 0345 2346 0156 0247 1357 0367 1467 2567 0148 2358 1368 4568 1278 3478 0578
FAM D=51 ell=11 count=22 nF=17 blocks: 0123 1245 0345 2346 0156 0247 1357 0367 1467 2567 0148 0268 1368 4568 1278 3478 0578
FAM D=51 ell=11 count=22 nF=17 blocks: 0123 1245 0345 2346 0156 0247 1357 0367 1467 2567 1348 0258 1268 0468 3568 0178 2378
FAM D=54 ell=11 count=19 nF=18 blocks: 0123 1245 0345 2346 0156 0247 1357 0367 1467 2567 1348 0258 1268 0468 3568 0178 2378 4578
FAM D=51 ell=11 count=22 nF=17 blocks: 0123 1245 0345 2346 0156 0247 1357 0367 1467 2567 1348 0258 1268 0468 3568 0178 4578
FAM D=51 ell=11 count=22 nF=17 blocks: 0123 1245 0345 2346 0156 0247 1357 0367 1467 2567 1348 0258 1268 0468 3568 2378 4578
FAM D=51 ell=11 count=22 nF=17 blocks: 0123 1245 0345 2346 0156 0247 1357 0367 1467 2567 1348 0258 1268 0468 0178 2378 4578
FAM D=51 ell=11 count=22 nF=17 blocks: 0123 1245 0345 2346 0156 0247 1357 0367 1467 2567 1348 0258 1268 3568 0178 2378 4578
FAM D=51 ell=11 count=22 nF=17 blocks: 0123 1245 0345 2346 0156 0247 1357 0367 1467 2567 1348 0258 0468 3568 0178 2378 4578
FAM D=51 ell=11 count=22 nF=17 blocks: 0123 1245 0345 2346 0156 0247 1357 0367 1467 2567 1348 1268 0468 3568 0178 2378 4578
FAM D=51 ell=11 count=22 nF=17 blocks: 0123 1245 0345 2346 0156 0247 1357 0367 1467 2567 0258 1268 0468 3568 0178 2378 4578
FAM D=51 ell=11 count=22 nF=17 blocks: 0123 1245 0345 2346 0156 0247 1357 0367 1467 2567 2358 0268 1368 4568 1278 3478 0578
FAM D=51 ell=11 count=22 nF=17 blocks: 0123 1245 0345 2346 0156 0247 1357 0367 1467 0148 2358 0268 1368 4568 1278 3478 0578
FAM D=51 ell=11 count=22 nF=17 blocks: 0123 1245 0345 2346 0156 0247 1357 0367 1467 1348 0258 1268 0468 3568 0178 2378 4578
FAM D=51 ell=11 count=22 nF=17 blocks: 0123 1245 0345 2346 0156 0247 1357 0367 2567 0148 2358 0268 1368 4568 1278 3478 0578
FAM D=51 ell=11 count=22 nF=17 blocks: 0123 1245 0345 2346 0156 0247 1357 0367 2567 1348 0258 1268 0468 3568 0178 2378 4578
FAM D=51 ell=11 count=22 nF=17 blocks: 0123 1245 0345 2346 0156 0247 1357 1467 2567 0148 2358 0268 1368 4568 1278 3478 0578
FAM D=51 ell=11 count=22 nF=17 blocks: 0123 1245 0345 2346 0156 0247 1357 1467 2567 1348 0258 1268 0468 3568 0178 2378 4578
FAM D=51 ell=11 count=22 nF=17 blocks: 0123 1245 0345 2346 0156 0247 0367 1467 2567 0148 2358 0268 1368 4568 1278 3478 0578
FAM D=51 ell=11 count=22 nF=17 blocks: 0123 1245 0345 2346 0156 0247 0367 1467 2567 1348 0258 1268 0468 3568 0178 2378 4578
FAM D=51 ell=11 count=22 nF=17 blocks: 0123 1245 0345 2346 0156 1347 0257 1267 0467 3567 0148 2358 0268 1368 4568 0378 2478
FAM D=54 ell=11 count=19 nF=18 blocks: 0123 1245 0345 2346 0156 1347 0257 1267 0467 3567 0148 2358 0268 1368 4568 0378 2478 1578
FAM D=51 ell=11 count=22 nF=17 blocks: 0123 1245 0345 2346 0156 1347 0257 1267 0467 3567 0148 2358 0268 1368 4568 0378 1578
FAM D=51 ell=11 count=22 nF=17 blocks: 0123 1245 0345 2346 0156 1347 0257 1267 0467 3567 0148 2358 0268 1368 4568 2478 1578
FAM D=51 ell=11 count=22 nF=17 blocks: 0123 1245 0345 2346 0156 1347 0257 1267 0467 3567 0148 2358 0268 1368 0378 2478 1578
FAM D=51 ell=11 count=22 nF=17 blocks: 0123 1245 0345 2346 0156 1347 0257 1267 0467 3567 0148 2358 0268 4568 0378 2478 1578
FAM D=51 ell=11 count=22 nF=17 blocks: 0123 1245 0345 2346 0156 1347 0257 1267 0467 3567 0148 2358 1368 4568 0378 2478 1578
FAM D=51 ell=11 count=22 nF=17 blocks: 0123 1245 0345 2346 0156 1347 0257 1267 0467 3567 0148 0268 1368 4568 0378 2478 1578
FAM D=51 ell=11 count=22 nF=17 blocks: 0123 1245 0345 2346 0156 1347 0257 1267 0467 3567 0248 1358 0368 1468 2568 0178 2378
FAM D=54 ell=11 count=19 nF=18 blocks: 0123 1245 0345 2346 0156 1347 0257 1267 0467 3567 0248 1358 0368 1468 2568 0178 2378 4578
FAM D=51 ell=11 count=22 nF=17 blocks: 0123 1245 0345 2346 0156 1347 0257 1267 0467 3567 0248 1358 0368 1468 2568 0178 4578
FAM D=51 ell=11 count=22 nF=17 blocks: 0123 1245 0345 2346 0156 1347 0257 1267 0467 3567 0248 1358 0368 1468 2568 2378 4578
FAM D=51 ell=11 count=22 nF=17 blocks: 0123 1245 0345 2346 0156 1347 0257 1267 0467 3567 0248 1358 0368 1468 0178 2378 4578
FAM D=51 ell=11 count=22 nF=17 blocks: 0123 1245 0345 2346 0156 1347 0257 1267 0467 3567 0248 1358 0368 2568 0178 2378 4578
FAM D=51 ell=11 count=22 nF=17 blocks: 0123 1245 0345 2346 0156 1347 0257 1267 0467 3567 0248 1358 1468 2568 0178 2378 4578
FAM D=51 ell=11 count=22 nF=17 blocks: 0123 1245 0345 2346 0156 1347 0257 1267 0467 3567 0248 0368 1468 2568 0178 2378 4578
FAM D=51 ell=11 count=22 nF=17 blocks: 0123 1245 0345 2346 0156 1347 0257 1267 0467 3567 1358 0368 1468 2568 0178 2378 4578
FAM D=51 ell=11 count=22 nF=17 blocks: 0123 1245 0345 2346 0156 1347 0257 1267 0467 3567 2358 0268 1368 4568 0378 2478 1578
FAM D=51 ell=11 count=22 nF=17 blocks: 0123 1245 0345 2346 0156 1347 0257 1267 0467 0148 2358 0268 1368 4568 0378 2478 1578
FAM D=51 ell=11 count=22 nF=17 blocks: 0123 1245 0345 2346 0156 1347 0257 1267 0467 0248 1358 0368 1468 2568 0178 2378 4578
FAM D=51 ell=11 count=22 nF=17 blocks: 0123 1245 0345 2346 0156 1347 0257 1267 3567 0148 2358 0268 1368 4568 0378 2478 1578
FAM D=51 ell=11 count=22 nF=17 blocks: 0123 1245 0345 2346 0156 1347 0257 1267 3567 0248 1358 0368 1468 2568 0178 2378 4578
FAM D=51 ell=11 count=22 nF=17 blocks: 0123 1245 0345 2346 0156 1347 0257 0467 3567 0148 2358 0268 1368 4568 0378 2478 1578
FAM D=51 ell=11 count=22 nF=17 blocks: 0123 1245 0345 2346 0156 1347 0257 0467 3567 0248 1358 0368 1468 2568 0178 2378 4578
FAM D=51 ell=11 count=22 nF=17 blocks: 0123 1245 0345 2346 0156 1347 1267 0467 3567 0148 2358 0268 1368 4568 0378 2478 1578
FAM D=51 ell=11 count=22 nF=17 blocks: 0123 1245 0345 2346 0156 1347 1267 0467 3567 0248 1358 0368 1468 2568 0178 2378 4578
FAM D=51 ell=11 count=22 nF=17 blocks: 0123 1245 0345 2346 0156 0257 1267 0467 3567 0148 2358 0268 1368 4568 0378 2478 1578
FAM D=51 ell=11 count=22 nF=17 blocks: 0123 1245 0345 2346 0156 0257 1267 0467 3567 0248 1358 0368 1468 2568 0178 2378 4578
FAM D=51 ell=11 count=22 nF=17 blocks: 0123 1245 0345 2346 0156 1357 0367 1467 2567 0148 2358 0268 1368 4568 1278 3478 0578
FAM D=51 ell=11 count=22 nF=17 blocks: 0123 1245 0345 2346 0156 1357 0367 1467 2567 1348 0258 1268 0468 3568 0178 2378 4578
FAM D=51 ell=11 count=22 nF=17 blocks: 0123 1245 0345 2346 0156 2357 0267 1367 4567 0248 1358 0368 1468 2568 1278 3478 0578
FAM D=51 ell=11 count=22 nF=17 blocks: 0123 1245 0345 2346 0156 2357 0267 1367 4567 1348 0258 1268 0468 3568 0378 2478 1578
FAM D=51 ell=11 count=22 nF=17 blocks: 0123 1245 0345 2346 0147 2357 0267 1367 4567 0248 1358 0368 1468 2568 1278 3478 0578
FAM D=51 ell=11 count=22 nF=17 blocks: 0123 1245 0345 2346 0147 2357 0267 1367 4567 1348 0258 1268 0468 3568 0378 2478 1578
FAM D=51 ell=11 count=22 nF=17 blocks: 0123 1245 0345 2346 0247 1357 0367 1467 2567 0148 2358 0268 1368 4568 1278 3478 0578
FAM D=51 ell=11 count=22 nF=17 blocks: 0123 1245 0345 2346 0247 1357 0367 1467 2567 1348 0258 1268 0468 3568 0178 2378 4578
FAM D=51 ell=11 count=22 nF=17 blocks: 0123 1245 0345 2346 1347 0257 1267 0467 3567 0148 2358 0268 1368 4568 0378 2478 1578
FAM D=51 ell=11 count=22 nF=17 blocks: 0123 1245 0345 2346 1347 0257 1267 0467 3567 0248 1358 0368 1468 2568 0178 2378 4578
FAM D=51 ell=11 count=22 nF=17 blocks: 0123 1245 0345 0156 0147 2357 0267 1367 4567 0248 1358 0368 1468 2568 1278 3478 0578
FAM D=51 ell=11 count=22 nF=17 blocks: 0123 1245 0345 0156 0147 2357 0267 1367 4567 1348 0258 1268 0468 3568 0378 2478 1578
FAM D=51 ell=11 count=22 nF=17 blocks: 0123 1245 0345 0156 0247 1357 0367 1467 2567 0148 2358 0268 1368 4568 1278 3478 0578
FAM D=51 ell=11 count=22 nF=17 blocks: 0123 1245 0345 0156 0247 1357 0367 1467 2567 1348 0258 1268 0468 3568 0178 2378 4578
FAM D=51 ell=11 count=22 nF=17 blocks: 0123 1245 0345 0156 1347 0257 1267 0467 3567 0148 2358 0268 1368 4568 0378 2478 1578
FAM D=51 ell=11 count=22 nF=17 blocks: 0123 1245 0345 0156 1347 0257 1267 0467 3567 0248 1358 0368 1468 2568 0178 2378 4578
FAM D=51 ell=11 count=22 nF=17 blocks: 0123 1245 0345 0256 0147 2357 0367 2467 1567 0248 1358 0168 2368 4568 1278 3478 0578
FAM D=51 ell=11 count=22 nF=17 blocks: 0123 1245 0345 0256 0147 2357 0367 2467 1567 2348 0158 1268 0468 3568 0278 1378 4578
FAM D=51 ell=11 count=22 nF=17 blocks: 0123 1245 0345 0256 0247 1357 0167 2367 4567 0148 2358 0368 2468 1568 1278 3478 0578
FAM D=51 ell=11 count=22 nF=17 blocks: 0123 1245 0345 0256 0247 1357 0167 2367 4567 2348 0158 1268 0468 3568 0378 1478 2578
FAM D=51 ell=11 count=22 nF=17 blocks: 0123 1245 0345 0256 2347 0157 1267 0467 3567 0148 2358 0368 2468 1568 0278 1378 4578
FAM D=51 ell=11 count=22 nF=17 blocks: 0123 1245 0345 0256 2347 0157 1267 0467 3567 0248 1358 0168 2368 4568 0378 1478 2578
FAM D=51 ell=11 count=22 nF=17 blocks: 0123 1245 0345 1356 0147 2357 1267 3467 0567 1348 0258 0168 2368 4568 0378 2478 1578
FAM D=51 ell=11 count=22 nF=17 blocks: 0123 1245 0345 1356 0147 2357 1267 3467 0567 2348 0158 0368 1468 2568 0278 1378 4578
FAM D=51 ell=11 count=22 nF=17 blocks: 0123 1245 0345 1356 1347 0257 0167 2367 4567 0148 2358 1268 3468 0568 0378 2478 1578
FAM D=51 ell=11 count=22 nF=17 blocks: 0123 1245 0345 1356 1347 0257 0167 2367 4567 2348 0158 0368 1468 2568 1278 0478 3578
FAM D=51 ell=11 count=22 nF=17 blocks: 0123 1245 0345 1356 2347 0157 0367 1467 2567 0148 2358 1268 3468 0568 0278 1378 4578
FAM D=51 ell=11 count=22 nF=17 blocks: 0123 1245 0345 1356 2347 0157 0367 1467 2567 1348 0258 0168 2368 4568 1278 0478 3578
FAM D=51 ell=11 count=22 nF=17 blocks: 0123 1245 0345 2356 0247 1357 1267 3467 0567 1348 0258 0368 2468 1568 0178 2378 4578
FAM D=51 ell=11 count=22 nF=17 blocks: 0123 1245 0345 2356 0247 1357 1267 3467 0567 2348 0158 0268 1368 4568 0378 1478 2578
FAM D=51 ell=11 count=22 nF=17 blocks: 0123 1245 0345 2356 1347 0257 0367 2467 1567 0248 1358 1268 3468 0568 0178 2378 4578
FAM D=51 ell=11 count=22 nF=17 blocks: 0123 1245 0345 2356 1347 0257 0367 2467 1567 2348 0158 0268 1368 4568 1278 0478 3578
FAM D=51 ell=11 count=22 nF=17 blocks: 0123 1245 0345 2356 2347 0157 0267 1367 4567 0248 1358 1268 3468 0568 0378 1478 2578
FAM D=51 ell=11 count=22 nF=17 blocks: 0123 1245 0345 2356 2347 0157 0267 1367 4567 1348 0258 0368 2468 1568 1278 0478 3578
FAM D=51 ell=11 count=22 nF=17 blocks: 0123 1245 0146 2346 0356 0247 0157 3457 1367 2567 0348 0258 1358 1268 4568 2378 1478
FAM D=54 ell=11 count=19 nF=18 blocks: 0123 1245 0146 2346 0356 0247 0157 3457 1367 2567 0348 0258 1358 1268 4568 2378 1478 0678
FAM D=51 ell=11 count=22 nF=17 blocks: 0123 1245 0146 2346 0356 0247 0157 3457 1367 2567 0348 0258 1358 1268 4568 2378 0678
FAM D=51 ell=11 count=22 nF=17 blocks: 0123 1245 0146 2346 0356 0247 0157 3457 1367 2567 0348 0258 1358 1268 4568 1478 0678
FAM D=51 ell=11 count=22 nF=17 blocks: 0123 1245 0146 2346 0356 0247 0157 3457 1367 2567 0348 0258 1358 1268 2378 1478 0678
FAM D=51 ell=11 count=22 nF=17 blocks: 0123 1245 0146 2346 0356 0247 0157 3457 1367 2567 0348 0258 1358 4568 2378 1478 0678
FAM D=51 ell=11 count=22 nF=17 blocks: 0123 1245 0146 2346 0356 0247 0157 3457 1367 2567 0348 0258 1268 4568 2378 1478 0678
FAM D=51 ell=11 count=22 nF=17 blocks: 0123 1245 0146 2346 0356 0247 0157 3457 1367 2567 0348 1358 1268 4568 2378 1478 0678
FAM D=51 ell=11 count=22 nF=17 blocks: 0123 1245 0146 2346 0356 0247 0157 3457 1367 2567 1348 2358 0458 0268 1568 1278 0378
FAM D=54 ell=11 count=19 nF=18 blocks: 0123 1245 0146 2346 0356 0247 0157 3457 1367 2567 1348 2358 0458 0268 1568 1278 0378 4678
FAM D=51 ell=11 count=22 nF=17 blocks: 0123 1245 0146 2346 0356 0247 0157 3457 1367 2567 1348 2358 0458 0268 1568 1278 4678
FAM D=51 ell=11 count=22 nF=17 blocks: 0123 1245 0146 2346 0356 0247 0157 3457 1367 2567 1348 2358 0458 0268 1568 0378 4678
FAM D=51 ell=11 count=22 nF=17 blocks: 0123 1245 0146 2346 0356 0247 0157 3457 1367 2567 1348 2358 0458 0268 1278 0378 4678
FAM D=51 ell=11 count=22 nF=17 blocks: 0123 1245 0146 2346 0356 0247 0157 3457 1367 2567 1348 2358 0458 1568 1278 0378 4678
FAM D=51 ell=11 count=22 nF=17 blocks: 0123 1245 0146 2346 0356 0247 0157 3457 1367 2567 1348 2358 0268 1568 1278 0378 4678
FAM D=51 ell=11 count=22 nF=17 blocks: 0123 1245 0146 2346 0356 0247 0157 3457 1367 2567 1348 0458 0268 1568 1278 0378 4678
FAM D=51 ell=11 count=22 nF=17 blocks: 0123 1245 0146 2346 0356 0247 0157 3457 1367 2567 0258 1358 1268 4568 2378 1478 0678
FAM D=51 ell=11 count=22 nF=17 blocks: 0123 1245 0146 2346 0356 0247 0157 3457 1367 2567 2358 0458 0268 1568 1278 0378 4678
FAM D=51 ell=11 count=22 nF=17 blocks: 0123 1245 0146 2346 0356 0247 0157 3457 1367 0348 0258 1358 1268 4568 2378 1478 0678
FAM D=51 ell=11 count=22 nF=17 blocks: 0123 1245 0146 2346 0356 0247 0157 3457 1367 1348 2358 0458 0268 1568 1278 0378 4678
FAM D=51 ell=11 count=22 nF=17 blocks: 0123 1245 0146 2346 0356 0247 0157 3457 2567 0348 0258 1358 1268 4568 2378 1478 0678
FAM D=51 ell=11 count=22 nF=17 blocks: 0123 1245 0146 2346 0356 0247 0157 3457 2567 1348 2358 0458 0268 1568 1278 0378 4678
FAM D=51 ell=11 count=22 nF=17 blocks: 0123 1245 0146 2346 0356 0247 0157 1367 2567 0348 0258 1358 1268 4568 2378 1478 0678
FAM D=51 ell=11 count=22 nF=17 blocks: 0123 1245 0146 2346 0356 0247 0157 1367 2567 1348 2358 0458 0268 1568 1278 0378 4678
FAM D=51 ell=11 count=22 nF=17 blocks: 0123 1245 0146 2346 0356 0247 3457 1367 2567 0348 0258 1358 1268 4568 2378 1478 0678
FAM D=51 ell=11 count=22 nF=17 blocks: 0123 1245 0146 2346 0356 0247 3457 1367 2567 1348 2358 0458 0268 1568 1278 0378 4678
FAM D=51 ell=11 count=22 nF=17 blocks: 0123 1245 0146 2346 0356 0347 0257 1357 1267 4567 0248 0158 3458 1368 2568 2378 1478
FAM D=54 ell=11 count=19 nF=18 blocks: 0123 1245 0146 2346 0356 0347 0257 1357 1267 4567 0248 0158 3458 1368 2568 2378 1478 0678
FAM D=51 ell=11 count=22 nF=17 blocks: 0123 1245 0146 2346 0356 0347 0257 1357 1267 4567 0248 0158 3458 1368 2568 2378 0678
FAM D=51 ell=11 count=22 nF=17 blocks: 0123 1245 0146 2346 0356 0347 0257 1357 1267 4567 0248 0158 3458 1368 2568 1478 0678
FAM D=51 ell=11 count=22 nF=17 blocks: 0123 1245 0146 2346 0356 0347 0257 1357 1267 4567 0248 0158 3458 1368 2378 1478 0678
FAM D=51 ell=11 count=22 nF=17 blocks: 0123 1245 0146 2346 0356 0347 0257 1357 1267 4567 0248 0158 3458 2568 2378 1478 0678
FAM D=51 ell=11 count=22 nF=17 blocks: 0123 1245 0146 2346 0356 0347 0257 1357 1267 4567 0248 0158 1368 2568 2378 1478 0678
FAM D=51 ell=11 count=22 nF=17 blocks: 0123 1245 0146 2346 0356 0347 0257 1357 1267 4567 0248 3458 1368 2568 2378 1478 0678
FAM D=51 ell=11 count=22 nF=17 blocks: 0123 1245 0146 2346 0356 0347 0257 1357 1267 4567 1348 2358 0458 0268 1568 0178 2478
FAM D=54 ell=11 count=19 nF=18 blocks: 0123 1245 0146 2346 0356 0347 0257 1357 1267 4567 1348 2358 0458 0268 1568 0178 2478 3678
FAM D=51 ell=11 count=22 nF=17 blocks: 0123 1245 0146 2346 0356 0347 0257 1357 1267 4567 1348 2358 0458 0268 1568 0178 3678
FAM D=51 ell=11 count=22 nF=17 blocks: 0123 1245 0146 2346 0356 0347 0257 1357 1267 4567 1348 2358 0458 0268 1568 2478 3678
FAM D=51 ell=11 count=22 nF=17 blocks: 0123 1245 0146 2346 0356 0347 0257 1357 1267 4567 1348 2358 0458 0268 0178 2478 3678
FAM D=51 ell=11 count=22 nF=17 blocks: 0123 1245 0146 2346 0356 0347 0257 1357 1267 4567 1348 2358 0458 1568 0178 2478 3678
FAM D=51 ell=11 count=22 nF=17 blocks: 0123 1245 0146 2346 0356 0347 0257 1357 1267 4567 1348 2358 0268 1568 0178 2478 3678
FAM D=51 ell=11 count=22 nF=17 blocks: 0123 1245 0146 2346 0356 0347 0257 1357 1267 4567 1348 0458 0268 1568 0178 2478 3678
FAM D=51 ell=11 count=22 nF=17 blocks: 0123 1245 0146 2346 0356 0347 0257 1357 1267 4567 0158 3458 1368 2568 2378 1478 0678
FAM D=51 ell=11 count=22 nF=17 blocks: 0123 1245 0146 2346 0356 0347 0257 1357 1267 4567 2358 0458 0268 1568 0178 2478 3678
FAM D=51 ell=11 count=22 nF=17 blocks: 0123 1245 0146 2346 0356 0347 0257 1357 1267 0248 0158 3458 1368 2568 2378 1478 0678
FAM D=51 ell=11 count=22 nF=17 blocks: 0123 1245 0146 2346 0356 0347 0257 1357 1267 1348 2358 0458 0268 1568 0178 2478 3678
FAM D=51 ell=11 count=22 nF=17 blocks: 0123 1245 0146 2346 0356 0347 0257 1357 4567 0248 0158 3458 1368 2568 2378 1478 0678
FAM D=51 ell=11 count=22 nF=17 blocks: 0123 1245 0146 2346 0356 0347 0257 1357 4567 1348 2358 0458 0268 1568 0178 2478 3678
FAM D=51 ell=11 count=22 nF=17 blocks: 0123 1245 0146 2346 0356 0347 0257 1267 4567 0248 0158 3458 1368 2568 2378 1478 0678
FAM D=51 ell=11 count=22 nF=17 blocks: 0123 1245 0146 2346 0356 0347 0257 1267 4567 1348 2358 0458 0268 1568 0178 2478 3678
FAM D=51 ell=11 count=22 nF=17 blocks: 0123 1245 0146 2346 0356 0347 1357 1267 4567 0248 0158 3458 1368 2568 2378 1478 0678
FAM D=51 ell=11 count=22 nF=17 blocks: 0123 1245 0146 2346 0356 0347 1357 1267 4567 1348 2358 0458 0268 1568 0178 2478 3678
FAM D=51 ell=11 count=22 nF=17 blocks: 0123 1245 0146 2346 0356 1347 2357 0457 0267 1567 0248 0158 3458 1368 2568 1278 0378
FAM D=54 ell=11 count=19 nF=18 blocks: 0123 1245 0146 2346 0356 1347 2357 0457 0267 1567 0248 0158 3458 1368 2568 1278 0378 4678
FAM D=51 ell=11 count=22 nF=17 blocks: 0123 1245 0146 2346 0356 1347 2357 0457 0267 1567 0248 0158 3458 1368 2568 1278 4678
FAM D=51 ell=11 count=22 nF=17 blocks: 0123 1245 0146 2346 0356 1347 2357 0457 0267 1567 0248 0158 3458 1368 2568 0378 4678
FAM D=51 ell=11 count=22 nF=17 blocks: 0123 1245 0146 2346 0356 1347 2357 0457 0267 1567 0248 0158 3458 1368 1278 0378 4678
FAM D=51 ell=11 count=22 nF=17 blocks: 0123 1245 0146 2346 0356 1347 2357 0457 0267 1567 0248 0158 3458 2568 1278 0378 4678
FAM D=51 ell=11 count=22 nF=17 blocks: 0123 1245 0146 2346 0356 1347 2357 0457 0267 1567 0248 0158 1368 2568 1278 0378 4678
FAM D=51 ell=11 count=22 nF=17 blocks: 0123 1245 0146 2346 0356 1347 2357 0457 0267 1567 0248 3458 1368 2568 1278 0378 4678
FAM D=51 ell=11 count=22 nF=17 blocks: 0123 1245 0146 2346 0356 1347 2357 0457 0267 1567 0348 0258 1358 1268 4568 0178 2478
FAM D=54 ell=11 count=19 nF=18 blocks: 0123 1245 0146 2346 0356 1347 2357 0457 0267 1567 0348 0258 1358 1268 4568 0178 2478 3678
FAM D=51 ell=11 count=22 nF=17 blocks: 0123 1245 0146 2346 0356 1347 2357 0457 0267 1567 0348 0258 1358 1268 4568 0178 3678
FAM D=51 ell=11 count=22 nF=17 blocks: 0123 1245 0146 2346 0356 1347 2357 0457 0267 1567 0348 0258 1358 1268 4568 2478 3678
FAM D=51 ell=11 count=22 nF=17 blocks: 0123 1245 0146 2346 0356 1347 2357 0457 0267 1567 0348 0258 1358 1268 0178 2478 3678
FAM D=51 ell=11 count=22 nF=17 blocks: 0123 1245 0146 2346 0356 1347 2357 0457 0267 1567 0348 0258 1358 4568 0178 2478 3678
FAM D=51 ell=11 count=22 nF=17 blocks: 0123 1245 0146 2346 0356 1347 2357 0457 0267 1567 0348 0258 1268 4568 0178 2478 3678
FAM D=51 ell=11 count=22 nF=17 blocks: 0123 1245 0146 2346 0356 1347 2357 0457 0267 1567 0348 1358 1268 4568 0178 2478 3678
FAM D=51 ell=11 count=22 nF=17 blocks: 0123 1245 0146 2346 0356 1347 2357 0457 0267 1567 0158 3458 1368 2568 1278 0378 4678
FAM D=51 ell=11 count=22 nF=17 blocks: 0123 1245 0146 2346 0356 1347 2357 0457 0267 1567 0258 1358 1268 4568 0178 2478 3678
FAM D=51 ell=11 count=22 nF=17 blocks: 0123 1245 0146 2346 0356 1347 2357 0457 0267 0248 0158 3458 1368 2568 1278 0378 4678
FAM D=51 ell=11 count=22 nF=17 blocks: 0123 1245 0146 2346 0356 1347 2357 0457 0267 0348 0258 1358 1268 4568 0178 2478 3678
FAM D=51 ell=11 count=22 nF=17 blocks: 0123 1245 0146 2346 0356 1347 2357 0457 1567 0248 0158 3458 1368 2568 1278 0378 4678
FAM D=51 ell=11 count=22 nF=17 blocks: 0123 1245 0146 2346 0356 1347 2357 0457 1567 0348 0258 1358 1268 4568 0178 2478 3678
FAM D=51 ell=11 count=22 nF=17 blocks: 0123 1245 0146 2346 0356 1347 2357 0267 1567 0248 0158 3458 1368 2568 1278 0378 4678
FAM D=51 ell=11 count=22 nF=17 blocks: 0123 1245 0146 2346 0356 1347 2357 0267 1567 0348 0258 1358 1268 4568 0178 2478 3678
FAM D=51 ell=11 count=22 nF=17 blocks: 0123 1245 0146 2346 0356 1347 0457 0267 1567 0248 0158 3458 1368 2568 1278 0378 4678
FAM D=51 ell=11 count=22 nF=17 blocks: 0123 1245 0146 2346 0356 1347 0457 0267 1567 0348 0258 1358 1268 4568 0178 2478 3678
FAM D=51 ell=11 count=22 nF=17 blocks: 0123 1245 0146 2346 0356 0157 3457 1367 2567 0348 0258 1358 1268 4568 2378 1478 0678
FAM D=51 ell=11 count=22 nF=17 blocks: 0123 1245 0146 2346 0356 0157 3457 1367 2567 1348 2358 0458 0268 1568 1278 0378 4678
FAM D=51 ell=11 count=22 nF=17 blocks: 0123 1245 0146 2346 0356 0257 1357 1267 4567 0248 0158 3458 1368 2568 2378 1478 0678
FAM D=51 ell=11 count=22 nF=17 blocks: 0123 1245 0146 2346 0356 0257 1357 1267 4567 1348 2358 0458 0268 1568 0178 2478 3678
FAM D=51 ell=11 count=22 nF=17 blocks: 0123 1245 0146 2346 0356 2357 0457 0267 1567 0248 0158 3458 1368 2568 1278 0378 4678
FAM D=51 ell=11 count=22 nF=17 blocks: 0123 1245 0146 2346 0356 2357 0457 0267 1567 0348 0258 1358 1268 4568 0178 2478 3678
FAM D=51 ell=11 count=22 nF=17 blocks: 0123 1245 0146 2346 0247 0157 3457 1367 2567 0348 0258 1358 1268 4568 2378 1478 0678
FAM D=51 ell=11 count=22 nF=17 blocks: 0123 1245 0146 2346 0247 0157 3457 1367 2567 1348 2358 0458 0268 1568 1278 0378 4678
FAM D=51 ell=11 count=22 nF=17 blocks: 0123 1245 0146 2346 0347 0257 1357 1267 4567 0248 0158 3458 1368 2568 2378 1478 0678
FAM D=51 ell=11 count=22 nF=17 blocks: 0123 1245 0146 2346 0347 0257 1357 1267 4567 1348 2358 0458 0268 1568 0178 2478 3678
FAM D=51 ell=11 count=22 nF=17 blocks: 0123 1245 0146 2346 1347 2357 0457 0267 1567 0248 0158 3458 1368 2568 1278 0378 4678
FAM D=51 ell=11 count=22 nF=17 blocks: 0123 1245 0146 2346 1347 2357 0457 0267 1567 0348 0258 1358 1268 4568 0178 2478 3678
FAM D=51 ell=11 count=22 nF=17 blocks: 0123 1245 0146 0256 3456 0247 1347 0357 2367 1567 0348 0158 2358 1368 2468 1278 4578
FAM D=54 ell=11 count=19 nF=18 blocks: 0123 1245 0146 0256 3456 0247 1347 0357 2367 1567 0348 0158 2358 1368 2468 1278 4578 0678
FAM D=51 ell=11 count=22 nF=17 blocks: 0123 1245 0146 0256 3456 0247 1347 0357 2367 1567 0348 0158 2358 1368 2468 1278 0678
FAM D=51 ell=11 count=22 nF=17 blocks: 0123 1245 0146 0256 3456 0247 1347 0357 2367 1567 0348 0158 2358 1368 2468 4578 0678
FAM D=51 ell=11 count=22 nF=17 blocks: 0123 1245 0146 0256 3456 0247 1347 0357 2367 1567 0348 0158 2358 1368 1278 4578 0678
FAM D=51 ell=11 count=22 nF=17 blocks: 0123 1245 0146 0256 3456 0247 1347 0357 2367 1567 0348 0158 2358 2468 1278 4578 0678
FAM D=51 ell=11 count=22 nF=17 blocks: 0123 1245 0146 0256 3456 0247 1347 0357 2367 1567 0348 0158 1368 2468 1278 4578 0678
FAM D=51 ell=11 count=22 nF=17 blocks: 0123 1245 0146 0256 3456 0247 1347 0357 2367 1567 0348 2358 1368 2468 1278 4578 0678
FAM D=51 ell=11 count=22 nF=17 blocks: 0123 1245 0146 0256 3456 0247 1347 0357 2367 1567 2348 1358 0458 1268 0368 0178 2578
FAM D=54 ell=11 count=19 nF=18 blocks: 0123 1245 0146 0256 3456 0247 1347 0357 2367 1567 2348 1358 0458 1268 0368 0178 2578 4678
FAM D=51 ell=11 count=22 nF=17 blocks: 0123 1245 0146 0256 3456 0247 1347 0357 2367 1567 2348 1358 0458 1268 0368 0178 4678
FAM D=51 ell=11 count=22 nF=17 blocks: 0123 1245 0146 0256 3456 0247 1347 0357 2367 1567 2348 1358 0458 1268 0368 2578 4678
FAM D=51 ell=11 count=22 nF=17 blocks: 0123 1245 0146 0256 3456 0247 1347 0357 2367 1567 2348 1358 0458 1268 0178 2578 4678
FAM D=51 ell=11 count=22 nF=17 blocks: 0123 1245 0146 0256 3456 0247 1347 0357 2367 1567 2348 1358 0458 0368 0178 2578 4678
FAM D=51 ell=11 count=22 nF=17 blocks: 0123 1245 0146 0256 3456 0247 1347 0357 2367 1567 2348 1358 1268 0368 0178 2578 4678
FAM D=51 ell=11 count=22 nF=17 blocks: 0123 1245 0146 0256 3456 0247 1347 0357 2367 1567 2348 0458 1268 0368 0178 2578 4678
FAM D=51 ell=11 count=22 nF=17 blocks: 0123 1245 0146 0256 3456 0247 1347 0357 2367 1567 0158 2358 1368 2468 1278 4578 0678
FAM D=51 ell=11 count=22 nF=17 blocks: 0123 1245 0146 0256 3456 0247 1347 0357 2367 1567 1358 0458 1268 0368 0178 2578 4678
FAM D=51 ell=11 count=22 nF=17 blocks: 0123 1245 0146 0256 3456 0247 1347 0357 2367 0348 0158 2358 1368 2468 1278 4578 0678
FAM D=51 ell=11 count=22 nF=17 blocks: 0123 1245 0146 0256 3456 0247 1347 0357 2367 2348 1358 0458 1268 0368 0178 2578 4678
FAM D=51 ell=11 count=22 nF=17 blocks: 0123 1245 0146 0256 3456 0247 1347 0357 1567 0348 0158 2358 1368 2468 1278 4578 0678
FAM D=51 ell=11 count=22 nF=17 blocks: 0123 1245 0146 0256 3456 0247 1347 0357 1567 2348 1358 0458 1268 0368 0178 2578 4678
FAM D=51 ell=11 count=22 nF=17 blocks: 0123 1245 0146 0256 3456 0247 1347 2367 1567 0348 0158 2358 1368 2468 1278 4578 0678
FAM D=51 ell=11 count=22 nF=17 blocks: 0123 1245 0146 0256 3456 0247 1347 2367 1567 2348 1358 0458 1268 0368 0178 2578 4678
FAM D=51 ell=11 count=22 nF=17 blocks: 0123 1245 0146 0256 3456 0247 0357 2367 1567 0348 0158 2358 1368 2468 1278 4578 0678
FAM D=51 ell=11 count=22 nF=17 blocks: 0123 1245 0146 0256 3456 0247 0357 2367 1567 2348 1358 0458 1268 0368 0178 2578 4678
FAM D=51 ell=11 count=22 nF=17 blocks: 0123 1245 0146 0256 3456 0347 0157 2357 1367 2467 0248 1348 0358 2368 1568 1278 4578
FAM D=54 ell=11 count=19 nF=18 blocks: 0123 1245 0146 0256 3456 0347 0157 2357 1367 2467 0248 1348 0358 2368 1568 1278 4578 0678
FAM D=51 ell=11 count=22 nF=17 blocks: 0123 1245 0146 0256 3456 0347 0157 2357 1367 2467 0248 1348 0358 2368 1568 1278 0678
FAM D=51 ell=11 count=22 nF=17 blocks: 0123 1245 0146 0256 3456 0347 0157 2357 1367 2467 0248 1348 0358 2368 1568 4578 0678
FAM D=51 ell=11 count=22 nF=17 blocks: 0123 1245 0146 0256 3456 0347 0157 2357 1367 2467 0248 1348 0358 2368 1278 4578 0678
FAM D=51 ell=11 count=22 nF=17 blocks: 0123 1245 0146 0256 3456 0347 0157 2357 1367 2467 0248 1348 0358 1568 1278 4578 0678
FAM D=51 ell=11 count=22 nF=17 blocks: 0123 1245 0146 0256 3456 0347 0157 2357 1367 2467 0248 1348 2368 1568 1278 4578 0678
FAM D=51 ell=11 count=22 nF=17 blocks: 0123 1245 0146 0256 3456 0347 0157 2357 1367 2467 0248 0358 2368 1568 1278 4578 0678
FAM D=51 ell=11 count=22 nF=17 blocks: 0123 1245 0146 0256 3456 0347 0157 2357 1367 2467 1348 0358 2368 1568 1278 4578 0678
FAM D=51 ell=11 count=22 nF=17 blocks: 0123 1245 0146 0256 3456 0347 0157 2357 1367 2467 2348 1358 0458 1268 0368 0278 1478
FAM D=54 ell=11 count=19 nF=18 blocks: 0123 1245 0146 0256 3456 0347 0157 2357 1367 2467 2348 1358 0458 1268 0368 0278 1478 5678
FAM D=51 ell=11 count=22 nF=17 blocks: 0123 1245 0146 0256 3456 0347 0157 2357 1367 2467 2348 1358 0458 1268 0368 0278 5678
FAM D=51 ell=11 count=22 nF=17 blocks: 0123 1245 0146 0256 3456 0347 0157 2357 1367 2467 2348 1358 0458 1268 0368 1478 5678
FAM D=51 ell=11 count=22 nF=17 blocks: 0123 1245 0146 0256 3456 0347 0157 2357 1367 2467 2348 1358 0458 1268 0278 1478 5678
FAM D=51 ell=11 count=22 nF=17 blocks: 0123 1245 0146 0256 3456 0347 0157 2357 1367 2467 2348 1358 0458 0368 0278 1478 5678
FAM D=51 ell=11 count=22 nF=17 blocks: 0123 1245 0146 0256 3456 0347 0157 2357 1367 2467 2348 1358 1268 0368 0278 1478 5678
FAM D=51 ell=11 count=22 nF=17 blocks: 0123 1245 0146 0256 3456 0347 0157 2357 1367 2467 2348 0458 1268 0368 0278 1478 5678
FAM D=51 ell=11 count=22 nF=17 blocks: 0123 1245 0146 0256 3456 0347 0157 2357 1367 2467 1358 0458 1268 0368 0278 1478 5678
FAM D=51 ell=11 count=22 nF=17 blocks: 0123 1245 0146 0256 3456 0347 0157 2357 1367 0248 1348 0358 2368 1568 1278 4578 0678
FAM D=51 ell=11 count=22 nF=17 blocks: 0123 1245 0146 0256 3456 0347 0157 2357 1367 2348 1358 0458 1268 0368 0278 1478 5678
FAM D=51 ell=11 count=22 nF=17 blocks: 0123 1245 0146 0256 3456 0347 0157 2357 2467 0248 1348 0358 2368 1568 1278 4578 0678
FAM D=51 ell=11 count=22 nF=17 blocks: 0123 1245 0146 0256 3456 0347 0157 2357 2467 2348 1358 0458 1268 0368 0278 1478 5678
FAM D=51 ell=11 count=22 nF=17 blocks: 0123 1245 0146 0256 3456 0347 0157 1367 2467 0248 1348 0358 2368 1568 1278 4578 0678
FAM D=51 ell=11 count=22 nF=17 blocks: 0123 1245 0146 0256 3456 0347 0157 1367 2467 2348 1358 0458 1268 0368 0278 1478 5678
FAM D=51 ell=11 count=22 nF=17 blocks: 0123 1245 0146 0256 3456 0347 2357 1367 2467 0248 1348 0358 2368 1568 1278 4578 0678
FAM D=51 ell=11 count=22 nF=17 blocks: 0123 1245 0146 0256 3456 0347 2357 1367 2467 2348 1358 0458 1268 0368 0278 1478 5678
FAM D=51 ell=11 count=22 nF=17 blocks: 0123 1245 0146 0256 3456 1347 0357 2367 1567 0348 0158 2358 1368 2468 1278 4578 0678
FAM D=51 ell=11 count=22 nF=17 blocks: 0123 1245 0146 0256 3456 1347 0357 2367 1567 2348 1358 0458 1268 0368 0178 2578 4678
FAM D=51 ell=11 count=22 nF=17 blocks: 0123 1245 0146 0256 3456 2347 1357 0457 1267 0367 0248 1348 0358 2368 1568 0178 2578
FAM D=54 ell=11 count=19 nF=18 blocks: 0123 1245 0146 0256 3456 2347 1357 0457 1267 0367 0248 1348 0358 2368 1568 0178 2578 4678
FAM D=51 ell=11 count=22 nF=17 blocks: 0123 1245 0146 0256 3456 2347 1357 0457 1267 0367 0248 1348 0358 2368 1568 0178 4678
FAM D=51 ell=11 count=22 nF=17 blocks: 0123 1245 0146 0256 3456 2347 1357 0457 1267 0367 0248 1348 0358 2368 1568 2578 4678
FAM D=51 ell=11 count=22 nF=17 blocks: 0123 1245 0146 0256 3456 2347 1357 0457 1267 0367 0248 1348 0358 2368 0178 2578 4678
FAM D=51 ell=11 count=22 nF=17 blocks: 0123 1245 0146 0256 3456 2347 1357 0457 1267 0367 0248 1348 0358 1568 0178 2578 4678
FAM D=51 ell=11 count=22 nF=17 blocks: 0123 1245 0146 0256 3456 2347 1357 0457 1267 0367 0248 1348 2368 1568 0178 2578 4678
FAM D=51 ell=11 count=22 nF=17 blocks: 0123 1245 0146 0256 3456 2347 1357 0457 1267 0367 0248 0358 2368 1568 0178 2578 4678
FAM D=51 ell=11 count=22 nF=17 blocks: 0123 1245 0146 0256 3456 2347 1357 0457 1267 0367 0348 0158 2358 1368 2468 0278 1478
FAM D=54 ell=11 count=19 nF=18 blocks: 0123 1245 0146 0256 3456 2347 1357 0457 1267 0367 0348 0158 2358 1368 2468 0278 1478 5678
FAM D=51 ell=11 count=22 nF=17 blocks: 0123 1245 0146 0256 3456 2347 1357 0457 1267 0367 0348 0158 2358 1368 2468 0278 5678
FAM D=51 ell=11 count=22 nF=17 blocks: 0123 1245 0146 0256 3456 2347 1357 0457 1267 0367 0348 0158 2358 1368 2468 1478 5678
FAM D=51 ell=11 count=22 nF=17 blocks: 0123 1245 0146 0256 3456 2347 1357 0457 1267 0367 0348 0158 2358 1368 0278 1478 5678
FAM D=51 ell=11 count=22 nF=17 blocks: 0123 1245 0146 0256 3456 2347 1357 0457 1267 0367 0348 0158 2358 2468 0278 1478 5678
FAM D=51 ell=11 count=22 nF=17 blocks: 0123 1245 0146 0256 3456 2347 1357 0457 1267 0367 0348 0158 1368 2468 0278 1478 5678
FAM D=51 ell=11 count=22 nF=17 blocks: 0123 1245 0146 0256 3456 2347 1357 0457 1267 0367 0348 2358 1368 2468 0278 1478 5678
FAM D=51 ell=11 count=22 nF=17 blocks: 0123 1245 0146 0256 3456 2347 1357 0457 1267 0367 1348 0358 2368 1568 0178 2578 4678
FAM D=51 ell=11 count=22 nF=17 blocks: 0123 1245 0146 0256 3456 2347 1357 0457 1267 0367 0158 2358 1368 2468 0278 1478 5678
FAM D=51 ell=11 count=22 nF=17 blocks: 0123 1245 0146 0256 3456 2347 1357 0457 1267 0248 1348 0358 2368 1568 0178 2578 4678
FAM D=51 ell=11 count=22 nF=17 blocks: 0123 1245 0146 0256 3456 2347 1357 0457 1267 0348 0158 2358 1368 2468 0278 1478 5678
FAM D=51 ell=11 count=22 nF=17 blocks: 0123 1245 0146 0256 3456 2347 1357 0457 0367 0248 1348 0358 2368 1568 0178 2578 4678
FAM D=51 ell=11 count=22 nF=17 blocks: 0123 1245 0146 0256 3456 2347 1357 0457 0367 0348 0158 2358 1368 2468 0278 1478 5678
FAM D=51 ell=11 count=22 nF=17 blocks: 0123 1245 0146 0256 3456 2347 1357 1267 0367 0248 1348 0358 2368 1568 0178 2578 4678
FAM D=51 ell=11 count=22 nF=17 blocks: 0123 1245 0146 0256 3456 2347 1357 1267 0367 0348 0158 2358 1368 2468 0278 1478 5678
FAM D=51 ell=11 count=22 nF=17 blocks: 0123 1245 0146 0256 3456 2347 0457 1267 0367 0248 1348 0358 2368 1568 0178 2578 4678
FAM D=51 ell=11 count=22 nF=17 blocks: 0123 1245 0146 0256 3456 2347 0457 1267 0367 0348 0158 2358 1368 2468 0278 1478 5678
FAM D=51 ell=11 count=22 nF=17 blocks: 0123 1245 0146 0256 3456 0157 2357 1367 2467 0248 1348 0358 2368 1568 1278 4578 0678
FAM D=51 ell=11 count=22 nF=17 blocks: 0123 1245 0146 0256 3456 0157 2357 1367 2467 2348 1358 0458 1268 0368 0278 1478 5678
FAM D=51 ell=11 count=22 nF=17 blocks: 0123 1245 0146 0256 3456 1357 0457 1267 0367 0248 1348 0358 2368 1568 0178 2578 4678
FAM D=51 ell=11 count=22 nF=17 blocks: 0123 1245 0146 0256 3456 1357 0457 1267 0367 0348 0158 2358 1368 2468 0278 1478 5678
FAM D=51 ell=11 count=22 nF=17 blocks: 0123 1245 0146 0256 0247 1347 0357 2367 1567 0348 0158 2358 1368 2468 1278 4578 0678
FAM D=51 ell=11 count=22 nF=17 blocks: 0123 1245 0146 0256 0247 1347 0357 2367 1567 2348 1358 0458 1268 0368 0178 2578 4678
FAM D=51 ell=11 count=22 nF=17 blocks: 0123 1245 0146 0256 0347 0157 2357 1367 2467 0248 1348 0358 2368 1568 1278 4578 0678
FAM D=51 ell=11 count=22 nF=17 blocks: 0123 1245 0146 0256 0347 0157 2357 1367 2467 2348 1358 0458 1268 0368 0278 1478 5678
FAM D=51 ell=11 count=22 nF=17 blocks: 0123 1245 0146 0256 2347 1357 0457 1267 0367 0248 1348 0358 2368 1568 0178 2578 4678
FAM D=51 ell=11 count=22 nF=17 blocks: 0123 1245 0146 0256 2347 1357 0457 1267 0367 0348 0158 2358 1368 2468 0278 1478 5678
FAM D=51 ell=11 count=22 nF=17 blocks: 0123 1245 0146 0356 0247 0157 3457 1367 2567 0348 0258 1358 1268 4568 2378 1478 0678
FAM D=51 ell=11 count=22 nF=17 blocks: 0123 1245 0146 0356 0247 0157 3457 1367 2567 1348 2358 0458 0268 1568 1278 0378 4678
FAM D=51 ell=11 count=22 nF=17 blocks: 0123 1245 0146 0356 0347 0257 1357 1267 4567 0248 0158 3458 1368 2568 2378 1478 0678
FAM D=51 ell=11 count=22 nF=17 blocks: 0123 1245 0146 0356 0347 0257 1357 1267 4567 1348 2358 0458 0268 1568 0178 2478 3678
FAM D=51 ell=11 count=22 nF=17 blocks: 0123 1245 0146 0356 1347 2357 0457 0267 1567 0248 0158 3458 1368 2568 1278 0378 4678
FAM D=51 ell=11 count=22 nF=17 blocks: 0123 1245 0146 0356 1347 2357 0457 0267 1567 0348 0258 1358 1268 4568 0178 2478 3678
FAM D=51 ell=11 count=22 nF=17 blocks: 0123 1245 0146 2356 0247 1357 1267 3467 0567 1348 0258 0368 2468 1568 0178 2378 4578
FAM D=51 ell=11 count=22 nF=17 blocks: 0123 1245 0146 2356 0247 1357 1267 3467 0567 2348 0158 0268 1368 4568 0378 1478 2578
FAM D=51 ell=11 count=22 nF=17 blocks: 0123 1245 0146 2356 1347 0257 0367 2467 1567 0248 1358 1268 3468 0568 0178 2378 4578
FAM D=51 ell=11 count=22 nF=17 blocks: 0123 1245 0146 2356 1347 0257 0367 2467 1567 2348 0158 0268 1368 4568 1278 0478 3578
FAM D=51 ell=11 count=22 nF=17 blocks: 0123 1245 0146 2356 2347 0157 0267 1367 4567 0248 1358 1268 3468 0568 0378 1478 2578
FAM D=51 ell=11 count=22 nF=17 blocks: 0123 1245 0146 2356 2347 0157 0267 1367 4567 1348 0258 0368 2468 1568 1278 0478 3578
FAM D=51 ell=11 count=22 nF=17 blocks: 0123 1245 0146 3456 0247 1347 0357 2367 1567 0348 0158 2358 1368 2468 1278 4578 0678
FAM D=51 ell=11 count=22 nF=17 blocks: 0123 1245 0146 3456 0247 1347 0357 2367 1567 2348 1358 0458 1268 0368 0178 2578 4678
FAM D=51 ell=11 count=22 nF=17 blocks: 0123 1245 0146 3456 0347 0157 2357 1367 2467 0248 1348 0358 2368 1568 1278 4578 0678
FAM D=51 ell=11 count=22 nF=17 blocks: 0123 1245 0146 3456 0347 0157 2357 1367 2467 2348 1358 0458 1268 0368 0278 1478 5678
FAM D=51 ell=11 count=22 nF=17 blocks: 0123 1245 0146 3456 2347 1357 0457 1267 0367 0248 1348 0358 2368 1568 0178 2578 4678
FAM D=51 ell=11 count=22 nF=17 blocks: 0123 1245 0146 3456 2347 1357 0457 1267 0367 0348 0158 2358 1368 2468 0278 1478 5678
FAM D=51 ell=11 count=22 nF=17 blocks: 0123 1245 0246 1346 0356 0147 0257 3457 2367 1567 0348 0158 2358 1268 4568 1378 2478
FAM D=54 ell=11 count=19 nF=18 blocks: 0123 1245 0246 1346 0356 0147 0257 3457 2367 1567 0348 0158 2358 1268 4568 1378 2478 0678
FAM D=51 ell=11 count=22 nF=17 blocks: 0123 1245 0246 1346 0356 0147 0257 3457 2367 1567 0348 0158 2358 1268 4568 1378 0678
FAM D=51 ell=11 count=22 nF=17 blocks: 0123 1245 0246 1346 0356 0147 0257 3457 2367 1567 0348 0158 2358 1268 4568 2478 0678
FAM D=51 ell=11 count=22 nF=17 blocks: 0123 1245 0246 1346 0356 0147 0257 3457 2367 1567 0348 0158 2358 1268 1378 2478 0678
FAM D=51 ell=11 count=22 nF=17 blocks: 0123 1245 0246 1346 0356 0147 0257 3457 2367 1567 0348 0158 2358 4568 1378 2478 0678
FAM D=51 ell=11 count=22 nF=17 blocks: 0123 1245 0246 1346 0356 0147 0257 3457 2367 1567 0348 0158 1268 4568 1378 2478 0678
FAM D=51 ell=11 count=22 nF=17 blocks: 0123 1245 0246 1346 0356 0147 0257 3457 2367 1567 0348 2358 1268 4568 1378 2478 0678
FAM D=51 ell=11 count=22 nF=17 blocks: 0123 1245 0246 1346 0356 0147 0257 3457 2367 1567 2348 1358 0458 0168 2568 1278 0378
FAM D=54 ell=11 count=19 nF=18 blocks: 0123 1245 0246 1346 0356 0147 0257 3457 2367 1567 2348 1358 0458 0168 2568 1278 0378 4678
FAM D=51 ell=11 count=22 nF=17 blocks: 0123 1245 0246 1346 0356 0147 0257 3457 2367 1567 2348 1358 0458 0168 2568 1278 4678
FAM D=51 ell=11 count=22 nF=17 blocks: 0123 1245 0246 1346 0356 0147 0257 3457 2367 1567 2348 1358 0458 0168 2568 0378 4678
FAM D=51 ell=11 count=22 nF=17 blocks: 0123 1245 0246 1346 0356 0147 0257 3457 2367 1567 2348 1358 0458 0168 1278 0378 4678
FAM D=51 ell=11 count=22 nF=17 blocks: 0123 1245 0246 1346 0356 0147 0257 3457 2367 1567 2348 1358 0458 2568 1278 0378 4678
FAM D=51 ell=11 count=22 nF=17 blocks: 0123 1245 0246 1346 0356 0147 0257 3457 2367 1567 2348 1358 0168 2568 1278 0378 4678
FAM D=51 ell=11 count=22 nF=17 blocks: 0123 1245 0246 1346 0356 0147 0257 3457 2367 1567 2348 0458 0168 2568 1278 0378 4678
FAM D=51 ell=11 count=22 nF=17 blocks: 0123 1245 0246 1346 0356 0147 0257 3457 2367 1567 0158 2358 1268 4568 1378 2478 0678
FAM D=51 ell=11 count=22 nF=17 blocks: 0123 1245 0246 1346 0356 0147 0257 3457 2367 1567 1358 0458 0168 2568 1278 0378 4678
FAM D=51 ell=11 count=22 nF=17 blocks: 0123 1245 0246 1346 0356 0147 0257 3457 2367 0348 0158 2358 1268 4568 1378 2478 0678
FAM D=51 ell=11 count=22 nF=17 blocks: 0123 1245 0246 1346 0356 0147 0257 3457 2367 2348 1358 0458 0168 2568 1278 0378 4678
FAM D=51 ell=11 count=22 nF=17 blocks: 0123 1245 0246 1346 0356 0147 0257 3457 1567 0348 0158 2358 1268 4568 1378 2478 0678
FAM D=51 ell=11 count=22 nF=17 blocks: 0123 1245 0246 1346 0356 0147 0257 3457 1567 2348 1358 0458 0168 2568 1278 0378 4678
FAM D=51 ell=11 count=22 nF=17 blocks: 0123 1245 0246 1346 0356 0147 0257 2367 1567 0348 0158 2358 1268 4568 1378 2478 0678
FAM D=51 ell=11 count=22 nF=17 blocks: 0123 1245 0246 1346 0356 0147 0257 2367 1567 2348 1358 0458 0168 2568 1278 0378 4678
FAM D=51 ell=11 count=22 nF=17 blocks: 0123 1245 0246 1346 0356 0147 3457 2367 1567 0348 0158 2358 1268 4568 1378 2478 0678
FAM D=51 ell=11 count=22 nF=17 blocks: 0123 1245 0246 1346 0356 0147 3457 2367 1567 2348 1358 0458 0168 2568 1278 0378 4678
FAM D=51 ell=11 count=22 nF=17 blocks: 0123 1245 0246 1346 0356 0347 0157 2357 1267 4567 0148 0258 3458 2368 1568 1378 2478
FAM D=54 ell=11 count=19 nF=18 blocks: 0123 1245 0246 1346 0356 0347 0157 2357 1267 4567 0148 0258 3458 2368 1568 1378 2478 0678
FAM D=51 ell=11 count=22 nF=17 blocks: 0123 1245 0246 1346 0356 0347 0157 2357 1267 4567 0148 0258 3458 2368 1568 1378 0678
FAM D=51 ell=11 count=22 nF=17 blocks: 0123 1245 0246 1346 0356 0347 0157 2357 1267 4567 0148 0258 3458 2368 1568 2478 0678
FAM D=51 ell=11 count=22 nF=17 blocks: 0123 1245 0246 1346 0356 0347 0157 2357 1267 4567 0148 0258 3458 2368 1378 2478 0678
FAM D=51 ell=11 count=22 nF=17 blocks: 0123 1245 0246 1346 0356 0347 0157 2357 1267 4567 0148 0258 3458 1568 1378 2478 0678
FAM D=51 ell=11 count=22 nF=17 blocks: 0123 1245 0246 1346 0356 0347 0157 2357 1267 4567 0148 0258 2368 1568 1378 2478 0678
FAM D=51 ell=11 count=22 nF=17 blocks: 0123 1245 0246 1346 0356 0347 0157 2357 1267 4567 0148 3458 2368 1568 1378 2478 0678
FAM D=51 ell=11 count=22 nF=17 blocks: 0123 1245 0246 1346 0356 0347 0157 2357 1267 4567 2348 1358 0458 0168 2568 0278 1478
FAM D=54 ell=11 count=19 nF=18 blocks: 0123 1245 0246 1346 0356 0347 0157 2357 1267 4567 2348 1358 0458 0168 2568 0278 1478 3678
FAM D=51 ell=11 count=22 nF=17 blocks: 0123 1245 0246 1346 0356 0347 0157 2357 1267 4567 2348 1358 0458 0168 2568 0278 3678
FAM D=51 ell=11 count=22 nF=17 blocks: 0123 1245 0246 1346 0356 0347 0157 2357 1267 4567 2348 1358 0458 0168 2568 1478 3678
FAM D=51 ell=11 count=22 nF=17 blocks: 0123 1245 0246 1346 0356 0347 0157 2357 1267 4567 2348 1358 0458 0168 0278 1478 3678
FAM D=51 ell=11 count=22 nF=17 blocks: 0123 1245 0246 1346 0356 0347 0157 2357 1267 4567 2348 1358 0458 2568 0278 1478 3678
FAM D=51 ell=11 count=22 nF=17 blocks: 0123 1245 0246 1346 0356 0347 0157 2357 1267 4567 2348 1358 0168 2568 0278 1478 3678
FAM D=51 ell=11 count=22 nF=17 blocks: 0123 1245 0246 1346 0356 0347 0157 2357 1267 4567 2348 0458 0168 2568 0278 1478 3678
FAM D=51 ell=11 count=22 nF=17 blocks: 0123 1245 0246 1346 0356 0347 0157 2357 1267 4567 0258 3458 2368 1568 1378 2478 0678
FAM D=51 ell=11 count=22 nF=17 blocks: 0123 1245 0246 1346 0356 0347 0157 2357 1267 4567 1358 0458 0168 2568 0278 1478 3678
FAM D=51 ell=11 count=22 nF=17 blocks: 0123 1245 0246 1346 0356 0347 0157 2357 1267 0148 0258 3458 2368 1568 1378 2478 0678
FAM D=51 ell=11 count=22 nF=17 blocks: 0123 1245 0246 1346 0356 0347 0157 2357 1267 2348 1358 0458 0168 2568 0278 1478 3678
FAM D=51 ell=11 count=22 nF=17 blocks: 0123 1245 0246 1346 0356 0347 0157 2357 4567 0148 0258 3458 2368 1568 1378 2478 0678
FAM D=51 ell=11 count=22 nF=17 blocks: 0123 1245 0246 1346 0356 0347 0157 2357 4567 2348 1358 0458 0168 2568 0278 1478 3678
FAM D=51 ell=11 count=22 nF=17 blocks: 0123 1245 0246 1346 0356 0347 0157 1267 4567 0148 0258 3458 2368 1568 1378 2478 0678
FAM D=51 ell=11 count=22 nF=17 blocks: 0123 1245 0246 1346 0356 0347 0157 1267 4567 2348 1358 0458 0168 2568 0278 1478 3678
FAM D=51 ell=11 count=22 nF=17 blocks: 0123 1245 0246 1346 0356 0347 2357 1267 4567 0148 0258 3458 2368 1568 1378 2478 0678
FAM D=51 ell=11 count=22 nF=17 blocks: 0123 1245 0246 1346 0356 0347 2357 1267 4567 2348 1358 0458 0168 2568 0278 1478 3678
FAM D=51 ell=11 count=22 nF=17 blocks: 0123 1245 0246 1346 0356 2347 1357 0457 0167 2567 0148 0258 3458 2368 1568 1278 0378
FAM D=54 ell=11 count=19 nF=18 blocks: 0123 1245 0246 1346 0356 2347 1357 0457 0167 2567 0148 0258 3458 2368 1568 1278 0378 4678
FAM D=51 ell=11 count=22 nF=17 blocks: 0123 1245 0246 1346 0356 2347 1357 0457 0167 2567 0148 0258 3458 2368 1568 1278 4678
FAM D=51 ell=11 count=22 nF=17 blocks: 0123 1245 0246 1346 0356 2347 1357 0457 0167 2567 0148 0258 3458 2368 1568 0378 4678
FAM D=51 ell=11 count=22 nF=17 blocks: 0123 1245 0246 1346 0356 2347 1357 0457 0167 2567 0148 0258 3458 2368 1278 0378 4678
FAM D=51 ell=11 count=22 nF=17 blocks: 0123 1245 0246 1346 0356 2347 1357 0457 0167 2567 0148 0258 3458 1568 1278 0378 4678
FAM D=51 ell=11 count=22 nF=17 blocks: 0123 1245 0246 1346 0356 2347 1357 0457 0167 2567 0148 0258 2368 1568 1278 0378 4678
FAM D=51 ell=11 count=22 nF=17 blocks: 0123 1245 0246 1346 0356 2347 1357 0457 0167 2567 0148 3458 2368 1568 1278 0378 4678
FAM D=51 ell=11 count=22 nF=17 blocks: 0123 1245 0246 1346 0356 2347 1357 0457 0167 2567 0348 0158 2358 1268 4568 0278 1478
FAM D=54 ell=11 count=19 nF=18 blocks: 0123 1245 0246 1346 0356 2347 1357 0457 0167 2567 0348 0158 2358 1268 4568 0278 1478 3678
FAM D=51 ell=11 count=22 nF=17 blocks: 0123 1245 0246 1346 0356 2347 1357 0457 0167 2567 0348 0158 2358 1268 4568 0278 3678
FAM D=51 ell=11 count=22 nF=17 blocks: 0123 1245 0246 1346 0356 2347 1357 0457 0167 2567 0348 0158 2358 1268 4568 1478 3678
FAM D=51 ell=11 count=22 nF=17 blocks: 0123 1245 0246 1346 0356 2347 1357 0457 0167 2567 0348 0158 2358 1268 0278 1478 3678
FAM D=51 ell=11 count=22 nF=17 blocks: 0123 1245 0246 1346 0356 2347 1357 0457 0167 2567 0348 0158 2358 4568 0278 1478 3678
FAM D=51 ell=11 count=22 nF=17 blocks: 0123 1245 0246 1346 0356 2347 1357 0457 0167 2567 0348 0158 1268 4568 0278 1478 3678
FAM D=51 ell=11 count=22 nF=17 blocks: 0123 1245 0246 1346 0356 2347 1357 0457 0167 2567 0348 2358 1268 4568 0278 1478 3678
FAM D=51 ell=11 count=22 nF=17 blocks: 0123 1245 0246 1346 0356 2347 1357 0457 0167 2567 0158 2358 1268 4568 0278 1478 3678
FAM D=51 ell=11 count=22 nF=17 blocks: 0123 1245 0246 1346 0356 2347 1357 0457 0167 2567 0258 3458 2368 1568 1278 0378 4678
FAM D=51 ell=11 count=22 nF=17 blocks: 0123 1245 0246 1346 0356 2347 1357 0457 0167 0148 0258 3458 2368 1568 1278 0378 4678
FAM D=51 ell=11 count=22 nF=17 blocks: 0123 1245 0246 1346 0356 2347 1357 0457 0167 0348 0158 2358 1268 4568 0278 1478 3678
FAM D=51 ell=11 count=22 nF=17 blocks: 0123 1245 0246 1346 0356 2347 1357 0457 2567 0148 0258 3458 2368 1568 1278 0378 4678
FAM D=51 ell=11 count=22 nF=17 blocks: 0123 1245 0246 1346 0356 2347 1357 0457 2567 0348 0158 2358 1268 4568 0278 1478 3678
FAM D=51 ell=11 count=22 nF=17 blocks: 0123 1245 0246 1346 0356 2347 1357 0167 2567 0148 0258 3458 2368 1568 1278 0378 4678
FAM D=51 ell=11 count=22 nF=17 blocks: 0123 1245 0246 1346 0356 2347 1357 0167 2567 0348 0158 2358 1268 4568 0278 1478 3678
FAM D=51 ell=11 count=22 nF=17 blocks: 0123 1245 0246 1346 0356 2347 0457 0167 2567 0148 0258 3458 2368 1568 1278 0378 4678
FAM D=51 ell=11 count=22 nF=17 blocks: 0123 1245 0246 1346 0356 2347 0457 0167 2567 0348 0158 2358 1268 4568 0278 1478 3678
FAM D=51 ell=11 count=22 nF=17 blocks: 0123 1245 0246 1346 0356 0157 2357 1267 4567 0148 0258 3458 2368 1568 1378 2478 0678
FAM D=51 ell=11 count=22 nF=17 blocks: 0123 1245 0246 1346 0356 0157 2357 1267 4567 2348 1358 0458 0168 2568 0278 1478 3678
FAM D=51 ell=11 count=22 nF=17 blocks: 0123 1245 0246 1346 0356 0257 3457 2367 1567 0348 0158 2358 1268 4568 1378 2478 0678
FAM D=51 ell=11 count=22 nF=17 blocks: 0123 1245 0246 1346 0356 0257 3457 2367 1567 2348 1358 0458 0168 2568 1278 0378 4678
FAM D=51 ell=11 count=22 nF=17 blocks: 0123 1245 0246 1346 0356 1357 0457 0167 2567 0148 0258 3458 2368 1568 1278 0378 4678
FAM D=51 ell=11 count=22 nF=17 blocks: 0123 1245 0246 1346 0356 1357 0457 0167 2567 0348 0158 2358 1268 4568 0278 1478 3678
FAM D=51 ell=11 count=22 nF=17 blocks: 0123 1245 0246 1346 0147 0257 3457 2367 1567 0348 0158 2358 1268 4568 1378 2478 0678
FAM D=51 ell=11 count=22 nF=17 blocks: 0123 1245 0246 1346 0147 0257 3457 2367 1567 2348 1358 0458 0168 2568 1278 0378 4678
FAM D=51 ell=11 count=22 nF=17 blocks: 0123 1245 0246 1346 0347 0157 2357 1267 4567 0148 0258 3458 2368 1568 1378 2478 0678
FAM D=51 ell=11 count=22 nF=17 blocks: 0123 1245 0246 1346 0347 0157 2357 1267 4567 2348 1358 0458 0168 2568 0278 1478 3678
FAM D=51 ell=11 count=22 nF=17 blocks: 0123 1245 0246 1346 2347 1357 0457 0167 2567 0148 0258 3458 2368 1568 1278 0378 4678
FAM D=51 ell=11 count=22 nF=17 blocks: 0123 1245 0246 1346 2347 1357 0457 0167 2567 0348 0158 2358 1268 4568 0278 1478 3678
FAM D=51 ell=11 count=22 nF=17 blocks: 0123 1245 0246 0156 3456 0147 2347 0357 1367 2567 0348 0258 1358 2368 1468 1278 4578
FAM D=54 ell=11 count=19 nF=18 blocks: 0123 1245 0246 0156 3456 0147 2347 0357 1367 2567 0348 0258 1358 2368 1468 1278 4578 0678
FAM D=51 ell=11 count=22 nF=17 blocks: 0123 1245 0246 0156 3456 0147 2347 0357 1367 2567 0348 0258 1358 2368 1468 1278 0678
FAM D=51 ell=11 count=22 nF=17 blocks: 0123 1245 0246 0156 3456 0147 2347 0357 1367 2567 0348 0258 1358 2368 1468 4578 0678
FAM D=51 ell=11 count=22 nF=17 blocks: 0123 1245 0246 0156 3456 0147 2347 0357 1367 2567 0348 0258 1358 2368 1278 4578 0678
FAM D=51 ell=11 count=22 nF=17 blocks: 0123 1245 0246 0156 3456 0147 2347 0357 1367 2567 0348 0258 1358 1468 1278 4578 0678
FAM D=51 ell=11 count=22 nF=17 blocks: 0123 1245 0246 0156 3456 0147 2347 0357 1367 2567 0348 0258 2368 1468 1278 4578 0678
FAM D=51 ell=11 count=22 nF=17 blocks: 0123 1245 0246 0156 3456 0147 2347 0357 1367 2567 0348 1358 2368 1468 1278 4578 0678
FAM D=51 ell=11 count=22 nF=17 blocks: 0123 1245 0246 0156 3456 0147 2347 0357 1367 2567 1348 2358 0458 1268 0368 0278 1578
FAM D=54 ell=11 count=19 nF=18 blocks: 0123 1245 0246 0156 3456 0147 2347 0357 1367 2567 1348 2358 0458 1268 0368 0278 1578 4678
FAM D=51 ell=11 count=22 nF=17 blocks: 0123 1245 0246 0156 3456 0147 2347 0357 1367 2567 1348 2358 0458 1268 0368 0278 4678
FAM D=51 ell=11 count=22 nF=17 blocks: 0123 1245 0246 0156 3456 0147 2347 0357 1367 2567 1348 2358 0458 1268 0368 1578 4678
FAM D=51 ell=11 count=22 nF=17 blocks: 0123 1245 0246 0156 3456 0147 2347 0357 1367 2567 1348 2358 0458 1268 0278 1578 4678
FAM D=51 ell=11 count=22 nF=17 blocks: 0123 1245 0246 0156 3456 0147 2347 0357 1367 2567 1348 2358 0458 0368 0278 1578 4678
FAM D=51 ell=11 count=22 nF=17 blocks: 0123 1245 0246 0156 3456 0147 2347 0357 1367 2567 1348 2358 1268 0368 0278 1578 4678
FAM D=51 ell=11 count=22 nF=17 blocks: 0123 1245 0246 0156 3456 0147 2347 0357 1367 2567 1348 0458 1268 0368 0278 1578 4678
FAM D=51 ell=11 count=22 nF=17 blocks: 0123 1245 0246 0156 3456 0147 2347 0357 1367 2567 0258 1358 2368 1468 1278 4578 0678
FAM D=51 ell=11 count=22 nF=17 blocks: 0123 1245 0246 0156 3456 0147 2347 0357 1367 2567 2358 0458 1268 0368 0278 1578 4678
FAM D=51 ell=11 count=22 nF=17 blocks: 0123 1245 0246 0156 3456 0147 2347 0357 1367 0348 0258 1358 2368 1468 1278 4578 0678
FAM D=51 ell=11 count=22 nF=17 blocks: 0123 1245 0246 0156 3456 0147 2347 0357 1367 1348 2358 0458 1268 0368 0278 1578 4678
FAM D=51 ell=11 count=22 nF=17 blocks: 0123 1245 0246 0156 3456 0147 2347 0357 2567 0348 0258 1358 2368 1468 1278 4578 0678
FAM D=51 ell=11 count=22 nF=17 blocks: 0123 1245 0246 0156 3456 0147 2347 0357 2567 1348 2358 0458 1268 0368 0278 1578 4678
FAM D=51 ell=11 count=22 nF=17 blocks: 0123 1245 0246 0156 3456 0147 2347 1367 2567 0348 0258 1358 2368 1468 1278 4578 0678
FAM D=51 ell=11 count=22 nF=17 blocks: 0123 1245 0246 0156 3456 0147 2347 1367 2567 1348 2358 0458 1268 0368 0278 1578 4678
FAM D=51 ell=11 count=22 nF=17 blocks: 0123 1245 0246 0156 3456 0147 0357 1367 2567 0348 0258 1358 2368 1468 1278 4578 0678
FAM D=51 ell=11 count=22 nF=17 blocks: 0123 1245 0246 0156 3456 0147 0357 1367 2567 1348 2358 0458 1268 0368 0278 1578 4678
FAM D=51 ell=11 count=22 nF=17 blocks: 0123 1245 0246 0156 3456 0347 0257 1357 2367 1467 0148 2348 0358 1368 2568 1278 4578
FAM D=54 ell=11 count=19 nF=18 blocks: 0123 1245 0246 0156 3456 0347 0257 1357 2367 1467 0148 2348 0358 1368 2568 1278 4578 0678
FAM D=51 ell=11 count=22 nF=17 blocks: 0123 1245 0246 0156 3456 0347 0257 1357 2367 1467 0148 2348 0358 1368 2568 1278 0678
FAM D=51 ell=11 count=22 nF=17 blocks: 0123 1245 0246 0156 3456 0347 0257 1357 2367 1467 0148 2348 0358 1368 2568 4578 0678
FAM D=51 ell=11 count=22 nF=17 blocks: 0123 1245 0246 0156 3456 0347 0257 1357 2367 1467 0148 2348 0358 1368 1278 4578 0678
FAM D=51 ell=11 count=22 nF=17 blocks: 0123 1245 0246 0156 3456 0347 0257 1357 2367 1467 0148 2348 0358 2568 1278 4578 0678
FAM D=51 ell=11 count=22 nF=17 blocks: 0123 1245 0246 0156 3456 0347 0257 1357 2367 1467 0148 2348 1368 2568 1278 4578 0678
FAM D=51 ell=11 count=22 nF=17 blocks: 0123 1245 0246 0156 3456 0347 0257 1357 2367 1467 0148 0358 1368 2568 1278 4578 0678
FAM D=51 ell=11 count=22 nF=17 blocks: 0123 1245 0246 0156 3456 0347 0257 1357 2367 1467 1348 2358 0458 1268 0368 0178 2478
FAM D=54 ell=11 count=19 nF=18 blocks: 0123 1245 0246 0156 3456 0347 0257 1357 2367 1467 1348 2358 0458 1268 0368 0178 2478 5678
FAM D=51 ell=11 count=22 nF=17 blocks: 0123 1245 0246 0156 3456 0347 0257 1357 2367 1467 1348 2358 0458 1268 0368 0178 5678
FAM D=51 ell=11 count=22 nF=17 blocks: 0123 1245 0246 0156 3456 0347 0257 1357 2367 1467 1348 2358 0458 1268 0368 2478 5678
FAM D=51 ell=11 count=22 nF=17 blocks: 0123 1245 0246 0156 3456 0347 0257 1357 2367 1467 1348 2358 0458 1268 0178 2478 5678
FAM D=51 ell=11 count=22 nF=17 blocks: 0123 1245 0246 0156 3456 0347 0257 1357 2367 1467 1348 2358 0458 0368 0178 2478 5678
FAM D=51 ell=11 count=22 nF=17 blocks: 0123 1245 0246 0156 3456 0347 0257 1357 2367 1467 1348 2358 1268 0368 0178 2478 5678
FAM D=51 ell=11 count=22 nF=17 blocks: 0123 1245 0246 0156 3456 0347 0257 1357 2367 1467 1348 0458 1268 0368 0178 2478 5678
FAM D=51 ell=11 count=22 nF=17 blocks: 0123 1245 0246 0156 3456 0347 0257 1357 2367 1467 2348 0358 1368 2568 1278 4578 0678
FAM D=51 ell=11 count=22 nF=17 blocks: 0123 1245 0246 0156 3456 0347 0257 1357 2367 1467 2358 0458 1268 0368 0178 2478 5678
FAM D=51 ell=11 count=22 nF=17 blocks: 0123 1245 0246 0156 3456 0347 0257 1357 2367 0148 2348 0358 1368 2568 1278 4578 0678
FAM D=51 ell=11 count=22 nF=17 blocks: 0123 1245 0246 0156 3456 0347 0257 1357 2367 1348 2358 0458 1268 0368 0178 2478 5678
FAM D=51 ell=11 count=22 nF=17 blocks: 0123 1245 0246 0156 3456 0347 0257 1357 1467 0148 2348 0358 1368 2568 1278 4578 0678
FAM D=51 ell=11 count=22 nF=17 blocks: 0123 1245 0246 0156 3456 0347 0257 1357 1467 1348 2358 0458 1268 0368 0178 2478 5678
FAM D=51 ell=11 count=22 nF=17 blocks: 0123 1245 0246 0156 3456 0347 0257 2367 1467 0148 2348 0358 1368 2568 1278 4578 0678
FAM D=51 ell=11 count=22 nF=17 blocks: 0123 1245 0246 0156 3456 0347 0257 2367 1467 1348 2358 0458 1268 0368 0178 2478 5678
FAM D=51 ell=11 count=22 nF=17 blocks: 0123 1245 0246 0156 3456 0347 1357 2367 1467 0148 2348 0358 1368 2568 1278 4578 0678
FAM D=51 ell=11 count=22 nF=17 blocks: 0123 1245 0246 0156 3456 0347 1357 2367 1467 1348 2358 0458 1268 0368 0178 2478 5678
FAM D=51 ell=11 count=22 nF=17 blocks: 0123 1245 0246 0156 3456 1347 2357 0457 1267 0367 0148 2348 0358 1368 2568 0278 1578
FAM D=54 ell=11 count=19 nF=18 blocks: 0123 1245 0246 0156 3456 1347 2357 0457 1267 0367 0148 2348 0358 1368 2568 0278 1578 4678
FAM D=51 ell=11 count=22 nF=17 blocks: 0123 1245 0246 0156 3456 1347 2357 0457 1267 0367 0148 2348 0358 1368 2568 0278 4678
FAM D=51 ell=11 count=22 nF=17 blocks: 0123 1245 0246 0156 3456 1347 2357 0457 1267 0367 0148 2348 0358 1368 2568 1578 4678
FAM D=51 ell=11 count=22 nF=17 blocks: 0123 1245 0246 0156 3456 1347 2357 0457 1267 0367 0148 2348 0358 1368 0278 1578 4678
FAM D=51 ell=11 count=22 nF=17 blocks: 0123 1245 0246 0156 3456 1347 2357 0457 1267 0367 0148 2348 0358 2568 0278 1578 4678
FAM D=51 ell=11 count=22 nF=17 blocks: 0123 1245 0246 0156 3456 1347 2357 0457 1267 0367 0148 2348 1368 2568 0278 1578 4678
FAM D=51 ell=11 count=22 nF=17 blocks: 0123 1245 0246 0156 3456 1347 2357 0457 1267 0367 0148 0358 1368 2568 0278 1578 4678
FAM D=51 ell=11 count=22 nF=17 blocks: 0123 1245 0246 0156 3456 1347 2357 0457 1267 0367 0348 0258 1358 2368 1468 0178 2478
FAM D=54 ell=11 count=19 nF=18 blocks: 0123 1245 0246 0156 3456 1347 2357 0457 1267 0367 0348 0258 1358 2368 1468 0178 2478 5678
FAM D=51 ell=11 count=22 nF=17 blocks: 0123 1245 0246 0156 3456 1347 2357 0457 1267 0367 0348 0258 1358 2368 1468 0178 5678
FAM D=51 ell=11 count=22 nF=17 blocks: 0123 1245 0246 0156 3456 1347 2357 0457 1267 0367 0348 0258 1358 2368 1468 2478 5678
FAM D=51 ell=11 count=22 nF=17 blocks: 0123 1245 0246 0156 3456 1347 2357 0457 1267 0367 0348 0258 1358 2368 0178 2478 5678
FAM D=51 ell=11 count=22 nF=17 blocks: 0123 1245 0246 0156 3456 1347 2357 0457 1267 0367 0348 0258 1358 1468 0178 2478 5678
FAM D=51 ell=11 count=22 nF=17 blocks: 0123 1245 0246 0156 3456 1347 2357 0457 1267 0367 0348 0258 2368 1468 0178 2478 5678
FAM D=51 ell=11 count=22 nF=17 blocks: 0123 1245 0246 0156 3456 1347 2357 0457 1267 0367 0348 1358 2368 1468 0178 2478 5678
FAM D=51 ell=11 count=22 nF=17 blocks: 0123 1245 0246 0156 3456 1347 2357 0457 1267 0367 2348 0358 1368 2568 0278 1578 4678
FAM D=51 ell=11 count=22 nF=17 blocks: 0123 1245 0246 0156 3456 1347 2357 0457 1267 0367 0258 1358 2368 1468 0178 2478 5678
FAM D=51 ell=11 count=22 nF=17 blocks: 0123 1245 0246 0156 3456 1347 2357 0457 1267 0148 2348 0358 1368 2568 0278 1578 4678
FAM D=51 ell=11 count=22 nF=17 blocks: 0123 1245 0246 0156 3456 1347 2357 0457 1267 0348 0258 1358 2368 1468 0178 2478 5678
FAM D=51 ell=11 count=22 nF=17 blocks: 0123 1245 0246 0156 3456 1347 2357 0457 0367 0148 2348 0358 1368 2568 0278 1578 4678
FAM D=51 ell=11 count=22 nF=17 blocks: 0123 1245 0246 0156 3456 1347 2357 0457 0367 0348 0258 1358 2368 1468 0178 2478 5678
FAM D=51 ell=11 count=22 nF=17 blocks: 0123 1245 0246 0156 3456 1347 2357 1267 0367 0148 2348 0358 1368 2568 0278 1578 4678
FAM D=51 ell=11 count=22 nF=17 blocks: 0123 1245 0246 0156 3456 1347 2357 1267 0367 0348 0258 1358 2368 1468 0178 2478 5678
FAM D=51 ell=11 count=22 nF=17 blocks: 0123 1245 0246 0156 3456 1347 0457 1267 0367 0148 2348 0358 1368 2568 0278 1578 4678
FAM D=51 ell=11 count=22 nF=17 blocks: 0123 1245 0246 0156 3456 1347 0457 1267 0367 0348 0258 1358 2368 1468 0178 2478 5678
FAM D=51 ell=11 count=22 nF=17 blocks: 0123 1245 0246 0156 3456 2347 0357 1367 2567 0348 0258 1358 2368 1468 1278 4578 0678
FAM D=51 ell=11 count=22 nF=17 blocks: 0123 1245 0246 0156 3456 2347 0357 1367 2567 1348 2358 0458 1268 0368 0278 1578 4678
FAM D=51 ell=11 count=22 nF=17 blocks: 0123 1245 0246 0156 3456 0257 1357 2367 1467 0148 2348 0358 1368 2568 1278 4578 0678
FAM D=51 ell=11 count=22 nF=17 blocks: 0123 1245 0246 0156 3456 0257 1357 2367 1467 1348 2358 0458 1268 0368 0178 2478 5678
FAM D=51 ell=11 count=22 nF=17 blocks: 0123 1245 0246 0156 3456 2357 0457 1267 0367 0148 2348 0358 1368 2568 0278 1578 4678
FAM D=51 ell=11 count=22 nF=17 blocks: 0123 1245 0246 0156 3456 2357 0457 1267 0367 0348 0258 1358 2368 1468 0178 2478 5678
FAM D=51 ell=11 count=22 nF=17 blocks: 0123 1245 0246 0156 0147 2347 0357 1367 2567 0348 0258 1358 2368 1468 1278 4578 0678
FAM D=51 ell=11 count=22 nF=17 blocks: 0123 1245 0246 0156 0147 2347 0357 1367 2567 1348 2358 0458 1268 0368 0278 1578 4678
FAM D=51 ell=11 count=22 nF=17 blocks: 0123 1245 0246 0156 0347 0257 1357 2367 1467 0148 2348 0358 1368 2568 1278 4578 0678
FAM D=51 ell=11 count=22 nF=17 blocks: 0123 1245 0246 0156 0347 0257 1357 2367 1467 1348 2358 0458 1268 0368 0178 2478 5678
FAM D=51 ell=11 count=22 nF=17 blocks: 0123 1245 0246 0156 1347 2357 0457 1267 0367 0148 2348 0358 1368 2568 0278 1578 4678
FAM D=51 ell=11 count=22 nF=17 blocks: 0123 1245 0246 0156 1347 2357 0457 1267 0367 0348 0258 1358 2368 1468 0178 2478 5678
FAM D=51 ell=11 count=22 nF=17 blocks: 0123 1245 0246 0356 0147 0257 3457 2367 1567 0348 0158 2358 1268 4568 1378 2478 0678
FAM D=51 ell=11 count=22 nF=17 blocks: 0123 1245 0246 0356 0147 0257 3457 2367 1567 2348 1358 0458 0168 2568 1278 0378 4678
FAM D=51 ell=11 count=22 nF=17 blocks: 0123 1245 0246 0356 0347 0157 2357 1267 4567 0148 0258 3458 2368 1568 1378 2478 0678
FAM D=51 ell=11 count=22 nF=17 blocks: 0123 1245 0246 0356 0347 0157 2357 1267 4567 2348 1358 0458 0168 2568 0278 1478 3678
FAM D=51 ell=11 count=22 nF=17 blocks: 0123 1245 0246 0356 2347 1357 0457 0167 2567 0148 0258 3458 2368 1568 1278 0378 4678
FAM D=51 ell=11 count=22 nF=17 blocks: 0123 1245 0246 0356 2347 1357 0457 0167 2567 0348 0158 2358 1268 4568 0278 1478 3678
FAM D=51 ell=11 count=22 nF=17 blocks: 0123 1245 0246 1356 0147 2357 1267 3467 0567 1348 0258 0168 2368 4568 0378 2478 1578
FAM D=51 ell=11 count=22 nF=17 blocks: 0123 1245 0246 1356 0147 2357 1267 3467 0567 2348 0158 0368 1468 2568 0278 1378 4578
FAM D=51 ell=11 count=22 nF=17 blocks: 0123 1245 0246 1356 1347 0257 0167 2367 4567 0148 2358 1268 3468 0568 0378 2478 1578
FAM D=51 ell=11 count=22 nF=17 blocks: 0123 1245 0246 1356 1347 0257 0167 2367 4567 2348 0158 0368 1468 2568 1278 0478 3578
FAM D=51 ell=11 count=22 nF=17 blocks: 0123 1245 0246 1356 2347 0157 0367 1467 2567 0148 2358 1268 3468 0568 0278 1378 4578
FAM D=51 ell=11 count=22 nF=17 blocks: 0123 1245 0246 1356 2347 0157 0367 1467 2567 1348 0258 0168 2368 4568 1278 0478 3578
FAM D=51 ell=11 count=22 nF=17 blocks: 0123 1245 0246 3456 0147 2347 0357 1367 2567 0348 0258 1358 2368 1468 1278 4578 0678
FAM D=51 ell=11 count=22 nF=17 blocks: 0123 1245 0246 3456 0147 2347 0357 1367 2567 1348 2358 0458 1268 0368 0278 1578 4678
FAM D=51 ell=11 count=22 nF=17 blocks: 0123 1245 0246 3456 0347 0257 1357 2367 1467 0148 2348 0358 1368 2568 1278 4578 0678
FAM D=51 ell=11 count=22 nF=17 blocks: 0123 1245 0246 3456 0347 0257 1357 2367 1467 1348 2358 0458 1268 0368 0178 2478 5678
FAM D=51 ell=11 count=22 nF=17 blocks: 0123 1245 0246 3456 1347 2357 0457 1267 0367 0148 2348 0358 1368 2568 0278 1578 4678
FAM D=51 ell=11 count=22 nF=17 blocks: 0123 1245 0246 3456 1347 2357 0457 1267 0367 0348 0258 1358 2368 1468 0178 2478 5678
FAM D=51 ell=11 count=22 nF=17 blocks: 0123 1245 0346 0156 2356 0147 0257 3457 1367 2467 0248 1348 0358 1268 4568 2378 1578
FAM D=54 ell=11 count=19 nF=18 blocks: 0123 1245 0346 0156 2356 0147 0257 3457 1367 2467 0248 1348 0358 1268 4568 2378 1578 0678
FAM D=51 ell=11 count=22 nF=17 blocks: 0123 1245 0346 0156 2356 0147 0257 3457 1367 2467 0248 1348 0358 1268 4568 2378 0678
FAM D=51 ell=11 count=22 nF=17 blocks: 0123 1245 0346 0156 2356 0147 0257 3457 1367 2467 0248 1348 0358 1268 4568 1578 0678
FAM D=51 ell=11 count=22 nF=17 blocks: 0123 1245 0346 0156 2356 0147 0257 3457 1367 2467 0248 1348 0358 1268 2378 1578 0678
FAM D=51 ell=11 count=22 nF=17 blocks: 0123 1245 0346 0156 2356 0147 0257 3457 1367 2467 0248 1348 0358 4568 2378 1578 0678
FAM D=51 ell=11 count=22 nF=17 blocks: 0123 1245 0346 0156 2356 0147 0257 3457 1367 2467 0248 1348 1268 4568 2378 1578 0678
FAM D=51 ell=11 count=22 nF=17 blocks: 0123 1245 0346 0156 2356 0147 0257 3457 1367 2467 0248 0358 1268 4568 2378 1578 0678
FAM D=51 ell=11 count=22 nF=17 blocks: 0123 1245 0346 0156 2356 0147 0257 3457 1367 2467 1348 0358 1268 4568 2378 1578 0678
FAM D=51 ell=11 count=22 nF=17 blocks: 0123 1245 0346 0156 2356 0147 0257 3457 1367 2467 2348 1358 0458 0268 1468 1278 0378
FAM D=54 ell=11 count=19 nF=18 blocks: 0123 1245 0346 0156 2356 0147 0257 3457 1367 2467 2348 1358 0458 0268 1468 1278 0378 5678
FAM D=51 ell=11 count=22 nF=17 blocks: 0123 1245 0346 0156 2356 0147 0257 3457 1367 2467 2348 1358 0458 0268 1468 1278 5678
FAM D=51 ell=11 count=22 nF=17 blocks: 0123 1245 0346 0156 2356 0147 0257 3457 1367 2467 2348 1358 0458 0268 1468 0378 5678
FAM D=51 ell=11 count=22 nF=17 blocks: 0123 1245 0346 0156 2356 0147 0257 3457 1367 2467 2348 1358 0458 0268 1278 0378 5678
FAM D=51 ell=11 count=22 nF=17 blocks: 0123 1245 0346 0156 2356 0147 0257 3457 1367 2467 2348 1358 0458 1468 1278 0378 5678
FAM D=51 ell=11 count=22 nF=17 blocks: 0123 1245 0346 0156 2356 0147 0257 3457 1367 2467 2348 1358 0268 1468 1278 0378 5678
FAM D=51 ell=11 count=22 nF=17 blocks: 0123 1245 0346 0156 2356 0147 0257 3457 1367 2467 2348 0458 0268 1468 1278 0378 5678
FAM D=51 ell=11 count=22 nF=17 blocks: 0123 1245 0346 0156 2356 0147 0257 3457 1367 2467 1358 0458 0268 1468 1278 0378 5678
FAM D=51 ell=11 count=22 nF=17 blocks: 0123 1245 0346 0156 2356 0147 0257 3457 1367 0248 1348 0358 1268 4568 2378 1578 0678
FAM D=51 ell=11 count=22 nF=17 blocks: 0123 1245 0346 0156 2356 0147 0257 3457 1367 2348 1358 0458 0268 1468 1278 0378 5678
FAM D=51 ell=11 count=22 nF=17 blocks: 0123 1245 0346 0156 2356 0147 0257 3457 2467 0248 1348 0358 1268 4568 2378 1578 0678
FAM D=51 ell=11 count=22 nF=17 blocks: 0123 1245 0346 0156 2356 0147 0257 3457 2467 2348 1358 0458 0268 1468 1278 0378 5678
FAM D=51 ell=11 count=22 nF=17 blocks: 0123 1245 0346 0156 2356 0147 0257 1367 2467 0248 1348 0358 1268 4568 2378 1578 0678
FAM D=51 ell=11 count=22 nF=17 blocks: 0123 1245 0346 0156 2356 0147 0257 1367 2467 2348 1358 0458 0268 1468 1278 0378 5678
FAM D=51 ell=11 count=22 nF=17 blocks: 0123 1245 0346 0156 2356 0147 3457 1367 2467 0248 1348 0358 1268 4568 2378 1578 0678
FAM D=51 ell=11 count=22 nF=17 blocks: 0123 1245 0346 0156 2356 0147 3457 1367 2467 2348 1358 0458 0268 1468 1278 0378 5678
FAM D=51 ell=11 count=22 nF=17 blocks: 0123 1245 0346 0156 2356 0247 1347 0357 1267 4567 0148 0258 3458 1368 2468 2378 1578
FAM D=54 ell=11 count=19 nF=18 blocks: 0123 1245 0346 0156 2356 0247 1347 0357 1267 4567 0148 0258 3458 1368 2468 2378 1578 0678
FAM D=51 ell=11 count=22 nF=17 blocks: 0123 1245 0346 0156 2356 0247 1347 0357 1267 4567 0148 0258 3458 1368 2468 2378 0678
FAM D=51 ell=11 count=22 nF=17 blocks: 0123 1245 0346 0156 2356 0247 1347 0357 1267 4567 0148 0258 3458 1368 2468 1578 0678
FAM D=51 ell=11 count=22 nF=17 blocks: 0123 1245 0346 0156 2356 0247 1347 0357 1267 4567 0148 0258 3458 1368 2378 1578 0678
FAM D=51 ell=11 count=22 nF=17 blocks: 0123 1245 0346 0156 2356 0247 1347 0357 1267 4567 0148 0258 3458 2468 2378 1578 0678
FAM D=51 ell=11 count=22 nF=17 blocks: 0123 1245 0346 0156 2356 0247 1347 0357 1267 4567 0148 0258 1368 2468 2378 1578 0678
FAM D=51 ell=11 count=22 nF=17 blocks: 0123 1245 0346 0156 2356 0247 1347 0357 1267 4567 0148 3458 1368 2468 2378 1578 0678
FAM D=51 ell=11 count=22 nF=17 blocks: 0123 1245 0346 0156 2356 0247 1347 0357 1267 4567 2348 1358 0458 0268 1468 0178 2578
FAM D=54 ell=11 count=19 nF=18 blocks: 0123 1245 0346 0156 2356 0247 1347 0357 1267 4567 2348 1358 0458 0268 1468 0178 2578 3678
FAM D=51 ell=11 count=22 nF=17 blocks: 0123 1245 0346 0156 2356 0247 1347 0357 1267 4567 2348 1358 0458 0268 1468 0178 3678
FAM D=51 ell=11 count=22 nF=17 blocks: 0123 1245 0346 0156 2356 0247 1347 0357 1267 4567 2348 1358 0458 0268 1468 2578 3678
FAM D=51 ell=11 count=22 nF=17 blocks: 0123 1245 0346 0156 2356 0247 1347 0357 1267 4567 2348 1358 0458 0268 0178 2578 3678
FAM D=51 ell=11 count=22 nF=17 blocks: 0123 1245 0346 0156 2356 0247 1347 0357 1267 4567 2348 1358 0458 1468 0178 2578 3678
FAM D=51 ell=11 count=22 nF=17 blocks: 0123 1245 0346 0156 2356 0247 1347 0357 1267 4567 2348 1358 0268 1468 0178 2578 3678
FAM D=51 ell=11 count=22 nF=17 blocks: 0123 1245 0346 0156 2356 0247 1347 0357 1267 4567 2348 0458 0268 1468 0178 2578 3678
FAM D=51 ell=11 count=22 nF=17 blocks: 0123 1245 0346 0156 2356 0247 1347 0357 1267 4567 0258 3458 1368 2468 2378 1578 0678
FAM D=51 ell=11 count=22 nF=17 blocks: 0123 1245 0346 0156 2356 0247 1347 0357 1267 4567 1358 0458 0268 1468 0178 2578 3678
FAM D=51 ell=11 count=22 nF=17 blocks: 0123 1245 0346 0156 2356 0247 1347 0357 1267 0148 0258 3458 1368 2468 2378 1578 0678
FAM D=51 ell=11 count=22 nF=17 blocks: 0123 1245 0346 0156 2356 0247 1347 0357 1267 2348 1358 0458 0268 1468 0178 2578 3678
FAM D=51 ell=11 count=22 nF=17 blocks: 0123 1245 0346 0156 2356 0247 1347 0357 4567 0148 0258 3458 1368 2468 2378 1578 0678
FAM D=51 ell=11 count=22 nF=17 blocks: 0123 1245 0346 0156 2356 0247 1347 0357 4567 2348 1358 0458 0268 1468 0178 2578 3678
FAM D=51 ell=11 count=22 nF=17 blocks: 0123 1245 0346 0156 2356 0247 1347 1267 4567 0148 0258 3458 1368 2468 2378 1578 0678
FAM D=51 ell=11 count=22 nF=17 blocks: 0123 1245 0346 0156 2356 0247 1347 1267 4567 2348 1358 0458 0268 1468 0178 2578 3678
FAM D=51 ell=11 count=22 nF=17 blocks: 0123 1245 0346 0156 2356 0247 0357 1267 4567 0148 0258 3458 1368 2468 2378 1578 0678
FAM D=51 ell=11 count=22 nF=17 blocks: 0123 1245 0346 0156 2356 0247 0357 1267 4567 2348 1358 0458 0268 1468 0178 2578 3678
FAM D=51 ell=11 count=22 nF=17 blocks: 0123 1245 0346 0156 2356 1347 0357 1267 4567 0148 0258 3458 1368 2468 2378 1578 0678
FAM D=51 ell=11 count=22 nF=17 blocks: 0123 1245 0346 0156 2356 1347 0357 1267 4567 2348 1358 0458 0268 1468 0178 2578 3678
FAM D=51 ell=11 count=22 nF=17 blocks: 0123 1245 0346 0156 2356 2347 1357 0457 0267 1467 0148 0258 3458 1368 2468 1278 0378
FAM D=54 ell=11 count=19 nF=18 blocks: 0123 1245 0346 0156 2356 2347 1357 0457 0267 1467 0148 0258 3458 1368 2468 1278 0378 5678
FAM D=51 ell=11 count=22 nF=17 blocks: 0123 1245 0346 0156 2356 2347 1357 0457 0267 1467 0148 0258 3458 1368 2468 1278 5678
FAM D=51 ell=11 count=22 nF=17 blocks: 0123 1245 0346 0156 2356 2347 1357 0457 0267 1467 0148 0258 3458 1368 2468 0378 5678
FAM D=51 ell=11 count=22 nF=17 blocks: 0123 1245 0346 0156 2356 2347 1357 0457 0267 1467 0148 0258 3458 1368 1278 0378 5678
FAM D=51 ell=11 count=22 nF=17 blocks: 0123 1245 0346 0156 2356 2347 1357 0457 0267 1467 0148 0258 3458 2468 1278 0378 5678
FAM D=51 ell=11 count=22 nF=17 blocks: 0123 1245 0346 0156 2356 2347 1357 0457 0267 1467 0148 0258 1368 2468 1278 0378 5678
FAM D=51 ell=11 count=22 nF=17 blocks: 0123 1245 0346 0156 2356 2347 1357 0457 0267 1467 0148 3458 1368 2468 1278 0378 5678
FAM D=51 ell=11 count=22 nF=17 blocks: 0123 1245 0346 0156 2356 2347 1357 0457 0267 1467 0248 1348 0358 1268 4568 0178 2578
FAM D=54 ell=11 count=19 nF=18 blocks: 0123 1245 0346 0156 2356 2347 1357 0457 0267 1467 0248 1348 0358 1268 4568 0178 2578 3678
FAM D=51 ell=11 count=22 nF=17 blocks: 0123 1245 0346 0156 2356 2347 1357 0457 0267 1467 0248 1348 0358 1268 4568 0178 3678
FAM D=51 ell=11 count=22 nF=17 blocks: 0123 1245 0346 0156 2356 2347 1357 0457 0267 1467 0248 1348 0358 1268 4568 2578 3678
FAM D=51 ell=11 count=22 nF=17 blocks: 0123 1245 0346 0156 2356 2347 1357 0457 0267 1467 0248 1348 0358 1268 0178 2578 3678
FAM D=51 ell=11 count=22 nF=17 blocks: 0123 1245 0346 0156 2356 2347 1357 0457 0267 1467 0248 1348 0358 4568 0178 2578 3678
FAM D=51 ell=11 count=22 nF=17 blocks: 0123 1245 0346 0156 2356 2347 1357 0457 0267 1467 0248 1348 1268 4568 0178 2578 3678
FAM D=51 ell=11 count=22 nF=17 blocks: 0123 1245 0346 0156 2356 2347 1357 0457 0267 1467 0248 0358 1268 4568 0178 2578 3678
FAM D=51 ell=11 count=22 nF=17 blocks: 0123 1245 0346 0156 2356 2347 1357 0457 0267 1467 1348 0358 1268 4568 0178 2578 3678
FAM D=51 ell=11 count=22 nF=17 blocks: 0123 1245 0346 0156 2356 2347 1357 0457 0267 1467 0258 3458 1368 2468 1278 0378 5678
FAM D=51 ell=11 count=22 nF=17 blocks: 0123 1245 0346 0156 2356 2347 1357 0457 0267 0148 0258 3458 1368 2468 1278 0378 5678
FAM D=51 ell=11 count=22 nF=17 blocks: 0123 1245 0346 0156 2356 2347 1357 0457 0267 0248 1348 0358 1268 4568 0178 2578 3678
FAM D=51 ell=11 count=22 nF=17 blocks: 0123 1245 0346 0156 2356 2347 1357 0457 1467 0148 0258 3458 1368 2468 1278 0378 5678
FAM D=51 ell=11 count=22 nF=17 blocks: 0123 1245 0346 0156 2356 2347 1357 0457 1467 0248 1348 0358 1268 4568 0178 2578 3678
FAM D=51 ell=11 count=22 nF=17 blocks: 0123 1245 0346 0156 2356 2347 1357 0267 1467 0148 0258 3458 1368 2468 1278 0378 5678
FAM D=51 ell=11 count=22 nF=17 blocks: 0123 1245 0346 0156 2356 2347 1357 0267 1467 0248 1348 0358 1268 4568 0178 2578 3678
FAM D=51 ell=11 count=22 nF=17 blocks: 0123 1245 0346 0156 2356 2347 0457 0267 1467 0148 0258 3458 1368 2468 1278 0378 5678
FAM D=51 ell=11 count=22 nF=17 blocks: 0123 1245 0346 0156 2356 2347 0457 0267 1467 0248 1348 0358 1268 4568 0178 2578 3678
FAM D=51 ell=11 count=22 nF=17 blocks: 0123 1245 0346 0156 2356 0257 3457 1367 2467 0248 1348 0358 1268 4568 2378 1578 0678
FAM D=51 ell=11 count=22 nF=17 blocks: 0123 1245 0346 0156 2356 0257 3457 1367 2467 2348 1358 0458 0268 1468 1278 0378 5678
FAM D=51 ell=11 count=22 nF=17 blocks: 0123 1245 0346 0156 2356 1357 0457 0267 1467 0148 0258 3458 1368 2468 1278 0378 5678
FAM D=51 ell=11 count=22 nF=17 blocks: 0123 1245 0346 0156 2356 1357 0457 0267 1467 0248 1348 0358 1268 4568 0178 2578 3678
FAM D=51 ell=11 count=22 nF=17 blocks: 0123 1245 0346 0156 0147 0257 3457 1367 2467 0248 1348 0358 1268 4568 2378 1578 0678
FAM D=51 ell=11 count=22 nF=17 blocks: 0123 1245 0346 0156 0147 0257 3457 1367 2467 2348 1358 0458 0268 1468 1278 0378 5678
FAM D=51 ell=11 count=22 nF=17 blocks: 0123 1245 0346 0156 0247 1347 0357 1267 4567 0148 0258 3458 1368 2468 2378 1578 0678
FAM D=51 ell=11 count=22 nF=17 blocks: 0123 1245 0346 0156 0247 1347 0357 1267 4567 2348 1358 0458 0268 1468 0178 2578 3678
FAM D=51 ell=11 count=22 nF=17 blocks: 0123 1245 0346 0156 2347 1357 0457 0267 1467 0148 0258 3458 1368 2468 1278 0378 5678
FAM D=51 ell=11 count=22 nF=17 blocks: 0123 1245 0346 0156 2347 1357 0457 0267 1467 0248 1348 0358 1268 4568 0178 2578 3678
FAM D=51 ell=11 count=22 nF=17 blocks: 0123 1245 0346 0256 1356 0147 2347 0357 1267 4567 0248 0158 3458 2368 1468 1378 2578
FAM D=54 ell=11 count=19 nF=18 blocks: 0123 1245 0346 0256 1356 0147 2347 0357 1267 4567 0248 0158 3458 2368 1468 1378 2578 0678
FAM D=51 ell=11 count=22 nF=17 blocks: 0123 1245 0346 0256 1356 0147 2347 0357 1267 4567 0248 0158 3458 2368 1468 1378 0678
FAM D=51 ell=11 count=22 nF=17 blocks: 0123 1245 0346 0256 1356 0147 2347 0357 1267 4567 0248 0158 3458 2368 1468 2578 0678
FAM D=51 ell=11 count=22 nF=17 blocks: 0123 1245 0346 0256 1356 0147 2347 0357 1267 4567 0248 0158 3458 2368 1378 2578 0678
FAM D=51 ell=11 count=22 nF=17 blocks: 0123 1245 0346 0256 1356 0147 2347 0357 1267 4567 0248 0158 3458 1468 1378 2578 0678
FAM D=51 ell=11 count=22 nF=17 blocks: 0123 1245 0346 0256 1356 0147 2347 0357 1267 4567 0248 0158 2368 1468 1378 2578 0678
FAM D=51 ell=11 count=22 nF=17 blocks: 0123 1245 0346 0256 1356 0147 2347 0357 1267 4567 0248 3458 2368 1468 1378 2578 0678
FAM D=51 ell=11 count=22 nF=17 blocks: 0123 1245 0346 0256 1356 0147 2347 0357 1267 4567 1348 2358 0458 0168 2468 0278 1578
FAM D=54 ell=11 count=19 nF=18 blocks: 0123 1245 0346 0256 1356 0147 2347 0357 1267 4567 1348 2358 0458 0168 2468 0278 1578 3678
FAM D=51 ell=11 count=22 nF=17 blocks: 0123 1245 0346 0256 1356 0147 2347 0357 1267 4567 1348 2358 0458 0168 2468 0278 3678
FAM D=51 ell=11 count=22 nF=17 blocks: 0123 1245 0346 0256 1356 0147 2347 0357 1267 4567 1348 2358 0458 0168 2468 1578 3678
FAM D=51 ell=11 count=22 nF=17 blocks: 0123 1245 0346 0256 1356 0147 2347 0357 1267 4567 1348 2358 0458 0168 0278 1578 3678
FAM D=51 ell=11 count=22 nF=17 blocks: 0123 1245 0346 0256 1356 0147 2347 0357 1267 4567 1348 2358 0458 2468 0278 1578 3678
FAM D=51 ell=11 count=22 nF=17 blocks: 0123 1245 0346 0256 1356 0147 2347 0357 1267 4567 1348 2358 0168 2468 0278 1578 3678
FAM D=51 ell=11 count=22 nF=17 blocks: 0123 1245 0346 0256 1356 0147 2347 0357 1267 4567 1348 0458 0168 2468 0278 1578 3678
FAM D=51 ell=11 count=22 nF=17 blocks: 0123 1245 0346 0256 1356 0147 2347 0357 1267 4567 0158 3458 2368 1468 1378 2578 0678
FAM D=51 ell=11 count=22 nF=17 blocks: 0123 1245 0346 0256 1356 0147 2347 0357 1267 4567 2358 0458 0168 2468 0278 1578 3678
FAM D=51 ell=11 count=22 nF=17 blocks: 0123 1245 0346 0256 1356 0147 2347 0357 1267 0248 0158 3458 2368 1468 1378 2578 0678
FAM D=51 ell=11 count=22 nF=17 blocks: 0123 1245 0346 0256 1356 0147 2347 0357 1267 1348 2358 0458 0168 2468 0278 1578 3678
FAM D=51 ell=11 count=22 nF=17 blocks: 0123 1245 0346 0256 1356 0147 2347 0357 4567 0248 0158 3458 2368 1468 1378 2578 0678
FAM D=51 ell=11 count=22 nF=17 blocks: 0123 1245 0346 0256 1356 0147 2347 0357 4567 1348 2358 0458 0168 2468 0278 1578 3678
FAM D=51 ell=11 count=22 nF=17 blocks: 0123 1245 0346 0256 1356 0147 2347 1267 4567 0248 0158 3458 2368 1468 1378 2578 0678
FAM D=51 ell=11 count=22 nF=17 blocks: 0123 1245 0346 0256 1356 0147 2347 1267 4567 1348 2358 0458 0168 2468 0278 1578 3678
FAM D=51 ell=11 count=22 nF=17 blocks: 0123 1245 0346 0256 1356 0147 0357 1267 4567 0248 0158 3458 2368 1468 1378 2578 0678
FAM D=51 ell=11 count=22 nF=17 blocks: 0123 1245 0346 0256 1356 0147 0357 1267 4567 1348 2358 0458 0168 2468 0278 1578 3678
FAM D=51 ell=11 count=22 nF=17 blocks: 0123 1245 0346 0256 1356 0247 0157 3457 2367 1467 0148 2348 0358 1268 4568 1378 2578
FAM D=54 ell=11 count=19 nF=18 blocks: 0123 1245 0346 0256 1356 0247 0157 3457 2367 1467 0148 2348 0358 1268 4568 1378 2578 0678
FAM D=51 ell=11 count=22 nF=17 blocks: 0123 1245 0346 0256 1356 0247 0157 3457 2367 1467 0148 2348 0358 1268 4568 1378 0678
FAM D=51 ell=11 count=22 nF=17 blocks: 0123 1245 0346 0256 1356 0247 0157 3457 2367 1467 0148 2348 0358 1268 4568 2578 0678
FAM D=51 ell=11 count=22 nF=17 blocks: 0123 1245 0346 0256 1356 0247 0157 3457 2367 1467 0148 2348 0358 1268 1378 2578 0678
FAM D=51 ell=11 count=22 nF=17 blocks: 0123 1245 0346 0256 1356 0247 0157 3457 2367 1467 0148 2348 0358 4568 1378 2578 0678
FAM D=51 ell=11 count=22 nF=17 blocks: 0123 1245 0346 0256 1356 0247 0157 3457 2367 1467 0148 2348 1268 4568 1378 2578 0678
FAM D=51 ell=11 count=22 nF=17 blocks: 0123 1245 0346 0256 1356 0247 0157 3457 2367 1467 0148 0358 1268 4568 1378 2578 0678
FAM D=51 ell=11 count=22 nF=17 blocks: 0123 1245 0346 0256 1356 0247 0157 3457 2367 1467 1348 2358 0458 0168 2468 1278 0378
FAM D=54 ell=11 count=19 nF=18 blocks: 0123 1245 0346 0256 1356 0247 0157 3457 2367 1467 1348 2358 0458 0168 2468 1278 0378 5678
FAM D=51 ell=11 count=22 nF=17 blocks: 0123 1245 0346 0256 1356 0247 0157 3457 2367 1467 1348 2358 0458 0168 2468 1278 5678
FAM D=51 ell=11 count=22 nF=17 blocks: 0123 1245 0346 0256 1356 0247 0157 3457 2367 1467 1348 2358 0458 0168 2468 0378 5678
FAM D=51 ell=11 count=22 nF=17 blocks: 0123 1245 0346 0256 1356 0247 0157 3457 2367 1467 1348 2358 0458 0168 1278 0378 5678
FAM D=51 ell=11 count=22 nF=17 blocks: 0123 1245 0346 0256 1356 0247 0157 3457 2367 1467 1348 2358 0458 2468 1278 0378 5678
FAM D=51 ell=11 count=22 nF=17 blocks: 0123 1245 0346 0256 1356 0247 0157 3457 2367 1467 1348 2358 0168 2468 1278 0378 5678
FAM D=51 ell=11 count=22 nF=17 blocks: 0123 1245 0346 0256 1356 0247 0157 3457 2367 1467 1348 0458 0168 2468 1278 0378 5678
FAM D=51 ell=11 count=22 nF=17 blocks: 0123 1245 0346 0256 1356 0247 0157 3457 2367 1467 2348 0358 1268 4568 1378 2578 0678
FAM D=51 ell=11 count=22 nF=17 blocks: 0123 1245 0346 0256 1356 0247 0157 3457 2367 1467 2358 0458 0168 2468 1278 0378 5678
FAM D=51 ell=11 count=22 nF=17 blocks: 0123 1245 0346 0256 1356 0247 0157 3457 2367 0148 2348 0358 1268 4568 1378 2578 0678
FAM D=51 ell=11 count=22 nF=17 blocks: 0123 1245 0346 0256 1356 0247 0157 3457 2367 1348 2358 0458 0168 2468 1278 0378 5678
FAM D=51 ell=11 count=22 nF=17 blocks: 0123 1245 0346 0256 1356 0247 0157 3457 1467 0148 2348 0358 1268 4568 1378 2578 0678
FAM D=51 ell=11 count=22 nF=17 blocks: 0123 1245 0346 0256 1356 0247 0157 3457 1467 1348 2358 0458 0168 2468 1278 0378 5678
FAM D=51 ell=11 count=22 nF=17 blocks: 0123 1245 0346 0256 1356 0247 0157 2367 1467 0148 2348 0358 1268 4568 1378 2578 0678
FAM D=51 ell=11 count=22 nF=17 blocks: 0123 1245 0346 0256 1356 0247 0157 2367 1467 1348 2358 0458 0168 2468 1278 0378 5678
FAM D=51 ell=11 count=22 nF=17 blocks: 0123 1245 0346 0256 1356 0247 3457 2367 1467 0148 2348 0358 1268 4568 1378 2578 0678
FAM D=51 ell=11 count=22 nF=17 blocks: 0123 1245 0346 0256 1356 0247 3457 2367 1467 1348 2358 0458 0168 2468 1278 0378 5678
FAM D=51 ell=11 count=22 nF=17 blocks: 0123 1245 0346 0256 1356 1347 2357 0457 0167 2467 0148 2348 0358 1268 4568 0278 1578
FAM D=54 ell=11 count=19 nF=18 blocks: 0123 1245 0346 0256 1356 1347 2357 0457 0167 2467 0148 2348 0358 1268 4568 0278 1578 3678
FAM D=51 ell=11 count=22 nF=17 blocks: 0123 1245 0346 0256 1356 1347 2357 0457 0167 2467 0148 2348 0358 1268 4568 0278 3678
FAM D=51 ell=11 count=22 nF=17 blocks: 0123 1245 0346 0256 1356 1347 2357 0457 0167 2467 0148 2348 0358 1268 4568 1578 3678
FAM D=51 ell=11 count=22 nF=17 blocks: 0123 1245 0346 0256 1356 1347 2357 0457 0167 2467 0148 2348 0358 1268 0278 1578 3678
FAM D=51 ell=11 count=22 nF=17 blocks: 0123 1245 0346 0256 1356 1347 2357 0457 0167 2467 0148 2348 0358 4568 0278 1578 3678
FAM D=51 ell=11 count=22 nF=17 blocks: 0123 1245 0346 0256 1356 1347 2357 0457 0167 2467 0148 2348 1268 4568 0278 1578 3678
FAM D=51 ell=11 count=22 nF=17 blocks: 0123 1245 0346 0256 1356 1347 2357 0457 0167 2467 0148 0358 1268 4568 0278 1578 3678
FAM D=51 ell=11 count=22 nF=17 blocks: 0123 1245 0346 0256 1356 1347 2357 0457 0167 2467 0248 0158 3458 2368 1468 1278 0378
FAM D=54 ell=11 count=19 nF=18 blocks: 0123 1245 0346 0256 1356 1347 2357 0457 0167 2467 0248 0158 3458 2368 1468 1278 0378 5678
FAM D=51 ell=11 count=22 nF=17 blocks: 0123 1245 0346 0256 1356 1347 2357 0457 0167 2467 0248 0158 3458 2368 1468 1278 5678
FAM D=51 ell=11 count=22 nF=17 blocks: 0123 1245 0346 0256 1356 1347 2357 0457 0167 2467 0248 0158 3458 2368 1468 0378 5678
FAM D=51 ell=11 count=22 nF=17 blocks: 0123 1245 0346 0256 1356 1347 2357 0457 0167 2467 0248 0158 3458 2368 1278 0378 5678
FAM D=51 ell=11 count=22 nF=17 blocks: 0123 1245 0346 0256 1356 1347 2357 0457 0167 2467 0248 0158 3458 1468 1278 0378 5678
FAM D=51 ell=11 count=22 nF=17 blocks: 0123 1245 0346 0256 1356 1347 2357 0457 0167 2467 0248 0158 2368 1468 1278 0378 5678
FAM D=51 ell=11 count=22 nF=17 blocks: 0123 1245 0346 0256 1356 1347 2357 0457 0167 2467 0248 3458 2368 1468 1278 0378 5678
FAM D=51 ell=11 count=22 nF=17 blocks: 0123 1245 0346 0256 1356 1347 2357 0457 0167 2467 2348 0358 1268 4568 0278 1578 3678
FAM D=51 ell=11 count=22 nF=17 blocks: 0123 1245 0346 0256 1356 1347 2357 0457 0167 2467 0158 3458 2368 1468 1278 0378 5678
FAM D=51 ell=11 count=22 nF=17 blocks: 0123 1245 0346 0256 1356 1347 2357 0457 0167 0148 2348 0358 1268 4568 0278 1578 3678
FAM D=51 ell=11 count=22 nF=17 blocks: 0123 1245 0346 0256 1356 1347 2357 0457 0167 0248 0158 3458 2368 1468 1278 0378 5678
FAM D=51 ell=11 count=22 nF=17 blocks: 0123 1245 0346 0256 1356 1347 2357 0457 2467 0148 2348 0358 1268 4568 0278 1578 3678
FAM D=51 ell=11 count=22 nF=17 blocks: 0123 1245 0346 0256 1356 1347 2357 0457 2467 0248 0158 3458 2368 1468 1278 0378 5678
FAM D=51 ell=11 count=22 nF=17 blocks: 0123 1245 0346 0256 1356 1347 2357 0167 2467 0148 2348 0358 1268 4568 0278 1578 3678
FAM D=51 ell=11 count=22 nF=17 blocks: 0123 1245 0346 0256 1356 1347 2357 0167 2467 0248 0158 3458 2368 1468 1278 0378 5678
FAM D=51 ell=11 count=22 nF=17 blocks: 0123 1245 0346 0256 1356 1347 0457 0167 2467 0148 2348 0358 1268 4568 0278 1578 3678
FAM D=51 ell=11 count=22 nF=17 blocks: 0123 1245 0346 0256 1356 1347 0457 0167 2467 0248 0158 3458 2368 1468 1278 0378 5678
FAM D=51 ell=11 count=22 nF=17 blocks: 0123 1245 0346 0256 1356 2347 0357 1267 4567 0248 0158 3458 2368 1468 1378 2578 0678
FAM D=51 ell=11 count=22 nF=17 blocks: 0123 1245 0346 0256 1356 2347 0357 1267 4567 1348 2358 0458 0168 2468 0278 1578 3678
FAM D=51 ell=11 count=22 nF=17 blocks: 0123 1245 0346 0256 1356 0157 3457 2367 1467 0148 2348 0358 1268 4568 1378 2578 0678
FAM D=51 ell=11 count=22 nF=17 blocks: 0123 1245 0346 0256 1356 0157 3457 2367 1467 1348 2358 0458 0168 2468 1278 0378 5678
FAM D=51 ell=11 count=22 nF=17 blocks: 0123 1245 0346 0256 1356 2357 0457 0167 2467 0148 2348 0358 1268 4568 0278 1578 3678
FAM D=51 ell=11 count=22 nF=17 blocks: 0123 1245 0346 0256 1356 2357 0457 0167 2467 0248 0158 3458 2368 1468 1278 0378 5678
FAM D=51 ell=11 count=22 nF=17 blocks: 0123 1245 0346 0256 0147 2347 0357 1267 4567 0248 0158 3458 2368 1468 1378 2578 0678
FAM D=51 ell=11 count=22 nF=17 blocks: 0123 1245 0346 0256 0147 2347 0357 1267 4567 1348 2358 0458 0168 2468 0278 1578 3678
FAM D=51 ell=11 count=22 nF=17 blocks: 0123 1245 0346 0256 0247 0157 3457 2367 1467 0148 2348 0358 1268 4568 1378 2578 0678
FAM D=51 ell=11 count=22 nF=17 blocks: 0123 1245 0346 0256 0247 0157 3457 2367 1467 1348 2358 0458 0168 2468 1278 0378 5678
FAM D=51 ell=11 count=22 nF=17 blocks: 0123 1245 0346 0256 1347 2357 0457 0167 2467 0148 2348 0358 1268 4568 0278 1578 3678
FAM D=51 ell=11 count=22 nF=17 blocks: 0123 1245 0346 0256 1347 2357 0457 0167 2467 0248 0158 3458 2368 1468 1278 0378 5678
FAM D=51 ell=11 count=22 nF=17 blocks: 0123 1245 0346 1356 0147 2347 0357 1267 4567 0248 0158 3458 2368 1468 1378 2578 0678
FAM D=51 ell=11 count=22 nF=17 blocks: 0123 1245 0346 1356 0147 2347 0357 1267 4567 1348 2358 0458 0168 2468 0278 1578 3678
FAM D=51 ell=11 count=22 nF=17 blocks: 0123 1245 0346 1356 0247 0157 3457 2367 1467 0148 2348 0358 1268 4568 1378 2578 0678
FAM D=51 ell=11 count=22 nF=17 blocks: 0123 1245 0346 1356 0247 0157 3457 2367 1467 1348 2358 0458 0168 2468 1278 0378 5678
FAM D=51 ell=11 count=22 nF=17 blocks: 0123 1245 0346 1356 1347 2357 0457 0167 2467 0148 2348 0358 1268 4568 0278 1578 3678
FAM D=51 ell=11 count=22 nF=17 blocks: 0123 1245 0346 1356 1347 2357 0457 0167 2467 0248 0158 3458 2368 1468 1278 0378 5678
FAM D=51 ell=11 count=22 nF=17 blocks: 0123 1245 0346 2356 0147 0257 3457 1367 2467 0248 1348 0358 1268 4568 2378 1578 0678
FAM D=51 ell=11 count=22 nF=17 blocks: 0123 1245 0346 2356 0147 0257 3457 1367 2467 2348 1358 0458 0268 1468 1278 0378 5678
FAM D=51 ell=11 count=22 nF=17 blocks: 0123 1245 0346 2356 0247 1347 0357 1267 4567 0148 0258 3458 1368 2468 2378 1578 0678
FAM D=51 ell=11 count=22 nF=17 blocks: 0123 1245 0346 2356 0247 1347 0357 1267 4567 2348 1358 0458 0268 1468 0178 2578 3678
FAM D=51 ell=11 count=22 nF=17 blocks: 0123 1245 0346 2356 2347 1357 0457 0267 1467 0148 0258 3458 1368 2468 1278 0378 5678
FAM D=51 ell=11 count=22 nF=17 blocks: 0123 1245 0346 2356 2347 1357 0457 0267 1467 0248 1348 0358 1268 4568 0178 2578 3678
FAM D=51 ell=11 count=22 nF=17 blocks: 0123 1245 1346 0256 0147 2357 0367 2467 1567 0248 1358 0168 2368 4568 1278 3478 0578
FAM D=51 ell=11 count=22 nF=17 blocks: 0123 1245 1346 0256 0147 2357 0367 2467 1567 2348 0158 1268 0468 3568 0278 1378 4578
FAM D=51 ell=11 count=22 nF=17 blocks: 0123 1245 1346 0256 0247 1357 0167 2367 4567 0148 2358 0368 2468 1568 1278 3478 0578
FAM D=51 ell=11 count=22 nF=17 blocks: 0123 1245 1346 0256 0247 1357 0167 2367 4567 2348 0158 1268 0468 3568 0378 1478 2578
FAM D=51 ell=11 count=22 nF=17 blocks: 0123 1245 1346 0256 2347 0157 1267 0467 3567 0148 2358 0368 2468 1568 0278 1378 4578
FAM D=51 ell=11 count=22 nF=17 blocks: 0123 1245 1346 0256 2347 0157 1267 0467 3567 0248 1358 0168 2368 4568 0378 1478 2578
FAM D=51 ell=11 count=22 nF=17 blocks: 0123 1245 1346 0356 0147 0257 3457 2367 1567 0348 0158 2358 1268 4568 1378 2478 0678
FAM D=51 ell=11 count=22 nF=17 blocks: 0123 1245 1346 0356 0147 0257 3457 2367 1567 2348 1358 0458 0168 2568 1278 0378 4678
FAM D=51 ell=11 count=22 nF=17 blocks: 0123 1245 1346 0356 0347 0157 2357 1267 4567 0148 0258 3458 2368 1568 1378 2478 0678
FAM D=51 ell=11 count=22 nF=17 blocks: 0123 1245 1346 0356 0347 0157 2357 1267 4567 2348 1358 0458 0168 2568 0278 1478 3678
FAM D=51 ell=11 count=22 nF=17 blocks: 0123 1245 1346 0356 2347 1357 0457 0167 2567 0148 0258 3458 2368 1568 1278 0378 4678
FAM D=51 ell=11 count=22 nF=17 blocks: 0123 1245 1346 0356 2347 1357 0457 0167 2567 0348 0158 2358 1268 4568 0278 1478 3678
FAM D=51 ell=11 count=22 nF=17 blocks: 0123 1245 1346 2356 0456 0147 2347 0357 0267 1567 0248 0158 3458 1268 0368 1378 2578
FAM D=54 ell=11 count=19 nF=18 blocks: 0123 1245 1346 2356 0456 0147 2347 0357 0267 1567 0248 0158 3458 1268 0368 1378 2578 4678
FAM D=51 ell=11 count=22 nF=17 blocks: 0123 1245 1346 2356 0456 0147 2347 0357 0267 1567 0248 0158 3458 1268 0368 1378 4678
FAM D=51 ell=11 count=22 nF=17 blocks: 0123 1245 1346 2356 0456 0147 2347 0357 0267 1567 0248 0158 3458 1268 0368 2578 4678
FAM D=51 ell=11 count=22 nF=17 blocks: 0123 1245 1346 2356 0456 0147 2347 0357 0267 1567 0248 0158 3458 1268 1378 2578 4678
FAM D=51 ell=11 count=22 nF=17 blocks: 0123 1245 1346 2356 0456 0147 2347 0357 0267 1567 0248 0158 3458 0368 1378 2578 4678
FAM D=51 ell=11 count=22 nF=17 blocks: 0123 1245 1346 2356 0456 0147 2347 0357 0267 1567 0248 0158 1268 0368 1378 2578 4678
FAM D=51 ell=11 count=22 nF=17 blocks: 0123 1245 1346 2356 0456 0147 2347 0357 0267 1567 0248 3458 1268 0368 1378 2578 4678
FAM D=51 ell=11 count=22 nF=17 blocks: 0123 1245 1346 2356 0456 0147 2347 0357 0267 1567 0348 0258 1358 0168 2468 1278 4578
FAM D=54 ell=11 count=19 nF=18 blocks: 0123 1245 1346 2356 0456 0147 2347 0357 0267 1567 0348 0258 1358 0168 2468 1278 4578 3678
FAM D=51 ell=11 count=22 nF=17 blocks: 0123 1245 1346 2356 0456 0147 2347 0357 0267 1567 0348 0258 1358 0168 2468 1278 3678
FAM D=51 ell=11 count=22 nF=17 blocks: 0123 1245 1346 2356 0456 0147 2347 0357 0267 1567 0348 0258 1358 0168 2468 4578 3678
FAM D=51 ell=11 count=22 nF=17 blocks: 0123 1245 1346 2356 0456 0147 2347 0357 0267 1567 0348 0258 1358 0168 1278 4578 3678
FAM D=51 ell=11 count=22 nF=17 blocks: 0123 1245 1346 2356 0456 0147 2347 0357 0267 1567 0348 0258 1358 2468 1278 4578 3678
FAM D=51 ell=11 count=22 nF=17 blocks: 0123 1245 1346 2356 0456 0147 2347 0357 0267 1567 0348 0258 0168 2468 1278 4578 3678
FAM D=51 ell=11 count=22 nF=17 blocks: 0123 1245 1346 2356 0456 0147 2347 0357 0267 1567 0348 1358 0168 2468 1278 4578 3678
FAM D=51 ell=11 count=22 nF=17 blocks: 0123 1245 1346 2356 0456 0147 2347 0357 0267 1567 0158 3458 1268 0368 1378 2578 4678
FAM D=51 ell=11 count=22 nF=17 blocks: 0123 1245 1346 2356 0456 0147 2347 0357 0267 1567 0258 1358 0168 2468 1278 4578 3678
FAM D=51 ell=11 count=22 nF=17 blocks: 0123 1245 1346 2356 0456 0147 2347 0357 0267 0248 0158 3458 1268 0368 1378 2578 4678
FAM D=51 ell=11 count=22 nF=17 blocks: 0123 1245 1346 2356 0456 0147 2347 0357 0267 0348 0258 1358 0168 2468 1278 4578 3678
FAM D=51 ell=11 count=22 nF=17 blocks: 0123 1245 1346 2356 0456 0147 2347 0357 1567 0248 0158 3458 1268 0368 1378 2578 4678
FAM D=51 ell=11 count=22 nF=17 blocks: 0123 1245 1346 2356 0456 0147 2347 0357 1567 0348 0258 1358 0168 2468 1278 4578 3678
FAM D=51 ell=11 count=22 nF=17 blocks: 0123 1245 1346 2356 0456 0147 2347 0267 1567 0248 0158 3458 1268 0368 1378 2578 4678
FAM D=51 ell=11 count=22 nF=17 blocks: 0123 1245 1346 2356 0456 0147 2347 0267 1567 0348 0258 1358 0168 2468 1278 4578 3678
FAM D=51 ell=11 count=22 nF=17 blocks: 0123 1245 1346 2356 0456 0147 0357 0267 1567 0248 0158 3458 1268 0368 1378 2578 4678
FAM D=51 ell=11 count=22 nF=17 blocks: 0123 1245 1346 2356 0456 0147 0357 0267 1567 0348 0258 1358 0168 2468 1278 4578 3678
FAM D=51 ell=11 count=22 nF=17 blocks: 0123 1245 1346 2356 0456 0247 0157 3457 1267 0367 0148 2348 0358 0268 1568 1378 2578
FAM D=54 ell=11 count=19 nF=18 blocks: 0123 1245 1346 2356 0456 0247 0157 3457 1267 0367 0148 2348 0358 0268 1568 1378 2578 4678
FAM D=51 ell=11 count=22 nF=17 blocks: 0123 1245 1346 2356 0456 0247 0157 3457 1267 0367 0148 2348 0358 0268 1568 1378 4678
FAM D=51 ell=11 count=22 nF=17 blocks: 0123 1245 1346 2356 0456 0247 0157 3457 1267 0367 0148 2348 0358 0268 1568 2578 4678
FAM D=51 ell=11 count=22 nF=17 blocks: 0123 1245 1346 2356 0456 0247 0157 3457 1267 0367 0148 2348 0358 0268 1378 2578 4678
FAM D=51 ell=11 count=22 nF=17 blocks: 0123 1245 1346 2356 0456 0247 0157 3457 1267 0367 0148 2348 0358 1568 1378 2578 4678
FAM D=51 ell=11 count=22 nF=17 blocks: 0123 1245 1346 2356 0456 0247 0157 3457 1267 0367 0148 2348 0268 1568 1378 2578 4678
FAM D=51 ell=11 count=22 nF=17 blocks: 0123 1245 1346 2356 0456 0247 0157 3457 1267 0367 0148 0358 0268 1568 1378 2578 4678
FAM D=51 ell=11 count=22 nF=17 blocks: 0123 1245 1346 2356 0456 0247 0157 3457 1267 0367 0348 0258 1358 0168 2468 2378 1478
FAM D=54 ell=11 count=19 nF=18 blocks: 0123 1245 1346 2356 0456 0247 0157 3457 1267 0367 0348 0258 1358 0168 2468 2378 1478 5678
FAM D=51 ell=11 count=22 nF=17 blocks: 0123 1245 1346 2356 0456 0247 0157 3457 1267 0367 0348 0258 1358 0168 2468 2378 5678
FAM D=51 ell=11 count=22 nF=17 blocks: 0123 1245 1346 2356 0456 0247 0157 3457 1267 0367 0348 0258 1358 0168 2468 1478 5678
FAM D=51 ell=11 count=22 nF=17 blocks: 0123 1245 1346 2356 0456 0247 0157 3457 1267 0367 0348 0258 1358 0168 2378 1478 5678
FAM D=51 ell=11 count=22 nF=17 blocks: 0123 1245 1346 2356 0456 0247 0157 3457 1267 0367 0348 0258 1358 2468 2378 1478 5678
FAM D=51 ell=11 count=22 nF=17 blocks: 0123 1245 1346 2356 0456 0247 0157 3457 1267 0367 0348 0258 0168 2468 2378 1478 5678
FAM D=51 ell=11 count=22 nF=17 blocks: 0123 1245 1346 2356 0456 0247 0157 3457 1267 0367 0348 1358 0168 2468 2378 1478 5678
FAM D=51 ell=11 count=22 nF=17 blocks: 0123 1245 1346 2356 0456 0247 0157 3457 1267 0367 2348 0358 0268 1568 1378 2578 4678
FAM D=51 ell=11 count=22 nF=17 blocks: 0123 1245 1346 2356 0456 0247 0157 3457 1267 0367 0258 1358 0168 2468 2378 1478 5678
FAM D=51 ell=11 count=22 nF=17 blocks: 0123 1245 1346 2356 0456 0247 0157 3457 1267 0148 2348 0358 0268 1568 1378 2578 4678
FAM D=51 ell=11 count=22 nF=17 blocks: 0123 1245 1346 2356 0456 0247 0157 3457 1267 0348 0258 1358 0168 2468 2378 1478 5678
FAM D=51 ell=11 count=22 nF=17 blocks: 0123 1245 1346 2356 0456 0247 0157 3457 0367 0148 2348 0358 0268 1568 1378 2578 4678
FAM D=51 ell=11 count=22 nF=17 blocks: 0123 1245 1346 2356 0456 0247 0157 3457 0367 0348 0258 1358 0168 2468 2378 1478 5678
FAM D=51 ell=11 count=22 nF=17 blocks: 0123 1245 1346 2356 0456 0247 0157 1267 0367 0148 2348 0358 0268 1568 1378 2578 4678
FAM D=51 ell=11 count=22 nF=17 blocks: 0123 1245 1346 2356 0456 0247 0157 1267 0367 0348 0258 1358 0168 2468 2378 1478 5678
FAM D=51 ell=11 count=22 nF=17 blocks: 0123 1245 1346 2356 0456 0247 3457 1267 0367 0148 2348 0358 0268 1568 1378 2578 4678
FAM D=51 ell=11 count=22 nF=17 blocks: 0123 1245 1346 2356 0456 0247 3457 1267 0367 0348 0258 1358 0168 2468 2378 1478 5678
FAM D=51 ell=11 count=22 nF=17 blocks: 0123 1245 1346 2356 0456 0347 0257 1357 0167 2467 0148 2348 0358 0268 1568 1278 4578
FAM D=54 ell=11 count=19 nF=18 blocks: 0123 1245 1346 2356 0456 0347 0257 1357 0167 2467 0148 2348 0358 0268 1568 1278 4578 3678
FAM D=51 ell=11 count=22 nF=17 blocks: 0123 1245 1346 2356 0456 0347 0257 1357 0167 2467 0148 2348 0358 0268 1568 1278 3678
FAM D=51 ell=11 count=22 nF=17 blocks: 0123 1245 1346 2356 0456 0347 0257 1357 0167 2467 0148 2348 0358 0268 1568 4578 3678
FAM D=51 ell=11 count=22 nF=17 blocks: 0123 1245 1346 2356 0456 0347 0257 1357 0167 2467 0148 2348 0358 0268 1278 4578 3678
FAM D=51 ell=11 count=22 nF=17 blocks: 0123 1245 1346 2356 0456 0347 0257 1357 0167 2467 0148 2348 0358 1568 1278 4578 3678
FAM D=51 ell=11 count=22 nF=17 blocks: 0123 1245 1346 2356 0456 0347 0257 1357 0167 2467 0148 2348 0268 1568 1278 4578 3678
FAM D=51 ell=11 count=22 nF=17 blocks: 0123 1245 1346 2356 0456 0347 0257 1357 0167 2467 0148 0358 0268 1568 1278 4578 3678
FAM D=51 ell=11 count=22 nF=17 blocks: 0123 1245 1346 2356 0456 0347 0257 1357 0167 2467 0248 0158 3458 1268 0368 2378 1478
FAM D=54 ell=11 count=19 nF=18 blocks: 0123 1245 1346 2356 0456 0347 0257 1357 0167 2467 0248 0158 3458 1268 0368 2378 1478 5678
FAM D=51 ell=11 count=22 nF=17 blocks: 0123 1245 1346 2356 0456 0347 0257 1357 0167 2467 0248 0158 3458 1268 0368 2378 5678
FAM D=51 ell=11 count=22 nF=17 blocks: 0123 1245 1346 2356 0456 0347 0257 1357 0167 2467 0248 0158 3458 1268 0368 1478 5678
FAM D=51 ell=11 count=22 nF=17 blocks: 0123 1245 1346 2356 0456 0347 0257 1357 0167 2467 0248 0158 3458 1268 2378 1478 5678
FAM D=51 ell=11 count=22 nF=17 blocks: 0123 1245 1346 2356 0456 0347 0257 1357 0167 2467 0248 0158 3458 0368 2378 1478 5678
FAM D=51 ell=11 count=22 nF=17 blocks: 0123 1245 1346 2356 0456 0347 0257 1357 0167 2467 0248 0158 1268 0368 2378 1478 5678
FAM D=51 ell=11 count=22 nF=17 blocks: 0123 1245 1346 2356 0456 0347 0257 1357 0167 2467 0248 3458 1268 0368 2378 1478 5678
FAM D=51 ell=11 count=22 nF=17 blocks: 0123 1245 1346 2356 0456 0347 0257 1357 0167 2467 2348 0358 0268 1568 1278 4578 3678
FAM D=51 ell=11 count=22 nF=17 blocks: 0123 1245 1346 2356 0456 0347 0257 1357 0167 2467 0158 3458 1268 0368 2378 1478 5678
FAM D=51 ell=11 count=22 nF=17 blocks: 0123 1245 1346 2356 0456 0347 0257 1357 0167 0148 2348 0358 0268 1568 1278 4578 3678
FAM D=51 ell=11 count=22 nF=17 blocks: 0123 1245 1346 2356 0456 0347 0257 1357 0167 0248 0158 3458 1268 0368 2378 1478 5678
FAM D=51 ell=11 count=22 nF=17 blocks: 0123 1245 1346 2356 0456 0347 0257 1357 2467 0148 2348 0358 0268 1568 1278 4578 3678
FAM D=51 ell=11 count=22 nF=17 blocks: 0123 1245 1346 2356 0456 0347 0257 1357 2467 0248 0158 3458 1268 0368 2378 1478 5678
FAM D=51 ell=11 count=22 nF=17 blocks: 0123 1245 1346 2356 0456 0347 0257 0167 2467 0148 2348 0358 0268 1568 1278 4578 3678
FAM D=51 ell=11 count=22 nF=17 blocks: 0123 1245 1346 2356 0456 0347 0257 0167 2467 0248 0158 3458 1268 0368 2378 1478 5678
FAM D=51 ell=11 count=22 nF=17 blocks: 0123 1245 1346 2356 0456 0347 1357 0167 2467 0148 2348 0358 0268 1568 1278 4578 3678
FAM D=51 ell=11 count=22 nF=17 blocks: 0123 1245 1346 2356 0456 0347 1357 0167 2467 0248 0158 3458 1268 0368 2378 1478 5678
FAM D=51 ell=11 count=22 nF=17 blocks: 0123 1245 1346 2356 0456 2347 0357 0267 1567 0248 0158 3458 1268 0368 1378 2578 4678
FAM D=51 ell=11 count=22 nF=17 blocks: 0123 1245 1346 2356 0456 2347 0357 0267 1567 0348 0258 1358 0168 2468 1278 4578 3678
FAM D=51 ell=11 count=22 nF=17 blocks: 0123 1245 1346 2356 0456 0157 3457 1267 0367 0148 2348 0358 0268 1568 1378 2578 4678
FAM D=51 ell=11 count=22 nF=17 blocks: 0123 1245 1346 2356 0456 0157 3457 1267 0367 0348 0258 1358 0168 2468 2378 1478 5678
FAM D=51 ell=11 count=22 nF=17 blocks: 0123 1245 1346 2356 0456 0257 1357 0167 2467 0148 2348 0358 0268 1568 1278 4578 3678
FAM D=51 ell=11 count=22 nF=17 blocks: 0123 1245 1346 2356 0456 0257 1357 0167 2467 0248 0158 3458 1268 0368 2378 1478 5678
FAM D=51 ell=11 count=22 nF=17 blocks: 0123 1245 1346 2356 0147 2347 0357 0267 1567 0248 0158 3458 1268 0368 1378 2578 4678
FAM D=51 ell=11 count=22 nF=17 blocks: 0123 1245 1346 2356 0147 2347 0357 0267 1567 0348 0258 1358 0168 2468 1278 4578 3678
FAM D=51 ell=11 count=22 nF=17 blocks: 0123 1245 1346 2356 0247 0157 3457 1267 0367 0148 2348 0358 0268 1568 1378 2578 4678
FAM D=51 ell=11 count=22 nF=17 blocks: 0123 1245 1346 2356 0247 0157 3457 1267 0367 0348 0258 1358 0168 2468 2378 1478 5678
FAM D=51 ell=11 count=22 nF=17 blocks: 0123 1245 1346 2356 0347 0257 1357 0167 2467 0148 2348 0358 0268 1568 1278 4578 3678
FAM D=51 ell=11 count=22 nF=17 blocks: 0123 1245 1346 2356 0347 0257 1357 0167 2467 0248 0158 3458 1268 0368 2378 1478 5678
FAM D=51 ell=11 count=22 nF=17 blocks: 0123 1245 1346 0456 0147 2347 0357 0267 1567 0248 0158 3458 1268 0368 1378 2578 4678
FAM D=51 ell=11 count=22 nF=17 blocks: 0123 1245 1346 0456 0147 2347 0357 0267 1567 0348 0258 1358 0168 2468 1278 4578 3678
FAM D=51 ell=11 count=22 nF=17 blocks: 0123 1245 1346 0456 0247 0157 3457 1267 0367 0148 2348 0358 0268 1568 1378 2578 4678
FAM D=51 ell=11 count=22 nF=17 blocks: 0123 1245 1346 0456 0247 0157 3457 1267 0367 0348 0258 1358 0168 2468 2378 1478 5678
FAM D=51 ell=11 count=22 nF=17 blocks: 0123 1245 1346 0456 0347 0257 1357 0167 2467 0148 2348 0358 0268 1568 1278 4578 3678
FAM D=51 ell=11 count=22 nF=17 blocks: 0123 1245 1346 0456 0347 0257 1357 0167 2467 0248 0158 3458 1268 0368 2378 1478 5678
FAM D=51 ell=11 count=22 nF=17 blocks: 0123 1245 2346 0156 0147 2357 0267 1367 4567 0248 1358 0368 1468 2568 1278 3478 0578
FAM D=51 ell=11 count=22 nF=17 blocks: 0123 1245 2346 0156 0147 2357 0267 1367 4567 1348 0258 1268 0468 3568 0378 2478 1578
FAM D=51 ell=11 count=22 nF=17 blocks: 0123 1245 2346 0156 0247 1357 0367 1467 2567 0148 2358 0268 1368 4568 1278 3478 0578
FAM D=51 ell=11 count=22 nF=17 blocks: 0123 1245 2346 0156 0247 1357 0367 1467 2567 1348 0258 1268 0468 3568 0178 2378 4578
FAM D=51 ell=11 count=22 nF=17 blocks: 0123 1245 2346 0156 1347 0257 1267 0467 3567 0148 2358 0268 1368 4568 0378 2478 1578
FAM D=51 ell=11 count=22 nF=17 blocks: 0123 1245 2346 0156 1347 0257 1267 0467 3567 0248 1358 0368 1468 2568 0178 2378 4578
FAM D=51 ell=11 count=22 nF=17 blocks: 0123 1245 2346 0356 0247 0157 3457 1367 2567 0348 0258 1358 1268 4568 2378 1478 0678
FAM D=51 ell=11 count=22 nF=17 blocks: 0123 1245 2346 0356 0247 0157 3457 1367 2567 1348 2358 0458 0268 1568 1278 0378 4678
FAM D=51 ell=11 count=22 nF=17 blocks: 0123 1245 2346 0356 0347 0257 1357 1267 4567 0248 0158 3458 1368 2568 2378 1478 0678
FAM D=51 ell=11 count=22 nF=17 blocks: 0123 1245 2346 0356 0347 0257 1357 1267 4567 1348 2358 0458 0268 1568 0178 2478 3678
FAM D=51 ell=11 count=22 nF=17 blocks: 0123 1245 2346 0356 1347 2357 0457 0267 1567 0248 0158 3458 1368 2568 1278 0378 4678
FAM D=51 ell=11 count=22 nF=17 blocks: 0123 1245 2346 0356 1347 2357 0457 0267 1567 0348 0258 1358 1268 4568 0178 2478 3678
FAM D=51 ell=11 count=22 nF=17 blocks: 0123 1245 2346 1356 0456 0147 0257 3457 1267 0367 0248 1348 0358 0168 2568 2378 1578
FAM D=54 ell=11 count=19 nF=18 blocks: 0123 1245 2346 1356 0456 0147 0257 3457 1267 0367 0248 1348 0358 0168 2568 2378 1578 4678
FAM D=51 ell=11 count=22 nF=17 blocks: 0123 1245 2346 1356 0456 0147 0257 3457 1267 0367 0248 1348 0358 0168 2568 2378 4678
FAM D=51 ell=11 count=22 nF=17 blocks: 0123 1245 2346 1356 0456 0147 0257 3457 1267 0367 0248 1348 0358 0168 2568 1578 4678
FAM D=51 ell=11 count=22 nF=17 blocks: 0123 1245 2346 1356 0456 0147 0257 3457 1267 0367 0248 1348 0358 0168 2378 1578 4678
FAM D=51 ell=11 count=22 nF=17 blocks: 0123 1245 2346 1356 0456 0147 0257 3457 1267 0367 0248 1348 0358 2568 2378 1578 4678
FAM D=51 ell=11 count=22 nF=17 blocks: 0123 1245 2346 1356 0456 0147 0257 3457 1267 0367 0248 1348 0168 2568 2378 1578 4678
FAM D=51 ell=11 count=22 nF=17 blocks: 0123 1245 2346 1356 0456 0147 0257 3457 1267 0367 0248 0358 0168 2568 2378 1578 4678
FAM D=51 ell=11 count=22 nF=17 blocks: 0123 1245 2346 1356 0456 0147 0257 3457 1267 0367 0348 0158 2358 0268 1468 1378 2478
FAM D=54 ell=11 count=19 nF=18 blocks: 0123 1245 2346 1356 0456 0147 0257 3457 1267 0367 0348 0158 2358 0268 1468 1378 2478 5678
FAM D=51 ell=11 count=22 nF=17 blocks: 0123 1245 2346 1356 0456 0147 0257 3457 1267 0367 0348 0158 2358 0268 1468 1378 5678
FAM D=51 ell=11 count=22 nF=17 blocks: 0123 1245 2346 1356 0456 0147 0257 3457 1267 0367 0348 0158 2358 0268 1468 2478 5678
FAM D=51 ell=11 count=22 nF=17 blocks: 0123 1245 2346 1356 0456 0147 0257 3457 1267 0367 0348 0158 2358 0268 1378 2478 5678
FAM D=51 ell=11 count=22 nF=17 blocks: 0123 1245 2346 1356 0456 0147 0257 3457 1267 0367 0348 0158 2358 1468 1378 2478 5678
FAM D=51 ell=11 count=22 nF=17 blocks: 0123 1245 2346 1356 0456 0147 0257 3457 1267 0367 0348 0158 0268 1468 1378 2478 5678
FAM D=51 ell=11 count=22 nF=17 blocks: 0123 1245 2346 1356 0456 0147 0257 3457 1267 0367 0348 2358 0268 1468 1378 2478 5678
FAM D=51 ell=11 count=22 nF=17 blocks: 0123 1245 2346 1356 0456 0147 0257 3457 1267 0367 1348 0358 0168 2568 2378 1578 4678
FAM D=51 ell=11 count=22 nF=17 blocks: 0123 1245 2346 1356 0456 0147 0257 3457 1267 0367 0158 2358 0268 1468 1378 2478 5678
FAM D=51 ell=11 count=22 nF=17 blocks: 0123 1245 2346 1356 0456 0147 0257 3457 1267 0248 1348 0358 0168 2568 2378 1578 4678
FAM D=51 ell=11 count=22 nF=17 blocks: 0123 1245 2346 1356 0456 0147 0257 3457 1267 0348 0158 2358 0268 1468 1378 2478 5678
FAM D=51 ell=11 count=22 nF=17 blocks: 0123 1245 2346 1356 0456 0147 0257 3457 0367 0248 1348 0358 0168 2568 2378 1578 4678
FAM D=51 ell=11 count=22 nF=17 blocks: 0123 1245 2346 1356 0456 0147 0257 3457 0367 0348 0158 2358 0268 1468 1378 2478 5678
FAM D=51 ell=11 count=22 nF=17 blocks: 0123 1245 2346 1356 0456 0147 0257 1267 0367 0248 1348 0358 0168 2568 2378 1578 4678
FAM D=51 ell=11 count=22 nF=17 blocks: 0123 1245 2346 1356 0456 0147 0257 1267 0367 0348 0158 2358 0268 1468 1378 2478 5678
FAM D=51 ell=11 count=22 nF=17 blocks: 0123 1245 2346 1356 0456 0147 3457 1267 0367 0248 1348 0358 0168 2568 2378 1578 4678
FAM D=51 ell=11 count=22 nF=17 blocks: 0123 1245 2346 1356 0456 0147 3457 1267 0367 0348 0158 2358 0268 1468 1378 2478 5678
FAM D=51 ell=11 count=22 nF=17 blocks: 0123 1245 2346 1356 0456 0247 1347 0357 0167 2567 0148 0258 3458 1268 0368 2378 1578
FAM D=54 ell=11 count=19 nF=18 blocks: 0123 1245 2346 1356 0456 0247 1347 0357 0167 2567 0148 0258 3458 1268 0368 2378 1578 4678
FAM D=51 ell=11 count=22 nF=17 blocks: 0123 1245 2346 1356 0456 0247 1347 0357 0167 2567 0148 0258 3458 1268 0368 2378 4678
FAM D=51 ell=11 count=22 nF=17 blocks: 0123 1245 2346 1356 0456 0247 1347 0357 0167 2567 0148 0258 3458 1268 0368 1578 4678
FAM D=51 ell=11 count=22 nF=17 blocks: 0123 1245 2346 1356 0456 0247 1347 0357 0167 2567 0148 0258 3458 1268 2378 1578 4678
FAM D=51 ell=11 count=22 nF=17 blocks: 0123 1245 2346 1356 0456 0247 1347 0357 0167 2567 0148 0258 3458 0368 2378 1578 4678
FAM D=51 ell=11 count=22 nF=17 blocks: 0123 1245 2346 1356 0456 0247 1347 0357 0167 2567 0148 0258 1268 0368 2378 1578 4678
FAM D=51 ell=11 count=22 nF=17 blocks: 0123 1245 2346 1356 0456 0247 1347 0357 0167 2567 0148 3458 1268 0368 2378 1578 4678
FAM D=51 ell=11 count=22 nF=17 blocks: 0123 1245 2346 1356 0456 0247 1347 0357 0167 2567 0348 0158 2358 0268 1468 1278 4578
FAM D=54 ell=11 count=19 nF=18 blocks: 0123 1245 2346 1356 0456 0247 1347 0357 0167 2567 0348 0158 2358 0268 1468 1278 4578 3678
FAM D=51 ell=11 count=22 nF=17 blocks: 0123 1245 2346 1356 0456 0247 1347 0357 0167 2567 0348 0158 2358 0268 1468 1278 3678
FAM D=51 ell=11 count=22 nF=17 blocks: 0123 1245 2346 1356 0456 0247 1347 0357 0167 2567 0348 0158 2358 0268 1468 4578 3678
FAM D=51 ell=11 count=22 nF=17 blocks: 0123 1245 2346 1356 0456 0247 1347 0357 0167 2567 0348 0158 2358 0268 1278 4578 3678
FAM D=51 ell=11 count=22 nF=17 blocks: 0123 1245 2346 1356 0456 0247 1347 0357 0167 2567 0348 0158 2358 1468 1278 4578 3678
FAM D=51 ell=11 count=22 nF=17 blocks: 0123 1245 2346 1356 0456 0247 1347 0357 0167 2567 0348 0158 0268 1468 1278 4578 3678
FAM D=51 ell=11 count=22 nF=17 blocks: 0123 1245 2346 1356 0456 0247 1347 0357 0167 2567 0348 2358 0268 1468 1278 4578 3678
FAM D=51 ell=11 count=22 nF=17 blocks: 0123 1245 2346 1356 0456 0247 1347 0357 0167 2567 0158 2358 0268 1468 1278 4578 3678
FAM D=51 ell=11 count=22 nF=17 blocks: 0123 1245 2346 1356 0456 0247 1347 0357 0167 2567 0258 3458 1268 0368 2378 1578 4678
FAM D=51 ell=11 count=22 nF=17 blocks: 0123 1245 2346 1356 0456 0247 1347 0357 0167 0148 0258 3458 1268 0368 2378 1578 4678
FAM D=51 ell=11 count=22 nF=17 blocks: 0123 1245 2346 1356 0456 0247 1347 0357 0167 0348 0158 2358 0268 1468 1278 4578 3678
FAM D=51 ell=11 count=22 nF=17 blocks: 0123 1245 2346 1356 0456 0247 1347 0357 2567 0148 0258 3458 1268 0368 2378 1578 4678
FAM D=51 ell=11 count=22 nF=17 blocks: 0123 1245 2346 1356 0456 0247 1347 0357 2567 0348 0158 2358 0268 1468 1278 4578 3678
FAM D=51 ell=11 count=22 nF=17 blocks: 0123 1245 2346 1356 0456 0247 1347 0167 2567 0148 0258 3458 1268 0368 2378 1578 4678
FAM D=51 ell=11 count=22 nF=17 blocks: 0123 1245 2346 1356 0456 0247 1347 0167 2567 0348 0158 2358 0268 1468 1278 4578 3678
FAM D=51 ell=11 count=22 nF=17 blocks: 0123 1245 2346 1356 0456 0247 0357 0167 2567 0148 0258 3458 1268 0368 2378 1578 4678
FAM D=51 ell=11 count=22 nF=17 blocks: 0123 1245 2346 1356 0456 0247 0357 0167 2567 0348 0158 2358 0268 1468 1278 4578 3678
FAM D=51 ell=11 count=22 nF=17 blocks: 0123 1245 2346 1356 0456 0347 0157 2357 0267 1467 0148 0258 3458 1268 0368 1378 2478
FAM D=54 ell=11 count=19 nF=18 blocks: 0123 1245 2346 1356 0456 0347 0157 2357 0267 1467 0148 0258 3458 1268 0368 1378 2478 5678
FAM D=51 ell=11 count=22 nF=17 blocks: 0123 1245 2346 1356 0456 0347 0157 2357 0267 1467 0148 0258 3458 1268 0368 1378 5678
FAM D=51 ell=11 count=22 nF=17 blocks: 0123 1245 2346 1356 0456 0347 0157 2357 0267 1467 0148 0258 3458 1268 0368 2478 5678
FAM D=51 ell=11 count=22 nF=17 blocks: 0123 1245 2346 1356 0456 0347 0157 2357 0267 1467 0148 0258 3458 1268 1378 2478 5678
FAM D=51 ell=11 count=22 nF=17 blocks: 0123 1245 2346 1356 0456 0347 0157 2357 0267 1467 0148 0258 3458 0368 1378 2478 5678
FAM D=51 ell=11 count=22 nF=17 blocks: 0123 1245 2346 1356 0456 0347 0157 2357 0267 1467 0148 0258 1268 0368 1378 2478 5678
FAM D=51 ell=11 count=22 nF=17 blocks: 0123 1245 2346 1356 0456 0347 0157 2357 0267 1467 0148 3458 1268 0368 1378 2478 5678
FAM D=51 ell=11 count=22 nF=17 blocks: 0123 1245 2346 1356 0456 0347 0157 2357 0267 1467 0248 1348 0358 0168 2568 1278 4578
FAM D=54 ell=11 count=19 nF=18 blocks: 0123 1245 2346 1356 0456 0347 0157 2357 0267 1467 0248 1348 0358 0168 2568 1278 4578 3678
FAM D=51 ell=11 count=22 nF=17 blocks: 0123 1245 2346 1356 0456 0347 0157 2357 0267 1467 0248 1348 0358 0168 2568 1278 3678
FAM D=51 ell=11 count=22 nF=17 blocks: 0123 1245 2346 1356 0456 0347 0157 2357 0267 1467 0248 1348 0358 0168 2568 4578 3678
FAM D=51 ell=11 count=22 nF=17 blocks: 0123 1245 2346 1356 0456 0347 0157 2357 0267 1467 0248 1348 0358 0168 1278 4578 3678
FAM D=51 ell=11 count=22 nF=17 blocks: 0123 1245 2346 1356 0456 0347 0157 2357 0267 1467 0248 1348 0358 2568 1278 4578 3678
FAM D=51 ell=11 count=22 nF=17 blocks: 0123 1245 2346 1356 0456 0347 0157 2357 0267 1467 0248 1348 0168 2568 1278 4578 3678
FAM D=51 ell=11 count=22 nF=17 blocks: 0123 1245 2346 1356 0456 0347 0157 2357 0267 1467 0248 0358 0168 2568 1278 4578 3678
FAM D=51 ell=11 count=22 nF=17 blocks: 0123 1245 2346 1356 0456 0347 0157 2357 0267 1467 1348 0358 0168 2568 1278 4578 3678
FAM D=51 ell=11 count=22 nF=17 blocks: 0123 1245 2346 1356 0456 0347 0157 2357 0267 1467 0258 3458 1268 0368 1378 2478 5678
FAM D=51 ell=11 count=22 nF=17 blocks: 0123 1245 2346 1356 0456 0347 0157 2357 0267 0148 0258 3458 1268 0368 1378 2478 5678
FAM D=51 ell=11 count=22 nF=17 blocks: 0123 1245 2346 1356 0456 0347 0157 2357 0267 0248 1348 0358 0168 2568 1278 4578 3678
FAM D=51 ell=11 count=22 nF=17 blocks: 0123 1245 2346 1356 0456 0347 0157 2357 1467 0148 0258 3458 1268 0368 1378 2478 5678
FAM D=51 ell=11 count=22 nF=17 blocks: 0123 1245 2346 1356 0456 0347 0157 2357 1467 0248 1348 0358 0168 2568 1278 4578 3678
FAM D=51 ell=11 count=22 nF=17 blocks: 0123 1245 2346 1356 0456 0347 0157 0267 1467 0148 0258 3458 1268 0368 1378 2478 5678
FAM D=51 ell=11 count=22 nF=17 blocks: 0123 1245 2346 1356 0456 0347 0157 0267 1467 0248 1348 0358 0168 2568 1278 4578 3678
FAM D=51 ell=11 count=22 nF=17 blocks: 0123 1245 2346 1356 0456 0347 2357 0267 1467 0148 0258 3458 1268 0368 1378 2478 5678
FAM D=51 ell=11 count=22 nF=17 blocks: 0123 1245 2346 1356 0456 0347 2357 0267 1467 0248 1348 0358 0168 2568 1278 4578 3678
FAM D=51 ell=11 count=22 nF=17 blocks: 0123 1245 2346 1356 0456 1347 0357 0167 2567 0148 0258 3458 1268 0368 2378 1578 4678
FAM D=51 ell=11 count=22 nF=17 blocks: 0123 1245 2346 1356 0456 1347 0357 0167 2567 0348 0158 2358 0268 1468 1278 4578 3678
FAM D=51 ell=11 count=22 nF=17 blocks: 0123 1245 2346 1356 0456 0157 2357 0267 1467 0148 0258 3458 1268 0368 1378 2478 5678
FAM D=51 ell=11 count=22 nF=17 blocks: 0123 1245 2346 1356 0456 0157 2357 0267 1467 0248 1348 0358 0168 2568 1278 4578 3678
FAM D=51 ell=11 count=22 nF=17 blocks: 0123 1245 2346 1356 0456 0257 3457 1267 0367 0248 1348 0358 0168 2568 2378 1578 4678
FAM D=51 ell=11 count=22 nF=17 blocks: 0123 1245 2346 1356 0456 0257 3457 1267 0367 0348 0158 2358 0268 1468 1378 2478 5678
FAM D=51 ell=11 count=22 nF=17 blocks: 0123 1245 2346 1356 0147 0257 3457 1267 0367 0248 1348 0358 0168 2568 2378 1578 4678
FAM D=51 ell=11 count=22 nF=17 blocks: 0123 1245 2346 1356 0147 0257 3457 1267 0367 0348 0158 2358 0268 1468 1378 2478 5678
FAM D=51 ell=11 count=22 nF=17 blocks: 0123 1245 2346 1356 0247 1347 0357 0167 2567 0148 0258 3458 1268 0368 2378 1578 4678
FAM D=51 ell=11 count=22 nF=17 blocks: 0123 1245 2346 1356 0247 1347 0357 0167 2567 0348 0158 2358 0268 1468 1278 4578 3678
FAM D=51 ell=11 count=22 nF=17 blocks: 0123 1245 2346 1356 0347 0157 2357 0267 1467 0148 0258 3458 1268 0368 1378 2478 5678
FAM D=51 ell=11 count=22 nF=17 blocks: 0123 1245 2346 1356 0347 0157 2357 0267 1467 0248 1348 0358 0168 2568 1278 4578 3678
FAM D=51 ell=11 count=22 nF=17 blocks: 0123 1245 2346 0456 0147 0257 3457 1267 0367 0248 1348 0358 0168 2568 2378 1578 4678
FAM D=51 ell=11 count=22 nF=17 blocks: 0123 1245 2346 0456 0147 0257 3457 1267 0367 0348 0158 2358 0268 1468 1378 2478 5678
FAM D=51 ell=11 count=22 nF=17 blocks: 0123 1245 2346 0456 0247 1347 0357 0167 2567 0148 0258 3458 1268 0368 2378 1578 4678
FAM D=51 ell=11 count=22 nF=17 blocks: 0123 1245 2346 0456 0247 1347 0357 0167 2567 0348 0158 2358 0268 1468 1278 4578 3678
FAM D=51 ell=11 count=22 nF=17 blocks: 0123 1245 2346 0456 0347 0157 2357 0267 1467 0148 0258 3458 1268 0368 1378 2478 5678
FAM D=51 ell=11 count=22 nF=17 blocks: 0123 1245 2346 0456 0347 0157 2357 0267 1467 0248 1348 0358 0168 2568 1278 4578 3678
FAM D=51 ell=11 count=22 nF=17 blocks: 0123 1245 0156 2356 0147 0257 3457 1367 2467 0248 1348 0358 1268 4568 2378 1578 0678
FAM D=51 ell=11 count=22 nF=17 blocks: 0123 1245 0156 2356 0147 0257 3457 1367 2467 2348 1358 0458 0268 1468 1278 0378 5678
FAM D=51 ell=11 count=22 nF=17 blocks: 0123 1245 0156 2356 0247 1347 0357 1267 4567 0148 0258 3458 1368 2468 2378 1578 0678
FAM D=51 ell=11 count=22 nF=17 blocks: 0123 1245 0156 2356 0247 1347 0357 1267 4567 2348 1358 0458 0268 1468 0178 2578 3678
FAM D=51 ell=11 count=22 nF=17 blocks: 0123 1245 0156 2356 2347 1357 0457 0267 1467 0148 0258 3458 1368 2468 1278 0378 5678
FAM D=51 ell=11 count=22 nF=17 blocks: 0123 1245 0156 2356 2347 1357 0457 0267 1467 0248 1348 0358 1268 4568 0178 2578 3678
FAM D=51 ell=11 count=22 nF=17 blocks: 0123 1245 0156 3456 0147 2347 0357 1367 2567 0348 0258 1358 2368 1468 1278 4578 0678
FAM D=51 ell=11 count=22 nF=17 blocks: 0123 1245 0156 3456 0147 2347 0357 1367 2567 1348 2358 0458 1268 0368 0278 1578 4678
FAM D=51 ell=11 count=22 nF=17 blocks: 0123 1245 0156 3456 0347 0257 1357 2367 1467 0148 2348 0358 1368 2568 1278 4578 0678
FAM D=51 ell=11 count=22 nF=17 blocks: 0123 1245 0156 3456 0347 0257 1357 2367 1467 1348 2358 0458 1268 0368 0178 2478 5678
FAM D=51 ell=11 count=22 nF=17 blocks: 0123 1245 0156 3456 1347 2357 0457 1267 0367 0148 2348 0358 1368 2568 0278 1578 4678
FAM D=51 ell=11 count=22 nF=17 blocks: 0123 1245 0156 3456 1347 2357 0457 1267 0367 0348 0258 1358 2368 1468 0178 2478 5678
FAM D=51 ell=11 count=22 nF=17 blocks: 0123 1245 0256 1356 0147 2347 0357 1267 4567 0248 0158 3458 2368 1468 1378 2578 0678
FAM D=51 ell=11 count=22 nF=17 blocks: 0123 1245 0256 1356 0147 2347 0357 1267 4567 1348 2358 0458 0168 2468 0278 1578 3678
FAM D=51 ell=11 count=22 nF=17 blocks: 0123 1245 0256 1356 0247 0157 3457 2367 1467 0148 2348 0358 1268 4568 1378 2578 0678
FAM D=51 ell=11 count=22 nF=17 blocks: 0123 1245 0256 1356 0247 0157 3457 2367 1467 1348 2358 0458 0168 2468 1278 0378 5678
FAM D=51 ell=11 count=22 nF=17 blocks: 0123 1245 0256 1356 1347 2357 0457 0167 2467 0148 2348 0358 1268 4568 0278 1578 3678
FAM D=51 ell=11 count=22 nF=17 blocks: 0123 1245 0256 1356 1347 2357 0457 0167 2467 0248 0158 3458 2368 1468 1278 0378 5678
FAM D=51 ell=11 count=22 nF=17 blocks: 0123 1245 0256 3456 0247 1347 0357 2367 1567 0348 0158 2358 1368 2468 1278 4578 0678
FAM D=51 ell=11 count=22 nF=17 blocks: 0123 1245 0256 3456 0247 1347 0357 2367 1567 2348 1358 0458 1268 0368 0178 2578 4678
FAM D=51 ell=11 count=22 nF=17 blocks: 0123 1245 0256 3456 0347 0157 2357 1367 2467 0248 1348 0358 2368 1568 1278 4578 0678
FAM D=51 ell=11 count=22 nF=17 blocks: 0123 1245 0256 3456 0347 0157 2357 1367 2467 2348 1358 0458 1268 0368 0278 1478 5678
FAM D=51 ell=11 count=22 nF=17 blocks: 0123 1245 0256 3456 2347 1357 0457 1267 0367 0248 1348 0358 2368 1568 0178 2578 4678
FAM D=51 ell=11 count=22 nF=17 blocks: 0123 1245 0256 3456 2347 1357 0457 1267 0367 0348 0158 2358 1368 2468 0278 1478 5678
FAM D=51 ell=11 count=22 nF=17 blocks: 0123 1245 1356 0456 0147 0257 3457 1267 0367 0248 1348 0358 0168 2568 2378 1578 4678
FAM D=51 ell=11 count=22 nF=17 blocks: 0123 1245 1356 0456 0147 0257 3457 1267 0367 0348 0158 2358 0268 1468 1378 2478 5678
FAM D=51 ell=11 count=22 nF=17 blocks: 0123 1245 1356 0456 0247 1347 0357 0167 2567 0148 0258 3458 1268 0368 2378 1578 4678
FAM D=51 ell=11 count=22 nF=17 blocks: 0123 1245 1356 0456 0247 1347 0357 0167 2567 0348 0158 2358 0268 1468 1278 4578 3678
FAM D=51 ell=11 count=22 nF=17 blocks: 0123 1245 1356 0456 0347 0157 2357 0267 1467 0148 0258 3458 1268 0368 1378 2478 5678
FAM D=51 ell=11 count=22 nF=17 blocks: 0123 1245 1356 0456 0347 0157 2357 0267 1467 0248 1348 0358 0168 2568 1278 4578 3678
FAM D=51 ell=11 count=22 nF=17 blocks: 0123 1245 2356 0456 0147 2347 0357 0267 1567 0248 0158 3458 1268 0368 1378 2578 4678
FAM D=51 ell=11 count=22 nF=17 blocks: 0123 1245 2356 0456 0147 2347 0357 0267 1567 0348 0258 1358 0168 2468 1278 4578 3678
FAM D=51 ell=11 count=22 nF=17 blocks: 0123 1245 2356 0456 0247 0157 3457 1267 0367 0148 2348 0358 0268 1568 1378 2578 4678
FAM D=51 ell=11 count=22 nF=17 blocks: 0123 1245 2356 0456 0247 0157 3457 1267 0367 0348 0258 1358 0168 2468 2378 1478 5678
FAM D=51 ell=11 count=22 nF=17 blocks: 0123 1245 2356 0456 0347 0257 1357 0167 2467 0148 2348 0358 0268 1568 1278 4578 3678
FAM D=51 ell=11 count=22 nF=17 blocks: 0123 1245 2356 0456 0347 0257 1357 0167 2467 0248 0158 3458 1268 0368 2378 1478 5678
FAM D=51 ell=11 count=22 nF=17 blocks: 0123 0345 0146 2346 1256 0247 2357 1457 1367 0567 1248 0258 1358 0368 4568 0178 3478
FAM D=54 ell=11 count=19 nF=18 blocks: 0123 0345 0146 2346 1256 0247 2357 1457 1367 0567 1248 0258 1358 0368 4568 0178 3478 2678
FAM D=51 ell=11 count=22 nF=17 blocks: 0123 0345 0146 2346 1256 0247 2357 1457 1367 0567 1248 0258 1358 0368 4568 0178 2678
FAM D=51 ell=11 count=22 nF=17 blocks: 0123 0345 0146 2346 1256 0247 2357 1457 1367 0567 1248 0258 1358 0368 4568 3478 2678
FAM D=51 ell=11 count=22 nF=17 blocks: 0123 0345 0146 2346 1256 0247 2357 1457 1367 0567 1248 0258 1358 0368 0178 3478 2678
FAM D=51 ell=11 count=22 nF=17 blocks: 0123 0345 0146 2346 1256 0247 2357 1457 1367 0567 1248 0258 1358 4568 0178 3478 2678
FAM D=51 ell=11 count=22 nF=17 blocks: 0123 0345 0146 2346 1256 0247 2357 1457 1367 0567 1248 0258 0368 4568 0178 3478 2678
FAM D=51 ell=11 count=22 nF=17 blocks: 0123 0345 0146 2346 1256 0247 2357 1457 1367 0567 1248 1358 0368 4568 0178 3478 2678
FAM D=51 ell=11 count=22 nF=17 blocks: 0123 0345 0146 2346 1256 0247 2357 1457 1367 0567 1348 0158 2458 0268 3568 1278 0378
FAM D=54 ell=11 count=19 nF=18 blocks: 0123 0345 0146 2346 1256 0247 2357 1457 1367 0567 1348 0158 2458 0268 3568 1278 0378 4678
FAM D=51 ell=11 count=22 nF=17 blocks: 0123 0345 0146 2346 1256 0247 2357 1457 1367 0567 1348 0158 2458 0268 3568 1278 4678
FAM D=51 ell=11 count=22 nF=17 blocks: 0123 0345 0146 2346 1256 0247 2357 1457 1367 0567 1348 0158 2458 0268 3568 0378 4678
FAM D=51 ell=11 count=22 nF=17 blocks: 0123 0345 0146 2346 1256 0247 2357 1457 1367 0567 1348 0158 2458 0268 1278 0378 4678
FAM D=51 ell=11 count=22 nF=17 blocks: 0123 0345 0146 2346 1256 0247 2357 1457 1367 0567 1348 0158 2458 3568 1278 0378 4678
FAM D=51 ell=11 count=22 nF=17 blocks: 0123 0345 0146 2346 1256 0247 2357 1457 1367 0567 1348 0158 0268 3568 1278 0378 4678
FAM D=51 ell=11 count=22 nF=17 blocks: 0123 0345 0146 2346 1256 0247 2357 1457 1367 0567 1348 2458 0268 3568 1278 0378 4678
FAM D=51 ell=11 count=22 nF=17 blocks: 0123 0345 0146 2346 1256 0247 2357 1457 1367 0567 0158 2458 0268 3568 1278 0378 4678
FAM D=51 ell=11 count=22 nF=17 blocks: 0123 0345 0146 2346 1256 0247 2357 1457 1367 0567 0258 1358 0368 4568 0178 3478 2678
FAM D=51 ell=11 count=22 nF=17 blocks: 0123 0345 0146 2346 1256 0247 2357 1457 1367 1248 0258 1358 0368 4568 0178 3478 2678
FAM D=51 ell=11 count=22 nF=17 blocks: 0123 0345 0146 2346 1256 0247 2357 1457 1367 1348 0158 2458 0268 3568 1278 0378 4678
FAM D=51 ell=11 count=22 nF=17 blocks: 0123 0345 0146 2346 1256 0247 2357 1457 0567 1248 0258 1358 0368 4568 0178 3478 2678
FAM D=51 ell=11 count=22 nF=17 blocks: 0123 0345 0146 2346 1256 0247 2357 1457 0567 1348 0158 2458 0268 3568 1278 0378 4678
FAM D=51 ell=11 count=22 nF=17 blocks: 0123 0345 0146 2346 1256 0247 2357 1367 0567 1248 0258 1358 0368 4568 0178 3478 2678
FAM D=51 ell=11 count=22 nF=17 blocks: 0123 0345 0146 2346 1256 0247 2357 1367 0567 1348 0158 2458 0268 3568 1278 0378 4678
FAM D=51 ell=11 count=22 nF=17 blocks: 0123 0345 0146 2346 1256 0247 1457 1367 0567 1248 0258 1358 0368 4568 0178 3478 2678
FAM D=51 ell=11 count=22 nF=17 blocks: 0123 0345 0146 2346 1256 0247 1457 1367 0567 1348 0158 2458 0268 3568 1278 0378 4678
FAM D=51 ell=11 count=22 nF=17 blocks: 0123 0345 0146 2346 1256 1247 0257 1357 0367 4567 0248 2358 1458 1368 0568 0178 3478
FAM D=54 ell=11 count=19 nF=18 blocks: 0123 0345 0146 2346 1256 1247 0257 1357 0367 4567 0248 2358 1458 1368 0568 0178 3478 2678
FAM D=51 ell=11 count=22 nF=17 blocks: 0123 0345 0146 2346 1256 1247 0257 1357 0367 4567 0248 2358 1458 1368 0568 0178 2678
FAM D=51 ell=11 count=22 nF=17 blocks: 0123 0345 0146 2346 1256 1247 0257 1357 0367 4567 0248 2358 1458 1368 0568 3478 2678
FAM D=51 ell=11 count=22 nF=17 blocks: 0123 0345 0146 2346 1256 1247 0257 1357 0367 4567 0248 2358 1458 1368 0178 3478 2678
FAM D=51 ell=11 count=22 nF=17 blocks: 0123 0345 0146 2346 1256 1247 0257 1357 0367 4567 0248 2358 1458 0568 0178 3478 2678
FAM D=51 ell=11 count=22 nF=17 blocks: 0123 0345 0146 2346 1256 1247 0257 1357 0367 4567 0248 2358 1368 0568 0178 3478 2678
FAM D=51 ell=11 count=22 nF=17 blocks: 0123 0345 0146 2346 1256 1247 0257 1357 0367 4567 0248 1458 1368 0568 0178 3478 2678
FAM D=51 ell=11 count=22 nF=17 blocks: 0123 0345 0146 2346 1256 1247 0257 1357 0367 4567 1348 0158 2458 0268 3568 2378 0478
FAM D=54 ell=11 count=19 nF=18 blocks: 0123 0345 0146 2346 1256 1247 0257 1357 0367 4567 1348 0158 2458 0268 3568 2378 0478 1678
FAM D=51 ell=11 count=22 nF=17 blocks: 0123 0345 0146 2346 1256 1247 0257 1357 0367 4567 1348 0158 2458 0268 3568 2378 1678
FAM D=51 ell=11 count=22 nF=17 blocks: 0123 0345 0146 2346 1256 1247 0257 1357 0367 4567 1348 0158 2458 0268 3568 0478 1678
FAM D=51 ell=11 count=22 nF=17 blocks: 0123 0345 0146 2346 1256 1247 0257 1357 0367 4567 1348 0158 2458 0268 2378 0478 1678
FAM D=51 ell=11 count=22 nF=17 blocks: 0123 0345 0146 2346 1256 1247 0257 1357 0367 4567 1348 0158 2458 3568 2378 0478 1678
FAM D=51 ell=11 count=22 nF=17 blocks: 0123 0345 0146 2346 1256 1247 0257 1357 0367 4567 1348 0158 0268 3568 2378 0478 1678
FAM D=51 ell=11 count=22 nF=17 blocks: 0123 0345 0146 2346 1256 1247 0257 1357 0367 4567 1348 2458 0268 3568 2378 0478 1678
FAM D=51 ell=11 count=22 nF=17 blocks: 0123 0345 0146 2346 1256 1247 0257 1357 0367 4567 0158 2458 0268 3568 2378 0478 1678
FAM D=51 ell=11 count=22 nF=17 blocks: 0123 0345 0146 2346 1256 1247 0257 1357 0367 4567 2358 1458 1368 0568 0178 3478 2678
FAM D=51 ell=11 count=22 nF=17 blocks: 0123 0345 0146 2346 1256 1247 0257 1357 0367 0248 2358 1458 1368 0568 0178 3478 2678
FAM D=51 ell=11 count=22 nF=17 blocks: 0123 0345 0146 2346 1256 1247 0257 1357 0367 1348 0158 2458 0268 3568 2378 0478 1678
FAM D=51 ell=11 count=22 nF=17 blocks: 0123 0345 0146 2346 1256 1247 0257 1357 4567 0248 2358 1458 1368 0568 0178 3478 2678
FAM D=51 ell=11 count=22 nF=17 blocks: 0123 0345 0146 2346 1256 1247 0257 1357 4567 1348 0158 2458 0268 3568 2378 0478 1678
FAM D=51 ell=11 count=22 nF=17 blocks: 0123 0345 0146 2346 1256 1247 0257 0367 4567 0248 2358 1458 1368 0568 0178 3478 2678
FAM D=51 ell=11 count=22 nF=17 blocks: 0123 0345 0146 2346 1256 1247 0257 0367 4567 1348 0158 2458 0268 3568 2378 0478 1678
FAM D=51 ell=11 count=22 nF=17 blocks: 0123 0345 0146 2346 1256 1247 1357 0367 4567 0248 2358 1458 1368 0568 0178 3478 2678
FAM D=51 ell=11 count=22 nF=17 blocks: 0123 0345 0146 2346 1256 1247 1357 0367 4567 1348 0158 2458 0268 3568 2378 0478 1678
FAM D=51 ell=11 count=22 nF=17 blocks: 0123 0345 0146 2346 1256 1347 0157 2457 0267 3567 0248 2358 1458 1368 0568 1278 0378
FAM D=54 ell=11 count=19 nF=18 blocks: 0123 0345 0146 2346 1256 1347 0157 2457 0267 3567 0248 2358 1458 1368 0568 1278 0378 4678
FAM D=51 ell=11 count=22 nF=17 blocks: 0123 0345 0146 2346 1256 1347 0157 2457 0267 3567 0248 2358 1458 1368 0568 1278 4678
FAM D=51 ell=11 count=22 nF=17 blocks: 0123 0345 0146 2346 1256 1347 0157 2457 0267 3567 0248 2358 1458 1368 0568 0378 4678
FAM D=51 ell=11 count=22 nF=17 blocks: 0123 0345 0146 2346 1256 1347 0157 2457 0267 3567 0248 2358 1458 1368 1278 0378 4678
FAM D=51 ell=11 count=22 nF=17 blocks: 0123 0345 0146 2346 1256 1347 0157 2457 0267 3567 0248 2358 1458 0568 1278 0378 4678
FAM D=51 ell=11 count=22 nF=17 blocks: 0123 0345 0146 2346 1256 1347 0157 2457 0267 3567 0248 2358 1368 0568 1278 0378 4678
FAM D=51 ell=11 count=22 nF=17 blocks: 0123 0345 0146 2346 1256 1347 0157 2457 0267 3567 0248 1458 1368 0568 1278 0378 4678
FAM D=51 ell=11 count=22 nF=17 blocks: 0123 0345 0146 2346 1256 1347 0157 2457 0267 3567 1248 0258 1358 0368 4568 2378 0478
FAM D=54 ell=11 count=19 nF=18 blocks: 0123 0345 0146 2346 1256 1347 0157 2457 0267 3567 1248 0258 1358 0368 4568 2378 0478 1678
FAM D=51 ell=11 count=22 nF=17 blocks: 0123 0345 0146 2346 1256 1347 0157 2457 0267 3567 1248 0258 1358 0368 4568 2378 1678
FAM D=51 ell=11 count=22 nF=17 blocks: 0123 0345 0146 2346 1256 1347 0157 2457 0267 3567 1248 0258 1358 0368 4568 0478 1678
FAM D=51 ell=11 count=22 nF=17 blocks: 0123 0345 0146 2346 1256 1347 0157 2457 0267 3567 1248 0258 1358 0368 2378 0478 1678
FAM D=51 ell=11 count=22 nF=17 blocks: 0123 0345 0146 2346 1256 1347 0157 2457 0267 3567 1248 0258 1358 4568 2378 0478 1678
FAM D=51 ell=11 count=22 nF=17 blocks: 0123 0345 0146 2346 1256 1347 0157 2457 0267 3567 1248 0258 0368 4568 2378 0478 1678
FAM D=51 ell=11 count=22 nF=17 blocks: 0123 0345 0146 2346 1256 1347 0157 2457 0267 3567 1248 1358 0368 4568 2378 0478 1678
FAM D=51 ell=11 count=22 nF=17 blocks: 0123 0345 0146 2346 1256 1347 0157 2457 0267 3567 0258 1358 0368 4568 2378 0478 1678
FAM D=51 ell=11 count=22 nF=17 blocks: 0123 0345 0146 2346 1256 1347 0157 2457 0267 3567 2358 1458 1368 0568 1278 0378 4678
FAM D=51 ell=11 count=22 nF=17 blocks: 0123 0345 0146 2346 1256 1347 0157 2457 0267 0248 2358 1458 1368 0568 1278 0378 4678
FAM D=51 ell=11 count=22 nF=17 blocks: 0123 0345 0146 2346 1256 1347 0157 2457 0267 1248 0258 1358 0368 4568 2378 0478 1678
FAM D=51 ell=11 count=22 nF=17 blocks: 0123 0345 0146 2346 1256 1347 0157 2457 3567 0248 2358 1458 1368 0568 1278 0378 4678
FAM D=51 ell=11 count=22 nF=17 blocks: 0123 0345 0146 2346 1256 1347 0157 2457 3567 1248 0258 1358 0368 4568 2378 0478 1678
FAM D=51 ell=11 count=22 nF=17 blocks: 0123 0345 0146 2346 1256 1347 0157 0267 3567 0248 2358 1458 1368 0568 1278 0378 4678
FAM D=51 ell=11 count=22 nF=17 blocks: 0123 0345 0146 2346 1256 1347 0157 0267 3567 1248 0258 1358 0368 4568 2378 0478 1678
FAM D=51 ell=11 count=22 nF=17 blocks: 0123 0345 0146 2346 1256 1347 2457 0267 3567 0248 2358 1458 1368 0568 1278 0378 4678
FAM D=51 ell=11 count=22 nF=17 blocks: 0123 0345 0146 2346 1256 1347 2457 0267 3567 1248 0258 1358 0368 4568 2378 0478 1678
FAM D=51 ell=11 count=22 nF=17 blocks: 0123 0345 0146 2346 1256 0157 2457 0267 3567 0248 2358 1458 1368 0568 1278 0378 4678
FAM D=51 ell=11 count=22 nF=17 blocks: 0123 0345 0146 2346 1256 0157 2457 0267 3567 1248 0258 1358 0368 4568 2378 0478 1678
FAM D=51 ell=11 count=22 nF=17 blocks: 0123 0345 0146 2346 1256 0257 1357 0367 4567 0248 2358 1458 1368 0568 0178 3478 2678
FAM D=51 ell=11 count=22 nF=17 blocks: 0123 0345 0146 2346 1256 0257 1357 0367 4567 1348 0158 2458 0268 3568 2378 0478 1678
FAM D=51 ell=11 count=22 nF=17 blocks: 0123 0345 0146 2346 1256 2357 1457 1367 0567 1248 0258 1358 0368 4568 0178 3478 2678
FAM D=51 ell=11 count=22 nF=17 blocks: 0123 0345 0146 2346 1256 2357 1457 1367 0567 1348 0158 2458 0268 3568 1278 0378 4678
FAM D=51 ell=11 count=22 nF=17 blocks: 0123 0345 0146 2346 0247 2357 1457 1367 0567 1248 0258 1358 0368 4568 0178 3478 2678
FAM D=51 ell=11 count=22 nF=17 blocks: 0123 0345 0146 2346 0247 2357 1457 1367 0567 1348 0158 2458 0268 3568 1278 0378 4678
FAM D=51 ell=11 count=22 nF=17 blocks: 0123 0345 0146 2346 1247 0257 1357 0367 4567 0248 2358 1458 1368 0568 0178 3478 2678
FAM D=51 ell=11 count=22 nF=17 blocks: 0123 0345 0146 2346 1247 0257 1357 0367 4567 1348 0158 2458 0268 3568 2378 0478 1678
FAM D=51 ell=11 count=22 nF=17 blocks: 0123 0345 0146 2346 1347 0157 2457 0267 3567 0248 2358 1458 1368 0568 1278 0378 4678
FAM D=51 ell=11 count=22 nF=17 blocks: 0123 0345 0146 2346 1347 0157 2457 0267 3567 1248 0258 1358 0368 4568 2378 0478 1678
FAM D=51 ell=11 count=22 nF=17 blocks: 0123 0345 0146 1256 0247 2357 1457 1367 0567 1248 0258 1358 0368 4568 0178 3478 2678
FAM D=51 ell=11 count=22 nF=17 blocks: 0123 0345 0146 1256 0247 2357 1457 1367 0567 1348 0158 2458 0268 3568 1278 0378 4678
FAM D=51 ell=11 count=22 nF=17 blocks: 0123 0345 0146 1256 1247 0257 1357 0367 4567 0248 2358 1458 1368 0568 0178 3478 2678
FAM D=51 ell=11 count=22 nF=17 blocks: 0123 0345 0146 1256 1247 0257 1357 0367 4567 1348 0158 2458 0268 3568 2378 0478 1678
FAM D=51 ell=11 count=22 nF=17 blocks: 0123 0345 0146 1256 1347 0157 2457 0267 3567 0248 2358 1458 1368 0568 1278 0378 4678
FAM D=51 ell=11 count=22 nF=17 blocks: 0123 0345 0146 1256 1347 0157 2457 0267 3567 1248 0258 1358 0368 4568 2378 0478 1678
FAM D=51 ell=11 count=22 nF=17 blocks: 0123 0345 0146 1356 2456 0247 1347 1257 2367 0567 1248 0158 2358 0268 3468 0378 4578
FAM D=54 ell=11 count=19 nF=18 blocks: 0123 0345 0146 1356 2456 0247 1347 1257 2367 0567 1248 0158 2358 0268 3468 0378 4578 1678
FAM D=51 ell=11 count=22 nF=17 blocks: 0123 0345 0146 1356 2456 0247 1347 1257 2367 0567 1248 0158 2358 0268 3468 0378 1678
FAM D=51 ell=11 count=22 nF=17 blocks: 0123 0345 0146 1356 2456 0247 1347 1257 2367 0567 1248 0158 2358 0268 3468 4578 1678
FAM D=51 ell=11 count=22 nF=17 blocks: 0123 0345 0146 1356 2456 0247 1347 1257 2367 0567 1248 0158 2358 0268 0378 4578 1678
FAM D=51 ell=11 count=22 nF=17 blocks: 0123 0345 0146 1356 2456 0247 1347 1257 2367 0567 1248 0158 2358 3468 0378 4578 1678
FAM D=51 ell=11 count=22 nF=17 blocks: 0123 0345 0146 1356 2456 0247 1347 1257 2367 0567 1248 0158 0268 3468 0378 4578 1678
FAM D=51 ell=11 count=22 nF=17 blocks: 0123 0345 0146 1356 2456 0247 1347 1257 2367 0567 1248 2358 0268 3468 0378 4578 1678
FAM D=51 ell=11 count=22 nF=17 blocks: 0123 0345 0146 1356 2456 0247 1347 1257 2367 0567 2348 0258 1458 1268 0368 0178 3578
FAM D=54 ell=11 count=19 nF=18 blocks: 0123 0345 0146 1356 2456 0247 1347 1257 2367 0567 2348 0258 1458 1268 0368 0178 3578 4678
FAM D=51 ell=11 count=22 nF=17 blocks: 0123 0345 0146 1356 2456 0247 1347 1257 2367 0567 2348 0258 1458 1268 0368 0178 4678
FAM D=51 ell=11 count=22 nF=17 blocks: 0123 0345 0146 1356 2456 0247 1347 1257 2367 0567 2348 0258 1458 1268 0368 3578 4678
FAM D=51 ell=11 count=22 nF=17 blocks: 0123 0345 0146 1356 2456 0247 1347 1257 2367 0567 2348 0258 1458 1268 0178 3578 4678
FAM D=51 ell=11 count=22 nF=17 blocks: 0123 0345 0146 1356 2456 0247 1347 1257 2367 0567 2348 0258 1458 0368 0178 3578 4678
FAM D=51 ell=11 count=22 nF=17 blocks: 0123 0345 0146 1356 2456 0247 1347 1257 2367 0567 2348 0258 1268 0368 0178 3578 4678
FAM D=51 ell=11 count=22 nF=17 blocks: 0123 0345 0146 1356 2456 0247 1347 1257 2367 0567 2348 1458 1268 0368 0178 3578 4678
FAM D=51 ell=11 count=22 nF=17 blocks: 0123 0345 0146 1356 2456 0247 1347 1257 2367 0567 0158 2358 0268 3468 0378 4578 1678
FAM D=51 ell=11 count=22 nF=17 blocks: 0123 0345 0146 1356 2456 0247 1347 1257 2367 0567 0258 1458 1268 0368 0178 3578 4678
FAM D=51 ell=11 count=22 nF=17 blocks: 0123 0345 0146 1356 2456 0247 1347 1257 2367 1248 0158 2358 0268 3468 0378 4578 1678
FAM D=51 ell=11 count=22 nF=17 blocks: 0123 0345 0146 1356 2456 0247 1347 1257 2367 2348 0258 1458 1268 0368 0178 3578 4678
FAM D=51 ell=11 count=22 nF=17 blocks: 0123 0345 0146 1356 2456 0247 1347 1257 0567 1248 0158 2358 0268 3468 0378 4578 1678
FAM D=51 ell=11 count=22 nF=17 blocks: 0123 0345 0146 1356 2456 0247 1347 1257 0567 2348 0258 1458 1268 0368 0178 3578 4678
FAM D=51 ell=11 count=22 nF=17 blocks: 0123 0345 0146 1356 2456 0247 1347 2367 0567 1248 0158 2358 0268 3468 0378 4578 1678
FAM D=51 ell=11 count=22 nF=17 blocks: 0123 0345 0146 1356 2456 0247 1347 2367 0567 2348 0258 1458 1268 0368 0178 3578 4678
FAM D=51 ell=11 count=22 nF=17 blocks: 0123 0345 0146 1356 2456 0247 1257 2367 0567 1248 0158 2358 0268 3468 0378 4578 1678
FAM D=51 ell=11 count=22 nF=17 blocks: 0123 0345 0146 1356 2456 0247 1257 2367 0567 2348 0258 1458 1268 0368 0178 3578 4678
FAM D=51 ell=11 count=22 nF=17 blocks: 0123 0345 0146 1356 2456 1247 0157 2357 0267 3467 0248 1348 1258 2368 0568 0378 4578
FAM D=54 ell=11 count=19 nF=18 blocks: 0123 0345 0146 1356 2456 1247 0157 2357 0267 3467 0248 1348 1258 2368 0568 0378 4578 1678
FAM D=51 ell=11 count=22 nF=17 blocks: 0123 0345 0146 1356 2456 1247 0157 2357 0267 3467 0248 1348 1258 2368 0568 0378 1678
FAM D=51 ell=11 count=22 nF=17 blocks: 0123 0345 0146 1356 2456 1247 0157 2357 0267 3467 0248 1348 1258 2368 0568 4578 1678
FAM D=51 ell=11 count=22 nF=17 blocks: 0123 0345 0146 1356 2456 1247 0157 2357 0267 3467 0248 1348 1258 2368 0378 4578 1678
FAM D=51 ell=11 count=22 nF=17 blocks: 0123 0345 0146 1356 2456 1247 0157 2357 0267 3467 0248 1348 1258 0568 0378 4578 1678
FAM D=51 ell=11 count=22 nF=17 blocks: 0123 0345 0146 1356 2456 1247 0157 2357 0267 3467 0248 1348 2368 0568 0378 4578 1678
FAM D=51 ell=11 count=22 nF=17 blocks: 0123 0345 0146 1356 2456 1247 0157 2357 0267 3467 0248 1258 2368 0568 0378 4578 1678
FAM D=51 ell=11 count=22 nF=17 blocks: 0123 0345 0146 1356 2456 1247 0157 2357 0267 3467 1348 1258 2368 0568 0378 4578 1678
FAM D=51 ell=11 count=22 nF=17 blocks: 0123 0345 0146 1356 2456 1247 0157 2357 0267 3467 2348 0258 1458 1268 0368 1378 0478
FAM D=54 ell=11 count=19 nF=18 blocks: 0123 0345 0146 1356 2456 1247 0157 2357 0267 3467 2348 0258 1458 1268 0368 1378 0478 5678
FAM D=51 ell=11 count=22 nF=17 blocks: 0123 0345 0146 1356 2456 1247 0157 2357 0267 3467 2348 0258 1458 1268 0368 1378 5678
FAM D=51 ell=11 count=22 nF=17 blocks: 0123 0345 0146 1356 2456 1247 0157 2357 0267 3467 2348 0258 1458 1268 0368 0478 5678
FAM D=51 ell=11 count=22 nF=17 blocks: 0123 0345 0146 1356 2456 1247 0157 2357 0267 3467 2348 0258 1458 1268 1378 0478 5678
FAM D=51 ell=11 count=22 nF=17 blocks: 0123 0345 0146 1356 2456 1247 0157 2357 0267 3467 2348 0258 1458 0368 1378 0478 5678
FAM D=51 ell=11 count=22 nF=17 blocks: 0123 0345 0146 1356 2456 1247 0157 2357 0267 3467 2348 0258 1268 0368 1378 0478 5678
FAM D=51 ell=11 count=22 nF=17 blocks: 0123 0345 0146 1356 2456 1247 0157 2357 0267 3467 2348 1458 1268 0368 1378 0478 5678
FAM D=51 ell=11 count=22 nF=17 blocks: 0123 0345 0146 1356 2456 1247 0157 2357 0267 3467 0258 1458 1268 0368 1378 0478 5678
FAM D=51 ell=11 count=22 nF=17 blocks: 0123 0345 0146 1356 2456 1247 0157 2357 0267 0248 1348 1258 2368 0568 0378 4578 1678
FAM D=51 ell=11 count=22 nF=17 blocks: 0123 0345 0146 1356 2456 1247 0157 2357 0267 2348 0258 1458 1268 0368 1378 0478 5678
FAM D=51 ell=11 count=22 nF=17 blocks: 0123 0345 0146 1356 2456 1247 0157 2357 3467 0248 1348 1258 2368 0568 0378 4578 1678
FAM D=51 ell=11 count=22 nF=17 blocks: 0123 0345 0146 1356 2456 1247 0157 2357 3467 2348 0258 1458 1268 0368 1378 0478 5678
FAM D=51 ell=11 count=22 nF=17 blocks: 0123 0345 0146 1356 2456 1247 0157 0267 3467 0248 1348 1258 2368 0568 0378 4578 1678
FAM D=51 ell=11 count=22 nF=17 blocks: 0123 0345 0146 1356 2456 1247 0157 0267 3467 2348 0258 1458 1268 0368 1378 0478 5678
FAM D=51 ell=11 count=22 nF=17 blocks: 0123 0345 0146 1356 2456 1247 2357 0267 3467 0248 1348 1258 2368 0568 0378 4578 1678
FAM D=51 ell=11 count=22 nF=17 blocks: 0123 0345 0146 1356 2456 1247 2357 0267 3467 2348 0258 1458 1268 0368 1378 0478 5678
FAM D=51 ell=11 count=22 nF=17 blocks: 0123 0345 0146 1356 2456 1347 1257 2367 0567 1248 0158 2358 0268 3468 0378 4578 1678
FAM D=51 ell=11 count=22 nF=17 blocks: 0123 0345 0146 1356 2456 1347 1257 2367 0567 2348 0258 1458 1268 0368 0178 3578 4678
FAM D=51 ell=11 count=22 nF=17 blocks: 0123 0345 0146 1356 2456 2347 0257 1457 1267 0367 0248 1348 1258 2368 0568 0178 3578
FAM D=54 ell=11 count=19 nF=18 blocks: 0123 0345 0146 1356 2456 2347 0257 1457 1267 0367 0248 1348 1258 2368 0568 0178 3578 4678
FAM D=51 ell=11 count=22 nF=17 blocks: 0123 0345 0146 1356 2456 2347 0257 1457 1267 0367 0248 1348 1258 2368 0568 0178 4678
FAM D=51 ell=11 count=22 nF=17 blocks: 0123 0345 0146 1356 2456 2347 0257 1457 1267 0367 0248 1348 1258 2368 0568 3578 4678
FAM D=51 ell=11 count=22 nF=17 blocks: 0123 0345 0146 1356 2456 2347 0257 1457 1267 0367 0248 1348 1258 2368 0178 3578 4678
FAM D=51 ell=11 count=22 nF=17 blocks: 0123 0345 0146 1356 2456 2347 0257 1457 1267 0367 0248 1348 1258 0568 0178 3578 4678
FAM D=51 ell=11 count=22 nF=17 blocks: 0123 0345 0146 1356 2456 2347 0257 1457 1267 0367 0248 1348 2368 0568 0178 3578 4678
FAM D=51 ell=11 count=22 nF=17 blocks: 0123 0345 0146 1356 2456 2347 0257 1457 1267 0367 0248 1258 2368 0568 0178 3578 4678
FAM D=51 ell=11 count=22 nF=17 blocks: 0123 0345 0146 1356 2456 2347 0257 1457 1267 0367 1248 0158 2358 0268 3468 1378 0478
FAM D=54 ell=11 count=19 nF=18 blocks: 0123 0345 0146 1356 2456 2347 0257 1457 1267 0367 1248 0158 2358 0268 3468 1378 0478 5678
FAM D=51 ell=11 count=22 nF=17 blocks: 0123 0345 0146 1356 2456 2347 0257 1457 1267 0367 1248 0158 2358 0268 3468 1378 5678
FAM D=51 ell=11 count=22 nF=17 blocks: 0123 0345 0146 1356 2456 2347 0257 1457 1267 0367 1248 0158 2358 0268 3468 0478 5678
FAM D=51 ell=11 count=22 nF=17 blocks: 0123 0345 0146 1356 2456 2347 0257 1457 1267 0367 1248 0158 2358 0268 1378 0478 5678
FAM D=51 ell=11 count=22 nF=17 blocks: 0123 0345 0146 1356 2456 2347 0257 1457 1267 0367 1248 0158 2358 3468 1378 0478 5678
FAM D=51 ell=11 count=22 nF=17 blocks: 0123 0345 0146 1356 2456 2347 0257 1457 1267 0367 1248 0158 0268 3468 1378 0478 5678
FAM D=51 ell=11 count=22 nF=17 blocks: 0123 0345 0146 1356 2456 2347 0257 1457 1267 0367 1248 2358 0268 3468 1378 0478 5678
FAM D=51 ell=11 count=22 nF=17 blocks: 0123 0345 0146 1356 2456 2347 0257 1457 1267 0367 1348 1258 2368 0568 0178 3578 4678
FAM D=51 ell=11 count=22 nF=17 blocks: 0123 0345 0146 1356 2456 2347 0257 1457 1267 0367 0158 2358 0268 3468 1378 0478 5678
FAM D=51 ell=11 count=22 nF=17 blocks: 0123 0345 0146 1356 2456 2347 0257 1457 1267 0248 1348 1258 2368 0568 0178 3578 4678
FAM D=51 ell=11 count=22 nF=17 blocks: 0123 0345 0146 1356 2456 2347 0257 1457 1267 1248 0158 2358 0268 3468 1378 0478 5678
FAM D=51 ell=11 count=22 nF=17 blocks: 0123 0345 0146 1356 2456 2347 0257 1457 0367 0248 1348 1258 2368 0568 0178 3578 4678
FAM D=51 ell=11 count=22 nF=17 blocks: 0123 0345 0146 1356 2456 2347 0257 1457 0367 1248 0158 2358 0268 3468 1378 0478 5678
FAM D=51 ell=11 count=22 nF=17 blocks: 0123 0345 0146 1356 2456 2347 0257 1267 0367 0248 1348 1258 2368 0568 0178 3578 4678
FAM D=51 ell=11 count=22 nF=17 blocks: 0123 0345 0146 1356 2456 2347 0257 1267 0367 1248 0158 2358 0268 3468 1378 0478 5678
FAM D=51 ell=11 count=22 nF=17 blocks: 0123 0345 0146 1356 2456 2347 1457 1267 0367 0248 1348 1258 2368 0568 0178 3578 4678
FAM D=51 ell=11 count=22 nF=17 blocks: 0123 0345 0146 1356 2456 2347 1457 1267 0367 1248 0158 2358 0268 3468 1378 0478 5678
FAM D=51 ell=11 count=22 nF=17 blocks: 0123 0345 0146 1356 2456 0157 2357 0267 3467 0248 1348 1258 2368 0568 0378 4578 1678
FAM D=51 ell=11 count=22 nF=17 blocks: 0123 0345 0146 1356 2456 0157 2357 0267 3467 2348 0258 1458 1268 0368 1378 0478 5678
FAM D=51 ell=11 count=22 nF=17 blocks: 0123 0345 0146 1356 2456 0257 1457 1267 0367 0248 1348 1258 2368 0568 0178 3578 4678
FAM D=51 ell=11 count=22 nF=17 blocks: 0123 0345 0146 1356 2456 0257 1457 1267 0367 1248 0158 2358 0268 3468 1378 0478 5678
FAM D=51 ell=11 count=22 nF=17 blocks: 0123 0345 0146 1356 0247 1347 1257 2367 0567 1248 0158 2358 0268 3468 0378 4578 1678
FAM D=51 ell=11 count=22 nF=17 blocks: 0123 0345 0146 1356 0247 1347 1257 2367 0567 2348 0258 1458 1268 0368 0178 3578 4678
FAM D=51 ell=11 count=22 nF=17 blocks: 0123 0345 0146 1356 1247 0157 2357 0267 3467 0248 1348 1258 2368 0568 0378 4578 1678
FAM D=51 ell=11 count=22 nF=17 blocks: 0123 0345 0146 1356 1247 0157 2357 0267 3467 2348 0258 1458 1268 0368 1378 0478 5678
FAM D=51 ell=11 count=22 nF=17 blocks: 0123 0345 0146 1356 2347 0257 1457 1267 0367 0248 1348 1258 2368 0568 0178 3578 4678
FAM D=51 ell=11 count=22 nF=17 blocks: 0123 0345 0146 1356 2347 0257 1457 1267 0367 1248 0158 2358 0268 3468 1378 0478 5678
FAM D=51 ell=11 count=22 nF=17 blocks: 0123 0345 0146 2356 0247 1357 1267 3467 0567 1348 0258 0368 2468 1568 0178 2378 4578
FAM D=51 ell=11 count=22 nF=17 blocks: 0123 0345 0146 2356 0247 1357 1267 3467 0567 2348 0158 0268 1368 4568 0378 1478 2578
FAM D=51 ell=11 count=22 nF=17 blocks: 0123 0345 0146 2356 1347 0257 0367 2467 1567 0248 1358 1268 3468 0568 0178 2378 4578
FAM D=51 ell=11 count=22 nF=17 blocks: 0123 0345 0146 2356 1347 0257 0367 2467 1567 2348 0158 0268 1368 4568 1278 0478 3578
FAM D=51 ell=11 count=22 nF=17 blocks: 0123 0345 0146 2356 2347 0157 0267 1367 4567 0248 1358 1268 3468 0568 0378 1478 2578
FAM D=51 ell=11 count=22 nF=17 blocks: 0123 0345 0146 2356 2347 0157 0267 1367 4567 1348 0258 0368 2468 1568 1278 0478 3578
FAM D=51 ell=11 count=22 nF=17 blocks: 0123 0345 0146 2456 0247 1347 1257 2367 0567 1248 0158 2358 0268 3468 0378 4578 1678
FAM D=51 ell=11 count=22 nF=17 blocks: 0123 0345 0146 2456 0247 1347 1257 2367 0567 2348 0258 1458 1268 0368 0178 3578 4678
FAM D=51 ell=11 count=22 nF=17 blocks: 0123 0345 0146 2456 1247 0157 2357 0267 3467 0248 1348 1258 2368 0568 0378 4578 1678
FAM D=51 ell=11 count=22 nF=17 blocks: 0123 0345 0146 2456 1247 0157 2357 0267 3467 2348 0258 1458 1268 0368 1378 0478 5678
FAM D=51 ell=11 count=22 nF=17 blocks: 0123 0345 0146 2456 2347 0257 1457 1267 0367 0248 1348 1258 2368 0568 0178 3578 4678
FAM D=51 ell=11 count=22 nF=17 blocks: 0123 0345 0146 2456 2347 0257 1457 1267 0367 1248 0158 2358 0268 3468 1378 0478 5678
FAM D=51 ell=11 count=22 nF=17 blocks: 0123 0345 0246 1346 1256 0147 1357 2457 2367 0567 1248 0158 2358 0368 4568 0278 3478
FAM D=54 ell=11 count=19 nF=18 blocks: 0123 0345 0246 1346 1256 0147 1357 2457 2367 0567 1248 0158 2358 0368 4568 0278 3478 1678
FAM D=51 ell=11 count=22 nF=17 blocks: 0123 0345 0246 1346 1256 0147 1357 2457 2367 0567 1248 0158 2358 0368 4568 0278 1678
FAM D=51 ell=11 count=22 nF=17 blocks: 0123 0345 0246 1346 1256 0147 1357 2457 2367 0567 1248 0158 2358 0368 4568 3478 1678
FAM D=51 ell=11 count=22 nF=17 blocks: 0123 0345 0246 1346 1256 0147 1357 2457 2367 0567 1248 0158 2358 0368 0278 3478 1678
FAM D=51 ell=11 count=22 nF=17 blocks: 0123 0345 0246 1346 1256 0147 1357 2457 2367 0567 1248 0158 2358 4568 0278 3478 1678
FAM D=51 ell=11 count=22 nF=17 blocks: 0123 0345 0246 1346 1256 0147 1357 2457 2367 0567 1248 0158 0368 4568 0278 3478 1678
FAM D=51 ell=11 count=22 nF=17 blocks: 0123 0345 0246 1346 1256 0147 1357 2457 2367 0567 1248 2358 0368 4568 0278 3478 1678
FAM D=51 ell=11 count=22 nF=17 blocks: 0123 0345 0246 1346 1256 0147 1357 2457 2367 0567 2348 0258 1458 0168 3568 1278 0378
FAM D=54 ell=11 count=19 nF=18 blocks: 0123 0345 0246 1346 1256 0147 1357 2457 2367 0567 2348 0258 1458 0168 3568 1278 0378 4678
FAM D=51 ell=11 count=22 nF=17 blocks: 0123 0345 0246 1346 1256 0147 1357 2457 2367 0567 2348 0258 1458 0168 3568 1278 4678
FAM D=51 ell=11 count=22 nF=17 blocks: 0123 0345 0246 1346 1256 0147 1357 2457 2367 0567 2348 0258 1458 0168 3568 0378 4678
FAM D=51 ell=11 count=22 nF=17 blocks: 0123 0345 0246 1346 1256 0147 1357 2457 2367 0567 2348 0258 1458 0168 1278 0378 4678
FAM D=51 ell=11 count=22 nF=17 blocks: 0123 0345 0246 1346 1256 0147 1357 2457 2367 0567 2348 0258 1458 3568 1278 0378 4678
FAM D=51 ell=11 count=22 nF=17 blocks: 0123 0345 0246 1346 1256 0147 1357 2457 2367 0567 2348 0258 0168 3568 1278 0378 4678
FAM D=51 ell=11 count=22 nF=17 blocks: 0123 0345 0246 1346 1256 0147 1357 2457 2367 0567 2348 1458 0168 3568 1278 0378 4678
FAM D=51 ell=11 count=22 nF=17 blocks: 0123 0345 0246 1346 1256 0147 1357 2457 2367 0567 0158 2358 0368 4568 0278 3478 1678
FAM D=51 ell=11 count=22 nF=17 blocks: 0123 0345 0246 1346 1256 0147 1357 2457 2367 0567 0258 1458 0168 3568 1278 0378 4678
FAM D=51 ell=11 count=22 nF=17 blocks: 0123 0345 0246 1346 1256 0147 1357 2457 2367 1248 0158 2358 0368 4568 0278 3478 1678
FAM D=51 ell=11 count=22 nF=17 blocks: 0123 0345 0246 1346 1256 0147 1357 2457 2367 2348 0258 1458 0168 3568 1278 0378 4678
FAM D=51 ell=11 count=22 nF=17 blocks: 0123 0345 0246 1346 1256 0147 1357 2457 0567 1248 0158 2358 0368 4568 0278 3478 1678
FAM D=51 ell=11 count=22 nF=17 blocks: 0123 0345 0246 1346 1256 0147 1357 2457 0567 2348 0258 1458 0168 3568 1278 0378 4678
FAM D=51 ell=11 count=22 nF=17 blocks: 0123 0345 0246 1346 1256 0147 1357 2367 0567 1248 0158 2358 0368 4568 0278 3478 1678
FAM D=51 ell=11 count=22 nF=17 blocks: 0123 0345 0246 1346 1256 0147 1357 2367 0567 2348 0258 1458 0168 3568 1278 0378 4678
FAM D=51 ell=11 count=22 nF=17 blocks: 0123 0345 0246 1346 1256 0147 2457 2367 0567 1248 0158 2358 0368 4568 0278 3478 1678
FAM D=51 ell=11 count=22 nF=17 blocks: 0123 0345 0246 1346 1256 0147 2457 2367 0567 2348 0258 1458 0168 3568 1278 0378 4678
FAM D=51 ell=11 count=22 nF=17 blocks: 0123 0345 0246 1346 1256 1247 0157 2357 0367 4567 0148 1358 2458 2368 0568 0278 3478
FAM D=54 ell=11 count=19 nF=18 blocks: 0123 0345 0246 1346 1256 1247 0157 2357 0367 4567 0148 1358 2458 2368 0568 0278 3478 1678
FAM D=51 ell=11 count=22 nF=17 blocks: 0123 0345 0246 1346 1256 1247 0157 2357 0367 4567 0148 1358 2458 2368 0568 0278 1678
FAM D=51 ell=11 count=22 nF=17 blocks: 0123 0345 0246 1346 1256 1247 0157 2357 0367 4567 0148 1358 2458 2368 0568 3478 1678
FAM D=51 ell=11 count=22 nF=17 blocks: 0123 0345 0246 1346 1256 1247 0157 2357 0367 4567 0148 1358 2458 2368 0278 3478 1678
FAM D=51 ell=11 count=22 nF=17 blocks: 0123 0345 0246 1346 1256 1247 0157 2357 0367 4567 0148 1358 2458 0568 0278 3478 1678
FAM D=51 ell=11 count=22 nF=17 blocks: 0123 0345 0246 1346 1256 1247 0157 2357 0367 4567 0148 1358 2368 0568 0278 3478 1678
FAM D=51 ell=11 count=22 nF=17 blocks: 0123 0345 0246 1346 1256 1247 0157 2357 0367 4567 0148 2458 2368 0568 0278 3478 1678
FAM D=51 ell=11 count=22 nF=17 blocks: 0123 0345 0246 1346 1256 1247 0157 2357 0367 4567 2348 0258 1458 0168 3568 1378 0478
FAM D=54 ell=11 count=19 nF=18 blocks: 0123 0345 0246 1346 1256 1247 0157 2357 0367 4567 2348 0258 1458 0168 3568 1378 0478 2678
FAM D=51 ell=11 count=22 nF=17 blocks: 0123 0345 0246 1346 1256 1247 0157 2357 0367 4567 2348 0258 1458 0168 3568 1378 2678
FAM D=51 ell=11 count=22 nF=17 blocks: 0123 0345 0246 1346 1256 1247 0157 2357 0367 4567 2348 0258 1458 0168 3568 0478 2678
FAM D=51 ell=11 count=22 nF=17 blocks: 0123 0345 0246 1346 1256 1247 0157 2357 0367 4567 2348 0258 1458 0168 1378 0478 2678
FAM D=51 ell=11 count=22 nF=17 blocks: 0123 0345 0246 1346 1256 1247 0157 2357 0367 4567 2348 0258 1458 3568 1378 0478 2678
FAM D=51 ell=11 count=22 nF=17 blocks: 0123 0345 0246 1346 1256 1247 0157 2357 0367 4567 2348 0258 0168 3568 1378 0478 2678
FAM D=51 ell=11 count=22 nF=17 blocks: 0123 0345 0246 1346 1256 1247 0157 2357 0367 4567 2348 1458 0168 3568 1378 0478 2678
FAM D=51 ell=11 count=22 nF=17 blocks: 0123 0345 0246 1346 1256 1247 0157 2357 0367 4567 0258 1458 0168 3568 1378 0478 2678
FAM D=51 ell=11 count=22 nF=17 blocks: 0123 0345 0246 1346 1256 1247 0157 2357 0367 4567 1358 2458 2368 0568 0278 3478 1678
FAM D=51 ell=11 count=22 nF=17 blocks: 0123 0345 0246 1346 1256 1247 0157 2357 0367 0148 1358 2458 2368 0568 0278 3478 1678
FAM D=51 ell=11 count=22 nF=17 blocks: 0123 0345 0246 1346 1256 1247 0157 2357 0367 2348 0258 1458 0168 3568 1378 0478 2678
FAM D=51 ell=11 count=22 nF=17 blocks: 0123 0345 0246 1346 1256 1247 0157 2357 4567 0148 1358 2458 2368 0568 0278 3478 1678
FAM D=51 ell=11 count=22 nF=17 blocks: 0123 0345 0246 1346 1256 1247 0157 2357 4567 2348 0258 1458 0168 3568 1378 0478 2678
FAM D=51 ell=11 count=22 nF=17 blocks: 0123 0345 0246 1346 1256 1247 0157 0367 4567 0148 1358 2458 2368 0568 0278 3478 1678
FAM D=51 ell=11 count=22 nF=17 blocks: 0123 0345 0246 1346 1256 1247 0157 0367 4567 2348 0258 1458 0168 3568 1378 0478 2678
FAM D=51 ell=11 count=22 nF=17 blocks: 0123 0345 0246 1346 1256 1247 2357 0367 4567 0148 1358 2458 2368 0568 0278 3478 1678
FAM D=51 ell=11 count=22 nF=17 blocks: 0123 0345 0246 1346 1256 1247 2357 0367 4567 2348 0258 1458 0168 3568 1378 0478 2678
FAM D=51 ell=11 count=22 nF=17 blocks: 0123 0345 0246 1346 1256 2347 0257 1457 0167 3567 0148 1358 2458 2368 0568 1278 0378
FAM D=54 ell=11 count=19 nF=18 blocks: 0123 0345 0246 1346 1256 2347 0257 1457 0167 3567 0148 1358 2458 2368 0568 1278 0378 4678
FAM D=51 ell=11 count=22 nF=17 blocks: 0123 0345 0246 1346 1256 2347 0257 1457 0167 3567 0148 1358 2458 2368 0568 1278 4678
FAM D=51 ell=11 count=22 nF=17 blocks: 0123 0345 0246 1346 1256 2347 0257 1457 0167 3567 0148 1358 2458 2368 0568 0378 4678
FAM D=51 ell=11 count=22 nF=17 blocks: 0123 0345 0246 1346 1256 2347 0257 1457 0167 3567 0148 1358 2458 2368 1278 0378 4678
FAM D=51 ell=11 count=22 nF=17 blocks: 0123 0345 0246 1346 1256 2347 0257 1457 0167 3567 0148 1358 2458 0568 1278 0378 4678
FAM D=51 ell=11 count=22 nF=17 blocks: 0123 0345 0246 1346 1256 2347 0257 1457 0167 3567 0148 1358 2368 0568 1278 0378 4678
FAM D=51 ell=11 count=22 nF=17 blocks: 0123 0345 0246 1346 1256 2347 0257 1457 0167 3567 0148 2458 2368 0568 1278 0378 4678
FAM D=51 ell=11 count=22 nF=17 blocks: 0123 0345 0246 1346 1256 2347 0257 1457 0167 3567 1248 0158 2358 0368 4568 1378 0478
FAM D=54 ell=11 count=19 nF=18 blocks: 0123 0345 0246 1346 1256 2347 0257 1457 0167 3567 1248 0158 2358 0368 4568 1378 0478 2678
FAM D=51 ell=11 count=22 nF=17 blocks: 0123 0345 0246 1346 1256 2347 0257 1457 0167 3567 1248 0158 2358 0368 4568 1378 2678
FAM D=51 ell=11 count=22 nF=17 blocks: 0123 0345 0246 1346 1256 2347 0257 1457 0167 3567 1248 0158 2358 0368 4568 0478 2678
FAM D=51 ell=11 count=22 nF=17 blocks: 0123 0345 0246 1346 1256 2347 0257 1457 0167 3567 1248 0158 2358 0368 1378 0478 2678
FAM D=51 ell=11 count=22 nF=17 blocks: 0123 0345 0246 1346 1256 2347 0257 1457 0167 3567 1248 0158 2358 4568 1378 0478 2678
FAM D=51 ell=11 count=22 nF=17 blocks: 0123 0345 0246 1346 1256 2347 0257 1457 0167 3567 1248 0158 0368 4568 1378 0478 2678
FAM D=51 ell=11 count=22 nF=17 blocks: 0123 0345 0246 1346 1256 2347 0257 1457 0167 3567 1248 2358 0368 4568 1378 0478 2678
FAM D=51 ell=11 count=22 nF=17 blocks: 0123 0345 0246 1346 1256 2347 0257 1457 0167 3567 0158 2358 0368 4568 1378 0478 2678
FAM D=51 ell=11 count=22 nF=17 blocks: 0123 0345 0246 1346 1256 2347 0257 1457 0167 3567 1358 2458 2368 0568 1278 0378 4678
FAM D=51 ell=11 count=22 nF=17 blocks: 0123 0345 0246 1346 1256 2347 0257 1457 0167 0148 1358 2458 2368 0568 1278 0378 4678
FAM D=51 ell=11 count=22 nF=17 blocks: 0123 0345 0246 1346 1256 2347 0257 1457 0167 1248 0158 2358 0368 4568 1378 0478 2678
FAM D=51 ell=11 count=22 nF=17 blocks: 0123 0345 0246 1346 1256 2347 0257 1457 3567 0148 1358 2458 2368 0568 1278 0378 4678
FAM D=51 ell=11 count=22 nF=17 blocks: 0123 0345 0246 1346 1256 2347 0257 1457 3567 1248 0158 2358 0368 4568 1378 0478 2678
FAM D=51 ell=11 count=22 nF=17 blocks: 0123 0345 0246 1346 1256 2347 0257 0167 3567 0148 1358 2458 2368 0568 1278 0378 4678
FAM D=51 ell=11 count=22 nF=17 blocks: 0123 0345 0246 1346 1256 2347 0257 0167 3567 1248 0158 2358 0368 4568 1378 0478 2678
FAM D=51 ell=11 count=22 nF=17 blocks: 0123 0345 0246 1346 1256 2347 1457 0167 3567 0148 1358 2458 2368 0568 1278 0378 4678
FAM D=51 ell=11 count=22 nF=17 blocks: 0123 0345 0246 1346 1256 2347 1457 0167 3567 1248 0158 2358 0368 4568 1378 0478 2678
FAM D=51 ell=11 count=22 nF=17 blocks: 0123 0345 0246 1346 1256 0157 2357 0367 4567 0148 1358 2458 2368 0568 0278 3478 1678
FAM D=51 ell=11 count=22 nF=17 blocks: 0123 0345 0246 1346 1256 0157 2357 0367 4567 2348 0258 1458 0168 3568 1378 0478 2678
FAM D=51 ell=11 count=22 nF=17 blocks: 0123 0345 0246 1346 1256 0257 1457 0167 3567 0148 1358 2458 2368 0568 1278 0378 4678
FAM D=51 ell=11 count=22 nF=17 blocks: 0123 0345 0246 1346 1256 0257 1457 0167 3567 1248 0158 2358 0368 4568 1378 0478 2678
FAM D=51 ell=11 count=22 nF=17 blocks: 0123 0345 0246 1346 1256 1357 2457 2367 0567 1248 0158 2358 0368 4568 0278 3478 1678
FAM D=51 ell=11 count=22 nF=17 blocks: 0123 0345 0246 1346 1256 1357 2457 2367 0567 2348 0258 1458 0168 3568 1278 0378 4678
FAM D=51 ell=11 count=22 nF=17 blocks: 0123 0345 0246 1346 0147 1357 2457 2367 0567 1248 0158 2358 0368 4568 0278 3478 1678
FAM D=51 ell=11 count=22 nF=17 blocks: 0123 0345 0246 1346 0147 1357 2457 2367 0567 2348 0258 1458 0168 3568 1278 0378 4678
FAM D=51 ell=11 count=22 nF=17 blocks: 0123 0345 0246 1346 1247 0157 2357 0367 4567 0148 1358 2458 2368 0568 0278 3478 1678
FAM D=51 ell=11 count=22 nF=17 blocks: 0123 0345 0246 1346 1247 0157 2357 0367 4567 2348 0258 1458 0168 3568 1378 0478 2678
FAM D=51 ell=11 count=22 nF=17 blocks: 0123 0345 0246 1346 2347 0257 1457 0167 3567 0148 1358 2458 2368 0568 1278 0378 4678
FAM D=51 ell=11 count=22 nF=17 blocks: 0123 0345 0246 1346 2347 0257 1457 0167 3567 1248 0158 2358 0368 4568 1378 0478 2678
FAM D=51 ell=11 count=22 nF=17 blocks: 0123 0345 0246 1256 0147 1357 2457 2367 0567 1248 0158 2358 0368 4568 0278 3478 1678
FAM D=51 ell=11 count=22 nF=17 blocks: 0123 0345 0246 1256 0147 1357 2457 2367 0567 2348 0258 1458 0168 3568 1278 0378 4678
FAM D=51 ell=11 count=22 nF=17 blocks: 0123 0345 0246 1256 1247 0157 2357 0367 4567 0148 1358 2458 2368 0568 0278 3478 1678
FAM D=51 ell=11 count=22 nF=17 blocks: 0123 0345 0246 1256 1247 0157 2357 0367 4567 2348 0258 1458 0168 3568 1378 0478 2678
FAM D=51 ell=11 count=22 nF=17 blocks: 0123 0345 0246 1256 2347 0257 1457 0167 3567 0148 1358 2458 2368 0568 1278 0378 4678
FAM D=51 ell=11 count=22 nF=17 blocks: 0123 0345 0246 1256 2347 0257 1457 0167 3567 1248 0158 2358 0368 4568 1378 0478 2678
FAM D=51 ell=11 count=22 nF=17 blocks: 0123 0345 0246 1356 0147 2357 1267 3467 0567 1348 0258 0168 2368 4568 0378 2478 1578
FAM D=51 ell=11 count=22 nF=17 blocks: 0123 0345 0246 1356 0147 2357 1267 3467 0567 2348 0158 0368 1468 2568 0278 1378 4578
FAM D=51 ell=11 count=22 nF=17 blocks: 0123 0345 0246 1356 1347 0257 0167 2367 4567 0148 2358 1268 3468 0568 0378 2478 1578
FAM D=51 ell=11 count=22 nF=17 blocks: 0123 0345 0246 1356 1347 0257 0167 2367 4567 2348 0158 0368 1468 2568 1278 0478 3578
FAM D=51 ell=11 count=22 nF=17 blocks: 0123 0345 0246 1356 2347 0157 0367 1467 2567 0148 2358 1268 3468 0568 0278 1378 4578
FAM D=51 ell=11 count=22 nF=17 blocks: 0123 0345 0246 1356 2347 0157 0367 1467 2567 1348 0258 0168 2368 4568 1278 0478 3578
FAM D=51 ell=11 count=22 nF=17 blocks: 0123 0345 0246 2356 1456 0147 2347 1257 1367 0567 1248 0258 1358 0168 3468 0378 4578
FAM D=54 ell=11 count=19 nF=18 blocks: 0123 0345 0246 2356 1456 0147 2347 1257 1367 0567 1248 0258 1358 0168 3468 0378 4578 2678
FAM D=51 ell=11 count=22 nF=17 blocks: 0123 0345 0246 2356 1456 0147 2347 1257 1367 0567 1248 0258 1358 0168 3468 0378 2678
FAM D=51 ell=11 count=22 nF=17 blocks: 0123 0345 0246 2356 1456 0147 2347 1257 1367 0567 1248 0258 1358 0168 3468 4578 2678
FAM D=51 ell=11 count=22 nF=17 blocks: 0123 0345 0246 2356 1456 0147 2347 1257 1367 0567 1248 0258 1358 0168 0378 4578 2678
FAM D=51 ell=11 count=22 nF=17 blocks: 0123 0345 0246 2356 1456 0147 2347 1257 1367 0567 1248 0258 1358 3468 0378 4578 2678
FAM D=51 ell=11 count=22 nF=17 blocks: 0123 0345 0246 2356 1456 0147 2347 1257 1367 0567 1248 0258 0168 3468 0378 4578 2678
FAM D=51 ell=11 count=22 nF=17 blocks: 0123 0345 0246 2356 1456 0147 2347 1257 1367 0567 1248 1358 0168 3468 0378 4578 2678
FAM D=51 ell=11 count=22 nF=17 blocks: 0123 0345 0246 2356 1456 0147 2347 1257 1367 0567 1348 0158 2458 1268 0368 0278 3578
FAM D=54 ell=11 count=19 nF=18 blocks: 0123 0345 0246 2356 1456 0147 2347 1257 1367 0567 1348 0158 2458 1268 0368 0278 3578 4678
FAM D=51 ell=11 count=22 nF=17 blocks: 0123 0345 0246 2356 1456 0147 2347 1257 1367 0567 1348 0158 2458 1268 0368 0278 4678
FAM D=51 ell=11 count=22 nF=17 blocks: 0123 0345 0246 2356 1456 0147 2347 1257 1367 0567 1348 0158 2458 1268 0368 3578 4678
FAM D=51 ell=11 count=22 nF=17 blocks: 0123 0345 0246 2356 1456 0147 2347 1257 1367 0567 1348 0158 2458 1268 0278 3578 4678
FAM D=51 ell=11 count=22 nF=17 blocks: 0123 0345 0246 2356 1456 0147 2347 1257 1367 0567 1348 0158 2458 0368 0278 3578 4678
FAM D=51 ell=11 count=22 nF=17 blocks: 0123 0345 0246 2356 1456 0147 2347 1257 1367 0567 1348 0158 1268 0368 0278 3578 4678
FAM D=51 ell=11 count=22 nF=17 blocks: 0123 0345 0246 2356 1456 0147 2347 1257 1367 0567 1348 2458 1268 0368 0278 3578 4678
FAM D=51 ell=11 count=22 nF=17 blocks: 0123 0345 0246 2356 1456 0147 2347 1257 1367 0567 0158 2458 1268 0368 0278 3578 4678
FAM D=51 ell=11 count=22 nF=17 blocks: 0123 0345 0246 2356 1456 0147 2347 1257 1367 0567 0258 1358 0168 3468 0378 4578 2678
FAM D=51 ell=11 count=22 nF=17 blocks: 0123 0345 0246 2356 1456 0147 2347 1257 1367 1248 0258 1358 0168 3468 0378 4578 2678
FAM D=51 ell=11 count=22 nF=17 blocks: 0123 0345 0246 2356 1456 0147 2347 1257 1367 1348 0158 2458 1268 0368 0278 3578 4678
FAM D=51 ell=11 count=22 nF=17 blocks: 0123 0345 0246 2356 1456 0147 2347 1257 0567 1248 0258 1358 0168 3468 0378 4578 2678
FAM D=51 ell=11 count=22 nF=17 blocks: 0123 0345 0246 2356 1456 0147 2347 1257 0567 1348 0158 2458 1268 0368 0278 3578 4678
FAM D=51 ell=11 count=22 nF=17 blocks: 0123 0345 0246 2356 1456 0147 2347 1367 0567 1248 0258 1358 0168 3468 0378 4578 2678
FAM D=51 ell=11 count=22 nF=17 blocks: 0123 0345 0246 2356 1456 0147 2347 1367 0567 1348 0158 2458 1268 0368 0278 3578 4678
FAM D=51 ell=11 count=22 nF=17 blocks: 0123 0345 0246 2356 1456 0147 1257 1367 0567 1248 0258 1358 0168 3468 0378 4578 2678
FAM D=51 ell=11 count=22 nF=17 blocks: 0123 0345 0246 2356 1456 0147 1257 1367 0567 1348 0158 2458 1268 0368 0278 3578 4678
FAM D=51 ell=11 count=22 nF=17 blocks: 0123 0345 0246 2356 1456 1247 0257 1357 0167 3467 0148 2348 1258 1368 0568 0378 4578
FAM D=54 ell=11 count=19 nF=18 blocks: 0123 0345 0246 2356 1456 1247 0257 1357 0167 3467 0148 2348 1258 1368 0568 0378 4578 2678
FAM D=51 ell=11 count=22 nF=17 blocks: 0123 0345 0246 2356 1456 1247 0257 1357 0167 3467 0148 2348 1258 1368 0568 0378 2678
FAM D=51 ell=11 count=22 nF=17 blocks: 0123 0345 0246 2356 1456 1247 0257 1357 0167 3467 0148 2348 1258 1368 0568 4578 2678
FAM D=51 ell=11 count=22 nF=17 blocks: 0123 0345 0246 2356 1456 1247 0257 1357 0167 3467 0148 2348 1258 1368 0378 4578 2678
FAM D=51 ell=11 count=22 nF=17 blocks: 0123 0345 0246 2356 1456 1247 0257 1357 0167 3467 0148 2348 1258 0568 0378 4578 2678
FAM D=51 ell=11 count=22 nF=17 blocks: 0123 0345 0246 2356 1456 1247 0257 1357 0167 3467 0148 2348 1368 0568 0378 4578 2678
FAM D=51 ell=11 count=22 nF=17 blocks: 0123 0345 0246 2356 1456 1247 0257 1357 0167 3467 0148 1258 1368 0568 0378 4578 2678
FAM D=51 ell=11 count=22 nF=17 blocks: 0123 0345 0246 2356 1456 1247 0257 1357 0167 3467 1348 0158 2458 1268 0368 2378 0478
FAM D=54 ell=11 count=19 nF=18 blocks: 0123 0345 0246 2356 1456 1247 0257 1357 0167 3467 1348 0158 2458 1268 0368 2378 0478 5678
FAM D=51 ell=11 count=22 nF=17 blocks: 0123 0345 0246 2356 1456 1247 0257 1357 0167 3467 1348 0158 2458 1268 0368 2378 5678
FAM D=51 ell=11 count=22 nF=17 blocks: 0123 0345 0246 2356 1456 1247 0257 1357 0167 3467 1348 0158 2458 1268 0368 0478 5678
FAM D=51 ell=11 count=22 nF=17 blocks: 0123 0345 0246 2356 1456 1247 0257 1357 0167 3467 1348 0158 2458 1268 2378 0478 5678
FAM D=51 ell=11 count=22 nF=17 blocks: 0123 0345 0246 2356 1456 1247 0257 1357 0167 3467 1348 0158 2458 0368 2378 0478 5678
FAM D=51 ell=11 count=22 nF=17 blocks: 0123 0345 0246 2356 1456 1247 0257 1357 0167 3467 1348 0158 1268 0368 2378 0478 5678
FAM D=51 ell=11 count=22 nF=17 blocks: 0123 0345 0246 2356 1456 1247 0257 1357 0167 3467 1348 2458 1268 0368 2378 0478 5678
FAM D=51 ell=11 count=22 nF=17 blocks: 0123 0345 0246 2356 1456 1247 0257 1357 0167 3467 2348 1258 1368 0568 0378 4578 2678
FAM D=51 ell=11 count=22 nF=17 blocks: 0123 0345 0246 2356 1456 1247 0257 1357 0167 3467 0158 2458 1268 0368 2378 0478 5678
FAM D=51 ell=11 count=22 nF=17 blocks: 0123 0345 0246 2356 1456 1247 0257 1357 0167 0148 2348 1258 1368 0568 0378 4578 2678
FAM D=51 ell=11 count=22 nF=17 blocks: 0123 0345 0246 2356 1456 1247 0257 1357 0167 1348 0158 2458 1268 0368 2378 0478 5678
FAM D=51 ell=11 count=22 nF=17 blocks: 0123 0345 0246 2356 1456 1247 0257 1357 3467 0148 2348 1258 1368 0568 0378 4578 2678
FAM D=51 ell=11 count=22 nF=17 blocks: 0123 0345 0246 2356 1456 1247 0257 1357 3467 1348 0158 2458 1268 0368 2378 0478 5678
FAM D=51 ell=11 count=22 nF=17 blocks: 0123 0345 0246 2356 1456 1247 0257 0167 3467 0148 2348 1258 1368 0568 0378 4578 2678
FAM D=51 ell=11 count=22 nF=17 blocks: 0123 0345 0246 2356 1456 1247 0257 0167 3467 1348 0158 2458 1268 0368 2378 0478 5678
FAM D=51 ell=11 count=22 nF=17 blocks: 0123 0345 0246 2356 1456 1247 1357 0167 3467 0148 2348 1258 1368 0568 0378 4578 2678
FAM D=51 ell=11 count=22 nF=17 blocks: 0123 0345 0246 2356 1456 1247 1357 0167 3467 1348 0158 2458 1268 0368 2378 0478 5678
FAM D=51 ell=11 count=22 nF=17 blocks: 0123 0345 0246 2356 1456 1347 0157 2457 1267 0367 0148 2348 1258 1368 0568 0278 3578
FAM D=54 ell=11 count=19 nF=18 blocks: 0123 0345 0246 2356 1456 1347 0157 2457 1267 0367 0148 2348 1258 1368 0568 0278 3578 4678
FAM D=51 ell=11 count=22 nF=17 blocks: 0123 0345 0246 2356 1456 1347 0157 2457 1267 0367 0148 2348 1258 1368 0568 0278 4678
FAM D=51 ell=11 count=22 nF=17 blocks: 0123 0345 0246 2356 1456 1347 0157 2457 1267 0367 0148 2348 1258 1368 0568 3578 4678
FAM D=51 ell=11 count=22 nF=17 blocks: 0123 0345 0246 2356 1456 1347 0157 2457 1267 0367 0148 2348 1258 1368 0278 3578 4678
FAM D=51 ell=11 count=22 nF=17 blocks: 0123 0345 0246 2356 1456 1347 0157 2457 1267 0367 0148 2348 1258 0568 0278 3578 4678
FAM D=51 ell=11 count=22 nF=17 blocks: 0123 0345 0246 2356 1456 1347 0157 2457 1267 0367 0148 2348 1368 0568 0278 3578 4678
FAM D=51 ell=11 count=22 nF=17 blocks: 0123 0345 0246 2356 1456 1347 0157 2457 1267 0367 0148 1258 1368 0568 0278 3578 4678
FAM D=51 ell=11 count=22 nF=17 blocks: 0123 0345 0246 2356 1456 1347 0157 2457 1267 0367 1248 0258 1358 0168 3468 2378 0478
FAM D=54 ell=11 count=19 nF=18 blocks: 0123 0345 0246 2356 1456 1347 0157 2457 1267 0367 1248 0258 1358 0168 3468 2378 0478 5678
FAM D=51 ell=11 count=22 nF=17 blocks: 0123 0345 0246 2356 1456 1347 0157 2457 1267 0367 1248 0258 1358 0168 3468 2378 5678
FAM D=51 ell=11 count=22 nF=17 blocks: 0123 0345 0246 2356 1456 1347 0157 2457 1267 0367 1248 0258 1358 0168 3468 0478 5678
FAM D=51 ell=11 count=22 nF=17 blocks: 0123 0345 0246 2356 1456 1347 0157 2457 1267 0367 1248 0258 1358 0168 2378 0478 5678
FAM D=51 ell=11 count=22 nF=17 blocks: 0123 0345 0246 2356 1456 1347 0157 2457 1267 0367 1248 0258 1358 3468 2378 0478 5678
FAM D=51 ell=11 count=22 nF=17 blocks: 0123 0345 0246 2356 1456 1347 0157 2457 1267 0367 1248 0258 0168 3468 2378 0478 5678
FAM D=51 ell=11 count=22 nF=17 blocks: 0123 0345 0246 2356 1456 1347 0157 2457 1267 0367 1248 1358 0168 3468 2378 0478 5678
FAM D=51 ell=11 count=22 nF=17 blocks: 0123 0345 0246 2356 1456 1347 0157 2457 1267 0367 2348 1258 1368 0568 0278 3578 4678
FAM D=51 ell=11 count=22 nF=17 blocks: 0123 0345 0246 2356 1456 1347 0157 2457 1267 0367 0258 1358 0168 3468 2378 0478 5678
FAM D=51 ell=11 count=22 nF=17 blocks: 0123 0345 0246 2356 1456 1347 0157 2457 1267 0148 2348 1258 1368 0568 0278 3578 4678
FAM D=51 ell=11 count=22 nF=17 blocks: 0123 0345 0246 2356 1456 1347 0157 2457 1267 1248 0258 1358 0168 3468 2378 0478 5678
FAM D=51 ell=11 count=22 nF=17 blocks: 0123 0345 0246 2356 1456 1347 0157 2457 0367 0148 2348 1258 1368 0568 0278 3578 4678
FAM D=51 ell=11 count=22 nF=17 blocks: 0123 0345 0246 2356 1456 1347 0157 2457 0367 1248 0258 1358 0168 3468 2378 0478 5678
FAM D=51 ell=11 count=22 nF=17 blocks: 0123 0345 0246 2356 1456 1347 0157 1267 0367 0148 2348 1258 1368 0568 0278 3578 4678
FAM D=51 ell=11 count=22 nF=17 blocks: 0123 0345 0246 2356 1456 1347 0157 1267 0367 1248 0258 1358 0168 3468 2378 0478 5678
FAM D=51 ell=11 count=22 nF=17 blocks: 0123 0345 0246 2356 1456 1347 2457 1267 0367 0148 2348 1258 1368 0568 0278 3578 4678
FAM D=51 ell=11 count=22 nF=17 blocks: 0123 0345 0246 2356 1456 1347 2457 1267 0367 1248 0258 1358 0168 3468 2378 0478 5678
FAM D=51 ell=11 count=22 nF=17 blocks: 0123 0345 0246 2356 1456 2347 1257 1367 0567 1248 0258 1358 0168 3468 0378 4578 2678
FAM D=51 ell=11 count=22 nF=17 blocks: 0123 0345 0246 2356 1456 2347 1257 1367 0567 1348 0158 2458 1268 0368 0278 3578 4678
FAM D=51 ell=11 count=22 nF=17 blocks: 0123 0345 0246 2356 1456 0157 2457 1267 0367 0148 2348 1258 1368 0568 0278 3578 4678
FAM D=51 ell=11 count=22 nF=17 blocks: 0123 0345 0246 2356 1456 0157 2457 1267 0367 1248 0258 1358 0168 3468 2378 0478 5678
FAM D=51 ell=11 count=22 nF=17 blocks: 0123 0345 0246 2356 1456 0257 1357 0167 3467 0148 2348 1258 1368 0568 0378 4578 2678
FAM D=51 ell=11 count=22 nF=17 blocks: 0123 0345 0246 2356 1456 0257 1357 0167 3467 1348 0158 2458 1268 0368 2378 0478 5678
FAM D=51 ell=11 count=22 nF=17 blocks: 0123 0345 0246 2356 0147 2347 1257 1367 0567 1248 0258 1358 0168 3468 0378 4578 2678
FAM D=51 ell=11 count=22 nF=17 blocks: 0123 0345 0246 2356 0147 2347 1257 1367 0567 1348 0158 2458 1268 0368 0278 3578 4678
FAM D=51 ell=11 count=22 nF=17 blocks: 0123 0345 0246 2356 1247 0257 1357 0167 3467 0148 2348 1258 1368 0568 0378 4578 2678
FAM D=51 ell=11 count=22 nF=17 blocks: 0123 0345 0246 2356 1247 0257 1357 0167 3467 1348 0158 2458 1268 0368 2378 0478 5678
FAM D=51 ell=11 count=22 nF=17 blocks: 0123 0345 0246 2356 1347 0157 2457 1267 0367 0148 2348 1258 1368 0568 0278 3578 4678
FAM D=51 ell=11 count=22 nF=17 blocks: 0123 0345 0246 2356 1347 0157 2457 1267 0367 1248 0258 1358 0168 3468 2378 0478 5678
FAM D=51 ell=11 count=22 nF=17 blocks: 0123 0345 0246 1456 0147 2347 1257 1367 0567 1248 0258 1358 0168 3468 0378 4578 2678
FAM D=51 ell=11 count=22 nF=17 blocks: 0123 0345 0246 1456 0147 2347 1257 1367 0567 1348 0158 2458 1268 0368 0278 3578 4678
FAM D=51 ell=11 count=22 nF=17 blocks: 0123 0345 0246 1456 1247 0257 1357 0167 3467 0148 2348 1258 1368 0568 0378 4578 2678
FAM D=51 ell=11 count=22 nF=17 blocks: 0123 0345 0246 1456 1247 0257 1357 0167 3467 1348 0158 2458 1268 0368 2378 0478 5678
FAM D=51 ell=11 count=22 nF=17 blocks: 0123 0345 0246 1456 1347 0157 2457 1267 0367 0148 2348 1258 1368 0568 0278 3578 4678
FAM D=51 ell=11 count=22 nF=17 blocks: 0123 0345 0246 1456 1347 0157 2457 1267 0367 1248 0258 1358 0168 3468 2378 0478 5678
FAM D=51 ell=11 count=22 nF=17 blocks: 0123 0345 1246 0156 2356 0147 1357 2457 0267 3467 0248 1348 1258 0368 4568 2378 0578
FAM D=54 ell=11 count=19 nF=18 blocks: 0123 0345 1246 0156 2356 0147 1357 2457 0267 3467 0248 1348 1258 0368 4568 2378 0578 1678
FAM D=51 ell=11 count=22 nF=17 blocks: 0123 0345 1246 0156 2356 0147 1357 2457 0267 3467 0248 1348 1258 0368 4568 2378 1678
FAM D=51 ell=11 count=22 nF=17 blocks: 0123 0345 1246 0156 2356 0147 1357 2457 0267 3467 0248 1348 1258 0368 4568 0578 1678
FAM D=51 ell=11 count=22 nF=17 blocks: 0123 0345 1246 0156 2356 0147 1357 2457 0267 3467 0248 1348 1258 0368 2378 0578 1678
FAM D=51 ell=11 count=22 nF=17 blocks: 0123 0345 1246 0156 2356 0147 1357 2457 0267 3467 0248 1348 1258 4568 2378 0578 1678
FAM D=51 ell=11 count=22 nF=17 blocks: 0123 0345 1246 0156 2356 0147 1357 2457 0267 3467 0248 1348 0368 4568 2378 0578 1678
FAM D=51 ell=11 count=22 nF=17 blocks: 0123 0345 1246 0156 2356 0147 1357 2457 0267 3467 0248 1258 0368 4568 2378 0578 1678
FAM D=51 ell=11 count=22 nF=17 blocks: 0123 0345 1246 0156 2356 0147 1357 2457 0267 3467 1348 1258 0368 4568 2378 0578 1678
FAM D=51 ell=11 count=22 nF=17 blocks: 0123 0345 1246 0156 2356 0147 1357 2457 0267 3467 2348 0258 1458 1368 0468 1278 0378
FAM D=54 ell=11 count=19 nF=18 blocks: 0123 0345 1246 0156 2356 0147 1357 2457 0267 3467 2348 0258 1458 1368 0468 1278 0378 5678
FAM D=51 ell=11 count=22 nF=17 blocks: 0123 0345 1246 0156 2356 0147 1357 2457 0267 3467 2348 0258 1458 1368 0468 1278 5678
FAM D=51 ell=11 count=22 nF=17 blocks: 0123 0345 1246 0156 2356 0147 1357 2457 0267 3467 2348 0258 1458 1368 0468 0378 5678
FAM D=51 ell=11 count=22 nF=17 blocks: 0123 0345 1246 0156 2356 0147 1357 2457 0267 3467 2348 0258 1458 1368 1278 0378 5678
FAM D=51 ell=11 count=22 nF=17 blocks: 0123 0345 1246 0156 2356 0147 1357 2457 0267 3467 2348 0258 1458 0468 1278 0378 5678
FAM D=51 ell=11 count=22 nF=17 blocks: 0123 0345 1246 0156 2356 0147 1357 2457 0267 3467 2348 0258 1368 0468 1278 0378 5678
FAM D=51 ell=11 count=22 nF=17 blocks: 0123 0345 1246 0156 2356 0147 1357 2457 0267 3467 2348 1458 1368 0468 1278 0378 5678
FAM D=51 ell=11 count=22 nF=17 blocks: 0123 0345 1246 0156 2356 0147 1357 2457 0267 3467 0258 1458 1368 0468 1278 0378 5678
FAM D=51 ell=11 count=22 nF=17 blocks: 0123 0345 1246 0156 2356 0147 1357 2457 0267 0248 1348 1258 0368 4568 2378 0578 1678
FAM D=51 ell=11 count=22 nF=17 blocks: 0123 0345 1246 0156 2356 0147 1357 2457 0267 2348 0258 1458 1368 0468 1278 0378 5678
FAM D=51 ell=11 count=22 nF=17 blocks: 0123 0345 1246 0156 2356 0147 1357 2457 3467 0248 1348 1258 0368 4568 2378 0578 1678
FAM D=51 ell=11 count=22 nF=17 blocks: 0123 0345 1246 0156 2356 0147 1357 2457 3467 2348 0258 1458 1368 0468 1278 0378 5678
FAM D=51 ell=11 count=22 nF=17 blocks: 0123 0345 1246 0156 2356 0147 1357 0267 3467 0248 1348 1258 0368 4568 2378 0578 1678
FAM D=51 ell=11 count=22 nF=17 blocks: 0123 0345 1246 0156 2356 0147 1357 0267 3467 2348 0258 1458 1368 0468 1278 0378 5678
FAM D=51 ell=11 count=22 nF=17 blocks: 0123 0345 1246 0156 2356 0147 2457 0267 3467 0248 1348 1258 0368 4568 2378 0578 1678
FAM D=51 ell=11 count=22 nF=17 blocks: 0123 0345 1246 0156 2356 0147 2457 0267 3467 2348 0258 1458 1368 0468 1278 0378 5678
FAM D=51 ell=11 count=22 nF=17 blocks: 0123 0345 1246 0156 2356 0247 1347 1257 0367 4567 0148 1358 2458 0268 3468 2378 0578
FAM D=54 ell=11 count=19 nF=18 blocks: 0123 0345 1246 0156 2356 0247 1347 1257 0367 4567 0148 1358 2458 0268 3468 2378 0578 1678
FAM D=51 ell=11 count=22 nF=17 blocks: 0123 0345 1246 0156 2356 0247 1347 1257 0367 4567 0148 1358 2458 0268 3468 2378 1678
FAM D=51 ell=11 count=22 nF=17 blocks: 0123 0345 1246 0156 2356 0247 1347 1257 0367 4567 0148 1358 2458 0268 3468 0578 1678
FAM D=51 ell=11 count=22 nF=17 blocks: 0123 0345 1246 0156 2356 0247 1347 1257 0367 4567 0148 1358 2458 0268 2378 0578 1678
FAM D=51 ell=11 count=22 nF=17 blocks: 0123 0345 1246 0156 2356 0247 1347 1257 0367 4567 0148 1358 2458 3468 2378 0578 1678
FAM D=51 ell=11 count=22 nF=17 blocks: 0123 0345 1246 0156 2356 0247 1347 1257 0367 4567 0148 1358 0268 3468 2378 0578 1678
FAM D=51 ell=11 count=22 nF=17 blocks: 0123 0345 1246 0156 2356 0247 1347 1257 0367 4567 0148 2458 0268 3468 2378 0578 1678
FAM D=51 ell=11 count=22 nF=17 blocks: 0123 0345 1246 0156 2356 0247 1347 1257 0367 4567 2348 0258 1458 1368 0468 0178 3578
FAM D=54 ell=11 count=19 nF=18 blocks: 0123 0345 1246 0156 2356 0247 1347 1257 0367 4567 2348 0258 1458 1368 0468 0178 3578 2678
FAM D=51 ell=11 count=22 nF=17 blocks: 0123 0345 1246 0156 2356 0247 1347 1257 0367 4567 2348 0258 1458 1368 0468 0178 2678
FAM D=51 ell=11 count=22 nF=17 blocks: 0123 0345 1246 0156 2356 0247 1347 1257 0367 4567 2348 0258 1458 1368 0468 3578 2678
FAM D=51 ell=11 count=22 nF=17 blocks: 0123 0345 1246 0156 2356 0247 1347 1257 0367 4567 2348 0258 1458 1368 0178 3578 2678
FAM D=51 ell=11 count=22 nF=17 blocks: 0123 0345 1246 0156 2356 0247 1347 1257 0367 4567 2348 0258 1458 0468 0178 3578 2678
FAM D=51 ell=11 count=22 nF=17 blocks: 0123 0345 1246 0156 2356 0247 1347 1257 0367 4567 2348 0258 1368 0468 0178 3578 2678
FAM D=51 ell=11 count=22 nF=17 blocks: 0123 0345 1246 0156 2356 0247 1347 1257 0367 4567 2348 1458 1368 0468 0178 3578 2678
FAM D=51 ell=11 count=22 nF=17 blocks: 0123 0345 1246 0156 2356 0247 1347 1257 0367 4567 0258 1458 1368 0468 0178 3578 2678
FAM D=51 ell=11 count=22 nF=17 blocks: 0123 0345 1246 0156 2356 0247 1347 1257 0367 4567 1358 2458 0268 3468 2378 0578 1678
FAM D=51 ell=11 count=22 nF=17 blocks: 0123 0345 1246 0156 2356 0247 1347 1257 0367 0148 1358 2458 0268 3468 2378 0578 1678
FAM D=51 ell=11 count=22 nF=17 blocks: 0123 0345 1246 0156 2356 0247 1347 1257 0367 2348 0258 1458 1368 0468 0178 3578 2678
FAM D=51 ell=11 count=22 nF=17 blocks: 0123 0345 1246 0156 2356 0247 1347 1257 4567 0148 1358 2458 0268 3468 2378 0578 1678
FAM D=51 ell=11 count=22 nF=17 blocks: 0123 0345 1246 0156 2356 0247 1347 1257 4567 2348 0258 1458 1368 0468 0178 3578 2678
FAM D=51 ell=11 count=22 nF=17 blocks: 0123 0345 1246 0156 2356 0247 1347 0367 4567 0148 1358 2458 0268 3468 2378 0578 1678
FAM D=51 ell=11 count=22 nF=17 blocks: 0123 0345 1246 0156 2356 0247 1347 0367 4567 2348 0258 1458 1368 0468 0178 3578 2678
FAM D=51 ell=11 count=22 nF=17 blocks: 0123 0345 1246 0156 2356 0247 1257 0367 4567 0148 1358 2458 0268 3468 2378 0578 1678
FAM D=51 ell=11 count=22 nF=17 blocks: 0123 0345 1246 0156 2356 0247 1257 0367 4567 2348 0258 1458 1368 0468 0178 3578 2678
FAM D=51 ell=11 count=22 nF=17 blocks: 0123 0345 1246 0156 2356 1347 1257 0367 4567 0148 1358 2458 0268 3468 2378 0578 1678
FAM D=51 ell=11 count=22 nF=17 blocks: 0123 0345 1246 0156 2356 1347 1257 0367 4567 2348 0258 1458 1368 0468 0178 3578 2678
FAM D=51 ell=11 count=22 nF=17 blocks: 0123 0345 1246 0156 2356 2347 0257 1457 1367 0467 0148 1358 2458 0268 3468 1278 0378
FAM D=54 ell=11 count=19 nF=18 blocks: 0123 0345 1246 0156 2356 2347 0257 1457 1367 0467 0148 1358 2458 0268 3468 1278 0378 5678
FAM D=51 ell=11 count=22 nF=17 blocks: 0123 0345 1246 0156 2356 2347 0257 1457 1367 0467 0148 1358 2458 0268 3468 1278 5678
FAM D=51 ell=11 count=22 nF=17 blocks: 0123 0345 1246 0156 2356 2347 0257 1457 1367 0467 0148 1358 2458 0268 3468 0378 5678
FAM D=51 ell=11 count=22 nF=17 blocks: 0123 0345 1246 0156 2356 2347 0257 1457 1367 0467 0148 1358 2458 0268 1278 0378 5678
FAM D=51 ell=11 count=22 nF=17 blocks: 0123 0345 1246 0156 2356 2347 0257 1457 1367 0467 0148 1358 2458 3468 1278 0378 5678
FAM D=51 ell=11 count=22 nF=17 blocks: 0123 0345 1246 0156 2356 2347 0257 1457 1367 0467 0148 1358 0268 3468 1278 0378 5678
FAM D=51 ell=11 count=22 nF=17 blocks: 0123 0345 1246 0156 2356 2347 0257 1457 1367 0467 0148 2458 0268 3468 1278 0378 5678
FAM D=51 ell=11 count=22 nF=17 blocks: 0123 0345 1246 0156 2356 2347 0257 1457 1367 0467 0248 1348 1258 0368 4568 0178 3578
FAM D=54 ell=11 count=19 nF=18 blocks: 0123 0345 1246 0156 2356 2347 0257 1457 1367 0467 0248 1348 1258 0368 4568 0178 3578 2678
FAM D=51 ell=11 count=22 nF=17 blocks: 0123 0345 1246 0156 2356 2347 0257 1457 1367 0467 0248 1348 1258 0368 4568 0178 2678
FAM D=51 ell=11 count=22 nF=17 blocks: 0123 0345 1246 0156 2356 2347 0257 1457 1367 0467 0248 1348 1258 0368 4568 3578 2678
FAM D=51 ell=11 count=22 nF=17 blocks: 0123 0345 1246 0156 2356 2347 0257 1457 1367 0467 0248 1348 1258 0368 0178 3578 2678
FAM D=51 ell=11 count=22 nF=17 blocks: 0123 0345 1246 0156 2356 2347 0257 1457 1367 0467 0248 1348 1258 4568 0178 3578 2678
FAM D=51 ell=11 count=22 nF=17 blocks: 0123 0345 1246 0156 2356 2347 0257 1457 1367 0467 0248 1348 0368 4568 0178 3578 2678
FAM D=51 ell=11 count=22 nF=17 blocks: 0123 0345 1246 0156 2356 2347 0257 1457 1367 0467 0248 1258 0368 4568 0178 3578 2678
FAM D=51 ell=11 count=22 nF=17 blocks: 0123 0345 1246 0156 2356 2347 0257 1457 1367 0467 1348 1258 0368 4568 0178 3578 2678
FAM D=51 ell=11 count=22 nF=17 blocks: 0123 0345 1246 0156 2356 2347 0257 1457 1367 0467 1358 2458 0268 3468 1278 0378 5678
FAM D=51 ell=11 count=22 nF=17 blocks: 0123 0345 1246 0156 2356 2347 0257 1457 1367 0148 1358 2458 0268 3468 1278 0378 5678
FAM D=51 ell=11 count=22 nF=17 blocks: 0123 0345 1246 0156 2356 2347 0257 1457 1367 0248 1348 1258 0368 4568 0178 3578 2678
FAM D=51 ell=11 count=22 nF=17 blocks: 0123 0345 1246 0156 2356 2347 0257 1457 0467 0148 1358 2458 0268 3468 1278 0378 5678
FAM D=51 ell=11 count=22 nF=17 blocks: 0123 0345 1246 0156 2356 2347 0257 1457 0467 0248 1348 1258 0368 4568 0178 3578 2678
FAM D=51 ell=11 count=22 nF=17 blocks: 0123 0345 1246 0156 2356 2347 0257 1367 0467 0148 1358 2458 0268 3468 1278 0378 5678
FAM D=51 ell=11 count=22 nF=17 blocks: 0123 0345 1246 0156 2356 2347 0257 1367 0467 0248 1348 1258 0368 4568 0178 3578 2678
FAM D=51 ell=11 count=22 nF=17 blocks: 0123 0345 1246 0156 2356 2347 1457 1367 0467 0148 1358 2458 0268 3468 1278 0378 5678
FAM D=51 ell=11 count=22 nF=17 blocks: 0123 0345 1246 0156 2356 2347 1457 1367 0467 0248 1348 1258 0368 4568 0178 3578 2678
FAM D=51 ell=11 count=22 nF=17 blocks: 0123 0345 1246 0156 2356 0257 1457 1367 0467 0148 1358 2458 0268 3468 1278 0378 5678
FAM D=51 ell=11 count=22 nF=17 blocks: 0123 0345 1246 0156 2356 0257 1457 1367 0467 0248 1348 1258 0368 4568 0178 3578 2678
FAM D=51 ell=11 count=22 nF=17 blocks: 0123 0345 1246 0156 2356 1357 2457 0267 3467 0248 1348 1258 0368 4568 2378 0578 1678
FAM D=51 ell=11 count=22 nF=17 blocks: 0123 0345 1246 0156 2356 1357 2457 0267 3467 2348 0258 1458 1368 0468 1278 0378 5678
FAM D=51 ell=11 count=22 nF=17 blocks: 0123 0345 1246 0156 0147 1357 2457 0267 3467 0248 1348 1258 0368 4568 2378 0578 1678
FAM D=51 ell=11 count=22 nF=17 blocks: 0123 0345 1246 0156 0147 1357 2457 0267 3467 2348 0258 1458 1368 0468 1278 0378 5678
FAM D=51 ell=11 count=22 nF=17 blocks: 0123 0345 1246 0156 0247 1347 1257 0367 4567 0148 1358 2458 0268 3468 2378 0578 1678
FAM D=51 ell=11 count=22 nF=17 blocks: 0123 0345 1246 0156 0247 1347 1257 0367 4567 2348 0258 1458 1368 0468 0178 3578 2678
FAM D=51 ell=11 count=22 nF=17 blocks: 0123 0345 1246 0156 2347 0257 1457 1367 0467 0148 1358 2458 0268 3468 1278 0378 5678
FAM D=51 ell=11 count=22 nF=17 blocks: 0123 0345 1246 0156 2347 0257 1457 1367 0467 0248 1348 1258 0368 4568 0178 3578 2678
FAM D=51 ell=11 count=22 nF=17 blocks: 0123 0345 1246 0256 1356 0147 2347 1257 0367 4567 0248 2358 1458 0168 3468 1378 0578
FAM D=54 ell=11 count=19 nF=18 blocks: 0123 0345 1246 0256 1356 0147 2347 1257 0367 4567 0248 2358 1458 0168 3468 1378 0578 2678
FAM D=51 ell=11 count=22 nF=17 blocks: 0123 0345 1246 0256 1356 0147 2347 1257 0367 4567 0248 2358 1458 0168 3468 1378 2678
FAM D=51 ell=11 count=22 nF=17 blocks: 0123 0345 1246 0256 1356 0147 2347 1257 0367 4567 0248 2358 1458 0168 3468 0578 2678
FAM D=51 ell=11 count=22 nF=17 blocks: 0123 0345 1246 0256 1356 0147 2347 1257 0367 4567 0248 2358 1458 0168 1378 0578 2678
FAM D=51 ell=11 count=22 nF=17 blocks: 0123 0345 1246 0256 1356 0147 2347 1257 0367 4567 0248 2358 1458 3468 1378 0578 2678
FAM D=51 ell=11 count=22 nF=17 blocks: 0123 0345 1246 0256 1356 0147 2347 1257 0367 4567 0248 2358 0168 3468 1378 0578 2678
FAM D=51 ell=11 count=22 nF=17 blocks: 0123 0345 1246 0256 1356 0147 2347 1257 0367 4567 0248 1458 0168 3468 1378 0578 2678
FAM D=51 ell=11 count=22 nF=17 blocks: 0123 0345 1246 0256 1356 0147 2347 1257 0367 4567 1348 0158 2458 2368 0468 0278 3578
FAM D=54 ell=11 count=19 nF=18 blocks: 0123 0345 1246 0256 1356 0147 2347 1257 0367 4567 1348 0158 2458 2368 0468 0278 3578 1678
FAM D=51 ell=11 count=22 nF=17 blocks: 0123 0345 1246 0256 1356 0147 2347 1257 0367 4567 1348 0158 2458 2368 0468 0278 1678
FAM D=51 ell=11 count=22 nF=17 blocks: 0123 0345 1246 0256 1356 0147 2347 1257 0367 4567 1348 0158 2458 2368 0468 3578 1678
FAM D=51 ell=11 count=22 nF=17 blocks: 0123 0345 1246 0256 1356 0147 2347 1257 0367 4567 1348 0158 2458 2368 0278 3578 1678
FAM D=51 ell=11 count=22 nF=17 blocks: 0123 0345 1246 0256 1356 0147 2347 1257 0367 4567 1348 0158 2458 0468 0278 3578 1678
FAM D=51 ell=11 count=22 nF=17 blocks: 0123 0345 1246 0256 1356 0147 2347 1257 0367 4567 1348 0158 2368 0468 0278 3578 1678
FAM D=51 ell=11 count=22 nF=17 blocks: 0123 0345 1246 0256 1356 0147 2347 1257 0367 4567 1348 2458 2368 0468 0278 3578 1678
FAM D=51 ell=11 count=22 nF=17 blocks: 0123 0345 1246 0256 1356 0147 2347 1257 0367 4567 0158 2458 2368 0468 0278 3578 1678
FAM D=51 ell=11 count=22 nF=17 blocks: 0123 0345 1246 0256 1356 0147 2347 1257 0367 4567 2358 1458 0168 3468 1378 0578 2678
FAM D=51 ell=11 count=22 nF=17 blocks: 0123 0345 1246 0256 1356 0147 2347 1257 0367 0248 2358 1458 0168 3468 1378 0578 2678
FAM D=51 ell=11 count=22 nF=17 blocks: 0123 0345 1246 0256 1356 0147 2347 1257 0367 1348 0158 2458 2368 0468 0278 3578 1678
FAM D=51 ell=11 count=22 nF=17 blocks: 0123 0345 1246 0256 1356 0147 2347 1257 4567 0248 2358 1458 0168 3468 1378 0578 2678
FAM D=51 ell=11 count=22 nF=17 blocks: 0123 0345 1246 0256 1356 0147 2347 1257 4567 1348 0158 2458 2368 0468 0278 3578 1678
FAM D=51 ell=11 count=22 nF=17 blocks: 0123 0345 1246 0256 1356 0147 2347 0367 4567 0248 2358 1458 0168 3468 1378 0578 2678
FAM D=51 ell=11 count=22 nF=17 blocks: 0123 0345 1246 0256 1356 0147 2347 0367 4567 1348 0158 2458 2368 0468 0278 3578 1678
FAM D=51 ell=11 count=22 nF=17 blocks: 0123 0345 1246 0256 1356 0147 1257 0367 4567 0248 2358 1458 0168 3468 1378 0578 2678
FAM D=51 ell=11 count=22 nF=17 blocks: 0123 0345 1246 0256 1356 0147 1257 0367 4567 1348 0158 2458 2368 0468 0278 3578 1678
FAM D=51 ell=11 count=22 nF=17 blocks: 0123 0345 1246 0256 1356 0247 2357 1457 0167 3467 0148 2348 1258 0368 4568 1378 0578
FAM D=54 ell=11 count=19 nF=18 blocks: 0123 0345 1246 0256 1356 0247 2357 1457 0167 3467 0148 2348 1258 0368 4568 1378 0578 2678
FAM D=51 ell=11 count=22 nF=17 blocks: 0123 0345 1246 0256 1356 0247 2357 1457 0167 3467 0148 2348 1258 0368 4568 1378 2678
FAM D=51 ell=11 count=22 nF=17 blocks: 0123 0345 1246 0256 1356 0247 2357 1457 0167 3467 0148 2348 1258 0368 4568 0578 2678
FAM D=51 ell=11 count=22 nF=17 blocks: 0123 0345 1246 0256 1356 0247 2357 1457 0167 3467 0148 2348 1258 0368 1378 0578 2678
FAM D=51 ell=11 count=22 nF=17 blocks: 0123 0345 1246 0256 1356 0247 2357 1457 0167 3467 0148 2348 1258 4568 1378 0578 2678
FAM D=51 ell=11 count=22 nF=17 blocks: 0123 0345 1246 0256 1356 0247 2357 1457 0167 3467 0148 2348 0368 4568 1378 0578 2678
FAM D=51 ell=11 count=22 nF=17 blocks: 0123 0345 1246 0256 1356 0247 2357 1457 0167 3467 0148 1258 0368 4568 1378 0578 2678
FAM D=51 ell=11 count=22 nF=17 blocks: 0123 0345 1246 0256 1356 0247 2357 1457 0167 3467 1348 0158 2458 2368 0468 1278 0378
FAM D=54 ell=11 count=19 nF=18 blocks: 0123 0345 1246 0256 1356 0247 2357 1457 0167 3467 1348 0158 2458 2368 0468 1278 0378 5678
FAM D=51 ell=11 count=22 nF=17 blocks: 0123 0345 1246 0256 1356 0247 2357 1457 0167 3467 1348 0158 2458 2368 0468 1278 5678
FAM D=51 ell=11 count=22 nF=17 blocks: 0123 0345 1246 0256 1356 0247 2357 1457 0167 3467 1348 0158 2458 2368 0468 0378 5678
FAM D=51 ell=11 count=22 nF=17 blocks: 0123 0345 1246 0256 1356 0247 2357 1457 0167 3467 1348 0158 2458 2368 1278 0378 5678
FAM D=51 ell=11 count=22 nF=17 blocks: 0123 0345 1246 0256 1356 0247 2357 1457 0167 3467 1348 0158 2458 0468 1278 0378 5678
FAM D=51 ell=11 count=22 nF=17 blocks: 0123 0345 1246 0256 1356 0247 2357 1457 0167 3467 1348 0158 2368 0468 1278 0378 5678
FAM D=51 ell=11 count=22 nF=17 blocks: 0123 0345 1246 0256 1356 0247 2357 1457 0167 3467 1348 2458 2368 0468 1278 0378 5678
FAM D=51 ell=11 count=22 nF=17 blocks: 0123 0345 1246 0256 1356 0247 2357 1457 0167 3467 2348 1258 0368 4568 1378 0578 2678
FAM D=51 ell=11 count=22 nF=17 blocks: 0123 0345 1246 0256 1356 0247 2357 1457 0167 3467 0158 2458 2368 0468 1278 0378 5678
FAM D=51 ell=11 count=22 nF=17 blocks: 0123 0345 1246 0256 1356 0247 2357 1457 0167 0148 2348 1258 0368 4568 1378 0578 2678
FAM D=51 ell=11 count=22 nF=17 blocks: 0123 0345 1246 0256 1356 0247 2357 1457 0167 1348 0158 2458 2368 0468 1278 0378 5678
FAM D=51 ell=11 count=22 nF=17 blocks: 0123 0345 1246 0256 1356 0247 2357 1457 3467 0148 2348 1258 0368 4568 1378 0578 2678
FAM D=51 ell=11 count=22 nF=17 blocks: 0123 0345 1246 0256 1356 0247 2357 1457 3467 1348 0158 2458 2368 0468 1278 0378 5678
FAM D=51 ell=11 count=22 nF=17 blocks: 0123 0345 1246 0256 1356 0247 2357 0167 3467 0148 2348 1258 0368 4568 1378 0578 2678
FAM D=51 ell=11 count=22 nF=17 blocks: 0123 0345 1246 0256 1356 0247 2357 0167 3467 1348 0158 2458 2368 0468 1278 0378 5678
FAM D=51 ell=11 count=22 nF=17 blocks: 0123 0345 1246 0256 1356 0247 1457 0167 3467 0148 2348 1258 0368 4568 1378 0578 2678
FAM D=51 ell=11 count=22 nF=17 blocks: 0123 0345 1246 0256 1356 0247 1457 0167 3467 1348 0158 2458 2368 0468 1278 0378 5678
FAM D=51 ell=11 count=22 nF=17 blocks: 0123 0345 1246 0256 1356 1347 0157 2457 2367 0467 0148 2348 1258 0368 4568 0278 3578
FAM D=54 ell=11 count=19 nF=18 blocks: 0123 0345 1246 0256 1356 1347 0157 2457 2367 0467 0148 2348 1258 0368 4568 0278 3578 1678
FAM D=51 ell=11 count=22 nF=17 blocks: 0123 0345 1246 0256 1356 1347 0157 2457 2367 0467 0148 2348 1258 0368 4568 0278 1678
FAM D=51 ell=11 count=22 nF=17 blocks: 0123 0345 1246 0256 1356 1347 0157 2457 2367 0467 0148 2348 1258 0368 4568 3578 1678
FAM D=51 ell=11 count=22 nF=17 blocks: 0123 0345 1246 0256 1356 1347 0157 2457 2367 0467 0148 2348 1258 0368 0278 3578 1678
FAM D=51 ell=11 count=22 nF=17 blocks: 0123 0345 1246 0256 1356 1347 0157 2457 2367 0467 0148 2348 1258 4568 0278 3578 1678
FAM D=51 ell=11 count=22 nF=17 blocks: 0123 0345 1246 0256 1356 1347 0157 2457 2367 0467 0148 2348 0368 4568 0278 3578 1678
FAM D=51 ell=11 count=22 nF=17 blocks: 0123 0345 1246 0256 1356 1347 0157 2457 2367 0467 0148 1258 0368 4568 0278 3578 1678
FAM D=51 ell=11 count=22 nF=17 blocks: 0123 0345 1246 0256 1356 1347 0157 2457 2367 0467 0248 2358 1458 0168 3468 1278 0378
FAM D=54 ell=11 count=19 nF=18 blocks: 0123 0345 1246 0256 1356 1347 0157 2457 2367 0467 0248 2358 1458 0168 3468 1278 0378 5678
FAM D=51 ell=11 count=22 nF=17 blocks: 0123 0345 1246 0256 1356 1347 0157 2457 2367 0467 0248 2358 1458 0168 3468 1278 5678
FAM D=51 ell=11 count=22 nF=17 blocks: 0123 0345 1246 0256 1356 1347 0157 2457 2367 0467 0248 2358 1458 0168 3468 0378 5678
FAM D=51 ell=11 count=22 nF=17 blocks: 0123 0345 1246 0256 1356 1347 0157 2457 2367 0467 0248 2358 1458 0168 1278 0378 5678
FAM D=51 ell=11 count=22 nF=17 blocks: 0123 0345 1246 0256 1356 1347 0157 2457 2367 0467 0248 2358 1458 3468 1278 0378 5678
FAM D=51 ell=11 count=22 nF=17 blocks: 0123 0345 1246 0256 1356 1347 0157 2457 2367 0467 0248 2358 0168 3468 1278 0378 5678
FAM D=51 ell=11 count=22 nF=17 blocks: 0123 0345 1246 0256 1356 1347 0157 2457 2367 0467 0248 1458 0168 3468 1278 0378 5678
FAM D=51 ell=11 count=22 nF=17 blocks: 0123 0345 1246 0256 1356 1347 0157 2457 2367 0467 2348 1258 0368 4568 0278 3578 1678
FAM D=51 ell=11 count=22 nF=17 blocks: 0123 0345 1246 0256 1356 1347 0157 2457 2367 0467 2358 1458 0168 3468 1278 0378 5678
FAM D=51 ell=11 count=22 nF=17 blocks: 0123 0345 1246 0256 1356 1347 0157 2457 2367 0148 2348 1258 0368 4568 0278 3578 1678
FAM D=51 ell=11 count=22 nF=17 blocks: 0123 0345 1246 0256 1356 1347 0157 2457 2367 0248 2358 1458 0168 3468 1278 0378 5678
FAM D=51 ell=11 count=22 nF=17 blocks: 0123 0345 1246 0256 1356 1347 0157 2457 0467 0148 2348 1258 0368 4568 0278 3578 1678
FAM D=51 ell=11 count=22 nF=17 blocks: 0123 0345 1246 0256 1356 1347 0157 2457 0467 0248 2358 1458 0168 3468 1278 0378 5678
FAM D=51 ell=11 count=22 nF=17 blocks: 0123 0345 1246 0256 1356 1347 0157 2367 0467 0148 2348 1258 0368 4568 0278 3578 1678
FAM D=51 ell=11 count=22 nF=17 blocks: 0123 0345 1246 0256 1356 1347 0157 2367 0467 0248 2358 1458 0168 3468 1278 0378 5678
FAM D=51 ell=11 count=22 nF=17 blocks: 0123 0345 1246 0256 1356 1347 2457 2367 0467 0148 2348 1258 0368 4568 0278 3578 1678
FAM D=51 ell=11 count=22 nF=17 blocks: 0123 0345 1246 0256 1356 1347 2457 2367 0467 0248 2358 1458 0168 3468 1278 0378 5678
FAM D=51 ell=11 count=22 nF=17 blocks: 0123 0345 1246 0256 1356 2347 1257 0367 4567 0248 2358 1458 0168 3468 1378 0578 2678
FAM D=51 ell=11 count=22 nF=17 blocks: 0123 0345 1246 0256 1356 2347 1257 0367 4567 1348 0158 2458 2368 0468 0278 3578 1678
FAM D=51 ell=11 count=22 nF=17 blocks: 0123 0345 1246 0256 1356 0157 2457 2367 0467 0148 2348 1258 0368 4568 0278 3578 1678
FAM D=51 ell=11 count=22 nF=17 blocks: 0123 0345 1246 0256 1356 0157 2457 2367 0467 0248 2358 1458 0168 3468 1278 0378 5678
FAM D=51 ell=11 count=22 nF=17 blocks: 0123 0345 1246 0256 1356 2357 1457 0167 3467 0148 2348 1258 0368 4568 1378 0578 2678
FAM D=51 ell=11 count=22 nF=17 blocks: 0123 0345 1246 0256 1356 2357 1457 0167 3467 1348 0158 2458 2368 0468 1278 0378 5678
FAM D=51 ell=11 count=22 nF=17 blocks: 0123 0345 1246 0256 0147 2347 1257 0367 4567 0248 2358 1458 0168 3468 1378 0578 2678
FAM D=51 ell=11 count=22 nF=17 blocks: 0123 0345 1246 0256 0147 2347 1257 0367 4567 1348 0158 2458 2368 0468 0278 3578 1678
FAM D=51 ell=11 count=22 nF=17 blocks: 0123 0345 1246 0256 0247 2357 1457 0167 3467 0148 2348 1258 0368 4568 1378 0578 2678
FAM D=51 ell=11 count=22 nF=17 blocks: 0123 0345 1246 0256 0247 2357 1457 0167 3467 1348 0158 2458 2368 0468 1278 0378 5678
FAM D=51 ell=11 count=22 nF=17 blocks: 0123 0345 1246 0256 1347 0157 2457 2367 0467 0148 2348 1258 0368 4568 0278 3578 1678
FAM D=51 ell=11 count=22 nF=17 blocks: 0123 0345 1246 0256 1347 0157 2457 2367 0467 0248 2358 1458 0168 3468 1278 0378 5678
FAM D=51 ell=11 count=22 nF=17 blocks: 0123 0345 1246 1356 0147 2347 1257 0367 4567 0248 2358 1458 0168 3468 1378 0578 2678
FAM D=51 ell=11 count=22 nF=17 blocks: 0123 0345 1246 1356 0147 2347 1257 0367 4567 1348 0158 2458 2368 0468 0278 3578 1678
FAM D=51 ell=11 count=22 nF=17 blocks: 0123 0345 1246 1356 0247 2357 1457 0167 3467 0148 2348 1258 0368 4568 1378 0578 2678
FAM D=51 ell=11 count=22 nF=17 blocks: 0123 0345 1246 1356 0247 2357 1457 0167 3467 1348 0158 2458 2368 0468 1278 0378 5678
FAM D=51 ell=11 count=22 nF=17 blocks: 0123 0345 1246 1356 1347 0157 2457 2367 0467 0148 2348 1258 0368 4568 0278 3578 1678
FAM D=51 ell=11 count=22 nF=17 blocks: 0123 0345 1246 1356 1347 0157 2457 2367 0467 0248 2358 1458 0168 3468 1278 0378 5678
FAM D=51 ell=11 count=22 nF=17 blocks: 0123 0345 1246 2356 0147 1357 2457 0267 3467 0248 1348 1258 0368 4568 2378 0578 1678
FAM D=51 ell=11 count=22 nF=17 blocks: 0123 0345 1246 2356 0147 1357 2457 0267 3467 2348 0258 1458 1368 0468 1278 0378 5678
FAM D=51 ell=11 count=22 nF=17 blocks: 0123 0345 1246 2356 0247 1347 1257 0367 4567 0148 1358 2458 0268 3468 2378 0578 1678
FAM D=51 ell=11 count=22 nF=17 blocks: 0123 0345 1246 2356 0247 1347 1257 0367 4567 2348 0258 1458 1368 0468 0178 3578 2678
FAM D=51 ell=11 count=22 nF=17 blocks: 0123 0345 1246 2356 2347 0257 1457 1367 0467 0148 1358 2458 0268 3468 1278 0378 5678
FAM D=51 ell=11 count=22 nF=17 blocks: 0123 0345 1246 2356 2347 0257 1457 1367 0467 0248 1348 1258 0368 4568 0178 3578 2678
FAM D=51 ell=11 count=22 nF=17 blocks: 0123 0345 1346 0156 2456 0147 2347 1257 0267 3567 0248 2358 1458 1268 0368 1378 0578
FAM D=54 ell=11 count=19 nF=18 blocks: 0123 0345 1346 0156 2456 0147 2347 1257 0267 3567 0248 2358 1458 1268 0368 1378 0578 4678
FAM D=51 ell=11 count=22 nF=17 blocks: 0123 0345 1346 0156 2456 0147 2347 1257 0267 3567 0248 2358 1458 1268 0368 1378 4678
FAM D=51 ell=11 count=22 nF=17 blocks: 0123 0345 1346 0156 2456 0147 2347 1257 0267 3567 0248 2358 1458 1268 0368 0578 4678
FAM D=51 ell=11 count=22 nF=17 blocks: 0123 0345 1346 0156 2456 0147 2347 1257 0267 3567 0248 2358 1458 1268 1378 0578 4678
FAM D=51 ell=11 count=22 nF=17 blocks: 0123 0345 1346 0156 2456 0147 2347 1257 0267 3567 0248 2358 1458 0368 1378 0578 4678
FAM D=51 ell=11 count=22 nF=17 blocks: 0123 0345 1346 0156 2456 0147 2347 1257 0267 3567 0248 2358 1268 0368 1378 0578 4678
FAM D=51 ell=11 count=22 nF=17 blocks: 0123 0345 1346 0156 2456 0147 2347 1257 0267 3567 0248 1458 1268 0368 1378 0578 4678
FAM D=51 ell=11 count=22 nF=17 blocks: 0123 0345 1346 0156 2456 0147 2347 1257 0267 3567 1248 0258 1358 2368 0468 0378 4578
FAM D=54 ell=11 count=19 nF=18 blocks: 0123 0345 1346 0156 2456 0147 2347 1257 0267 3567 1248 0258 1358 2368 0468 0378 4578 1678
FAM D=51 ell=11 count=22 nF=17 blocks: 0123 0345 1346 0156 2456 0147 2347 1257 0267 3567 1248 0258 1358 2368 0468 0378 1678
FAM D=51 ell=11 count=22 nF=17 blocks: 0123 0345 1346 0156 2456 0147 2347 1257 0267 3567 1248 0258 1358 2368 0468 4578 1678
FAM D=51 ell=11 count=22 nF=17 blocks: 0123 0345 1346 0156 2456 0147 2347 1257 0267 3567 1248 0258 1358 2368 0378 4578 1678
FAM D=51 ell=11 count=22 nF=17 blocks: 0123 0345 1346 0156 2456 0147 2347 1257 0267 3567 1248 0258 1358 0468 0378 4578 1678
FAM D=51 ell=11 count=22 nF=17 blocks: 0123 0345 1346 0156 2456 0147 2347 1257 0267 3567 1248 0258 2368 0468 0378 4578 1678
FAM D=51 ell=11 count=22 nF=17 blocks: 0123 0345 1346 0156 2456 0147 2347 1257 0267 3567 1248 1358 2368 0468 0378 4578 1678
FAM D=51 ell=11 count=22 nF=17 blocks: 0123 0345 1346 0156 2456 0147 2347 1257 0267 3567 0258 1358 2368 0468 0378 4578 1678
FAM D=51 ell=11 count=22 nF=17 blocks: 0123 0345 1346 0156 2456 0147 2347 1257 0267 3567 2358 1458 1268 0368 1378 0578 4678
FAM D=51 ell=11 count=22 nF=17 blocks: 0123 0345 1346 0156 2456 0147 2347 1257 0267 0248 2358 1458 1268 0368 1378 0578 4678
FAM D=51 ell=11 count=22 nF=17 blocks: 0123 0345 1346 0156 2456 0147 2347 1257 0267 1248 0258 1358 2368 0468 0378 4578 1678
FAM D=51 ell=11 count=22 nF=17 blocks: 0123 0345 1346 0156 2456 0147 2347 1257 3567 0248 2358 1458 1268 0368 1378 0578 4678
FAM D=51 ell=11 count=22 nF=17 blocks: 0123 0345 1346 0156 2456 0147 2347 1257 3567 1248 0258 1358 2368 0468 0378 4578 1678
FAM D=51 ell=11 count=22 nF=17 blocks: 0123 0345 1346 0156 2456 0147 2347 0267 3567 0248 2358 1458 1268 0368 1378 0578 4678
FAM D=51 ell=11 count=22 nF=17 blocks: 0123 0345 1346 0156 2456 0147 2347 0267 3567 1248 0258 1358 2368 0468 0378 4578 1678
FAM D=51 ell=11 count=22 nF=17 blocks: 0123 0345 1346 0156 2456 0147 1257 0267 3567 0248 2358 1458 1268 0368 1378 0578 4678
FAM D=51 ell=11 count=22 nF=17 blocks: 0123 0345 1346 0156 2456 0147 1257 0267 3567 1248 0258 1358 2368 0468 0378 4578 1678
FAM D=51 ell=11 count=22 nF=17 blocks: 0123 0345 1346 0156 2456 0247 2357 1457 1267 0367 0148 2348 1258 0268 3568 1378 0578
FAM D=54 ell=11 count=19 nF=18 blocks: 0123 0345 1346 0156 2456 0247 2357 1457 1267 0367 0148 2348 1258 0268 3568 1378 0578 4678
FAM D=51 ell=11 count=22 nF=17 blocks: 0123 0345 1346 0156 2456 0247 2357 1457 1267 0367 0148 2348 1258 0268 3568 1378 4678
FAM D=51 ell=11 count=22 nF=17 blocks: 0123 0345 1346 0156 2456 0247 2357 1457 1267 0367 0148 2348 1258 0268 3568 0578 4678
FAM D=51 ell=11 count=22 nF=17 blocks: 0123 0345 1346 0156 2456 0247 2357 1457 1267 0367 0148 2348 1258 0268 1378 0578 4678
FAM D=51 ell=11 count=22 nF=17 blocks: 0123 0345 1346 0156 2456 0247 2357 1457 1267 0367 0148 2348 1258 3568 1378 0578 4678
FAM D=51 ell=11 count=22 nF=17 blocks: 0123 0345 1346 0156 2456 0247 2357 1457 1267 0367 0148 2348 0268 3568 1378 0578 4678
FAM D=51 ell=11 count=22 nF=17 blocks: 0123 0345 1346 0156 2456 0247 2357 1457 1267 0367 0148 1258 0268 3568 1378 0578 4678
FAM D=51 ell=11 count=22 nF=17 blocks: 0123 0345 1346 0156 2456 0247 2357 1457 1267 0367 1248 0258 1358 2368 0468 0178 3478
FAM D=54 ell=11 count=19 nF=18 blocks: 0123 0345 1346 0156 2456 0247 2357 1457 1267 0367 1248 0258 1358 2368 0468 0178 3478 5678
FAM D=51 ell=11 count=22 nF=17 blocks: 0123 0345 1346 0156 2456 0247 2357 1457 1267 0367 1248 0258 1358 2368 0468 0178 5678
FAM D=51 ell=11 count=22 nF=17 blocks: 0123 0345 1346 0156 2456 0247 2357 1457 1267 0367 1248 0258 1358 2368 0468 3478 5678
FAM D=51 ell=11 count=22 nF=17 blocks: 0123 0345 1346 0156 2456 0247 2357 1457 1267 0367 1248 0258 1358 2368 0178 3478 5678
FAM D=51 ell=11 count=22 nF=17 blocks: 0123 0345 1346 0156 2456 0247 2357 1457 1267 0367 1248 0258 1358 0468 0178 3478 5678
FAM D=51 ell=11 count=22 nF=17 blocks: 0123 0345 1346 0156 2456 0247 2357 1457 1267 0367 1248 0258 2368 0468 0178 3478 5678
FAM D=51 ell=11 count=22 nF=17 blocks: 0123 0345 1346 0156 2456 0247 2357 1457 1267 0367 1248 1358 2368 0468 0178 3478 5678
FAM D=51 ell=11 count=22 nF=17 blocks: 0123 0345 1346 0156 2456 0247 2357 1457 1267 0367 2348 1258 0268 3568 1378 0578 4678
FAM D=51 ell=11 count=22 nF=17 blocks: 0123 0345 1346 0156 2456 0247 2357 1457 1267 0367 0258 1358 2368 0468 0178 3478 5678
FAM D=51 ell=11 count=22 nF=17 blocks: 0123 0345 1346 0156 2456 0247 2357 1457 1267 0148 2348 1258 0268 3568 1378 0578 4678
FAM D=51 ell=11 count=22 nF=17 blocks: 0123 0345 1346 0156 2456 0247 2357 1457 1267 1248 0258 1358 2368 0468 0178 3478 5678
FAM D=51 ell=11 count=22 nF=17 blocks: 0123 0345 1346 0156 2456 0247 2357 1457 0367 0148 2348 1258 0268 3568 1378 0578 4678
FAM D=51 ell=11 count=22 nF=17 blocks: 0123 0345 1346 0156 2456 0247 2357 1457 0367 1248 0258 1358 2368 0468 0178 3478 5678
FAM D=51 ell=11 count=22 nF=17 blocks: 0123 0345 1346 0156 2456 0247 2357 1267 0367 0148 2348 1258 0268 3568 1378 0578 4678
FAM D=51 ell=11 count=22 nF=17 blocks: 0123 0345 1346 0156 2456 0247 2357 1267 0367 1248 0258 1358 2368 0468 0178 3478 5678
FAM D=51 ell=11 count=22 nF=17 blocks: 0123 0345 1346 0156 2456 0247 1457 1267 0367 0148 2348 1258 0268 3568 1378 0578 4678
FAM D=51 ell=11 count=22 nF=17 blocks: 0123 0345 1346 0156 2456 0247 1457 1267 0367 1248 0258 1358 2368 0468 0178 3478 5678
FAM D=51 ell=11 count=22 nF=17 blocks: 0123 0345 1346 0156 2456 1247 0257 1357 2367 0467 0148 2348 1258 0268 3568 0378 4578
FAM D=54 ell=11 count=19 nF=18 blocks: 0123 0345 1346 0156 2456 1247 0257 1357 2367 0467 0148 2348 1258 0268 3568 0378 4578 1678
FAM D=51 ell=11 count=22 nF=17 blocks: 0123 0345 1346 0156 2456 1247 0257 1357 2367 0467 0148 2348 1258 0268 3568 0378 1678
FAM D=51 ell=11 count=22 nF=17 blocks: 0123 0345 1346 0156 2456 1247 0257 1357 2367 0467 0148 2348 1258 0268 3568 4578 1678
FAM D=51 ell=11 count=22 nF=17 blocks: 0123 0345 1346 0156 2456 1247 0257 1357 2367 0467 0148 2348 1258 0268 0378 4578 1678
FAM D=51 ell=11 count=22 nF=17 blocks: 0123 0345 1346 0156 2456 1247 0257 1357 2367 0467 0148 2348 1258 3568 0378 4578 1678
FAM D=51 ell=11 count=22 nF=17 blocks: 0123 0345 1346 0156 2456 1247 0257 1357 2367 0467 0148 2348 0268 3568 0378 4578 1678
FAM D=51 ell=11 count=22 nF=17 blocks: 0123 0345 1346 0156 2456 1247 0257 1357 2367 0467 0148 1258 0268 3568 0378 4578 1678
FAM D=51 ell=11 count=22 nF=17 blocks: 0123 0345 1346 0156 2456 1247 0257 1357 2367 0467 0248 2358 1458 1268 0368 0178 3478
FAM D=54 ell=11 count=19 nF=18 blocks: 0123 0345 1346 0156 2456 1247 0257 1357 2367 0467 0248 2358 1458 1268 0368 0178 3478 5678
FAM D=51 ell=11 count=22 nF=17 blocks: 0123 0345 1346 0156 2456 1247 0257 1357 2367 0467 0248 2358 1458 1268 0368 0178 5678
FAM D=51 ell=11 count=22 nF=17 blocks: 0123 0345 1346 0156 2456 1247 0257 1357 2367 0467 0248 2358 1458 1268 0368 3478 5678
FAM D=51 ell=11 count=22 nF=17 blocks: 0123 0345 1346 0156 2456 1247 0257 1357 2367 0467 0248 2358 1458 1268 0178 3478 5678
FAM D=51 ell=11 count=22 nF=17 blocks: 0123 0345 1346 0156 2456 1247 0257 1357 2367 0467 0248 2358 1458 0368 0178 3478 5678
FAM D=51 ell=11 count=22 nF=17 blocks: 0123 0345 1346 0156 2456 1247 0257 1357 2367 0467 0248 2358 1268 0368 0178 3478 5678
FAM D=51 ell=11 count=22 nF=17 blocks: 0123 0345 1346 0156 2456 1247 0257 1357 2367 0467 0248 1458 1268 0368 0178 3478 5678
FAM D=51 ell=11 count=22 nF=17 blocks: 0123 0345 1346 0156 2456 1247 0257 1357 2367 0467 2348 1258 0268 3568 0378 4578 1678
FAM D=51 ell=11 count=22 nF=17 blocks: 0123 0345 1346 0156 2456 1247 0257 1357 2367 0467 2358 1458 1268 0368 0178 3478 5678
FAM D=51 ell=11 count=22 nF=17 blocks: 0123 0345 1346 0156 2456 1247 0257 1357 2367 0148 2348 1258 0268 3568 0378 4578 1678
FAM D=51 ell=11 count=22 nF=17 blocks: 0123 0345 1346 0156 2456 1247 0257 1357 2367 0248 2358 1458 1268 0368 0178 3478 5678
FAM D=51 ell=11 count=22 nF=17 blocks: 0123 0345 1346 0156 2456 1247 0257 1357 0467 0148 2348 1258 0268 3568 0378 4578 1678
FAM D=51 ell=11 count=22 nF=17 blocks: 0123 0345 1346 0156 2456 1247 0257 1357 0467 0248 2358 1458 1268 0368 0178 3478 5678
FAM D=51 ell=11 count=22 nF=17 blocks: 0123 0345 1346 0156 2456 1247 0257 2367 0467 0148 2348 1258 0268 3568 0378 4578 1678
FAM D=51 ell=11 count=22 nF=17 blocks: 0123 0345 1346 0156 2456 1247 0257 2367 0467 0248 2358 1458 1268 0368 0178 3478 5678
FAM D=51 ell=11 count=22 nF=17 blocks: 0123 0345 1346 0156 2456 1247 1357 2367 0467 0148 2348 1258 0268 3568 0378 4578 1678
FAM D=51 ell=11 count=22 nF=17 blocks: 0123 0345 1346 0156 2456 1247 1357 2367 0467 0248 2358 1458 1268 0368 0178 3478 5678
FAM D=51 ell=11 count=22 nF=17 blocks: 0123 0345 1346 0156 2456 2347 1257 0267 3567 0248 2358 1458 1268 0368 1378 0578 4678
FAM D=51 ell=11 count=22 nF=17 blocks: 0123 0345 1346 0156 2456 2347 1257 0267 3567 1248 0258 1358 2368 0468 0378 4578 1678
FAM D=51 ell=11 count=22 nF=17 blocks: 0123 0345 1346 0156 2456 0257 1357 2367 0467 0148 2348 1258 0268 3568 0378 4578 1678
FAM D=51 ell=11 count=22 nF=17 blocks: 0123 0345 1346 0156 2456 0257 1357 2367 0467 0248 2358 1458 1268 0368 0178 3478 5678
FAM D=51 ell=11 count=22 nF=17 blocks: 0123 0345 1346 0156 2456 2357 1457 1267 0367 0148 2348 1258 0268 3568 1378 0578 4678
FAM D=51 ell=11 count=22 nF=17 blocks: 0123 0345 1346 0156 2456 2357 1457 1267 0367 1248 0258 1358 2368 0468 0178 3478 5678
FAM D=51 ell=11 count=22 nF=17 blocks: 0123 0345 1346 0156 0147 2347 1257 0267 3567 0248 2358 1458 1268 0368 1378 0578 4678
FAM D=51 ell=11 count=22 nF=17 blocks: 0123 0345 1346 0156 0147 2347 1257 0267 3567 1248 0258 1358 2368 0468 0378 4578 1678
FAM D=51 ell=11 count=22 nF=17 blocks: 0123 0345 1346 0156 0247 2357 1457 1267 0367 0148 2348 1258 0268 3568 1378 0578 4678
FAM D=51 ell=11 count=22 nF=17 blocks: 0123 0345 1346 0156 0247 2357 1457 1267 0367 1248 0258 1358 2368 0468 0178 3478 5678
FAM D=51 ell=11 count=22 nF=17 blocks: 0123 0345 1346 0156 1247 0257 1357 2367 0467 0148 2348 1258 0268 3568 0378 4578 1678
FAM D=51 ell=11 count=22 nF=17 blocks: 0123 0345 1346 0156 1247 0257 1357 2367 0467 0248 2358 1458 1268 0368 0178 3478 5678
FAM D=51 ell=11 count=22 nF=17 blocks: 0123 0345 1346 0256 0147 2357 0367 2467 1567 0248 1358 0168 2368 4568 1278 3478 0578
FAM D=51 ell=11 count=22 nF=17 blocks: 0123 0345 1346 0256 0147 2357 0367 2467 1567 2348 0158 1268 0468 3568 0278 1378 4578
FAM D=51 ell=11 count=22 nF=17 blocks: 0123 0345 1346 0256 0247 1357 0167 2367 4567 0148 2358 0368 2468 1568 1278 3478 0578
FAM D=51 ell=11 count=22 nF=17 blocks: 0123 0345 1346 0256 0247 1357 0167 2367 4567 2348 0158 1268 0468 3568 0378 1478 2578
FAM D=51 ell=11 count=22 nF=17 blocks: 0123 0345 1346 0256 2347 0157 1267 0467 3567 0148 2358 0368 2468 1568 0278 1378 4578
FAM D=51 ell=11 count=22 nF=17 blocks: 0123 0345 1346 0256 2347 0157 1267 0467 3567 0248 1358 0168 2368 4568 0378 1478 2578
FAM D=51 ell=11 count=22 nF=17 blocks: 0123 0345 1346 1256 0147 1357 2457 2367 0567 1248 0158 2358 0368 4568 0278 3478 1678
FAM D=51 ell=11 count=22 nF=17 blocks: 0123 0345 1346 1256 0147 1357 2457 2367 0567 2348 0258 1458 0168 3568 1278 0378 4678
FAM D=51 ell=11 count=22 nF=17 blocks: 0123 0345 1346 1256 1247 0157 2357 0367 4567 0148 1358 2458 2368 0568 0278 3478 1678
FAM D=51 ell=11 count=22 nF=17 blocks: 0123 0345 1346 1256 1247 0157 2357 0367 4567 2348 0258 1458 0168 3568 1378 0478 2678
FAM D=51 ell=11 count=22 nF=17 blocks: 0123 0345 1346 1256 2347 0257 1457 0167 3567 0148 1358 2458 2368 0568 1278 0378 4678
FAM D=51 ell=11 count=22 nF=17 blocks: 0123 0345 1346 1256 2347 0257 1457 0167 3567 1248 0158 2358 0368 4568 1378 0478 2678
FAM D=51 ell=11 count=22 nF=17 blocks: 0123 0345 1346 2456 0147 2347 1257 0267 3567 0248 2358 1458 1268 0368 1378 0578 4678
FAM D=51 ell=11 count=22 nF=17 blocks: 0123 0345 1346 2456 0147 2347 1257 0267 3567 1248 0258 1358 2368 0468 0378 4578 1678
FAM D=51 ell=11 count=22 nF=17 blocks: 0123 0345 1346 2456 0247 2357 1457 1267 0367 0148 2348 1258 0268 3568 1378 0578 4678
FAM D=51 ell=11 count=22 nF=17 blocks: 0123 0345 1346 2456 0247 2357 1457 1267 0367 1248 0258 1358 2368 0468 0178 3478 5678
FAM D=51 ell=11 count=22 nF=17 blocks: 0123 0345 1346 2456 1247 0257 1357 2367 0467 0148 2348 1258 0268 3568 0378 4578 1678
FAM D=51 ell=11 count=22 nF=17 blocks: 0123 0345 1346 2456 1247 0257 1357 2367 0467 0248 2358 1458 1268 0368 0178 3478 5678
FAM D=51 ell=11 count=22 nF=17 blocks: 0123 0345 2346 0156 0147 2357 0267 1367 4567 0248 1358 0368 1468 2568 1278 3478 0578
FAM D=51 ell=11 count=22 nF=17 blocks: 0123 0345 2346 0156 0147 2357 0267 1367 4567 1348 0258 1268 0468 3568 0378 2478 1578
FAM D=51 ell=11 count=22 nF=17 blocks: 0123 0345 2346 0156 0247 1357 0367 1467 2567 0148 2358 0268 1368 4568 1278 3478 0578
FAM D=51 ell=11 count=22 nF=17 blocks: 0123 0345 2346 0156 0247 1357 0367 1467 2567 1348 0258 1268 0468 3568 0178 2378 4578
FAM D=51 ell=11 count=22 nF=17 blocks: 0123 0345 2346 0156 1347 0257 1267 0467 3567 0148 2358 0268 1368 4568 0378 2478 1578
FAM D=51 ell=11 count=22 nF=17 blocks: 0123 0345 2346 0156 1347 0257 1267 0467 3567 0248 1358 0368 1468 2568 0178 2378 4578
FAM D=51 ell=11 count=22 nF=17 blocks: 0123 0345 2346 0256 1456 0147 1357 2457 1267 0367 0248 1348 1258 0168 3568 2378 0578
FAM D=54 ell=11 count=19 nF=18 blocks: 0123 0345 2346 0256 1456 0147 1357 2457 1267 0367 0248 1348 1258 0168 3568 2378 0578 4678
FAM D=51 ell=11 count=22 nF=17 blocks: 0123 0345 2346 0256 1456 0147 1357 2457 1267 0367 0248 1348 1258 0168 3568 2378 4678
FAM D=51 ell=11 count=22 nF=17 blocks: 0123 0345 2346 0256 1456 0147 1357 2457 1267 0367 0248 1348 1258 0168 3568 0578 4678
FAM D=51 ell=11 count=22 nF=17 blocks: 0123 0345 2346 0256 1456 0147 1357 2457 1267 0367 0248 1348 1258 0168 2378 0578 4678
FAM D=51 ell=11 count=22 nF=17 blocks: 0123 0345 2346 0256 1456 0147 1357 2457 1267 0367 0248 1348 1258 3568 2378 0578 4678
FAM D=51 ell=11 count=22 nF=17 blocks: 0123 0345 2346 0256 1456 0147 1357 2457 1267 0367 0248 1348 0168 3568 2378 0578 4678
FAM D=51 ell=11 count=22 nF=17 blocks: 0123 0345 2346 0256 1456 0147 1357 2457 1267 0367 0248 1258 0168 3568 2378 0578 4678
FAM D=51 ell=11 count=22 nF=17 blocks: 0123 0345 2346 0256 1456 0147 1357 2457 1267 0367 1248 0158 2358 1368 0468 0278 3478
FAM D=54 ell=11 count=19 nF=18 blocks: 0123 0345 2346 0256 1456 0147 1357 2457 1267 0367 1248 0158 2358 1368 0468 0278 3478 5678
FAM D=51 ell=11 count=22 nF=17 blocks: 0123 0345 2346 0256 1456 0147 1357 2457 1267 0367 1248 0158 2358 1368 0468 0278 5678
FAM D=51 ell=11 count=22 nF=17 blocks: 0123 0345 2346 0256 1456 0147 1357 2457 1267 0367 1248 0158 2358 1368 0468 3478 5678
FAM D=51 ell=11 count=22 nF=17 blocks: 0123 0345 2346 0256 1456 0147 1357 2457 1267 0367 1248 0158 2358 1368 0278 3478 5678
FAM D=51 ell=11 count=22 nF=17 blocks: 0123 0345 2346 0256 1456 0147 1357 2457 1267 0367 1248 0158 2358 0468 0278 3478 5678
FAM D=51 ell=11 count=22 nF=17 blocks: 0123 0345 2346 0256 1456 0147 1357 2457 1267 0367 1248 0158 1368 0468 0278 3478 5678
FAM D=51 ell=11 count=22 nF=17 blocks: 0123 0345 2346 0256 1456 0147 1357 2457 1267 0367 1248 2358 1368 0468 0278 3478 5678
FAM D=51 ell=11 count=22 nF=17 blocks: 0123 0345 2346 0256 1456 0147 1357 2457 1267 0367 1348 1258 0168 3568 2378 0578 4678
FAM D=51 ell=11 count=22 nF=17 blocks: 0123 0345 2346 0256 1456 0147 1357 2457 1267 0367 0158 2358 1368 0468 0278 3478 5678
FAM D=51 ell=11 count=22 nF=17 blocks: 0123 0345 2346 0256 1456 0147 1357 2457 1267 0248 1348 1258 0168 3568 2378 0578 4678
FAM D=51 ell=11 count=22 nF=17 blocks: 0123 0345 2346 0256 1456 0147 1357 2457 1267 1248 0158 2358 1368 0468 0278 3478 5678
FAM D=51 ell=11 count=22 nF=17 blocks: 0123 0345 2346 0256 1456 0147 1357 2457 0367 0248 1348 1258 0168 3568 2378 0578 4678
FAM D=51 ell=11 count=22 nF=17 blocks: 0123 0345 2346 0256 1456 0147 1357 2457 0367 1248 0158 2358 1368 0468 0278 3478 5678
FAM D=51 ell=11 count=22 nF=17 blocks: 0123 0345 2346 0256 1456 0147 1357 1267 0367 0248 1348 1258 0168 3568 2378 0578 4678
FAM D=51 ell=11 count=22 nF=17 blocks: 0123 0345 2346 0256 1456 0147 1357 1267 0367 1248 0158 2358 1368 0468 0278 3478 5678
FAM D=51 ell=11 count=22 nF=17 blocks: 0123 0345 2346 0256 1456 0147 2457 1267 0367 0248 1348 1258 0168 3568 2378 0578 4678
FAM D=51 ell=11 count=22 nF=17 blocks: 0123 0345 2346 0256 1456 0147 2457 1267 0367 1248 0158 2358 1368 0468 0278 3478 5678
FAM D=51 ell=11 count=22 nF=17 blocks: 0123 0345 2346 0256 1456 0247 1347 1257 0167 3567 0148 1358 2458 1268 0368 2378 0578
FAM D=54 ell=11 count=19 nF=18 blocks: 0123 0345 2346 0256 1456 0247 1347 1257 0167 3567 0148 1358 2458 1268 0368 2378 0578 4678
FAM D=51 ell=11 count=22 nF=17 blocks: 0123 0345 2346 0256 1456 0247 1347 1257 0167 3567 0148 1358 2458 1268 0368 2378 4678
FAM D=51 ell=11 count=22 nF=17 blocks: 0123 0345 2346 0256 1456 0247 1347 1257 0167 3567 0148 1358 2458 1268 0368 0578 4678
FAM D=51 ell=11 count=22 nF=17 blocks: 0123 0345 2346 0256 1456 0247 1347 1257 0167 3567 0148 1358 2458 1268 2378 0578 4678
FAM D=51 ell=11 count=22 nF=17 blocks: 0123 0345 2346 0256 1456 0247 1347 1257 0167 3567 0148 1358 2458 0368 2378 0578 4678
FAM D=51 ell=11 count=22 nF=17 blocks: 0123 0345 2346 0256 1456 0247 1347 1257 0167 3567 0148 1358 1268 0368 2378 0578 4678
FAM D=51 ell=11 count=22 nF=17 blocks: 0123 0345 2346 0256 1456 0247 1347 1257 0167 3567 0148 2458 1268 0368 2378 0578 4678
FAM D=51 ell=11 count=22 nF=17 blocks: 0123 0345 2346 0256 1456 0247 1347 1257 0167 3567 1248 0158 2358 1368 0468 0378 4578
FAM D=54 ell=11 count=19 nF=18 blocks: 0123 0345 2346 0256 1456 0247 1347 1257 0167 3567 1248 0158 2358 1368 0468 0378 4578 2678
FAM D=51 ell=11 count=22 nF=17 blocks: 0123 0345 2346 0256 1456 0247 1347 1257 0167 3567 1248 0158 2358 1368 0468 0378 2678
FAM D=51 ell=11 count=22 nF=17 blocks: 0123 0345 2346 0256 1456 0247 1347 1257 0167 3567 1248 0158 2358 1368 0468 4578 2678
FAM D=51 ell=11 count=22 nF=17 blocks: 0123 0345 2346 0256 1456 0247 1347 1257 0167 3567 1248 0158 2358 1368 0378 4578 2678
FAM D=51 ell=11 count=22 nF=17 blocks: 0123 0345 2346 0256 1456 0247 1347 1257 0167 3567 1248 0158 2358 0468 0378 4578 2678
FAM D=51 ell=11 count=22 nF=17 blocks: 0123 0345 2346 0256 1456 0247 1347 1257 0167 3567 1248 0158 1368 0468 0378 4578 2678
FAM D=51 ell=11 count=22 nF=17 blocks: 0123 0345 2346 0256 1456 0247 1347 1257 0167 3567 1248 2358 1368 0468 0378 4578 2678
FAM D=51 ell=11 count=22 nF=17 blocks: 0123 0345 2346 0256 1456 0247 1347 1257 0167 3567 0158 2358 1368 0468 0378 4578 2678
FAM D=51 ell=11 count=22 nF=17 blocks: 0123 0345 2346 0256 1456 0247 1347 1257 0167 3567 1358 2458 1268 0368 2378 0578 4678
FAM D=51 ell=11 count=22 nF=17 blocks: 0123 0345 2346 0256 1456 0247 1347 1257 0167 0148 1358 2458 1268 0368 2378 0578 4678
FAM D=51 ell=11 count=22 nF=17 blocks: 0123 0345 2346 0256 1456 0247 1347 1257 0167 1248 0158 2358 1368 0468 0378 4578 2678
FAM D=51 ell=11 count=22 nF=17 blocks: 0123 0345 2346 0256 1456 0247 1347 1257 3567 0148 1358 2458 1268 0368 2378 0578 4678
FAM D=51 ell=11 count=22 nF=17 blocks: 0123 0345 2346 0256 1456 0247 1347 1257 3567 1248 0158 2358 1368 0468 0378 4578 2678
FAM D=51 ell=11 count=22 nF=17 blocks: 0123 0345 2346 0256 1456 0247 1347 0167 3567 0148 1358 2458 1268 0368 2378 0578 4678
FAM D=51 ell=11 count=22 nF=17 blocks: 0123 0345 2346 0256 1456 0247 1347 0167 3567 1248 0158 2358 1368 0468 0378 4578 2678
FAM D=51 ell=11 count=22 nF=17 blocks: 0123 0345 2346 0256 1456 0247 1257 0167 3567 0148 1358 2458 1268 0368 2378 0578 4678
FAM D=51 ell=11 count=22 nF=17 blocks: 0123 0345 2346 0256 1456 0247 1257 0167 3567 1248 0158 2358 1368 0468 0378 4578 2678
FAM D=51 ell=11 count=22 nF=17 blocks: 0123 0345 2346 0256 1456 1247 0157 2357 1367 0467 0148 1358 2458 1268 0368 0278 3478
FAM D=54 ell=11 count=19 nF=18 blocks: 0123 0345 2346 0256 1456 1247 0157 2357 1367 0467 0148 1358 2458 1268 0368 0278 3478 5678
FAM D=51 ell=11 count=22 nF=17 blocks: 0123 0345 2346 0256 1456 1247 0157 2357 1367 0467 0148 1358 2458 1268 0368 0278 5678
FAM D=51 ell=11 count=22 nF=17 blocks: 0123 0345 2346 0256 1456 1247 0157 2357 1367 0467 0148 1358 2458 1268 0368 3478 5678
FAM D=51 ell=11 count=22 nF=17 blocks: 0123 0345 2346 0256 1456 1247 0157 2357 1367 0467 0148 1358 2458 1268 0278 3478 5678
FAM D=51 ell=11 count=22 nF=17 blocks: 0123 0345 2346 0256 1456 1247 0157 2357 1367 0467 0148 1358 2458 0368 0278 3478 5678
FAM D=51 ell=11 count=22 nF=17 blocks: 0123 0345 2346 0256 1456 1247 0157 2357 1367 0467 0148 1358 1268 0368 0278 3478 5678
FAM D=51 ell=11 count=22 nF=17 blocks: 0123 0345 2346 0256 1456 1247 0157 2357 1367 0467 0148 2458 1268 0368 0278 3478 5678
FAM D=51 ell=11 count=22 nF=17 blocks: 0123 0345 2346 0256 1456 1247 0157 2357 1367 0467 0248 1348 1258 0168 3568 0378 4578
FAM D=54 ell=11 count=19 nF=18 blocks: 0123 0345 2346 0256 1456 1247 0157 2357 1367 0467 0248 1348 1258 0168 3568 0378 4578 2678
FAM D=51 ell=11 count=22 nF=17 blocks: 0123 0345 2346 0256 1456 1247 0157 2357 1367 0467 0248 1348 1258 0168 3568 0378 2678
FAM D=51 ell=11 count=22 nF=17 blocks: 0123 0345 2346 0256 1456 1247 0157 2357 1367 0467 0248 1348 1258 0168 3568 4578 2678
FAM D=51 ell=11 count=22 nF=17 blocks: 0123 0345 2346 0256 1456 1247 0157 2357 1367 0467 0248 1348 1258 0168 0378 4578 2678
FAM D=51 ell=11 count=22 nF=17 blocks: 0123 0345 2346 0256 1456 1247 0157 2357 1367 0467 0248 1348 1258 3568 0378 4578 2678
FAM D=51 ell=11 count=22 nF=17 blocks: 0123 0345 2346 0256 1456 1247 0157 2357 1367 0467 0248 1348 0168 3568 0378 4578 2678
FAM D=51 ell=11 count=22 nF=17 blocks: 0123 0345 2346 0256 1456 1247 0157 2357 1367 0467 0248 1258 0168 3568 0378 4578 2678
FAM D=51 ell=11 count=22 nF=17 blocks: 0123 0345 2346 0256 1456 1247 0157 2357 1367 0467 1348 1258 0168 3568 0378 4578 2678
FAM D=51 ell=11 count=22 nF=17 blocks: 0123 0345 2346 0256 1456 1247 0157 2357 1367 0467 1358 2458 1268 0368 0278 3478 5678
FAM D=51 ell=11 count=22 nF=17 blocks: 0123 0345 2346 0256 1456 1247 0157 2357 1367 0148 1358 2458 1268 0368 0278 3478 5678
FAM D=51 ell=11 count=22 nF=17 blocks: 0123 0345 2346 0256 1456 1247 0157 2357 1367 0248 1348 1258 0168 3568 0378 4578 2678
FAM D=51 ell=11 count=22 nF=17 blocks: 0123 0345 2346 0256 1456 1247 0157 2357 0467 0148 1358 2458 1268 0368 0278 3478 5678
FAM D=51 ell=11 count=22 nF=17 blocks: 0123 0345 2346 0256 1456 1247 0157 2357 0467 0248 1348 1258 0168 3568 0378 4578 2678
FAM D=51 ell=11 count=22 nF=17 blocks: 0123 0345 2346 0256 1456 1247 0157 1367 0467 0148 1358 2458 1268 0368 0278 3478 5678
FAM D=51 ell=11 count=22 nF=17 blocks: 0123 0345 2346 0256 1456 1247 0157 1367 0467 0248 1348 1258 0168 3568 0378 4578 2678
FAM D=51 ell=11 count=22 nF=17 blocks: 0123 0345 2346 0256 1456 1247 2357 1367 0467 0148 1358 2458 1268 0368 0278 3478 5678
FAM D=51 ell=11 count=22 nF=17 blocks: 0123 0345 2346 0256 1456 1247 2357 1367 0467 0248 1348 1258 0168 3568 0378 4578 2678
FAM D=51 ell=11 count=22 nF=17 blocks: 0123 0345 2346 0256 1456 1347 1257 0167 3567 0148 1358 2458 1268 0368 2378 0578 4678
FAM D=51 ell=11 count=22 nF=17 blocks: 0123 0345 2346 0256 1456 1347 1257 0167 3567 1248 0158 2358 1368 0468 0378 4578 2678
FAM D=51 ell=11 count=22 nF=17 blocks: 0123 0345 2346 0256 1456 0157 2357 1367 0467 0148 1358 2458 1268 0368 0278 3478 5678
FAM D=51 ell=11 count=22 nF=17 blocks: 0123 0345 2346 0256 1456 0157 2357 1367 0467 0248 1348 1258 0168 3568 0378 4578 2678
FAM D=51 ell=11 count=22 nF=17 blocks: 0123 0345 2346 0256 1456 1357 2457 1267 0367 0248 1348 1258 0168 3568 2378 0578 4678
FAM D=51 ell=11 count=22 nF=17 blocks: 0123 0345 2346 0256 1456 1357 2457 1267 0367 1248 0158 2358 1368 0468 0278 3478 5678
FAM D=51 ell=11 count=22 nF=17 blocks: 0123 0345 2346 0256 0147 1357 2457 1267 0367 0248 1348 1258 0168 3568 2378 0578 4678
FAM D=51 ell=11 count=22 nF=17 blocks: 0123 0345 2346 0256 0147 1357 2457 1267 0367 1248 0158 2358 1368 0468 0278 3478 5678
FAM D=51 ell=11 count=22 nF=17 blocks: 0123 0345 2346 0256 0247 1347 1257 0167 3567 0148 1358 2458 1268 0368 2378 0578 4678
FAM D=51 ell=11 count=22 nF=17 blocks: 0123 0345 2346 0256 0247 1347 1257 0167 3567 1248 0158 2358 1368 0468 0378 4578 2678
FAM D=51 ell=11 count=22 nF=17 blocks: 0123 0345 2346 0256 1247 0157 2357 1367 0467 0148 1358 2458 1268 0368 0278 3478 5678
FAM D=51 ell=11 count=22 nF=17 blocks: 0123 0345 2346 0256 1247 0157 2357 1367 0467 0248 1348 1258 0168 3568 0378 4578 2678
FAM D=51 ell=11 count=22 nF=17 blocks: 0123 0345 2346 1256 0247 2357 1457 1367 0567 1248 0258 1358 0368 4568 0178 3478 2678
FAM D=51 ell=11 count=22 nF=17 blocks: 0123 0345 2346 1256 0247 2357 1457 1367 0567 1348 0158 2458 0268 3568 1278 0378 4678
FAM D=51 ell=11 count=22 nF=17 blocks: 0123 0345 2346 1256 1247 0257 1357 0367 4567 0248 2358 1458 1368 0568 0178 3478 2678
FAM D=51 ell=11 count=22 nF=17 blocks: 0123 0345 2346 1256 1247 0257 1357 0367 4567 1348 0158 2458 0268 3568 2378 0478 1678
FAM D=51 ell=11 count=22 nF=17 blocks: 0123 0345 2346 1256 1347 0157 2457 0267 3567 0248 2358 1458 1368 0568 1278 0378 4678
FAM D=51 ell=11 count=22 nF=17 blocks: 0123 0345 2346 1256 1347 0157 2457 0267 3567 1248 0258 1358 0368 4568 2378 0478 1678
FAM D=51 ell=11 count=22 nF=17 blocks: 0123 0345 2346 1456 0147 1357 2457 1267 0367 0248 1348 1258 0168 3568 2378 0578 4678
FAM D=51 ell=11 count=22 nF=17 blocks: 0123 0345 2346 1456 0147 1357 2457 1267 0367 1248 0158 2358 1368 0468 0278 3478 5678
FAM D=51 ell=11 count=22 nF=17 blocks: 0123 0345 2346 1456 0247 1347 1257 0167 3567 0148 1358 2458 1268 0368 2378 0578 4678
FAM D=51 ell=11 count=22 nF=17 blocks: 0123 0345 2346 1456 0247 1347 1257 0167 3567 1248 0158 2358 1368 0468 0378 4578 2678
FAM D=51 ell=11 count=22 nF=17 blocks: 0123 0345 2346 1456 1247 0157 2357 1367 0467 0148 1358 2458 1268 0368 0278 3478 5678
FAM D=51 ell=11 count=22 nF=17 blocks: 0123 0345 2346 1456 1247 0157 2357 1367 0467 0248 1348 1258 0168 3568 0378 4578 2678
FAM D=51 ell=11 count=22 nF=17 blocks: 0123 0345 0156 2356 0147 1357 2457 0267 3467 0248 1348 1258 0368 4568 2378 0578 1678
FAM D=51 ell=11 count=22 nF=17 blocks: 0123 0345 0156 2356 0147 1357 2457 0267 3467 2348 0258 1458 1368 0468 1278 0378 5678
FAM D=51 ell=11 count=22 nF=17 blocks: 0123 0345 0156 2356 0247 1347 1257 0367 4567 0148 1358 2458 0268 3468 2378 0578 1678
FAM D=51 ell=11 count=22 nF=17 blocks: 0123 0345 0156 2356 0247 1347 1257 0367 4567 2348 0258 1458 1368 0468 0178 3578 2678
FAM D=51 ell=11 count=22 nF=17 blocks: 0123 0345 0156 2356 2347 0257 1457 1367 0467 0148 1358 2458 0268 3468 1278 0378 5678
FAM D=51 ell=11 count=22 nF=17 blocks: 0123 0345 0156 2356 2347 0257 1457 1367 0467 0248 1348 1258 0368 4568 0178 3578 2678
FAM D=51 ell=11 count=22 nF=17 blocks: 0123 0345 0156 2456 0147 2347 1257 0267 3567 0248 2358 1458 1268 0368 1378 0578 4678
FAM D=51 ell=11 count=22 nF=17 blocks: 0123 0345 0156 2456 0147 2347 1257 0267 3567 1248 0258 1358 2368 0468 0378 4578 1678
FAM D=51 ell=11 count=22 nF=17 blocks: 0123 0345 0156 2456 0247 2357 1457 1267 0367 0148 2348 1258 0268 3568 1378 0578 4678
FAM D=51 ell=11 count=22 nF=17 blocks: 0123 0345 0156 2456 0247 2357 1457 1267 0367 1248 0258 1358 2368 0468 0178 3478 5678
FAM D=51 ell=11 count=22 nF=17 blocks: 0123 0345 0156 2456 1247 0257 1357 2367 0467 0148 2348 1258 0268 3568 0378 4578 1678
FAM D=51 ell=11 count=22 nF=17 blocks: 0123 0345 0156 2456 1247 0257 1357 2367 0467 0248 2358 1458 1268 0368 0178 3478 5678
FAM D=51 ell=11 count=22 nF=17 blocks: 0123 0345 0256 1356 0147 2347 1257 0367 4567 0248 2358 1458 0168 3468 1378 0578 2678
FAM D=51 ell=11 count=22 nF=17 blocks: 0123 0345 0256 1356 0147 2347 1257 0367 4567 1348 0158 2458 2368 0468 0278 3578 1678
FAM D=51 ell=11 count=22 nF=17 blocks: 0123 0345 0256 1356 0247 2357 1457 0167 3467 0148 2348 1258 0368 4568 1378 0578 2678
FAM D=51 ell=11 count=22 nF=17 blocks: 0123 0345 0256 1356 0247 2357 1457 0167 3467 1348 0158 2458 2368 0468 1278 0378 5678
FAM D=51 ell=11 count=22 nF=17 blocks: 0123 0345 0256 1356 1347 0157 2457 2367 0467 0148 2348 1258 0368 4568 0278 3578 1678
FAM D=51 ell=11 count=22 nF=17 blocks: 0123 0345 0256 1356 1347 0157 2457 2367 0467 0248 2358 1458 0168 3468 1278 0378 5678
FAM D=51 ell=11 count=22 nF=17 blocks: 0123 0345 0256 1456 0147 1357 2457 1267 0367 0248 1348 1258 0168 3568 2378 0578 4678
FAM D=51 ell=11 count=22 nF=17 blocks: 0123 0345 0256 1456 0147 1357 2457 1267 0367 1248 0158 2358 1368 0468 0278 3478 5678
FAM D=51 ell=11 count=22 nF=17 blocks: 0123 0345 0256 1456 0247 1347 1257 0167 3567 0148 1358 2458 1268 0368 2378 0578 4678
FAM D=51 ell=11 count=22 nF=17 blocks: 0123 0345 0256 1456 0247 1347 1257 0167 3567 1248 0158 2358 1368 0468 0378 4578 2678
FAM D=51 ell=11 count=22 nF=17 blocks: 0123 0345 0256 1456 1247 0157 2357 1367 0467 0148 1358 2458 1268 0368 0278 3478 5678
FAM D=51 ell=11 count=22 nF=17 blocks: 0123 0345 0256 1456 1247 0157 2357 1367 0467 0248 1348 1258 0168 3568 0378 4578 2678
FAM D=51 ell=11 count=22 nF=17 blocks: 0123 0345 1356 2456 0247 1347 1257 2367 0567 1248 0158 2358 0268 3468 0378 4578 1678
FAM D=51 ell=11 count=22 nF=17 blocks: 0123 0345 1356 2456 0247 1347 1257 2367 0567 2348 0258 1458 1268 0368 0178 3578 4678
FAM D=51 ell=11 count=22 nF=17 blocks: 0123 0345 1356 2456 1247 0157 2357 0267 3467 0248 1348 1258 2368 0568 0378 4578 1678
FAM D=51 ell=11 count=22 nF=17 blocks: 0123 0345 1356 2456 1247 0157 2357 0267 3467 2348 0258 1458 1268 0368 1378 0478 5678
FAM D=51 ell=11 count=22 nF=17 blocks: 0123 0345 1356 2456 2347 0257 1457 1267 0367 0248 1348 1258 2368 0568 0178 3578 4678
FAM D=51 ell=11 count=22 nF=17 blocks: 0123 0345 1356 2456 2347 0257 1457 1267 0367 1248 0158 2358 0268 3468 1378 0478 5678
FAM D=51 ell=11 count=22 nF=17 blocks: 0123 0345 2356 1456 0147 2347 1257 1367 0567 1248 0258 1358 0168 3468 0378 4578 2678
FAM D=51 ell=11 count=22 nF=17 blocks: 0123 0345 2356 1456 0147 2347 1257 1367 0567 1348 0158 2458 1268 0368 0278 3578 4678
FAM D=51 ell=11 count=22 nF=17 blocks: 0123 0345 2356 1456 1247 0257 1357 0167 3467 0148 2348 1258 1368 0568 0378 4578 2678
FAM D=51 ell=11 count=22 nF=17 blocks: 0123 0345 2356 1456 1247 0257 1357 0167 3467 1348 0158 2458 1268 0368 2378 0478 5678
FAM D=51 ell=11 count=22 nF=17 blocks: 0123 0345 2356 1456 1347 0157 2457 1267 0367 0148 2348 1258 1368 0568 0278 3578 4678
FAM D=51 ell=11 count=22 nF=17 blocks: 0123 0345 2356 1456 1347 0157 2457 1267 0367 1248 0258 1358 0168 3468 2378 0478 5678
FAM D=51 ell=11 count=22 nF=17 blocks: 0123 1345 0146 2346 0256 0247 1257 0357 1367 4567 1248 2358 0458 0368 1568 0178 3478
FAM D=54 ell=11 count=19 nF=18 blocks: 0123 1345 0146 2346 0256 0247 1257 0357 1367 4567 1248 2358 0458 0368 1568 0178 3478 2678
FAM D=51 ell=11 count=22 nF=17 blocks: 0123 1345 0146 2346 0256 0247 1257 0357 1367 4567 1248 2358 0458 0368 1568 0178 2678
FAM D=51 ell=11 count=22 nF=17 blocks: 0123 1345 0146 2346 0256 0247 1257 0357 1367 4567 1248 2358 0458 0368 1568 3478 2678
FAM D=51 ell=11 count=22 nF=17 blocks: 0123 1345 0146 2346 0256 0247 1257 0357 1367 4567 1248 2358 0458 0368 0178 3478 2678
FAM D=51 ell=11 count=22 nF=17 blocks: 0123 1345 0146 2346 0256 0247 1257 0357 1367 4567 1248 2358 0458 1568 0178 3478 2678
FAM D=51 ell=11 count=22 nF=17 blocks: 0123 1345 0146 2346 0256 0247 1257 0357 1367 4567 1248 2358 0368 1568 0178 3478 2678
FAM D=51 ell=11 count=22 nF=17 blocks: 0123 1345 0146 2346 0256 0247 1257 0357 1367 4567 1248 0458 0368 1568 0178 3478 2678
FAM D=51 ell=11 count=22 nF=17 blocks: 0123 1345 0146 2346 0256 0247 1257 0357 1367 4567 0348 0158 2458 1268 3568 2378 1478
FAM D=54 ell=11 count=19 nF=18 blocks: 0123 1345 0146 2346 0256 0247 1257 0357 1367 4567 0348 0158 2458 1268 3568 2378 1478 0678
FAM D=51 ell=11 count=22 nF=17 blocks: 0123 1345 0146 2346 0256 0247 1257 0357 1367 4567 0348 0158 2458 1268 3568 2378 0678
FAM D=51 ell=11 count=22 nF=17 blocks: 0123 1345 0146 2346 0256 0247 1257 0357 1367 4567 0348 0158 2458 1268 3568 1478 0678
FAM D=51 ell=11 count=22 nF=17 blocks: 0123 1345 0146 2346 0256 0247 1257 0357 1367 4567 0348 0158 2458 1268 2378 1478 0678
FAM D=51 ell=11 count=22 nF=17 blocks: 0123 1345 0146 2346 0256 0247 1257 0357 1367 4567 0348 0158 2458 3568 2378 1478 0678
FAM D=51 ell=11 count=22 nF=17 blocks: 0123 1345 0146 2346 0256 0247 1257 0357 1367 4567 0348 0158 1268 3568 2378 1478 0678
FAM D=51 ell=11 count=22 nF=17 blocks: 0123 1345 0146 2346 0256 0247 1257 0357 1367 4567 0348 2458 1268 3568 2378 1478 0678
FAM D=51 ell=11 count=22 nF=17 blocks: 0123 1345 0146 2346 0256 0247 1257 0357 1367 4567 0158 2458 1268 3568 2378 1478 0678
FAM D=51 ell=11 count=22 nF=17 blocks: 0123 1345 0146 2346 0256 0247 1257 0357 1367 4567 2358 0458 0368 1568 0178 3478 2678
FAM D=51 ell=11 count=22 nF=17 blocks: 0123 1345 0146 2346 0256 0247 1257 0357 1367 1248 2358 0458 0368 1568 0178 3478 2678
FAM D=51 ell=11 count=22 nF=17 blocks: 0123 1345 0146 2346 0256 0247 1257 0357 1367 0348 0158 2458 1268 3568 2378 1478 0678
FAM D=51 ell=11 count=22 nF=17 blocks: 0123 1345 0146 2346 0256 0247 1257 0357 4567 1248 2358 0458 0368 1568 0178 3478 2678
FAM D=51 ell=11 count=22 nF=17 blocks: 0123 1345 0146 2346 0256 0247 1257 0357 4567 0348 0158 2458 1268 3568 2378 1478 0678
FAM D=51 ell=11 count=22 nF=17 blocks: 0123 1345 0146 2346 0256 0247 1257 1367 4567 1248 2358 0458 0368 1568 0178 3478 2678
FAM D=51 ell=11 count=22 nF=17 blocks: 0123 1345 0146 2346 0256 0247 1257 1367 4567 0348 0158 2458 1268 3568 2378 1478 0678
FAM D=51 ell=11 count=22 nF=17 blocks: 0123 1345 0146 2346 0256 0247 0357 1367 4567 1248 2358 0458 0368 1568 0178 3478 2678
FAM D=51 ell=11 count=22 nF=17 blocks: 0123 1345 0146 2346 0256 0247 0357 1367 4567 0348 0158 2458 1268 3568 2378 1478 0678
FAM D=51 ell=11 count=22 nF=17 blocks: 0123 1345 0146 2346 0256 1247 2357 0457 0367 1567 0248 1258 0358 1368 4568 0178 3478
FAM D=54 ell=11 count=19 nF=18 blocks: 0123 1345 0146 2346 0256 1247 2357 0457 0367 1567 0248 1258 0358 1368 4568 0178 3478 2678
FAM D=51 ell=11 count=22 nF=17 blocks: 0123 1345 0146 2346 0256 1247 2357 0457 0367 1567 0248 1258 0358 1368 4568 0178 2678
FAM D=51 ell=11 count=22 nF=17 blocks: 0123 1345 0146 2346 0256 1247 2357 0457 0367 1567 0248 1258 0358 1368 4568 3478 2678
FAM D=51 ell=11 count=22 nF=17 blocks: 0123 1345 0146 2346 0256 1247 2357 0457 0367 1567 0248 1258 0358 1368 0178 3478 2678
FAM D=51 ell=11 count=22 nF=17 blocks: 0123 1345 0146 2346 0256 1247 2357 0457 0367 1567 0248 1258 0358 4568 0178 3478 2678
FAM D=51 ell=11 count=22 nF=17 blocks: 0123 1345 0146 2346 0256 1247 2357 0457 0367 1567 0248 1258 1368 4568 0178 3478 2678
FAM D=51 ell=11 count=22 nF=17 blocks: 0123 1345 0146 2346 0256 1247 2357 0457 0367 1567 0248 0358 1368 4568 0178 3478 2678
FAM D=51 ell=11 count=22 nF=17 blocks: 0123 1345 0146 2346 0256 1247 2357 0457 0367 1567 0348 0158 2458 1268 3568 0278 1378
FAM D=54 ell=11 count=19 nF=18 blocks: 0123 1345 0146 2346 0256 1247 2357 0457 0367 1567 0348 0158 2458 1268 3568 0278 1378 4678
FAM D=51 ell=11 count=22 nF=17 blocks: 0123 1345 0146 2346 0256 1247 2357 0457 0367 1567 0348 0158 2458 1268 3568 0278 4678
FAM D=51 ell=11 count=22 nF=17 blocks: 0123 1345 0146 2346 0256 1247 2357 0457 0367 1567 0348 0158 2458 1268 3568 1378 4678
FAM D=51 ell=11 count=22 nF=17 blocks: 0123 1345 0146 2346 0256 1247 2357 0457 0367 1567 0348 0158 2458 1268 0278 1378 4678
FAM D=51 ell=11 count=22 nF=17 blocks: 0123 1345 0146 2346 0256 1247 2357 0457 0367 1567 0348 0158 2458 3568 0278 1378 4678
FAM D=51 ell=11 count=22 nF=17 blocks: 0123 1345 0146 2346 0256 1247 2357 0457 0367 1567 0348 0158 1268 3568 0278 1378 4678
FAM D=51 ell=11 count=22 nF=17 blocks: 0123 1345 0146 2346 0256 1247 2357 0457 0367 1567 0348 2458 1268 3568 0278 1378 4678
FAM D=51 ell=11 count=22 nF=17 blocks: 0123 1345 0146 2346 0256 1247 2357 0457 0367 1567 0158 2458 1268 3568 0278 1378 4678
FAM D=51 ell=11 count=22 nF=17 blocks: 0123 1345 0146 2346 0256 1247 2357 0457 0367 1567 1258 0358 1368 4568 0178 3478 2678
FAM D=51 ell=11 count=22 nF=17 blocks: 0123 1345 0146 2346 0256 1247 2357 0457 0367 0248 1258 0358 1368 4568 0178 3478 2678
FAM D=51 ell=11 count=22 nF=17 blocks: 0123 1345 0146 2346 0256 1247 2357 0457 0367 0348 0158 2458 1268 3568 0278 1378 4678
FAM D=51 ell=11 count=22 nF=17 blocks: 0123 1345 0146 2346 0256 1247 2357 0457 1567 0248 1258 0358 1368 4568 0178 3478 2678
FAM D=51 ell=11 count=22 nF=17 blocks: 0123 1345 0146 2346 0256 1247 2357 0457 1567 0348 0158 2458 1268 3568 0278 1378 4678
FAM D=51 ell=11 count=22 nF=17 blocks: 0123 1345 0146 2346 0256 1247 2357 0367 1567 0248 1258 0358 1368 4568 0178 3478 2678
FAM D=51 ell=11 count=22 nF=17 blocks: 0123 1345 0146 2346 0256 1247 2357 0367 1567 0348 0158 2458 1268 3568 0278 1378 4678
FAM D=51 ell=11 count=22 nF=17 blocks: 0123 1345 0146 2346 0256 1247 0457 0367 1567 0248 1258 0358 1368 4568 0178 3478 2678
FAM D=51 ell=11 count=22 nF=17 blocks: 0123 1345 0146 2346 0256 1247 0457 0367 1567 0348 0158 2458 1268 3568 0278 1378 4678
FAM D=51 ell=11 count=22 nF=17 blocks: 0123 1345 0146 2346 0256 0347 0157 2457 1267 3567 0248 1258 0358 1368 4568 2378 1478
FAM D=54 ell=11 count=19 nF=18 blocks: 0123 1345 0146 2346 0256 0347 0157 2457 1267 3567 0248 1258 0358 1368 4568 2378 1478 0678
FAM D=51 ell=11 count=22 nF=17 blocks: 0123 1345 0146 2346 0256 0347 0157 2457 1267 3567 0248 1258 0358 1368 4568 2378 0678
FAM D=51 ell=11 count=22 nF=17 blocks: 0123 1345 0146 2346 0256 0347 0157 2457 1267 3567 0248 1258 0358 1368 4568 1478 0678
FAM D=51 ell=11 count=22 nF=17 blocks: 0123 1345 0146 2346 0256 0347 0157 2457 1267 3567 0248 1258 0358 1368 2378 1478 0678
FAM D=51 ell=11 count=22 nF=17 blocks: 0123 1345 0146 2346 0256 0347 0157 2457 1267 3567 0248 1258 0358 4568 2378 1478 0678
FAM D=51 ell=11 count=22 nF=17 blocks: 0123 1345 0146 2346 0256 0347 0157 2457 1267 3567 0248 1258 1368 4568 2378 1478 0678
FAM D=51 ell=11 count=22 nF=17 blocks: 0123 1345 0146 2346 0256 0347 0157 2457 1267 3567 0248 0358 1368 4568 2378 1478 0678
FAM D=51 ell=11 count=22 nF=17 blocks: 0123 1345 0146 2346 0256 0347 0157 2457 1267 3567 1248 2358 0458 0368 1568 0278 1378
FAM D=54 ell=11 count=19 nF=18 blocks: 0123 1345 0146 2346 0256 0347 0157 2457 1267 3567 1248 2358 0458 0368 1568 0278 1378 4678
FAM D=51 ell=11 count=22 nF=17 blocks: 0123 1345 0146 2346 0256 0347 0157 2457 1267 3567 1248 2358 0458 0368 1568 0278 4678
FAM D=51 ell=11 count=22 nF=17 blocks: 0123 1345 0146 2346 0256 0347 0157 2457 1267 3567 1248 2358 0458 0368 1568 1378 4678
FAM D=51 ell=11 count=22 nF=17 blocks: 0123 1345 0146 2346 0256 0347 0157 2457 1267 3567 1248 2358 0458 0368 0278 1378 4678
FAM D=51 ell=11 count=22 nF=17 blocks: 0123 1345 0146 2346 0256 0347 0157 2457 1267 3567 1248 2358 0458 1568 0278 1378 4678
FAM D=51 ell=11 count=22 nF=17 blocks: 0123 1345 0146 2346 0256 0347 0157 2457 1267 3567 1248 2358 0368 1568 0278 1378 4678
FAM D=51 ell=11 count=22 nF=17 blocks: 0123 1345 0146 2346 0256 0347 0157 2457 1267 3567 1248 0458 0368 1568 0278 1378 4678
FAM D=51 ell=11 count=22 nF=17 blocks: 0123 1345 0146 2346 0256 0347 0157 2457 1267 3567 1258 0358 1368 4568 2378 1478 0678
FAM D=51 ell=11 count=22 nF=17 blocks: 0123 1345 0146 2346 0256 0347 0157 2457 1267 3567 2358 0458 0368 1568 0278 1378 4678
FAM D=51 ell=11 count=22 nF=17 blocks: 0123 1345 0146 2346 0256 0347 0157 2457 1267 0248 1258 0358 1368 4568 2378 1478 0678
FAM D=51 ell=11 count=22 nF=17 blocks: 0123 1345 0146 2346 0256 0347 0157 2457 1267 1248 2358 0458 0368 1568 0278 1378 4678
FAM D=51 ell=11 count=22 nF=17 blocks: 0123 1345 0146 2346 0256 0347 0157 2457 3567 0248 1258 0358 1368 4568 2378 1478 0678
FAM D=51 ell=11 count=22 nF=17 blocks: 0123 1345 0146 2346 0256 0347 0157 2457 3567 1248 2358 0458 0368 1568 0278 1378 4678
FAM D=51 ell=11 count=22 nF=17 blocks: 0123 1345 0146 2346 0256 0347 0157 1267 3567 0248 1258 0358 1368 4568 2378 1478 0678
FAM D=51 ell=11 count=22 nF=17 blocks: 0123 1345 0146 2346 0256 0347 0157 1267 3567 1248 2358 0458 0368 1568 0278 1378 4678
FAM D=51 ell=11 count=22 nF=17 blocks: 0123 1345 0146 2346 0256 0347 2457 1267 3567 0248 1258 0358 1368 4568 2378 1478 0678
FAM D=51 ell=11 count=22 nF=17 blocks: 0123 1345 0146 2346 0256 0347 2457 1267 3567 1248 2358 0458 0368 1568 0278 1378 4678
FAM D=51 ell=11 count=22 nF=17 blocks: 0123 1345 0146 2346 0256 0157 2457 1267 3567 0248 1258 0358 1368 4568 2378 1478 0678
FAM D=51 ell=11 count=22 nF=17 blocks: 0123 1345 0146 2346 0256 0157 2457 1267 3567 1248 2358 0458 0368 1568 0278 1378 4678
FAM D=51 ell=11 count=22 nF=17 blocks: 0123 1345 0146 2346 0256 1257 0357 1367 4567 1248 2358 0458 0368 1568 0178 3478 2678
FAM D=51 ell=11 count=22 nF=17 blocks: 0123 1345 0146 2346 0256 1257 0357 1367 4567 0348 0158 2458 1268 3568 2378 1478 0678
FAM D=51 ell=11 count=22 nF=17 blocks: 0123 1345 0146 2346 0256 2357 0457 0367 1567 0248 1258 0358 1368 4568 0178 3478 2678
FAM D=51 ell=11 count=22 nF=17 blocks: 0123 1345 0146 2346 0256 2357 0457 0367 1567 0348 0158 2458 1268 3568 0278 1378 4678
FAM D=51 ell=11 count=22 nF=17 blocks: 0123 1345 0146 2346 0247 1257 0357 1367 4567 1248 2358 0458 0368 1568 0178 3478 2678
FAM D=51 ell=11 count=22 nF=17 blocks: 0123 1345 0146 2346 0247 1257 0357 1367 4567 0348 0158 2458 1268 3568 2378 1478 0678
FAM D=51 ell=11 count=22 nF=17 blocks: 0123 1345 0146 2346 1247 2357 0457 0367 1567 0248 1258 0358 1368 4568 0178 3478 2678
FAM D=51 ell=11 count=22 nF=17 blocks: 0123 1345 0146 2346 1247 2357 0457 0367 1567 0348 0158 2458 1268 3568 0278 1378 4678
FAM D=51 ell=11 count=22 nF=17 blocks: 0123 1345 0146 2346 0347 0157 2457 1267 3567 0248 1258 0358 1368 4568 2378 1478 0678
FAM D=51 ell=11 count=22 nF=17 blocks: 0123 1345 0146 2346 0347 0157 2457 1267 3567 1248 2358 0458 0368 1568 0278 1378 4678
FAM D=51 ell=11 count=22 nF=17 blocks: 0123 1345 0146 0256 0247 1257 0357 1367 4567 1248 2358 0458 0368 1568 0178 3478 2678
FAM D=51 ell=11 count=22 nF=17 blocks: 0123 1345 0146 0256 0247 1257 0357 1367 4567 0348 0158 2458 1268 3568 2378 1478 0678
FAM D=51 ell=11 count=22 nF=17 blocks: 0123 1345 0146 0256 1247 2357 0457 0367 1567 0248 1258 0358 1368 4568 0178 3478 2678
FAM D=51 ell=11 count=22 nF=17 blocks: 0123 1345 0146 0256 1247 2357 0457 0367 1567 0348 0158 2458 1268 3568 0278 1378 4678
FAM D=51 ell=11 count=22 nF=17 blocks: 0123 1345 0146 0256 0347 0157 2457 1267 3567 0248 1258 0358 1368 4568 2378 1478 0678
FAM D=51 ell=11 count=22 nF=17 blocks: 0123 1345 0146 0256 0347 0157 2457 1267 3567 1248 2358 0458 0368 1568 0278 1378 4678
FAM D=51 ell=11 count=22 nF=17 blocks: 0123 1345 0146 0356 2456 0247 0157 2357 1267 3467 1248 0348 0258 2368 1568 1378 4578
FAM D=54 ell=11 count=19 nF=18 blocks: 0123 1345 0146 0356 2456 0247 0157 2357 1267 3467 1248 0348 0258 2368 1568 1378 4578 0678
FAM D=51 ell=11 count=22 nF=17 blocks: 0123 1345 0146 0356 2456 0247 0157 2357 1267 3467 1248 0348 0258 2368 1568 1378 0678
FAM D=51 ell=11 count=22 nF=17 blocks: 0123 1345 0146 0356 2456 0247 0157 2357 1267 3467 1248 0348 0258 2368 1568 4578 0678
FAM D=51 ell=11 count=22 nF=17 blocks: 0123 1345 0146 0356 2456 0247 0157 2357 1267 3467 1248 0348 0258 2368 1378 4578 0678
FAM D=51 ell=11 count=22 nF=17 blocks: 0123 1345 0146 0356 2456 0247 0157 2357 1267 3467 1248 0348 0258 1568 1378 4578 0678
FAM D=51 ell=11 count=22 nF=17 blocks: 0123 1345 0146 0356 2456 0247 0157 2357 1267 3467 1248 0348 2368 1568 1378 4578 0678
FAM D=51 ell=11 count=22 nF=17 blocks: 0123 1345 0146 0356 2456 0247 0157 2357 1267 3467 1248 0258 2368 1568 1378 4578 0678
FAM D=51 ell=11 count=22 nF=17 blocks: 0123 1345 0146 0356 2456 0247 0157 2357 1267 3467 0348 0258 2368 1568 1378 4578 0678
FAM D=51 ell=11 count=22 nF=17 blocks: 0123 1345 0146 0356 2456 0247 0157 2357 1267 3467 2348 1258 0458 0268 1368 0378 1478
FAM D=54 ell=11 count=19 nF=18 blocks: 0123 1345 0146 0356 2456 0247 0157 2357 1267 3467 2348 1258 0458 0268 1368 0378 1478 5678
FAM D=51 ell=11 count=22 nF=17 blocks: 0123 1345 0146 0356 2456 0247 0157 2357 1267 3467 2348 1258 0458 0268 1368 0378 5678
FAM D=51 ell=11 count=22 nF=17 blocks: 0123 1345 0146 0356 2456 0247 0157 2357 1267 3467 2348 1258 0458 0268 1368 1478 5678
FAM D=51 ell=11 count=22 nF=17 blocks: 0123 1345 0146 0356 2456 0247 0157 2357 1267 3467 2348 1258 0458 0268 0378 1478 5678
FAM D=51 ell=11 count=22 nF=17 blocks: 0123 1345 0146 0356 2456 0247 0157 2357 1267 3467 2348 1258 0458 1368 0378 1478 5678
FAM D=51 ell=11 count=22 nF=17 blocks: 0123 1345 0146 0356 2456 0247 0157 2357 1267 3467 2348 1258 0268 1368 0378 1478 5678
FAM D=51 ell=11 count=22 nF=17 blocks: 0123 1345 0146 0356 2456 0247 0157 2357 1267 3467 2348 0458 0268 1368 0378 1478 5678
FAM D=51 ell=11 count=22 nF=17 blocks: 0123 1345 0146 0356 2456 0247 0157 2357 1267 3467 1258 0458 0268 1368 0378 1478 5678
FAM D=51 ell=11 count=22 nF=17 blocks: 0123 1345 0146 0356 2456 0247 0157 2357 1267 1248 0348 0258 2368 1568 1378 4578 0678
FAM D=51 ell=11 count=22 nF=17 blocks: 0123 1345 0146 0356 2456 0247 0157 2357 1267 2348 1258 0458 0268 1368 0378 1478 5678
FAM D=51 ell=11 count=22 nF=17 blocks: 0123 1345 0146 0356 2456 0247 0157 2357 3467 1248 0348 0258 2368 1568 1378 4578 0678
FAM D=51 ell=11 count=22 nF=17 blocks: 0123 1345 0146 0356 2456 0247 0157 2357 3467 2348 1258 0458 0268 1368 0378 1478 5678
FAM D=51 ell=11 count=22 nF=17 blocks: 0123 1345 0146 0356 2456 0247 0157 1267 3467 1248 0348 0258 2368 1568 1378 4578 0678
FAM D=51 ell=11 count=22 nF=17 blocks: 0123 1345 0146 0356 2456 0247 0157 1267 3467 2348 1258 0458 0268 1368 0378 1478 5678
FAM D=51 ell=11 count=22 nF=17 blocks: 0123 1345 0146 0356 2456 0247 2357 1267 3467 1248 0348 0258 2368 1568 1378 4578 0678
FAM D=51 ell=11 count=22 nF=17 blocks: 0123 1345 0146 0356 2456 0247 2357 1267 3467 2348 1258 0458 0268 1368 0378 1478 5678
FAM D=51 ell=11 count=22 nF=17 blocks: 0123 1345 0146 0356 2456 1247 0347 0257 2367 1567 0248 0158 2358 1268 3468 1378 4578
FAM D=54 ell=11 count=19 nF=18 blocks: 0123 1345 0146 0356 2456 1247 0347 0257 2367 1567 0248 0158 2358 1268 3468 1378 4578 0678
FAM D=51 ell=11 count=22 nF=17 blocks: 0123 1345 0146 0356 2456 1247 0347 0257 2367 1567 0248 0158 2358 1268 3468 1378 0678
FAM D=51 ell=11 count=22 nF=17 blocks: 0123 1345 0146 0356 2456 1247 0347 0257 2367 1567 0248 0158 2358 1268 3468 4578 0678
FAM D=51 ell=11 count=22 nF=17 blocks: 0123 1345 0146 0356 2456 1247 0347 0257 2367 1567 0248 0158 2358 1268 1378 4578 0678
FAM D=51 ell=11 count=22 nF=17 blocks: 0123 1345 0146 0356 2456 1247 0347 0257 2367 1567 0248 0158 2358 3468 1378 4578 0678
FAM D=51 ell=11 count=22 nF=17 blocks: 0123 1345 0146 0356 2456 1247 0347 0257 2367 1567 0248 0158 1268 3468 1378 4578 0678
FAM D=51 ell=11 count=22 nF=17 blocks: 0123 1345 0146 0356 2456 1247 0347 0257 2367 1567 0248 2358 1268 3468 1378 4578 0678
FAM D=51 ell=11 count=22 nF=17 blocks: 0123 1345 0146 0356 2456 1247 0347 0257 2367 1567 2348 1258 0458 0268 1368 0178 3578
FAM D=54 ell=11 count=19 nF=18 blocks: 0123 1345 0146 0356 2456 1247 0347 0257 2367 1567 2348 1258 0458 0268 1368 0178 3578 4678
FAM D=51 ell=11 count=22 nF=17 blocks: 0123 1345 0146 0356 2456 1247 0347 0257 2367 1567 2348 1258 0458 0268 1368 0178 4678
FAM D=51 ell=11 count=22 nF=17 blocks: 0123 1345 0146 0356 2456 1247 0347 0257 2367 1567 2348 1258 0458 0268 1368 3578 4678
FAM D=51 ell=11 count=22 nF=17 blocks: 0123 1345 0146 0356 2456 1247 0347 0257 2367 1567 2348 1258 0458 0268 0178 3578 4678
FAM D=51 ell=11 count=22 nF=17 blocks: 0123 1345 0146 0356 2456 1247 0347 0257 2367 1567 2348 1258 0458 1368 0178 3578 4678
FAM D=51 ell=11 count=22 nF=17 blocks: 0123 1345 0146 0356 2456 1247 0347 0257 2367 1567 2348 1258 0268 1368 0178 3578 4678
FAM D=51 ell=11 count=22 nF=17 blocks: 0123 1345 0146 0356 2456 1247 0347 0257 2367 1567 2348 0458 0268 1368 0178 3578 4678
FAM D=51 ell=11 count=22 nF=17 blocks: 0123 1345 0146 0356 2456 1247 0347 0257 2367 1567 0158 2358 1268 3468 1378 4578 0678
FAM D=51 ell=11 count=22 nF=17 blocks: 0123 1345 0146 0356 2456 1247 0347 0257 2367 1567 1258 0458 0268 1368 0178 3578 4678
FAM D=51 ell=11 count=22 nF=17 blocks: 0123 1345 0146 0356 2456 1247 0347 0257 2367 0248 0158 2358 1268 3468 1378 4578 0678
FAM D=51 ell=11 count=22 nF=17 blocks: 0123 1345 0146 0356 2456 1247 0347 0257 2367 2348 1258 0458 0268 1368 0178 3578 4678
FAM D=51 ell=11 count=22 nF=17 blocks: 0123 1345 0146 0356 2456 1247 0347 0257 1567 0248 0158 2358 1268 3468 1378 4578 0678
FAM D=51 ell=11 count=22 nF=17 blocks: 0123 1345 0146 0356 2456 1247 0347 0257 1567 2348 1258 0458 0268 1368 0178 3578 4678
FAM D=51 ell=11 count=22 nF=17 blocks: 0123 1345 0146 0356 2456 1247 0347 2367 1567 0248 0158 2358 1268 3468 1378 4578 0678
FAM D=51 ell=11 count=22 nF=17 blocks: 0123 1345 0146 0356 2456 1247 0347 2367 1567 2348 1258 0458 0268 1368 0178 3578 4678
FAM D=51 ell=11 count=22 nF=17 blocks: 0123 1345 0146 0356 2456 1247 0257 2367 1567 0248 0158 2358 1268 3468 1378 4578 0678
FAM D=51 ell=11 count=22 nF=17 blocks: 0123 1345 0146 0356 2456 1247 0257 2367 1567 2348 1258 0458 0268 1368 0178 3578 4678
FAM D=51 ell=11 count=22 nF=17 blocks: 0123 1345 0146 0356 2456 0347 0257 2367 1567 0248 0158 2358 1268 3468 1378 4578 0678
FAM D=51 ell=11 count=22 nF=17 blocks: 0123 1345 0146 0356 2456 0347 0257 2367 1567 2348 1258 0458 0268 1368 0178 3578 4678
FAM D=51 ell=11 count=22 nF=17 blocks: 0123 1345 0146 0356 2456 2347 1257 0457 0267 1367 0248 0158 2358 1268 3468 0378 1478
FAM D=54 ell=11 count=19 nF=18 blocks: 0123 1345 0146 0356 2456 2347 1257 0457 0267 1367 0248 0158 2358 1268 3468 0378 1478 5678
FAM D=51 ell=11 count=22 nF=17 blocks: 0123 1345 0146 0356 2456 2347 1257 0457 0267 1367 0248 0158 2358 1268 3468 0378 5678
FAM D=51 ell=11 count=22 nF=17 blocks: 0123 1345 0146 0356 2456 2347 1257 0457 0267 1367 0248 0158 2358 1268 3468 1478 5678
FAM D=51 ell=11 count=22 nF=17 blocks: 0123 1345 0146 0356 2456 2347 1257 0457 0267 1367 0248 0158 2358 1268 0378 1478 5678
FAM D=51 ell=11 count=22 nF=17 blocks: 0123 1345 0146 0356 2456 2347 1257 0457 0267 1367 0248 0158 2358 3468 0378 1478 5678
FAM D=51 ell=11 count=22 nF=17 blocks: 0123 1345 0146 0356 2456 2347 1257 0457 0267 1367 0248 0158 1268 3468 0378 1478 5678
FAM D=51 ell=11 count=22 nF=17 blocks: 0123 1345 0146 0356 2456 2347 1257 0457 0267 1367 0248 2358 1268 3468 0378 1478 5678
FAM D=51 ell=11 count=22 nF=17 blocks: 0123 1345 0146 0356 2456 2347 1257 0457 0267 1367 1248 0348 0258 2368 1568 0178 3578
FAM D=54 ell=11 count=19 nF=18 blocks: 0123 1345 0146 0356 2456 2347 1257 0457 0267 1367 1248 0348 0258 2368 1568 0178 3578 4678
FAM D=51 ell=11 count=22 nF=17 blocks: 0123 1345 0146 0356 2456 2347 1257 0457 0267 1367 1248 0348 0258 2368 1568 0178 4678
FAM D=51 ell=11 count=22 nF=17 blocks: 0123 1345 0146 0356 2456 2347 1257 0457 0267 1367 1248 0348 0258 2368 1568 3578 4678
FAM D=51 ell=11 count=22 nF=17 blocks: 0123 1345 0146 0356 2456 2347 1257 0457 0267 1367 1248 0348 0258 2368 0178 3578 4678
FAM D=51 ell=11 count=22 nF=17 blocks: 0123 1345 0146 0356 2456 2347 1257 0457 0267 1367 1248 0348 0258 1568 0178 3578 4678
FAM D=51 ell=11 count=22 nF=17 blocks: 0123 1345 0146 0356 2456 2347 1257 0457 0267 1367 1248 0348 2368 1568 0178 3578 4678
FAM D=51 ell=11 count=22 nF=17 blocks: 0123 1345 0146 0356 2456 2347 1257 0457 0267 1367 1248 0258 2368 1568 0178 3578 4678
FAM D=51 ell=11 count=22 nF=17 blocks: 0123 1345 0146 0356 2456 2347 1257 0457 0267 1367 0348 0258 2368 1568 0178 3578 4678
FAM D=51 ell=11 count=22 nF=17 blocks: 0123 1345 0146 0356 2456 2347 1257 0457 0267 1367 0158 2358 1268 3468 0378 1478 5678
FAM D=51 ell=11 count=22 nF=17 blocks: 0123 1345 0146 0356 2456 2347 1257 0457 0267 0248 0158 2358 1268 3468 0378 1478 5678
FAM D=51 ell=11 count=22 nF=17 blocks: 0123 1345 0146 0356 2456 2347 1257 0457 0267 1248 0348 0258 2368 1568 0178 3578 4678
FAM D=51 ell=11 count=22 nF=17 blocks: 0123 1345 0146 0356 2456 2347 1257 0457 1367 0248 0158 2358 1268 3468 0378 1478 5678
FAM D=51 ell=11 count=22 nF=17 blocks: 0123 1345 0146 0356 2456 2347 1257 0457 1367 1248 0348 0258 2368 1568 0178 3578 4678
FAM D=51 ell=11 count=22 nF=17 blocks: 0123 1345 0146 0356 2456 2347 1257 0267 1367 0248 0158 2358 1268 3468 0378 1478 5678
FAM D=51 ell=11 count=22 nF=17 blocks: 0123 1345 0146 0356 2456 2347 1257 0267 1367 1248 0348 0258 2368 1568 0178 3578 4678
FAM D=51 ell=11 count=22 nF=17 blocks: 0123 1345 0146 0356 2456 2347 0457 0267 1367 0248 0158 2358 1268 3468 0378 1478 5678
FAM D=51 ell=11 count=22 nF=17 blocks: 0123 1345 0146 0356 2456 2347 0457 0267 1367 1248 0348 0258 2368 1568 0178 3578 4678
FAM D=51 ell=11 count=22 nF=17 blocks: 0123 1345 0146 0356 2456 0157 2357 1267 3467 1248 0348 0258 2368 1568 1378 4578 0678
FAM D=51 ell=11 count=22 nF=17 blocks: 0123 1345 0146 0356 2456 0157 2357 1267 3467 2348 1258 0458 0268 1368 0378 1478 5678
FAM D=51 ell=11 count=22 nF=17 blocks: 0123 1345 0146 0356 2456 1257 0457 0267 1367 0248 0158 2358 1268 3468 0378 1478 5678
FAM D=51 ell=11 count=22 nF=17 blocks: 0123 1345 0146 0356 2456 1257 0457 0267 1367 1248 0348 0258 2368 1568 0178 3578 4678
FAM D=51 ell=11 count=22 nF=17 blocks: 0123 1345 0146 0356 0247 0157 2357 1267 3467 1248 0348 0258 2368 1568 1378 4578 0678
FAM D=51 ell=11 count=22 nF=17 blocks: 0123 1345 0146 0356 0247 0157 2357 1267 3467 2348 1258 0458 0268 1368 0378 1478 5678
FAM D=51 ell=11 count=22 nF=17 blocks: 0123 1345 0146 0356 1247 0347 0257 2367 1567 0248 0158 2358 1268 3468 1378 4578 0678
FAM D=51 ell=11 count=22 nF=17 blocks: 0123 1345 0146 0356 1247 0347 0257 2367 1567 2348 1258 0458 0268 1368 0178 3578 4678
FAM D=51 ell=11 count=22 nF=17 blocks: 0123 1345 0146 0356 2347 1257 0457 0267 1367 0248 0158 2358 1268 3468 0378 1478 5678
FAM D=51 ell=11 count=22 nF=17 blocks: 0123 1345 0146 0356 2347 1257 0457 0267 1367 1248 0348 0258 2368 1568 0178 3578 4678
FAM D=51 ell=11 count=22 nF=17 blocks: 0123 1345 0146 2356 1247 0357 0267 3467 1567 0348 1258 1368 2468 0568 0178 2378 4578
FAM D=51 ell=11 count=22 nF=17 blocks: 0123 1345 0146 2356 1247 0357 0267 3467 1567 2348 0158 1268 0368 4568 1378 0478 2578
FAM D=51 ell=11 count=22 nF=17 blocks: 0123 1345 0146 2356 0347 1257 1367 2467 0567 1248 0358 0268 3468 1568 0178 2378 4578
FAM D=51 ell=11 count=22 nF=17 blocks: 0123 1345 0146 2356 0347 1257 1367 2467 0567 2348 0158 1268 0368 4568 0278 1478 3578
FAM D=51 ell=11 count=22 nF=17 blocks: 0123 1345 0146 2356 2347 0157 1267 0367 4567 1248 0358 0268 3468 1568 1378 0478 2578
FAM D=51 ell=11 count=22 nF=17 blocks: 0123 1345 0146 2356 2347 0157 1267 0367 4567 0348 1258 1368 2468 0568 0278 1478 3578
FAM D=51 ell=11 count=22 nF=17 blocks: 0123 1345 0146 2456 0247 0157 2357 1267 3467 1248 0348 0258 2368 1568 1378 4578 0678
FAM D=51 ell=11 count=22 nF=17 blocks: 0123 1345 0146 2456 0247 0157 2357 1267 3467 2348 1258 0458 0268 1368 0378 1478 5678
FAM D=51 ell=11 count=22 nF=17 blocks: 0123 1345 0146 2456 1247 0347 0257 2367 1567 0248 0158 2358 1268 3468 1378 4578 0678
FAM D=51 ell=11 count=22 nF=17 blocks: 0123 1345 0146 2456 1247 0347 0257 2367 1567 2348 1258 0458 0268 1368 0178 3578 4678
FAM D=51 ell=11 count=22 nF=17 blocks: 0123 1345 0146 2456 2347 1257 0457 0267 1367 0248 0158 2358 1268 3468 0378 1478 5678
FAM D=51 ell=11 count=22 nF=17 blocks: 0123 1345 0146 2456 2347 1257 0457 0267 1367 1248 0348 0258 2368 1568 0178 3578 4678
FAM D=51 ell=11 count=22 nF=17 blocks: 0123 1345 0246 0156 2356 0147 0357 2457 1267 3467 1248 0348 0258 1368 4568 2378 1578
FAM D=54 ell=11 count=19 nF=18 blocks: 0123 1345 0246 0156 2356 0147 0357 2457 1267 3467 1248 0348 0258 1368 4568 2378 1578 0678
FAM D=51 ell=11 count=22 nF=17 blocks: 0123 1345 0246 0156 2356 0147 0357 2457 1267 3467 1248 0348 0258 1368 4568 2378 0678
FAM D=51 ell=11 count=22 nF=17 blocks: 0123 1345 0246 0156 2356 0147 0357 2457 1267 3467 1248 0348 0258 1368 4568 1578 0678
FAM D=51 ell=11 count=22 nF=17 blocks: 0123 1345 0246 0156 2356 0147 0357 2457 1267 3467 1248 0348 0258 1368 2378 1578 0678
FAM D=51 ell=11 count=22 nF=17 blocks: 0123 1345 0246 0156 2356 0147 0357 2457 1267 3467 1248 0348 0258 4568 2378 1578 0678
FAM D=51 ell=11 count=22 nF=17 blocks: 0123 1345 0246 0156 2356 0147 0357 2457 1267 3467 1248 0348 1368 4568 2378 1578 0678
FAM D=51 ell=11 count=22 nF=17 blocks: 0123 1345 0246 0156 2356 0147 0357 2457 1267 3467 1248 0258 1368 4568 2378 1578 0678
FAM D=51 ell=11 count=22 nF=17 blocks: 0123 1345 0246 0156 2356 0147 0357 2457 1267 3467 0348 0258 1368 4568 2378 1578 0678
FAM D=51 ell=11 count=22 nF=17 blocks: 0123 1345 0246 0156 2356 0147 0357 2457 1267 3467 2348 1258 0458 0368 1468 0278 1378
FAM D=54 ell=11 count=19 nF=18 blocks: 0123 1345 0246 0156 2356 0147 0357 2457 1267 3467 2348 1258 0458 0368 1468 0278 1378 5678
FAM D=51 ell=11 count=22 nF=17 blocks: 0123 1345 0246 0156 2356 0147 0357 2457 1267 3467 2348 1258 0458 0368 1468 0278 5678
FAM D=51 ell=11 count=22 nF=17 blocks: 0123 1345 0246 0156 2356 0147 0357 2457 1267 3467 2348 1258 0458 0368 1468 1378 5678
FAM D=51 ell=11 count=22 nF=17 blocks: 0123 1345 0246 0156 2356 0147 0357 2457 1267 3467 2348 1258 0458 0368 0278 1378 5678
FAM D=51 ell=11 count=22 nF=17 blocks: 0123 1345 0246 0156 2356 0147 0357 2457 1267 3467 2348 1258 0458 1468 0278 1378 5678
FAM D=51 ell=11 count=22 nF=17 blocks: 0123 1345 0246 0156 2356 0147 0357 2457 1267 3467 2348 1258 0368 1468 0278 1378 5678
FAM D=51 ell=11 count=22 nF=17 blocks: 0123 1345 0246 0156 2356 0147 0357 2457 1267 3467 2348 0458 0368 1468 0278 1378 5678
FAM D=51 ell=11 count=22 nF=17 blocks: 0123 1345 0246 0156 2356 0147 0357 2457 1267 3467 1258 0458 0368 1468 0278 1378 5678
FAM D=51 ell=11 count=22 nF=17 blocks: 0123 1345 0246 0156 2356 0147 0357 2457 1267 1248 0348 0258 1368 4568 2378 1578 0678
FAM D=51 ell=11 count=22 nF=17 blocks: 0123 1345 0246 0156 2356 0147 0357 2457 1267 2348 1258 0458 0368 1468 0278 1378 5678
FAM D=51 ell=11 count=22 nF=17 blocks: 0123 1345 0246 0156 2356 0147 0357 2457 3467 1248 0348 0258 1368 4568 2378 1578 0678
FAM D=51 ell=11 count=22 nF=17 blocks: 0123 1345 0246 0156 2356 0147 0357 2457 3467 2348 1258 0458 0368 1468 0278 1378 5678
FAM D=51 ell=11 count=22 nF=17 blocks: 0123 1345 0246 0156 2356 0147 0357 1267 3467 1248 0348 0258 1368 4568 2378 1578 0678
FAM D=51 ell=11 count=22 nF=17 blocks: 0123 1345 0246 0156 2356 0147 0357 1267 3467 2348 1258 0458 0368 1468 0278 1378 5678
FAM D=51 ell=11 count=22 nF=17 blocks: 0123 1345 0246 0156 2356 0147 2457 1267 3467 1248 0348 0258 1368 4568 2378 1578 0678
FAM D=51 ell=11 count=22 nF=17 blocks: 0123 1345 0246 0156 2356 0147 2457 1267 3467 2348 1258 0458 0368 1468 0278 1378 5678
FAM D=51 ell=11 count=22 nF=17 blocks: 0123 1345 0246 0156 2356 1247 0347 0257 1367 4567 0148 0358 2458 1268 3468 2378 1578
FAM D=54 ell=11 count=19 nF=18 blocks: 0123 1345 0246 0156 2356 1247 0347 0257 1367 4567 0148 0358 2458 1268 3468 2378 1578 0678
FAM D=51 ell=11 count=22 nF=17 blocks: 0123 1345 0246 0156 2356 1247 0347 0257 1367 4567 0148 0358 2458 1268 3468 2378 0678
FAM D=51 ell=11 count=22 nF=17 blocks: 0123 1345 0246 0156 2356 1247 0347 0257 1367 4567 0148 0358 2458 1268 3468 1578 0678
FAM D=51 ell=11 count=22 nF=17 blocks: 0123 1345 0246 0156 2356 1247 0347 0257 1367 4567 0148 0358 2458 1268 2378 1578 0678
FAM D=51 ell=11 count=22 nF=17 blocks: 0123 1345 0246 0156 2356 1247 0347 0257 1367 4567 0148 0358 2458 3468 2378 1578 0678
FAM D=51 ell=11 count=22 nF=17 blocks: 0123 1345 0246 0156 2356 1247 0347 0257 1367 4567 0148 0358 1268 3468 2378 1578 0678
FAM D=51 ell=11 count=22 nF=17 blocks: 0123 1345 0246 0156 2356 1247 0347 0257 1367 4567 0148 2458 1268 3468 2378 1578 0678
FAM D=51 ell=11 count=22 nF=17 blocks: 0123 1345 0246 0156 2356 1247 0347 0257 1367 4567 2348 1258 0458 0368 1468 0178 3578
FAM D=54 ell=11 count=19 nF=18 blocks: 0123 1345 0246 0156 2356 1247 0347 0257 1367 4567 2348 1258 0458 0368 1468 0178 3578 2678
FAM D=51 ell=11 count=22 nF=17 blocks: 0123 1345 0246 0156 2356 1247 0347 0257 1367 4567 2348 1258 0458 0368 1468 0178 2678
FAM D=51 ell=11 count=22 nF=17 blocks: 0123 1345 0246 0156 2356 1247 0347 0257 1367 4567 2348 1258 0458 0368 1468 3578 2678
FAM D=51 ell=11 count=22 nF=17 blocks: 0123 1345 0246 0156 2356 1247 0347 0257 1367 4567 2348 1258 0458 0368 0178 3578 2678
FAM D=51 ell=11 count=22 nF=17 blocks: 0123 1345 0246 0156 2356 1247 0347 0257 1367 4567 2348 1258 0458 1468 0178 3578 2678
FAM D=51 ell=11 count=22 nF=17 blocks: 0123 1345 0246 0156 2356 1247 0347 0257 1367 4567 2348 1258 0368 1468 0178 3578 2678
FAM D=51 ell=11 count=22 nF=17 blocks: 0123 1345 0246 0156 2356 1247 0347 0257 1367 4567 2348 0458 0368 1468 0178 3578 2678
FAM D=51 ell=11 count=22 nF=17 blocks: 0123 1345 0246 0156 2356 1247 0347 0257 1367 4567 1258 0458 0368 1468 0178 3578 2678
FAM D=51 ell=11 count=22 nF=17 blocks: 0123 1345 0246 0156 2356 1247 0347 0257 1367 4567 0358 2458 1268 3468 2378 1578 0678
FAM D=51 ell=11 count=22 nF=17 blocks: 0123 1345 0246 0156 2356 1247 0347 0257 1367 0148 0358 2458 1268 3468 2378 1578 0678
FAM D=51 ell=11 count=22 nF=17 blocks: 0123 1345 0246 0156 2356 1247 0347 0257 1367 2348 1258 0458 0368 1468 0178 3578 2678
FAM D=51 ell=11 count=22 nF=17 blocks: 0123 1345 0246 0156 2356 1247 0347 0257 4567 0148 0358 2458 1268 3468 2378 1578 0678
FAM D=51 ell=11 count=22 nF=17 blocks: 0123 1345 0246 0156 2356 1247 0347 0257 4567 2348 1258 0458 0368 1468 0178 3578 2678
FAM D=51 ell=11 count=22 nF=17 blocks: 0123 1345 0246 0156 2356 1247 0347 1367 4567 0148 0358 2458 1268 3468 2378 1578 0678
FAM D=51 ell=11 count=22 nF=17 blocks: 0123 1345 0246 0156 2356 1247 0347 1367 4567 2348 1258 0458 0368 1468 0178 3578 2678
FAM D=51 ell=11 count=22 nF=17 blocks: 0123 1345 0246 0156 2356 1247 0257 1367 4567 0148 0358 2458 1268 3468 2378 1578 0678
FAM D=51 ell=11 count=22 nF=17 blocks: 0123 1345 0246 0156 2356 1247 0257 1367 4567 2348 1258 0458 0368 1468 0178 3578 2678
FAM D=51 ell=11 count=22 nF=17 blocks: 0123 1345 0246 0156 2356 0347 0257 1367 4567 0148 0358 2458 1268 3468 2378 1578 0678
FAM D=51 ell=11 count=22 nF=17 blocks: 0123 1345 0246 0156 2356 0347 0257 1367 4567 2348 1258 0458 0368 1468 0178 3578 2678
FAM D=51 ell=11 count=22 nF=17 blocks: 0123 1345 0246 0156 2356 2347 1257 0457 0367 1467 0148 0358 2458 1268 3468 0278 1378
FAM D=54 ell=11 count=19 nF=18 blocks: 0123 1345 0246 0156 2356 2347 1257 0457 0367 1467 0148 0358 2458 1268 3468 0278 1378 5678
FAM D=51 ell=11 count=22 nF=17 blocks: 0123 1345 0246 0156 2356 2347 1257 0457 0367 1467 0148 0358 2458 1268 3468 0278 5678
FAM D=51 ell=11 count=22 nF=17 blocks: 0123 1345 0246 0156 2356 2347 1257 0457 0367 1467 0148 0358 2458 1268 3468 1378 5678
FAM D=51 ell=11 count=22 nF=17 blocks: 0123 1345 0246 0156 2356 2347 1257 0457 0367 1467 0148 0358 2458 1268 0278 1378 5678
FAM D=51 ell=11 count=22 nF=17 blocks: 0123 1345 0246 0156 2356 2347 1257 0457 0367 1467 0148 0358 2458 3468 0278 1378 5678
FAM D=51 ell=11 count=22 nF=17 blocks: 0123 1345 0246 0156 2356 2347 1257 0457 0367 1467 0148 0358 1268 3468 0278 1378 5678
FAM D=51 ell=11 count=22 nF=17 blocks: 0123 1345 0246 0156 2356 2347 1257 0457 0367 1467 0148 2458 1268 3468 0278 1378 5678
FAM D=51 ell=11 count=22 nF=17 blocks: 0123 1345 0246 0156 2356 2347 1257 0457 0367 1467 1248 0348 0258 1368 4568 0178 3578
FAM D=54 ell=11 count=19 nF=18 blocks: 0123 1345 0246 0156 2356 2347 1257 0457 0367 1467 1248 0348 0258 1368 4568 0178 3578 2678
FAM D=51 ell=11 count=22 nF=17 blocks: 0123 1345 0246 0156 2356 2347 1257 0457 0367 1467 1248 0348 0258 1368 4568 0178 2678
FAM D=51 ell=11 count=22 nF=17 blocks: 0123 1345 0246 0156 2356 2347 1257 0457 0367 1467 1248 0348 0258 1368 4568 3578 2678
FAM D=51 ell=11 count=22 nF=17 blocks: 0123 1345 0246 0156 2356 2347 1257 0457 0367 1467 1248 0348 0258 1368 0178 3578 2678
FAM D=51 ell=11 count=22 nF=17 blocks: 0123 1345 0246 0156 2356 2347 1257 0457 0367 1467 1248 0348 0258 4568 0178 3578 2678
FAM D=51 ell=11 count=22 nF=17 blocks: 0123 1345 0246 0156 2356 2347 1257 0457 0367 1467 1248 0348 1368 4568 0178 3578 2678
FAM D=51 ell=11 count=22 nF=17 blocks: 0123 1345 0246 0156 2356 2347 1257 0457 0367 1467 1248 0258 1368 4568 0178 3578 2678
FAM D=51 ell=11 count=22 nF=17 blocks: 0123 1345 0246 0156 2356 2347 1257 0457 0367 1467 0348 0258 1368 4568 0178 3578 2678
FAM D=51 ell=11 count=22 nF=17 blocks: 0123 1345 0246 0156 2356 2347 1257 0457 0367 1467 0358 2458 1268 3468 0278 1378 5678
FAM D=51 ell=11 count=22 nF=17 blocks: 0123 1345 0246 0156 2356 2347 1257 0457 0367 0148 0358 2458 1268 3468 0278 1378 5678
FAM D=51 ell=11 count=22 nF=17 blocks: 0123 1345 0246 0156 2356 2347 1257 0457 0367 1248 0348 0258 1368 4568 0178 3578 2678
FAM D=51 ell=11 count=22 nF=17 blocks: 0123 1345 0246 0156 2356 2347 1257 0457 1467 0148 0358 2458 1268 3468 0278 1378 5678
FAM D=51 ell=11 count=22 nF=17 blocks: 0123 1345 0246 0156 2356 2347 1257 0457 1467 1248 0348 0258 1368 4568 0178 3578 2678
FAM D=51 ell=11 count=22 nF=17 blocks: 0123 1345 0246 0156 2356 2347 1257 0367 1467 0148 0358 2458 1268 3468 0278 1378 5678
FAM D=51 ell=11 count=22 nF=17 blocks: 0123 1345 0246 0156 2356 2347 1257 0367 1467 1248 0348 0258 1368 4568 0178 3578 2678
FAM D=51 ell=11 count=22 nF=17 blocks: 0123 1345 0246 0156 2356 2347 0457 0367 1467 0148 0358 2458 1268 3468 0278 1378 5678
FAM D=51 ell=11 count=22 nF=17 blocks: 0123 1345 0246 0156 2356 2347 0457 0367 1467 1248 0348 0258 1368 4568 0178 3578 2678
FAM D=51 ell=11 count=22 nF=17 blocks: 0123 1345 0246 0156 2356 1257 0457 0367 1467 0148 0358 2458 1268 3468 0278 1378 5678
FAM D=51 ell=11 count=22 nF=17 blocks: 0123 1345 0246 0156 2356 1257 0457 0367 1467 1248 0348 0258 1368 4568 0178 3578 2678
FAM D=51 ell=11 count=22 nF=17 blocks: 0123 1345 0246 0156 2356 0357 2457 1267 3467 1248 0348 0258 1368 4568 2378 1578 0678
FAM D=51 ell=11 count=22 nF=17 blocks: 0123 1345 0246 0156 2356 0357 2457 1267 3467 2348 1258 0458 0368 1468 0278 1378 5678
FAM D=51 ell=11 count=22 nF=17 blocks: 0123 1345 0246 0156 0147 0357 2457 1267 3467 1248 0348 0258 1368 4568 2378 1578 0678
FAM D=51 ell=11 count=22 nF=17 blocks: 0123 1345 0246 0156 0147 0357 2457 1267 3467 2348 1258 0458 0368 1468 0278 1378 5678
FAM D=51 ell=11 count=22 nF=17 blocks: 0123 1345 0246 0156 1247 0347 0257 1367 4567 0148 0358 2458 1268 3468 2378 1578 0678
FAM D=51 ell=11 count=22 nF=17 blocks: 0123 1345 0246 0156 1247 0347 0257 1367 4567 2348 1258 0458 0368 1468 0178 3578 2678
FAM D=51 ell=11 count=22 nF=17 blocks: 0123 1345 0246 0156 2347 1257 0457 0367 1467 0148 0358 2458 1268 3468 0278 1378 5678
FAM D=51 ell=11 count=22 nF=17 blocks: 0123 1345 0246 0156 2347 1257 0457 0367 1467 1248 0348 0258 1368 4568 0178 3578 2678
FAM D=51 ell=11 count=22 nF=17 blocks: 0123 1345 0246 1256 0356 0147 2347 0257 1367 4567 1248 2358 0458 0168 3468 0378 1578
FAM D=54 ell=11 count=19 nF=18 blocks: 0123 1345 0246 1256 0356 0147 2347 0257 1367 4567 1248 2358 0458 0168 3468 0378 1578 2678
FAM D=51 ell=11 count=22 nF=17 blocks: 0123 1345 0246 1256 0356 0147 2347 0257 1367 4567 1248 2358 0458 0168 3468 0378 2678
FAM D=51 ell=11 count=22 nF=17 blocks: 0123 1345 0246 1256 0356 0147 2347 0257 1367 4567 1248 2358 0458 0168 3468 1578 2678
FAM D=51 ell=11 count=22 nF=17 blocks: 0123 1345 0246 1256 0356 0147 2347 0257 1367 4567 1248 2358 0458 0168 0378 1578 2678
FAM D=51 ell=11 count=22 nF=17 blocks: 0123 1345 0246 1256 0356 0147 2347 0257 1367 4567 1248 2358 0458 3468 0378 1578 2678
FAM D=51 ell=11 count=22 nF=17 blocks: 0123 1345 0246 1256 0356 0147 2347 0257 1367 4567 1248 2358 0168 3468 0378 1578 2678
FAM D=51 ell=11 count=22 nF=17 blocks: 0123 1345 0246 1256 0356 0147 2347 0257 1367 4567 1248 0458 0168 3468 0378 1578 2678
FAM D=51 ell=11 count=22 nF=17 blocks: 0123 1345 0246 1256 0356 0147 2347 0257 1367 4567 0348 0158 2458 2368 1468 1278 3578
FAM D=54 ell=11 count=19 nF=18 blocks: 0123 1345 0246 1256 0356 0147 2347 0257 1367 4567 0348 0158 2458 2368 1468 1278 3578 0678
FAM D=51 ell=11 count=22 nF=17 blocks: 0123 1345 0246 1256 0356 0147 2347 0257 1367 4567 0348 0158 2458 2368 1468 1278 0678
FAM D=51 ell=11 count=22 nF=17 blocks: 0123 1345 0246 1256 0356 0147 2347 0257 1367 4567 0348 0158 2458 2368 1468 3578 0678
FAM D=51 ell=11 count=22 nF=17 blocks: 0123 1345 0246 1256 0356 0147 2347 0257 1367 4567 0348 0158 2458 2368 1278 3578 0678
FAM D=51 ell=11 count=22 nF=17 blocks: 0123 1345 0246 1256 0356 0147 2347 0257 1367 4567 0348 0158 2458 1468 1278 3578 0678
FAM D=51 ell=11 count=22 nF=17 blocks: 0123 1345 0246 1256 0356 0147 2347 0257 1367 4567 0348 0158 2368 1468 1278 3578 0678
FAM D=51 ell=11 count=22 nF=17 blocks: 0123 1345 0246 1256 0356 0147 2347 0257 1367 4567 0348 2458 2368 1468 1278 3578 0678
FAM D=51 ell=11 count=22 nF=17 blocks: 0123 1345 0246 1256 0356 0147 2347 0257 1367 4567 0158 2458 2368 1468 1278 3578 0678
FAM D=51 ell=11 count=22 nF=17 blocks: 0123 1345 0246 1256 0356 0147 2347 0257 1367 4567 2358 0458 0168 3468 0378 1578 2678
FAM D=51 ell=11 count=22 nF=17 blocks: 0123 1345 0246 1256 0356 0147 2347 0257 1367 1248 2358 0458 0168 3468 0378 1578 2678
FAM D=51 ell=11 count=22 nF=17 blocks: 0123 1345 0246 1256 0356 0147 2347 0257 1367 0348 0158 2458 2368 1468 1278 3578 0678
FAM D=51 ell=11 count=22 nF=17 blocks: 0123 1345 0246 1256 0356 0147 2347 0257 4567 1248 2358 0458 0168 3468 0378 1578 2678
FAM D=51 ell=11 count=22 nF=17 blocks: 0123 1345 0246 1256 0356 0147 2347 0257 4567 0348 0158 2458 2368 1468 1278 3578 0678
FAM D=51 ell=11 count=22 nF=17 blocks: 0123 1345 0246 1256 0356 0147 2347 1367 4567 1248 2358 0458 0168 3468 0378 1578 2678
FAM D=51 ell=11 count=22 nF=17 blocks: 0123 1345 0246 1256 0356 0147 2347 1367 4567 0348 0158 2458 2368 1468 1278 3578 0678
FAM D=51 ell=11 count=22 nF=17 blocks: 0123 1345 0246 1256 0356 0147 0257 1367 4567 1248 2358 0458 0168 3468 0378 1578 2678
FAM D=51 ell=11 count=22 nF=17 blocks: 0123 1345 0246 1256 0356 0147 0257 1367 4567 0348 0158 2458 2368 1468 1278 3578 0678
FAM D=51 ell=11 count=22 nF=17 blocks: 0123 1345 0246 1256 0356 1247 2357 0457 0167 3467 0148 2348 0258 1368 4568 0378 1578
FAM D=54 ell=11 count=19 nF=18 blocks: 0123 1345 0246 1256 0356 1247 2357 0457 0167 3467 0148 2348 0258 1368 4568 0378 1578 2678
FAM D=51 ell=11 count=22 nF=17 blocks: 0123 1345 0246 1256 0356 1247 2357 0457 0167 3467 0148 2348 0258 1368 4568 0378 2678
FAM D=51 ell=11 count=22 nF=17 blocks: 0123 1345 0246 1256 0356 1247 2357 0457 0167 3467 0148 2348 0258 1368 4568 1578 2678
FAM D=51 ell=11 count=22 nF=17 blocks: 0123 1345 0246 1256 0356 1247 2357 0457 0167 3467 0148 2348 0258 1368 0378 1578 2678
FAM D=51 ell=11 count=22 nF=17 blocks: 0123 1345 0246 1256 0356 1247 2357 0457 0167 3467 0148 2348 0258 4568 0378 1578 2678
FAM D=51 ell=11 count=22 nF=17 blocks: 0123 1345 0246 1256 0356 1247 2357 0457 0167 3467 0148 2348 1368 4568 0378 1578 2678
FAM D=51 ell=11 count=22 nF=17 blocks: 0123 1345 0246 1256 0356 1247 2357 0457 0167 3467 0148 0258 1368 4568 0378 1578 2678
FAM D=51 ell=11 count=22 nF=17 blocks: 0123 1345 0246 1256 0356 1247 2357 0457 0167 3467 0348 0158 2458 2368 1468 0278 1378
FAM D=54 ell=11 count=19 nF=18 blocks: 0123 1345 0246 1256 0356 1247 2357 0457 0167 3467 0348 0158 2458 2368 1468 0278 1378 5678
FAM D=51 ell=11 count=22 nF=17 blocks: 0123 1345 0246 1256 0356 1247 2357 0457 0167 3467 0348 0158 2458 2368 1468 0278 5678
FAM D=51 ell=11 count=22 nF=17 blocks: 0123 1345 0246 1256 0356 1247 2357 0457 0167 3467 0348 0158 2458 2368 1468 1378 5678
FAM D=51 ell=11 count=22 nF=17 blocks: 0123 1345 0246 1256 0356 1247 2357 0457 0167 3467 0348 0158 2458 2368 0278 1378 5678
FAM D=51 ell=11 count=22 nF=17 blocks: 0123 1345 0246 1256 0356 1247 2357 0457 0167 3467 0348 0158 2458 1468 0278 1378 5678
FAM D=51 ell=11 count=22 nF=17 blocks: 0123 1345 0246 1256 0356 1247 2357 0457 0167 3467 0348 0158 2368 1468 0278 1378 5678
FAM D=51 ell=11 count=22 nF=17 blocks: 0123 1345 0246 1256 0356 1247 2357 0457 0167 3467 0348 2458 2368 1468 0278 1378 5678
FAM D=51 ell=11 count=22 nF=17 blocks: 0123 1345 0246 1256 0356 1247 2357 0457 0167 3467 2348 0258 1368 4568 0378 1578 2678
FAM D=51 ell=11 count=22 nF=17 blocks: 0123 1345 0246 1256 0356 1247 2357 0457 0167 3467 0158 2458 2368 1468 0278 1378 5678
FAM D=51 ell=11 count=22 nF=17 blocks: 0123 1345 0246 1256 0356 1247 2357 0457 0167 0148 2348 0258 1368 4568 0378 1578 2678
FAM D=51 ell=11 count=22 nF=17 blocks: 0123 1345 0246 1256 0356 1247 2357 0457 0167 0348 0158 2458 2368 1468 0278 1378 5678
FAM D=51 ell=11 count=22 nF=17 blocks: 0123 1345 0246 1256 0356 1247 2357 0457 3467 0148 2348 0258 1368 4568 0378 1578 2678
FAM D=51 ell=11 count=22 nF=17 blocks: 0123 1345 0246 1256 0356 1247 2357 0457 3467 0348 0158 2458 2368 1468 0278 1378 5678
FAM D=51 ell=11 count=22 nF=17 blocks: 0123 1345 0246 1256 0356 1247 2357 0167 3467 0148 2348 0258 1368 4568 0378 1578 2678
FAM D=51 ell=11 count=22 nF=17 blocks: 0123 1345 0246 1256 0356 1247 2357 0167 3467 0348 0158 2458 2368 1468 0278 1378 5678
FAM D=51 ell=11 count=22 nF=17 blocks: 0123 1345 0246 1256 0356 1247 0457 0167 3467 0148 2348 0258 1368 4568 0378 1578 2678
FAM D=51 ell=11 count=22 nF=17 blocks: 0123 1345 0246 1256 0356 1247 0457 0167 3467 0348 0158 2458 2368 1468 0278 1378 5678
FAM D=51 ell=11 count=22 nF=17 blocks: 0123 1345 0246 1256 0356 0347 0157 2457 2367 1467 0148 2348 0258 1368 4568 1278 3578
FAM D=54 ell=11 count=19 nF=18 blocks: 0123 1345 0246 1256 0356 0347 0157 2457 2367 1467 0148 2348 0258 1368 4568 1278 3578 0678
FAM D=51 ell=11 count=22 nF=17 blocks: 0123 1345 0246 1256 0356 0347 0157 2457 2367 1467 0148 2348 0258 1368 4568 1278 0678
FAM D=51 ell=11 count=22 nF=17 blocks: 0123 1345 0246 1256 0356 0347 0157 2457 2367 1467 0148 2348 0258 1368 4568 3578 0678
FAM D=51 ell=11 count=22 nF=17 blocks: 0123 1345 0246 1256 0356 0347 0157 2457 2367 1467 0148 2348 0258 1368 1278 3578 0678
FAM D=51 ell=11 count=22 nF=17 blocks: 0123 1345 0246 1256 0356 0347 0157 2457 2367 1467 0148 2348 0258 4568 1278 3578 0678
FAM D=51 ell=11 count=22 nF=17 blocks: 0123 1345 0246 1256 0356 0347 0157 2457 2367 1467 0148 2348 1368 4568 1278 3578 0678
FAM D=51 ell=11 count=22 nF=17 blocks: 0123 1345 0246 1256 0356 0347 0157 2457 2367 1467 0148 0258 1368 4568 1278 3578 0678
FAM D=51 ell=11 count=22 nF=17 blocks: 0123 1345 0246 1256 0356 0347 0157 2457 2367 1467 1248 2358 0458 0168 3468 0278 1378
FAM D=54 ell=11 count=19 nF=18 blocks: 0123 1345 0246 1256 0356 0347 0157 2457 2367 1467 1248 2358 0458 0168 3468 0278 1378 5678
FAM D=51 ell=11 count=22 nF=17 blocks: 0123 1345 0246 1256 0356 0347 0157 2457 2367 1467 1248 2358 0458 0168 3468 0278 5678
FAM D=51 ell=11 count=22 nF=17 blocks: 0123 1345 0246 1256 0356 0347 0157 2457 2367 1467 1248 2358 0458 0168 3468 1378 5678
FAM D=51 ell=11 count=22 nF=17 blocks: 0123 1345 0246 1256 0356 0347 0157 2457 2367 1467 1248 2358 0458 0168 0278 1378 5678
FAM D=51 ell=11 count=22 nF=17 blocks: 0123 1345 0246 1256 0356 0347 0157 2457 2367 1467 1248 2358 0458 3468 0278 1378 5678
FAM D=51 ell=11 count=22 nF=17 blocks: 0123 1345 0246 1256 0356 0347 0157 2457 2367 1467 1248 2358 0168 3468 0278 1378 5678
FAM D=51 ell=11 count=22 nF=17 blocks: 0123 1345 0246 1256 0356 0347 0157 2457 2367 1467 1248 0458 0168 3468 0278 1378 5678
FAM D=51 ell=11 count=22 nF=17 blocks: 0123 1345 0246 1256 0356 0347 0157 2457 2367 1467 2348 0258 1368 4568 1278 3578 0678
FAM D=51 ell=11 count=22 nF=17 blocks: 0123 1345 0246 1256 0356 0347 0157 2457 2367 1467 2358 0458 0168 3468 0278 1378 5678
FAM D=51 ell=11 count=22 nF=17 blocks: 0123 1345 0246 1256 0356 0347 0157 2457 2367 0148 2348 0258 1368 4568 1278 3578 0678
FAM D=51 ell=11 count=22 nF=17 blocks: 0123 1345 0246 1256 0356 0347 0157 2457 2367 1248 2358 0458 0168 3468 0278 1378 5678
FAM D=51 ell=11 count=22 nF=17 blocks: 0123 1345 0246 1256 0356 0347 0157 2457 1467 0148 2348 0258 1368 4568 1278 3578 0678
FAM D=51 ell=11 count=22 nF=17 blocks: 0123 1345 0246 1256 0356 0347 0157 2457 1467 1248 2358 0458 0168 3468 0278 1378 5678
FAM D=51 ell=11 count=22 nF=17 blocks: 0123 1345 0246 1256 0356 0347 0157 2367 1467 0148 2348 0258 1368 4568 1278 3578 0678
FAM D=51 ell=11 count=22 nF=17 blocks: 0123 1345 0246 1256 0356 0347 0157 2367 1467 1248 2358 0458 0168 3468 0278 1378 5678
FAM D=51 ell=11 count=22 nF=17 blocks: 0123 1345 0246 1256 0356 0347 2457 2367 1467 0148 2348 0258 1368 4568 1278 3578 0678
FAM D=51 ell=11 count=22 nF=17 blocks: 0123 1345 0246 1256 0356 0347 2457 2367 1467 1248 2358 0458 0168 3468 0278 1378 5678
FAM D=51 ell=11 count=22 nF=17 blocks: 0123 1345 0246 1256 0356 2347 0257 1367 4567 1248 2358 0458 0168 3468 0378 1578 2678
FAM D=51 ell=11 count=22 nF=17 blocks: 0123 1345 0246 1256 0356 2347 0257 1367 4567 0348 0158 2458 2368 1468 1278 3578 0678
FAM D=51 ell=11 count=22 nF=17 blocks: 0123 1345 0246 1256 0356 0157 2457 2367 1467 0148 2348 0258 1368 4568 1278 3578 0678
FAM D=51 ell=11 count=22 nF=17 blocks: 0123 1345 0246 1256 0356 0157 2457 2367 1467 1248 2358 0458 0168 3468 0278 1378 5678
FAM D=51 ell=11 count=22 nF=17 blocks: 0123 1345 0246 1256 0356 2357 0457 0167 3467 0148 2348 0258 1368 4568 0378 1578 2678
FAM D=51 ell=11 count=22 nF=17 blocks: 0123 1345 0246 1256 0356 2357 0457 0167 3467 0348 0158 2458 2368 1468 0278 1378 5678
FAM D=51 ell=11 count=22 nF=17 blocks: 0123 1345 0246 1256 0147 2347 0257 1367 4567 1248 2358 0458 0168 3468 0378 1578 2678
FAM D=51 ell=11 count=22 nF=17 blocks: 0123 1345 0246 1256 0147 2347 0257 1367 4567 0348 0158 2458 2368 1468 1278 3578 0678
FAM D=51 ell=11 count=22 nF=17 blocks: 0123 1345 0246 1256 1247 2357 0457 0167 3467 0148 2348 0258 1368 4568 0378 1578 2678
FAM D=51 ell=11 count=22 nF=17 blocks: 0123 1345 0246 1256 1247 2357 0457 0167 3467 0348 0158 2458 2368 1468 0278 1378 5678
FAM D=51 ell=11 count=22 nF=17 blocks: 0123 1345 0246 1256 0347 0157 2457 2367 1467 0148 2348 0258 1368 4568 1278 3578 0678
FAM D=51 ell=11 count=22 nF=17 blocks: 0123 1345 0246 1256 0347 0157 2457 2367 1467 1248 2358 0458 0168 3468 0278 1378 5678
FAM D=51 ell=11 count=22 nF=17 blocks: 0123 1345 0246 0356 0147 2347 0257 1367 4567 1248 2358 0458 0168 3468 0378 1578 2678
FAM D=51 ell=11 count=22 nF=17 blocks: 0123 1345 0246 0356 0147 2347 0257 1367 4567 0348 0158 2458 2368 1468 1278 3578 0678
FAM D=51 ell=11 count=22 nF=17 blocks: 0123 1345 0246 0356 1247 2357 0457 0167 3467 0148 2348 0258 1368 4568 0378 1578 2678
FAM D=51 ell=11 count=22 nF=17 blocks: 0123 1345 0246 0356 1247 2357 0457 0167 3467 0348 0158 2458 2368 1468 0278 1378 5678
FAM D=51 ell=11 count=22 nF=17 blocks: 0123 1345 0246 0356 0347 0157 2457 2367 1467 0148 2348 0258 1368 4568 1278 3578 0678
FAM D=51 ell=11 count=22 nF=17 blocks: 0123 1345 0246 0356 0347 0157 2457 2367 1467 1248 2358 0458 0168 3468 0278 1378 5678
FAM D=51 ell=11 count=22 nF=17 blocks: 0123 1345 0246 2356 0147 0357 2457 1267 3467 1248 0348 0258 1368 4568 2378 1578 0678
FAM D=51 ell=11 count=22 nF=17 blocks: 0123 1345 0246 2356 0147 0357 2457 1267 3467 2348 1258 0458 0368 1468 0278 1378 5678
FAM D=51 ell=11 count=22 nF=17 blocks: 0123 1345 0246 2356 1247 0347 0257 1367 4567 0148 0358 2458 1268 3468 2378 1578 0678
FAM D=51 ell=11 count=22 nF=17 blocks: 0123 1345 0246 2356 1247 0347 0257 1367 4567 2348 1258 0458 0368 1468 0178 3578 2678
FAM D=51 ell=11 count=22 nF=17 blocks: 0123 1345 0246 2356 2347 1257 0457 0367 1467 0148 0358 2458 1268 3468 0278 1378 5678
FAM D=51 ell=11 count=22 nF=17 blocks: 0123 1345 0246 2356 2347 1257 0457 0367 1467 1248 0348 0258 1368 4568 0178 3578 2678
FAM D=51 ell=11 count=22 nF=17 blocks: 0123 1345 1246 0346 0256 0147 0357 2457 2367 1567 0248 0158 2358 1368 4568 1278 3478
FAM D=54 ell=11 count=19 nF=18 blocks: 0123 1345 1246 0346 0256 0147 0357 2457 2367 1567 0248 0158 2358 1368 4568 1278 3478 0678
FAM D=51 ell=11 count=22 nF=17 blocks: 0123 1345 1246 0346 0256 0147 0357 2457 2367 1567 0248 0158 2358 1368 4568 1278 0678
FAM D=51 ell=11 count=22 nF=17 blocks: 0123 1345 1246 0346 0256 0147 0357 2457 2367 1567 0248 0158 2358 1368 4568 3478 0678
FAM D=51 ell=11 count=22 nF=17 blocks: 0123 1345 1246 0346 0256 0147 0357 2457 2367 1567 0248 0158 2358 1368 1278 3478 0678
FAM D=51 ell=11 count=22 nF=17 blocks: 0123 1345 1246 0346 0256 0147 0357 2457 2367 1567 0248 0158 2358 4568 1278 3478 0678
FAM D=51 ell=11 count=22 nF=17 blocks: 0123 1345 1246 0346 0256 0147 0357 2457 2367 1567 0248 0158 1368 4568 1278 3478 0678
FAM D=51 ell=11 count=22 nF=17 blocks: 0123 1345 1246 0346 0256 0147 0357 2457 2367 1567 0248 2358 1368 4568 1278 3478 0678
FAM D=51 ell=11 count=22 nF=17 blocks: 0123 1345 1246 0346 0256 0147 0357 2457 2367 1567 2348 1258 0458 0168 3568 0278 1378
FAM D=54 ell=11 count=19 nF=18 blocks: 0123 1345 1246 0346 0256 0147 0357 2457 2367 1567 2348 1258 0458 0168 3568 0278 1378 4678
FAM D=51 ell=11 count=22 nF=17 blocks: 0123 1345 1246 0346 0256 0147 0357 2457 2367 1567 2348 1258 0458 0168 3568 0278 4678
FAM D=51 ell=11 count=22 nF=17 blocks: 0123 1345 1246 0346 0256 0147 0357 2457 2367 1567 2348 1258 0458 0168 3568 1378 4678
FAM D=51 ell=11 count=22 nF=17 blocks: 0123 1345 1246 0346 0256 0147 0357 2457 2367 1567 2348 1258 0458 0168 0278 1378 4678
FAM D=51 ell=11 count=22 nF=17 blocks: 0123 1345 1246 0346 0256 0147 0357 2457 2367 1567 2348 1258 0458 3568 0278 1378 4678
FAM D=51 ell=11 count=22 nF=17 blocks: 0123 1345 1246 0346 0256 0147 0357 2457 2367 1567 2348 1258 0168 3568 0278 1378 4678
FAM D=51 ell=11 count=22 nF=17 blocks: 0123 1345 1246 0346 0256 0147 0357 2457 2367 1567 2348 0458 0168 3568 0278 1378 4678
FAM D=51 ell=11 count=22 nF=17 blocks: 0123 1345 1246 0346 0256 0147 0357 2457 2367 1567 0158 2358 1368 4568 1278 3478 0678
FAM D=51 ell=11 count=22 nF=17 blocks: 0123 1345 1246 0346 0256 0147 0357 2457 2367 1567 1258 0458 0168 3568 0278 1378 4678
FAM D=51 ell=11 count=22 nF=17 blocks: 0123 1345 1246 0346 0256 0147 0357 2457 2367 0248 0158 2358 1368 4568 1278 3478 0678
FAM D=51 ell=11 count=22 nF=17 blocks: 0123 1345 1246 0346 0256 0147 0357 2457 2367 2348 1258 0458 0168 3568 0278 1378 4678
FAM D=51 ell=11 count=22 nF=17 blocks: 0123 1345 1246 0346 0256 0147 0357 2457 1567 0248 0158 2358 1368 4568 1278 3478 0678
FAM D=51 ell=11 count=22 nF=17 blocks: 0123 1345 1246 0346 0256 0147 0357 2457 1567 2348 1258 0458 0168 3568 0278 1378 4678
FAM D=51 ell=11 count=22 nF=17 blocks: 0123 1345 1246 0346 0256 0147 0357 2367 1567 0248 0158 2358 1368 4568 1278 3478 0678
FAM D=51 ell=11 count=22 nF=17 blocks: 0123 1345 1246 0346 0256 0147 0357 2367 1567 2348 1258 0458 0168 3568 0278 1378 4678
FAM D=51 ell=11 count=22 nF=17 blocks: 0123 1345 1246 0346 0256 0147 2457 2367 1567 0248 0158 2358 1368 4568 1278 3478 0678
FAM D=51 ell=11 count=22 nF=17 blocks: 0123 1345 1246 0346 0256 0147 2457 2367 1567 2348 1258 0458 0168 3568 0278 1378 4678
FAM D=51 ell=11 count=22 nF=17 blocks: 0123 1345 1246 0346 0256 0247 0157 2357 1367 4567 0148 0358 2458 2368 1568 1278 3478
FAM D=54 ell=11 count=19 nF=18 blocks: 0123 1345 1246 0346 0256 0247 0157 2357 1367 4567 0148 0358 2458 2368 1568 1278 3478 0678
FAM D=51 ell=11 count=22 nF=17 blocks: 0123 1345 1246 0346 0256 0247 0157 2357 1367 4567 0148 0358 2458 2368 1568 1278 0678
FAM D=51 ell=11 count=22 nF=17 blocks: 0123 1345 1246 0346 0256 0247 0157 2357 1367 4567 0148 0358 2458 2368 1568 3478 0678
FAM D=51 ell=11 count=22 nF=17 blocks: 0123 1345 1246 0346 0256 0247 0157 2357 1367 4567 0148 0358 2458 2368 1278 3478 0678
FAM D=51 ell=11 count=22 nF=17 blocks: 0123 1345 1246 0346 0256 0247 0157 2357 1367 4567 0148 0358 2458 1568 1278 3478 0678
FAM D=51 ell=11 count=22 nF=17 blocks: 0123 1345 1246 0346 0256 0247 0157 2357 1367 4567 0148 0358 2368 1568 1278 3478 0678
FAM D=51 ell=11 count=22 nF=17 blocks: 0123 1345 1246 0346 0256 0247 0157 2357 1367 4567 0148 2458 2368 1568 1278 3478 0678
FAM D=51 ell=11 count=22 nF=17 blocks: 0123 1345 1246 0346 0256 0247 0157 2357 1367 4567 2348 1258 0458 0168 3568 0378 1478
FAM D=54 ell=11 count=19 nF=18 blocks: 0123 1345 1246 0346 0256 0247 0157 2357 1367 4567 2348 1258 0458 0168 3568 0378 1478 2678
FAM D=51 ell=11 count=22 nF=17 blocks: 0123 1345 1246 0346 0256 0247 0157 2357 1367 4567 2348 1258 0458 0168 3568 0378 2678
FAM D=51 ell=11 count=22 nF=17 blocks: 0123 1345 1246 0346 0256 0247 0157 2357 1367 4567 2348 1258 0458 0168 3568 1478 2678
FAM D=51 ell=11 count=22 nF=17 blocks: 0123 1345 1246 0346 0256 0247 0157 2357 1367 4567 2348 1258 0458 0168 0378 1478 2678
FAM D=51 ell=11 count=22 nF=17 blocks: 0123 1345 1246 0346 0256 0247 0157 2357 1367 4567 2348 1258 0458 3568 0378 1478 2678
FAM D=51 ell=11 count=22 nF=17 blocks: 0123 1345 1246 0346 0256 0247 0157 2357 1367 4567 2348 1258 0168 3568 0378 1478 2678
FAM D=51 ell=11 count=22 nF=17 blocks: 0123 1345 1246 0346 0256 0247 0157 2357 1367 4567 2348 0458 0168 3568 0378 1478 2678
FAM D=51 ell=11 count=22 nF=17 blocks: 0123 1345 1246 0346 0256 0247 0157 2357 1367 4567 1258 0458 0168 3568 0378 1478 2678
FAM D=51 ell=11 count=22 nF=17 blocks: 0123 1345 1246 0346 0256 0247 0157 2357 1367 4567 0358 2458 2368 1568 1278 3478 0678
FAM D=51 ell=11 count=22 nF=17 blocks: 0123 1345 1246 0346 0256 0247 0157 2357 1367 0148 0358 2458 2368 1568 1278 3478 0678
FAM D=51 ell=11 count=22 nF=17 blocks: 0123 1345 1246 0346 0256 0247 0157 2357 1367 2348 1258 0458 0168 3568 0378 1478 2678
FAM D=51 ell=11 count=22 nF=17 blocks: 0123 1345 1246 0346 0256 0247 0157 2357 4567 0148 0358 2458 2368 1568 1278 3478 0678
FAM D=51 ell=11 count=22 nF=17 blocks: 0123 1345 1246 0346 0256 0247 0157 2357 4567 2348 1258 0458 0168 3568 0378 1478 2678
FAM D=51 ell=11 count=22 nF=17 blocks: 0123 1345 1246 0346 0256 0247 0157 1367 4567 0148 0358 2458 2368 1568 1278 3478 0678
FAM D=51 ell=11 count=22 nF=17 blocks: 0123 1345 1246 0346 0256 0247 0157 1367 4567 2348 1258 0458 0168 3568 0378 1478 2678
FAM D=51 ell=11 count=22 nF=17 blocks: 0123 1345 1246 0346 0256 0247 2357 1367 4567 0148 0358 2458 2368 1568 1278 3478 0678
FAM D=51 ell=11 count=22 nF=17 blocks: 0123 1345 1246 0346 0256 0247 2357 1367 4567 2348 1258 0458 0168 3568 0378 1478 2678
FAM D=51 ell=11 count=22 nF=17 blocks: 0123 1345 1246 0346 0256 2347 1257 0457 0167 3567 0148 0358 2458 2368 1568 0278 1378
FAM D=54 ell=11 count=19 nF=18 blocks: 0123 1345 1246 0346 0256 2347 1257 0457 0167 3567 0148 0358 2458 2368 1568 0278 1378 4678
FAM D=51 ell=11 count=22 nF=17 blocks: 0123 1345 1246 0346 0256 2347 1257 0457 0167 3567 0148 0358 2458 2368 1568 0278 4678
FAM D=51 ell=11 count=22 nF=17 blocks: 0123 1345 1246 0346 0256 2347 1257 0457 0167 3567 0148 0358 2458 2368 1568 1378 4678
FAM D=51 ell=11 count=22 nF=17 blocks: 0123 1345 1246 0346 0256 2347 1257 0457 0167 3567 0148 0358 2458 2368 0278 1378 4678
FAM D=51 ell=11 count=22 nF=17 blocks: 0123 1345 1246 0346 0256 2347 1257 0457 0167 3567 0148 0358 2458 1568 0278 1378 4678
FAM D=51 ell=11 count=22 nF=17 blocks: 0123 1345 1246 0346 0256 2347 1257 0457 0167 3567 0148 0358 2368 1568 0278 1378 4678
FAM D=51 ell=11 count=22 nF=17 blocks: 0123 1345 1246 0346 0256 2347 1257 0457 0167 3567 0148 2458 2368 1568 0278 1378 4678
FAM D=51 ell=11 count=22 nF=17 blocks: 0123 1345 1246 0346 0256 2347 1257 0457 0167 3567 0248 0158 2358 1368 4568 0378 1478
FAM D=54 ell=11 count=19 nF=18 blocks: 0123 1345 1246 0346 0256 2347 1257 0457 0167 3567 0248 0158 2358 1368 4568 0378 1478 2678
FAM D=51 ell=11 count=22 nF=17 blocks: 0123 1345 1246 0346 0256 2347 1257 0457 0167 3567 0248 0158 2358 1368 4568 0378 2678
FAM D=51 ell=11 count=22 nF=17 blocks: 0123 1345 1246 0346 0256 2347 1257 0457 0167 3567 0248 0158 2358 1368 4568 1478 2678
FAM D=51 ell=11 count=22 nF=17 blocks: 0123 1345 1246 0346 0256 2347 1257 0457 0167 3567 0248 0158 2358 1368 0378 1478 2678
FAM D=51 ell=11 count=22 nF=17 blocks: 0123 1345 1246 0346 0256 2347 1257 0457 0167 3567 0248 0158 2358 4568 0378 1478 2678
FAM D=51 ell=11 count=22 nF=17 blocks: 0123 1345 1246 0346 0256 2347 1257 0457 0167 3567 0248 0158 1368 4568 0378 1478 2678
FAM D=51 ell=11 count=22 nF=17 blocks: 0123 1345 1246 0346 0256 2347 1257 0457 0167 3567 0248 2358 1368 4568 0378 1478 2678
FAM D=51 ell=11 count=22 nF=17 blocks: 0123 1345 1246 0346 0256 2347 1257 0457 0167 3567 0158 2358 1368 4568 0378 1478 2678
FAM D=51 ell=11 count=22 nF=17 blocks: 0123 1345 1246 0346 0256 2347 1257 0457 0167 3567 0358 2458 2368 1568 0278 1378 4678
FAM D=51 ell=11 count=22 nF=17 blocks: 0123 1345 1246 0346 0256 2347 1257 0457 0167 0148 0358 2458 2368 1568 0278 1378 4678
FAM D=51 ell=11 count=22 nF=17 blocks: 0123 1345 1246 0346 0256 2347 1257 0457 0167 0248 0158 2358 1368 4568 0378 1478 2678
FAM D=51 ell=11 count=22 nF=17 blocks: 0123 1345 1246 0346 0256 2347 1257 0457 3567 0148 0358 2458 2368 1568 0278 1378 4678
FAM D=51 ell=11 count=22 nF=17 blocks: 0123 1345 1246 0346 0256 2347 1257 0457 3567 0248 0158 2358 1368 4568 0378 1478 2678
FAM D=51 ell=11 count=22 nF=17 blocks: 0123 1345 1246 0346 0256 2347 1257 0167 3567 0148 0358 2458 2368 1568 0278 1378 4678
FAM D=51 ell=11 count=22 nF=17 blocks: 0123 1345 1246 0346 0256 2347 1257 0167 3567 0248 0158 2358 1368 4568 0378 1478 2678
FAM D=51 ell=11 count=22 nF=17 blocks: 0123 1345 1246 0346 0256 2347 0457 0167 3567 0148 0358 2458 2368 1568 0278 1378 4678
FAM D=51 ell=11 count=22 nF=17 blocks: 0123 1345 1246 0346 0256 2347 0457 0167 3567 0248 0158 2358 1368 4568 0378 1478 2678
FAM D=51 ell=11 count=22 nF=17 blocks: 0123 1345 1246 0346 0256 0157 2357 1367 4567 0148 0358 2458 2368 1568 1278 3478 0678
FAM D=51 ell=11 count=22 nF=17 blocks: 0123 1345 1246 0346 0256 0157 2357 1367 4567 2348 1258 0458 0168 3568 0378 1478 2678
FAM D=51 ell=11 count=22 nF=17 blocks: 0123 1345 1246 0346 0256 1257 0457 0167 3567 0148 0358 2458 2368 1568 0278 1378 4678
FAM D=51 ell=11 count=22 nF=17 blocks: 0123 1345 1246 0346 0256 1257 0457 0167 3567 0248 0158 2358 1368 4568 0378 1478 2678
FAM D=51 ell=11 count=22 nF=17 blocks: 0123 1345 1246 0346 0256 0357 2457 2367 1567 0248 0158 2358 1368 4568 1278 3478 0678
FAM D=51 ell=11 count=22 nF=17 blocks: 0123 1345 1246 0346 0256 0357 2457 2367 1567 2348 1258 0458 0168 3568 0278 1378 4678
FAM D=51 ell=11 count=22 nF=17 blocks: 0123 1345 1246 0346 0147 0357 2457 2367 1567 0248 0158 2358 1368 4568 1278 3478 0678
FAM D=51 ell=11 count=22 nF=17 blocks: 0123 1345 1246 0346 0147 0357 2457 2367 1567 2348 1258 0458 0168 3568 0278 1378 4678
FAM D=51 ell=11 count=22 nF=17 blocks: 0123 1345 1246 0346 0247 0157 2357 1367 4567 0148 0358 2458 2368 1568 1278 3478 0678
FAM D=51 ell=11 count=22 nF=17 blocks: 0123 1345 1246 0346 0247 0157 2357 1367 4567 2348 1258 0458 0168 3568 0378 1478 2678
FAM D=51 ell=11 count=22 nF=17 blocks: 0123 1345 1246 0346 2347 1257 0457 0167 3567 0148 0358 2458 2368 1568 0278 1378 4678
FAM D=51 ell=11 count=22 nF=17 blocks: 0123 1345 1246 0346 2347 1257 0457 0167 3567 0248 0158 2358 1368 4568 0378 1478 2678
FAM D=51 ell=11 count=22 nF=17 blocks: 0123 1345 1246 0256 0147 0357 2457 2367 1567 0248 0158 2358 1368 4568 1278 3478 0678
FAM D=51 ell=11 count=22 nF=17 blocks: 0123 1345 1246 0256 0147 0357 2457 2367 1567 2348 1258 0458 0168 3568 0278 1378 4678
FAM D=51 ell=11 count=22 nF=17 blocks: 0123 1345 1246 0256 0247 0157 2357 1367 4567 0148 0358 2458 2368 1568 1278 3478 0678
FAM D=51 ell=11 count=22 nF=17 blocks: 0123 1345 1246 0256 0247 0157 2357 1367 4567 2348 1258 0458 0168 3568 0378 1478 2678
FAM D=51 ell=11 count=22 nF=17 blocks: 0123 1345 1246 0256 2347 1257 0457 0167 3567 0148 0358 2458 2368 1568 0278 1378 4678
FAM D=51 ell=11 count=22 nF=17 blocks: 0123 1345 1246 0256 2347 1257 0457 0167 3567 0248 0158 2358 1368 4568 0378 1478 2678
FAM D=51 ell=11 count=22 nF=17 blocks: 0123 1345 1246 0356 0147 2357 0267 3467 1567 0348 1258 0168 2368 4568 1378 2478 0578
FAM D=51 ell=11 count=22 nF=17 blocks: 0123 1345 1246 0356 0147 2357 0267 3467 1567 2348 0158 1368 0468 2568 1278 0378 4578
FAM D=51 ell=11 count=22 nF=17 blocks: 0123 1345 1246 0356 0347 1257 0167 2367 4567 0148 2358 0268 3468 1568 1378 2478 0578
FAM D=51 ell=11 count=22 nF=17 blocks: 0123 1345 1246 0356 0347 1257 0167 2367 4567 2348 0158 1368 0468 2568 0278 1478 3578
FAM D=51 ell=11 count=22 nF=17 blocks: 0123 1345 1246 0356 2347 0157 1367 0467 2567 0148 2358 0268 3468 1568 1278 0378 4578
FAM D=51 ell=11 count=22 nF=17 blocks: 0123 1345 1246 0356 2347 0157 1367 0467 2567 0348 1258 0168 2368 4568 0278 1478 3578
FAM D=51 ell=11 count=22 nF=17 blocks: 0123 1345 1246 2356 0456 0147 2347 0257 0367 1567 0248 1258 0358 0168 3468 1378 4578
FAM D=54 ell=11 count=19 nF=18 blocks: 0123 1345 1246 2356 0456 0147 2347 0257 0367 1567 0248 1258 0358 0168 3468 1378 4578 2678
FAM D=51 ell=11 count=22 nF=17 blocks: 0123 1345 1246 2356 0456 0147 2347 0257 0367 1567 0248 1258 0358 0168 3468 1378 2678
FAM D=51 ell=11 count=22 nF=17 blocks: 0123 1345 1246 2356 0456 0147 2347 0257 0367 1567 0248 1258 0358 0168 3468 4578 2678
FAM D=51 ell=11 count=22 nF=17 blocks: 0123 1345 1246 2356 0456 0147 2347 0257 0367 1567 0248 1258 0358 0168 1378 4578 2678
FAM D=51 ell=11 count=22 nF=17 blocks: 0123 1345 1246 2356 0456 0147 2347 0257 0367 1567 0248 1258 0358 3468 1378 4578 2678
FAM D=51 ell=11 count=22 nF=17 blocks: 0123 1345 1246 2356 0456 0147 2347 0257 0367 1567 0248 1258 0168 3468 1378 4578 2678
FAM D=51 ell=11 count=22 nF=17 blocks: 0123 1345 1246 2356 0456 0147 2347 0257 0367 1567 0248 0358 0168 3468 1378 4578 2678
FAM D=51 ell=11 count=22 nF=17 blocks: 0123 1345 1246 2356 0456 0147 2347 0257 0367 1567 0348 0158 2458 0268 1368 1278 3578
FAM D=54 ell=11 count=19 nF=18 blocks: 0123 1345 1246 2356 0456 0147 2347 0257 0367 1567 0348 0158 2458 0268 1368 1278 3578 4678
FAM D=51 ell=11 count=22 nF=17 blocks: 0123 1345 1246 2356 0456 0147 2347 0257 0367 1567 0348 0158 2458 0268 1368 1278 4678
FAM D=51 ell=11 count=22 nF=17 blocks: 0123 1345 1246 2356 0456 0147 2347 0257 0367 1567 0348 0158 2458 0268 1368 3578 4678
FAM D=51 ell=11 count=22 nF=17 blocks: 0123 1345 1246 2356 0456 0147 2347 0257 0367 1567 0348 0158 2458 0268 1278 3578 4678
FAM D=51 ell=11 count=22 nF=17 blocks: 0123 1345 1246 2356 0456 0147 2347 0257 0367 1567 0348 0158 2458 1368 1278 3578 4678
FAM D=51 ell=11 count=22 nF=17 blocks: 0123 1345 1246 2356 0456 0147 2347 0257 0367 1567 0348 0158 0268 1368 1278 3578 4678
FAM D=51 ell=11 count=22 nF=17 blocks: 0123 1345 1246 2356 0456 0147 2347 0257 0367 1567 0348 2458 0268 1368 1278 3578 4678
FAM D=51 ell=11 count=22 nF=17 blocks: 0123 1345 1246 2356 0456 0147 2347 0257 0367 1567 0158 2458 0268 1368 1278 3578 4678
FAM D=51 ell=11 count=22 nF=17 blocks: 0123 1345 1246 2356 0456 0147 2347 0257 0367 1567 1258 0358 0168 3468 1378 4578 2678
FAM D=51 ell=11 count=22 nF=17 blocks: 0123 1345 1246 2356 0456 0147 2347 0257 0367 0248 1258 0358 0168 3468 1378 4578 2678
FAM D=51 ell=11 count=22 nF=17 blocks: 0123 1345 1246 2356 0456 0147 2347 0257 0367 0348 0158 2458 0268 1368 1278 3578 4678
FAM D=51 ell=11 count=22 nF=17 blocks: 0123 1345 1246 2356 0456 0147 2347 0257 1567 0248 1258 0358 0168 3468 1378 4578 2678
FAM D=51 ell=11 count=22 nF=17 blocks: 0123 1345 1246 2356 0456 0147 2347 0257 1567 0348 0158 2458 0268 1368 1278 3578 4678
FAM D=51 ell=11 count=22 nF=17 blocks: 0123 1345 1246 2356 0456 0147 2347 0367 1567 0248 1258 0358 0168 3468 1378 4578 2678
FAM D=51 ell=11 count=22 nF=17 blocks: 0123 1345 1246 2356 0456 0147 2347 0367 1567 0348 0158 2458 0268 1368 1278 3578 4678
FAM D=51 ell=11 count=22 nF=17 blocks: 0123 1345 1246 2356 0456 0147 0257 0367 1567 0248 1258 0358 0168 3468 1378 4578 2678
FAM D=51 ell=11 count=22 nF=17 blocks: 0123 1345 1246 2356 0456 0147 0257 0367 1567 0348 0158 2458 0268 1368 1278 3578 4678
FAM D=51 ell=11 count=22 nF=17 blocks: 0123 1345 1246 2356 0456 0247 1257 0357 0167 3467 0148 2348 0258 0368 1568 1378 4578
FAM D=54 ell=11 count=19 nF=18 blocks: 0123 1345 1246 2356 0456 0247 1257 0357 0167 3467 0148 2348 0258 0368 1568 1378 4578 2678
FAM D=51 ell=11 count=22 nF=17 blocks: 0123 1345 1246 2356 0456 0247 1257 0357 0167 3467 0148 2348 0258 0368 1568 1378 2678
FAM D=51 ell=11 count=22 nF=17 blocks: 0123 1345 1246 2356 0456 0247 1257 0357 0167 3467 0148 2348 0258 0368 1568 4578 2678
FAM D=51 ell=11 count=22 nF=17 blocks: 0123 1345 1246 2356 0456 0247 1257 0357 0167 3467 0148 2348 0258 0368 1378 4578 2678
FAM D=51 ell=11 count=22 nF=17 blocks: 0123 1345 1246 2356 0456 0247 1257 0357 0167 3467 0148 2348 0258 1568 1378 4578 2678
FAM D=51 ell=11 count=22 nF=17 blocks: 0123 1345 1246 2356 0456 0247 1257 0357 0167 3467 0148 2348 0368 1568 1378 4578 2678
FAM D=51 ell=11 count=22 nF=17 blocks: 0123 1345 1246 2356 0456 0247 1257 0357 0167 3467 0148 0258 0368 1568 1378 4578 2678
FAM D=51 ell=11 count=22 nF=17 blocks: 0123 1345 1246 2356 0456 0247 1257 0357 0167 3467 0348 0158 2458 0268 1368 2378 1478
FAM D=54 ell=11 count=19 nF=18 blocks: 0123 1345 1246 2356 0456 0247 1257 0357 0167 3467 0348 0158 2458 0268 1368 2378 1478 5678
FAM D=51 ell=11 count=22 nF=17 blocks: 0123 1345 1246 2356 0456 0247 1257 0357 0167 3467 0348 0158 2458 0268 1368 2378 5678
FAM D=51 ell=11 count=22 nF=17 blocks: 0123 1345 1246 2356 0456 0247 1257 0357 0167 3467 0348 0158 2458 0268 1368 1478 5678
FAM D=51 ell=11 count=22 nF=17 blocks: 0123 1345 1246 2356 0456 0247 1257 0357 0167 3467 0348 0158 2458 0268 2378 1478 5678
FAM D=51 ell=11 count=22 nF=17 blocks: 0123 1345 1246 2356 0456 0247 1257 0357 0167 3467 0348 0158 2458 1368 2378 1478 5678
FAM D=51 ell=11 count=22 nF=17 blocks: 0123 1345 1246 2356 0456 0247 1257 0357 0167 3467 0348 0158 0268 1368 2378 1478 5678
FAM D=51 ell=11 count=22 nF=17 blocks: 0123 1345 1246 2356 0456 0247 1257 0357 0167 3467 0348 2458 0268 1368 2378 1478 5678
FAM D=51 ell=11 count=22 nF=17 blocks: 0123 1345 1246 2356 0456 0247 1257 0357 0167 3467 2348 0258 0368 1568 1378 4578 2678
FAM D=51 ell=11 count=22 nF=17 blocks: 0123 1345 1246 2356 0456 0247 1257 0357 0167 3467 0158 2458 0268 1368 2378 1478 5678
FAM D=51 ell=11 count=22 nF=17 blocks: 0123 1345 1246 2356 0456 0247 1257 0357 0167 0148 2348 0258 0368 1568 1378 4578 2678
FAM D=51 ell=11 count=22 nF=17 blocks: 0123 1345 1246 2356 0456 0247 1257 0357 0167 0348 0158 2458 0268 1368 2378 1478 5678
FAM D=51 ell=11 count=22 nF=17 blocks: 0123 1345 1246 2356 0456 0247 1257 0357 3467 0148 2348 0258 0368 1568 1378 4578 2678
FAM D=51 ell=11 count=22 nF=17 blocks: 0123 1345 1246 2356 0456 0247 1257 0357 3467 0348 0158 2458 0268 1368 2378 1478 5678
FAM D=51 ell=11 count=22 nF=17 blocks: 0123 1345 1246 2356 0456 0247 1257 0167 3467 0148 2348 0258 0368 1568 1378 4578 2678
FAM D=51 ell=11 count=22 nF=17 blocks: 0123 1345 1246 2356 0456 0247 1257 0167 3467 0348 0158 2458 0268 1368 2378 1478 5678
FAM D=51 ell=11 count=22 nF=17 blocks: 0123 1345 1246 2356 0456 0247 0357 0167 3467 0148 2348 0258 0368 1568 1378 4578 2678
FAM D=51 ell=11 count=22 nF=17 blocks: 0123 1345 1246 2356 0456 0247 0357 0167 3467 0348 0158 2458 0268 1368 2378 1478 5678
FAM D=51 ell=11 count=22 nF=17 blocks: 0123 1345 1246 2356 0456 0347 0157 2457 0267 1367 0148 2348 0258 0368 1568 1278 3578
FAM D=54 ell=11 count=19 nF=18 blocks: 0123 1345 1246 2356 0456 0347 0157 2457 0267 1367 0148 2348 0258 0368 1568 1278 3578 4678
FAM D=51 ell=11 count=22 nF=17 blocks: 0123 1345 1246 2356 0456 0347 0157 2457 0267 1367 0148 2348 0258 0368 1568 1278 4678
FAM D=51 ell=11 count=22 nF=17 blocks: 0123 1345 1246 2356 0456 0347 0157 2457 0267 1367 0148 2348 0258 0368 1568 3578 4678
FAM D=51 ell=11 count=22 nF=17 blocks: 0123 1345 1246 2356 0456 0347 0157 2457 0267 1367 0148 2348 0258 0368 1278 3578 4678
FAM D=51 ell=11 count=22 nF=17 blocks: 0123 1345 1246 2356 0456 0347 0157 2457 0267 1367 0148 2348 0258 1568 1278 3578 4678
FAM D=51 ell=11 count=22 nF=17 blocks: 0123 1345 1246 2356 0456 0347 0157 2457 0267 1367 0148 2348 0368 1568 1278 3578 4678
FAM D=51 ell=11 count=22 nF=17 blocks: 0123 1345 1246 2356 0456 0347 0157 2457 0267 1367 0148 0258 0368 1568 1278 3578 4678
FAM D=51 ell=11 count=22 nF=17 blocks: 0123 1345 1246 2356 0456 0347 0157 2457 0267 1367 0248 1258 0358 0168 3468 2378 1478
FAM D=54 ell=11 count=19 nF=18 blocks: 0123 1345 1246 2356 0456 0347 0157 2457 0267 1367 0248 1258 0358 0168 3468 2378 1478 5678
FAM D=51 ell=11 count=22 nF=17 blocks: 0123 1345 1246 2356 0456 0347 0157 2457 0267 1367 0248 1258 0358 0168 3468 2378 5678
FAM D=51 ell=11 count=22 nF=17 blocks: 0123 1345 1246 2356 0456 0347 0157 2457 0267 1367 0248 1258 0358 0168 3468 1478 5678
FAM D=51 ell=11 count=22 nF=17 blocks: 0123 1345 1246 2356 0456 0347 0157 2457 0267 1367 0248 1258 0358 0168 2378 1478 5678
FAM D=51 ell=11 count=22 nF=17 blocks: 0123 1345 1246 2356 0456 0347 0157 2457 0267 1367 0248 1258 0358 3468 2378 1478 5678
FAM D=51 ell=11 count=22 nF=17 blocks: 0123 1345 1246 2356 0456 0347 0157 2457 0267 1367 0248 1258 0168 3468 2378 1478 5678
FAM D=51 ell=11 count=22 nF=17 blocks: 0123 1345 1246 2356 0456 0347 0157 2457 0267 1367 0248 0358 0168 3468 2378 1478 5678
FAM D=51 ell=11 count=22 nF=17 blocks: 0123 1345 1246 2356 0456 0347 0157 2457 0267 1367 2348 0258 0368 1568 1278 3578 4678
FAM D=51 ell=11 count=22 nF=17 blocks: 0123 1345 1246 2356 0456 0347 0157 2457 0267 1367 1258 0358 0168 3468 2378 1478 5678
FAM D=51 ell=11 count=22 nF=17 blocks: 0123 1345 1246 2356 0456 0347 0157 2457 0267 0148 2348 0258 0368 1568 1278 3578 4678
FAM D=51 ell=11 count=22 nF=17 blocks: 0123 1345 1246 2356 0456 0347 0157 2457 0267 0248 1258 0358 0168 3468 2378 1478 5678
FAM D=51 ell=11 count=22 nF=17 blocks: 0123 1345 1246 2356 0456 0347 0157 2457 1367 0148 2348 0258 0368 1568 1278 3578 4678
FAM D=51 ell=11 count=22 nF=17 blocks: 0123 1345 1246 2356 0456 0347 0157 2457 1367 0248 1258 0358 0168 3468 2378 1478 5678
FAM D=51 ell=11 count=22 nF=17 blocks: 0123 1345 1246 2356 0456 0347 0157 0267 1367 0148 2348 0258 0368 1568 1278 3578 4678
FAM D=51 ell=11 count=22 nF=17 blocks: 0123 1345 1246 2356 0456 0347 0157 0267 1367 0248 1258 0358 0168 3468 2378 1478 5678
FAM D=51 ell=11 count=22 nF=17 blocks: 0123 1345 1246 2356 0456 0347 2457 0267 1367 0148 2348 0258 0368 1568 1278 3578 4678
FAM D=51 ell=11 count=22 nF=17 blocks: 0123 1345 1246 2356 0456 0347 2457 0267 1367 0248 1258 0358 0168 3468 2378 1478 5678
FAM D=51 ell=11 count=22 nF=17 blocks: 0123 1345 1246 2356 0456 2347 0257 0367 1567 0248 1258 0358 0168 3468 1378 4578 2678
FAM D=51 ell=11 count=22 nF=17 blocks: 0123 1345 1246 2356 0456 2347 0257 0367 1567 0348 0158 2458 0268 1368 1278 3578 4678
FAM D=51 ell=11 count=22 nF=17 blocks: 0123 1345 1246 2356 0456 0157 2457 0267 1367 0148 2348 0258 0368 1568 1278 3578 4678
FAM D=51 ell=11 count=22 nF=17 blocks: 0123 1345 1246 2356 0456 0157 2457 0267 1367 0248 1258 0358 0168 3468 2378 1478 5678
FAM D=51 ell=11 count=22 nF=17 blocks: 0123 1345 1246 2356 0456 1257 0357 0167 3467 0148 2348 0258 0368 1568 1378 4578 2678
FAM D=51 ell=11 count=22 nF=17 blocks: 0123 1345 1246 2356 0456 1257 0357 0167 3467 0348 0158 2458 0268 1368 2378 1478 5678
FAM D=51 ell=11 count=22 nF=17 blocks: 0123 1345 1246 2356 0147 2347 0257 0367 1567 0248 1258 0358 0168 3468 1378 4578 2678
FAM D=51 ell=11 count=22 nF=17 blocks: 0123 1345 1246 2356 0147 2347 0257 0367 1567 0348 0158 2458 0268 1368 1278 3578 4678
FAM D=51 ell=11 count=22 nF=17 blocks: 0123 1345 1246 2356 0247 1257 0357 0167 3467 0148 2348 0258 0368 1568 1378 4578 2678
FAM D=51 ell=11 count=22 nF=17 blocks: 0123 1345 1246 2356 0247 1257 0357 0167 3467 0348 0158 2458 0268 1368 2378 1478 5678
FAM D=51 ell=11 count=22 nF=17 blocks: 0123 1345 1246 2356 0347 0157 2457 0267 1367 0148 2348 0258 0368 1568 1278 3578 4678
FAM D=51 ell=11 count=22 nF=17 blocks: 0123 1345 1246 2356 0347 0157 2457 0267 1367 0248 1258 0358 0168 3468 2378 1478 5678
FAM D=51 ell=11 count=22 nF=17 blocks: 0123 1345 1246 0456 0147 2347 0257 0367 1567 0248 1258 0358 0168 3468 1378 4578 2678
FAM D=51 ell=11 count=22 nF=17 blocks: 0123 1345 1246 0456 0147 2347 0257 0367 1567 0348 0158 2458 0268 1368 1278 3578 4678
FAM D=51 ell=11 count=22 nF=17 blocks: 0123 1345 1246 0456 0247 1257 0357 0167 3467 0148 2348 0258 0368 1568 1378 4578 2678
FAM D=51 ell=11 count=22 nF=17 blocks: 0123 1345 1246 0456 0247 1257 0357 0167 3467 0348 0158 2458 0268 1368 2378 1478 5678
FAM D=51 ell=11 count=22 nF=17 blocks: 0123 1345 1246 0456 0347 0157 2457 0267 1367 0148 2348 0258 0368 1568 1278 3578 4678
FAM D=51 ell=11 count=22 nF=17 blocks: 0123 1345 1246 0456 0347 0157 2457 0267 1367 0248 1258 0358 0168 3468 2378 1478 5678
FAM D=51 ell=11 count=22 nF=17 blocks: 0123 1345 0346 0156 2456 0147 2347 0257 1267 3567 0248 1258 0358 2368 1468 1378 4578
FAM D=54 ell=11 count=19 nF=18 blocks: 0123 1345 0346 0156 2456 0147 2347 0257 1267 3567 0248 1258 0358 2368 1468 1378 4578 0678
FAM D=51 ell=11 count=22 nF=17 blocks: 0123 1345 0346 0156 2456 0147 2347 0257 1267 3567 0248 1258 0358 2368 1468 1378 0678
FAM D=51 ell=11 count=22 nF=17 blocks: 0123 1345 0346 0156 2456 0147 2347 0257 1267 3567 0248 1258 0358 2368 1468 4578 0678
FAM D=51 ell=11 count=22 nF=17 blocks: 0123 1345 0346 0156 2456 0147 2347 0257 1267 3567 0248 1258 0358 2368 1378 4578 0678
FAM D=51 ell=11 count=22 nF=17 blocks: 0123 1345 0346 0156 2456 0147 2347 0257 1267 3567 0248 1258 0358 1468 1378 4578 0678
FAM D=51 ell=11 count=22 nF=17 blocks: 0123 1345 0346 0156 2456 0147 2347 0257 1267 3567 0248 1258 2368 1468 1378 4578 0678
FAM D=51 ell=11 count=22 nF=17 blocks: 0123 1345 0346 0156 2456 0147 2347 0257 1267 3567 0248 0358 2368 1468 1378 4578 0678
FAM D=51 ell=11 count=22 nF=17 blocks: 0123 1345 0346 0156 2456 0147 2347 0257 1267 3567 1248 2358 0458 0268 1368 0378 1578
FAM D=54 ell=11 count=19 nF=18 blocks: 0123 1345 0346 0156 2456 0147 2347 0257 1267 3567 1248 2358 0458 0268 1368 0378 1578 4678
FAM D=51 ell=11 count=22 nF=17 blocks: 0123 1345 0346 0156 2456 0147 2347 0257 1267 3567 1248 2358 0458 0268 1368 0378 4678
FAM D=51 ell=11 count=22 nF=17 blocks: 0123 1345 0346 0156 2456 0147 2347 0257 1267 3567 1248 2358 0458 0268 1368 1578 4678
FAM D=51 ell=11 count=22 nF=17 blocks: 0123 1345 0346 0156 2456 0147 2347 0257 1267 3567 1248 2358 0458 0268 0378 1578 4678
FAM D=51 ell=11 count=22 nF=17 blocks: 0123 1345 0346 0156 2456 0147 2347 0257 1267 3567 1248 2358 0458 1368 0378 1578 4678
FAM D=51 ell=11 count=22 nF=17 blocks: 0123 1345 0346 0156 2456 0147 2347 0257 1267 3567 1248 2358 0268 1368 0378 1578 4678
FAM D=51 ell=11 count=22 nF=17 blocks: 0123 1345 0346 0156 2456 0147 2347 0257 1267 3567 1248 0458 0268 1368 0378 1578 4678
FAM D=51 ell=11 count=22 nF=17 blocks: 0123 1345 0346 0156 2456 0147 2347 0257 1267 3567 1258 0358 2368 1468 1378 4578 0678
FAM D=51 ell=11 count=22 nF=17 blocks: 0123 1345 0346 0156 2456 0147 2347 0257 1267 3567 2358 0458 0268 1368 0378 1578 4678
FAM D=51 ell=11 count=22 nF=17 blocks: 0123 1345 0346 0156 2456 0147 2347 0257 1267 0248 1258 0358 2368 1468 1378 4578 0678
FAM D=51 ell=11 count=22 nF=17 blocks: 0123 1345 0346 0156 2456 0147 2347 0257 1267 1248 2358 0458 0268 1368 0378 1578 4678
FAM D=51 ell=11 count=22 nF=17 blocks: 0123 1345 0346 0156 2456 0147 2347 0257 3567 0248 1258 0358 2368 1468 1378 4578 0678
FAM D=51 ell=11 count=22 nF=17 blocks: 0123 1345 0346 0156 2456 0147 2347 0257 3567 1248 2358 0458 0268 1368 0378 1578 4678
FAM D=51 ell=11 count=22 nF=17 blocks: 0123 1345 0346 0156 2456 0147 2347 1267 3567 0248 1258 0358 2368 1468 1378 4578 0678
FAM D=51 ell=11 count=22 nF=17 blocks: 0123 1345 0346 0156 2456 0147 2347 1267 3567 1248 2358 0458 0268 1368 0378 1578 4678
FAM D=51 ell=11 count=22 nF=17 blocks: 0123 1345 0346 0156 2456 0147 0257 1267 3567 0248 1258 0358 2368 1468 1378 4578 0678
FAM D=51 ell=11 count=22 nF=17 blocks: 0123 1345 0346 0156 2456 0147 0257 1267 3567 1248 2358 0458 0268 1368 0378 1578 4678
FAM D=51 ell=11 count=22 nF=17 blocks: 0123 1345 0346 0156 2456 0247 1257 0357 2367 1467 0148 2348 0258 1268 3568 1378 4578
FAM D=54 ell=11 count=19 nF=18 blocks: 0123 1345 0346 0156 2456 0247 1257 0357 2367 1467 0148 2348 0258 1268 3568 1378 4578 0678
FAM D=51 ell=11 count=22 nF=17 blocks: 0123 1345 0346 0156 2456 0247 1257 0357 2367 1467 0148 2348 0258 1268 3568 1378 0678
FAM D=51 ell=11 count=22 nF=17 blocks: 0123 1345 0346 0156 2456 0247 1257 0357 2367 1467 0148 2348 0258 1268 3568 4578 0678
FAM D=51 ell=11 count=22 nF=17 blocks: 0123 1345 0346 0156 2456 0247 1257 0357 2367 1467 0148 2348 0258 1268 1378 4578 0678
FAM D=51 ell=11 count=22 nF=17 blocks: 0123 1345 0346 0156 2456 0247 1257 0357 2367 1467 0148 2348 0258 3568 1378 4578 0678
FAM D=51 ell=11 count=22 nF=17 blocks: 0123 1345 0346 0156 2456 0247 1257 0357 2367 1467 0148 2348 1268 3568 1378 4578 0678
FAM D=51 ell=11 count=22 nF=17 blocks: 0123 1345 0346 0156 2456 0247 1257 0357 2367 1467 0148 0258 1268 3568 1378 4578 0678
FAM D=51 ell=11 count=22 nF=17 blocks: 0123 1345 0346 0156 2456 0247 1257 0357 2367 1467 1248 2358 0458 0268 1368 0178 3478
FAM D=54 ell=11 count=19 nF=18 blocks: 0123 1345 0346 0156 2456 0247 1257 0357 2367 1467 1248 2358 0458 0268 1368 0178 3478 5678
FAM D=51 ell=11 count=22 nF=17 blocks: 0123 1345 0346 0156 2456 0247 1257 0357 2367 1467 1248 2358 0458 0268 1368 0178 5678
FAM D=51 ell=11 count=22 nF=17 blocks: 0123 1345 0346 0156 2456 0247 1257 0357 2367 1467 1248 2358 0458 0268 1368 3478 5678
FAM D=51 ell=11 count=22 nF=17 blocks: 0123 1345 0346 0156 2456 0247 1257 0357 2367 1467 1248 2358 0458 0268 0178 3478 5678
FAM D=51 ell=11 count=22 nF=17 blocks: 0123 1345 0346 0156 2456 0247 1257 0357 2367 1467 1248 2358 0458 1368 0178 3478 5678
FAM D=51 ell=11 count=22 nF=17 blocks: 0123 1345 0346 0156 2456 0247 1257 0357 2367 1467 1248 2358 0268 1368 0178 3478 5678
FAM D=51 ell=11 count=22 nF=17 blocks: 0123 1345 0346 0156 2456 0247 1257 0357 2367 1467 1248 0458 0268 1368 0178 3478 5678
FAM D=51 ell=11 count=22 nF=17 blocks: 0123 1345 0346 0156 2456 0247 1257 0357 2367 1467 2348 0258 1268 3568 1378 4578 0678
FAM D=51 ell=11 count=22 nF=17 blocks: 0123 1345 0346 0156 2456 0247 1257 0357 2367 1467 2358 0458 0268 1368 0178 3478 5678
FAM D=51 ell=11 count=22 nF=17 blocks: 0123 1345 0346 0156 2456 0247 1257 0357 2367 0148 2348 0258 1268 3568 1378 4578 0678
FAM D=51 ell=11 count=22 nF=17 blocks: 0123 1345 0346 0156 2456 0247 1257 0357 2367 1248 2358 0458 0268 1368 0178 3478 5678
FAM D=51 ell=11 count=22 nF=17 blocks: 0123 1345 0346 0156 2456 0247 1257 0357 1467 0148 2348 0258 1268 3568 1378 4578 0678
FAM D=51 ell=11 count=22 nF=17 blocks: 0123 1345 0346 0156 2456 0247 1257 0357 1467 1248 2358 0458 0268 1368 0178 3478 5678
FAM D=51 ell=11 count=22 nF=17 blocks: 0123 1345 0346 0156 2456 0247 1257 2367 1467 0148 2348 0258 1268 3568 1378 4578 0678
FAM D=51 ell=11 count=22 nF=17 blocks: 0123 1345 0346 0156 2456 0247 1257 2367 1467 1248 2358 0458 0268 1368 0178 3478 5678
FAM D=51 ell=11 count=22 nF=17 blocks: 0123 1345 0346 0156 2456 0247 0357 2367 1467 0148 2348 0258 1268 3568 1378 4578 0678
FAM D=51 ell=11 count=22 nF=17 blocks: 0123 1345 0346 0156 2456 0247 0357 2367 1467 1248 2358 0458 0268 1368 0178 3478 5678
FAM D=51 ell=11 count=22 nF=17 blocks: 0123 1345 0346 0156 2456 1247 2357 0457 0267 1367 0148 2348 0258 1268 3568 0378 1578
FAM D=54 ell=11 count=19 nF=18 blocks: 0123 1345 0346 0156 2456 1247 2357 0457 0267 1367 0148 2348 0258 1268 3568 0378 1578 4678
FAM D=51 ell=11 count=22 nF=17 blocks: 0123 1345 0346 0156 2456 1247 2357 0457 0267 1367 0148 2348 0258 1268 3568 0378 4678
FAM D=51 ell=11 count=22 nF=17 blocks: 0123 1345 0346 0156 2456 1247 2357 0457 0267 1367 0148 2348 0258 1268 3568 1578 4678
FAM D=51 ell=11 count=22 nF=17 blocks: 0123 1345 0346 0156 2456 1247 2357 0457 0267 1367 0148 2348 0258 1268 0378 1578 4678
FAM D=51 ell=11 count=22 nF=17 blocks: 0123 1345 0346 0156 2456 1247 2357 0457 0267 1367 0148 2348 0258 3568 0378 1578 4678
FAM D=51 ell=11 count=22 nF=17 blocks: 0123 1345 0346 0156 2456 1247 2357 0457 0267 1367 0148 2348 1268 3568 0378 1578 4678
FAM D=51 ell=11 count=22 nF=17 blocks: 0123 1345 0346 0156 2456 1247 2357 0457 0267 1367 0148 0258 1268 3568 0378 1578 4678
FAM D=51 ell=11 count=22 nF=17 blocks: 0123 1345 0346 0156 2456 1247 2357 0457 0267 1367 0248 1258 0358 2368 1468 0178 3478
FAM D=54 ell=11 count=19 nF=18 blocks: 0123 1345 0346 0156 2456 1247 2357 0457 0267 1367 0248 1258 0358 2368 1468 0178 3478 5678
FAM D=51 ell=11 count=22 nF=17 blocks: 0123 1345 0346 0156 2456 1247 2357 0457 0267 1367 0248 1258 0358 2368 1468 0178 5678
FAM D=51 ell=11 count=22 nF=17 blocks: 0123 1345 0346 0156 2456 1247 2357 0457 0267 1367 0248 1258 0358 2368 1468 3478 5678
FAM D=51 ell=11 count=22 nF=17 blocks: 0123 1345 0346 0156 2456 1247 2357 0457 0267 1367 0248 1258 0358 2368 0178 3478 5678
FAM D=51 ell=11 count=22 nF=17 blocks: 0123 1345 0346 0156 2456 1247 2357 0457 0267 1367 0248 1258 0358 1468 0178 3478 5678
FAM D=51 ell=11 count=22 nF=17 blocks: 0123 1345 0346 0156 2456 1247 2357 0457 0267 1367 0248 1258 2368 1468 0178 3478 5678
FAM D=51 ell=11 count=22 nF=17 blocks: 0123 1345 0346 0156 2456 1247 2357 0457 0267 1367 0248 0358 2368 1468 0178 3478 5678
FAM D=51 ell=11 count=22 nF=17 blocks: 0123 1345 0346 0156 2456 1247 2357 0457 0267 1367 2348 0258 1268 3568 0378 1578 4678
FAM D=51 ell=11 count=22 nF=17 blocks: 0123 1345 0346 0156 2456 1247 2357 0457 0267 1367 1258 0358 2368 1468 0178 3478 5678
FAM D=51 ell=11 count=22 nF=17 blocks: 0123 1345 0346 0156 2456 1247 2357 0457 0267 0148 2348 0258 1268 3568 0378 1578 4678
FAM D=51 ell=11 count=22 nF=17 blocks: 0123 1345 0346 0156 2456 1247 2357 0457 0267 0248 1258 0358 2368 1468 0178 3478 5678
FAM D=51 ell=11 count=22 nF=17 blocks: 0123 1345 0346 0156 2456 1247 2357 0457 1367 0148 2348 0258 1268 3568 0378 1578 4678
FAM D=51 ell=11 count=22 nF=17 blocks: 0123 1345 0346 0156 2456 1247 2357 0457 1367 0248 1258 0358 2368 1468 0178 3478 5678
FAM D=51 ell=11 count=22 nF=17 blocks: 0123 1345 0346 0156 2456 1247 2357 0267 1367 0148 2348 0258 1268 3568 0378 1578 4678
FAM D=51 ell=11 count=22 nF=17 blocks: 0123 1345 0346 0156 2456 1247 2357 0267 1367 0248 1258 0358 2368 1468 0178 3478 5678
FAM D=51 ell=11 count=22 nF=17 blocks: 0123 1345 0346 0156 2456 1247 0457 0267 1367 0148 2348 0258 1268 3568 0378 1578 4678
FAM D=51 ell=11 count=22 nF=17 blocks: 0123 1345 0346 0156 2456 1247 0457 0267 1367 0248 1258 0358 2368 1468 0178 3478 5678
FAM D=51 ell=11 count=22 nF=17 blocks: 0123 1345 0346 0156 2456 2347 0257 1267 3567 0248 1258 0358 2368 1468 1378 4578 0678
FAM D=51 ell=11 count=22 nF=17 blocks: 0123 1345 0346 0156 2456 2347 0257 1267 3567 1248 2358 0458 0268 1368 0378 1578 4678
FAM D=51 ell=11 count=22 nF=17 blocks: 0123 1345 0346 0156 2456 1257 0357 2367 1467 0148 2348 0258 1268 3568 1378 4578 0678
FAM D=51 ell=11 count=22 nF=17 blocks: 0123 1345 0346 0156 2456 1257 0357 2367 1467 1248 2358 0458 0268 1368 0178 3478 5678
FAM D=51 ell=11 count=22 nF=17 blocks: 0123 1345 0346 0156 2456 2357 0457 0267 1367 0148 2348 0258 1268 3568 0378 1578 4678
FAM D=51 ell=11 count=22 nF=17 blocks: 0123 1345 0346 0156 2456 2357 0457 0267 1367 0248 1258 0358 2368 1468 0178 3478 5678
FAM D=51 ell=11 count=22 nF=17 blocks: 0123 1345 0346 0156 0147 2347 0257 1267 3567 0248 1258 0358 2368 1468 1378 4578 0678
FAM D=51 ell=11 count=22 nF=17 blocks: 0123 1345 0346 0156 0147 2347 0257 1267 3567 1248 2358 0458 0268 1368 0378 1578 4678
FAM D=51 ell=11 count=22 nF=17 blocks: 0123 1345 0346 0156 0247 1257 0357 2367 1467 0148 2348 0258 1268 3568 1378 4578 0678
FAM D=51 ell=11 count=22 nF=17 blocks: 0123 1345 0346 0156 0247 1257 0357 2367 1467 1248 2358 0458 0268 1368 0178 3478 5678
FAM D=51 ell=11 count=22 nF=17 blocks: 0123 1345 0346 0156 1247 2357 0457 0267 1367 0148 2348 0258 1268 3568 0378 1578 4678
FAM D=51 ell=11 count=22 nF=17 blocks: 0123 1345 0346 0156 1247 2357 0457 0267 1367 0248 1258 0358 2368 1468 0178 3478 5678
FAM D=51 ell=11 count=22 nF=17 blocks: 0123 1345 0346 0256 0147 0357 2457 2367 1567 0248 0158 2358 1368 4568 1278 3478 0678
FAM D=51 ell=11 count=22 nF=17 blocks: 0123 1345 0346 0256 0147 0357 2457 2367 1567 2348 1258 0458 0168 3568 0278 1378 4678
FAM D=51 ell=11 count=22 nF=17 blocks: 0123 1345 0346 0256 0247 0157 2357 1367 4567 0148 0358 2458 2368 1568 1278 3478 0678
FAM D=51 ell=11 count=22 nF=17 blocks: 0123 1345 0346 0256 0247 0157 2357 1367 4567 2348 1258 0458 0168 3568 0378 1478 2678
FAM D=51 ell=11 count=22 nF=17 blocks: 0123 1345 0346 0256 2347 1257 0457 0167 3567 0148 0358 2458 2368 1568 0278 1378 4678
FAM D=51 ell=11 count=22 nF=17 blocks: 0123 1345 0346 0256 2347 1257 0457 0167 3567 0248 0158 2358 1368 4568 0378 1478 2678
FAM D=51 ell=11 count=22 nF=17 blocks: 0123 1345 0346 1256 0147 2357 1367 2467 0567 1248 0358 0168 2368 4568 0278 3478 1578
FAM D=51 ell=11 count=22 nF=17 blocks: 0123 1345 0346 1256 0147 2357 1367 2467 0567 2348 0158 0268 1468 3568 1278 0378 4578
FAM D=51 ell=11 count=22 nF=17 blocks: 0123 1345 0346 1256 1247 0357 0167 2367 4567 0148 2358 1368 2468 0568 0278 3478 1578
FAM D=51 ell=11 count=22 nF=17 blocks: 0123 1345 0346 1256 1247 0357 0167 2367 4567 2348 0158 0268 1468 3568 1378 0478 2578
FAM D=51 ell=11 count=22 nF=17 blocks: 0123 1345 0346 1256 2347 0157 0267 1467 3567 0148 2358 1368 2468 0568 1278 0378 4578
FAM D=51 ell=11 count=22 nF=17 blocks: 0123 1345 0346 1256 2347 0157 0267 1467 3567 1248 0358 0168 2368 4568 1378 0478 2578
FAM D=51 ell=11 count=22 nF=17 blocks: 0123 1345 0346 2456 0147 2347 0257 1267 3567 0248 1258 0358 2368 1468 1378 4578 0678
FAM D=51 ell=11 count=22 nF=17 blocks: 0123 1345 0346 2456 0147 2347 0257 1267 3567 1248 2358 0458 0268 1368 0378 1578 4678
FAM D=51 ell=11 count=22 nF=17 blocks: 0123 1345 0346 2456 0247 1257 0357 2367 1467 0148 2348 0258 1268 3568 1378 4578 0678
FAM D=51 ell=11 count=22 nF=17 blocks: 0123 1345 0346 2456 0247 1257 0357 2367 1467 1248 2358 0458 0268 1368 0178 3478 5678
FAM D=51 ell=11 count=22 nF=17 blocks: 0123 1345 0346 2456 1247 2357 0457 0267 1367 0148 2348 0258 1268 3568 0378 1578 4678
FAM D=51 ell=11 count=22 nF=17 blocks: 0123 1345 0346 2456 1247 2357 0457 0267 1367 0248 1258 0358 2368 1468 0178 3478 5678
FAM D=51 ell=11 count=22 nF=17 blocks: 0123 1345 2346 0156 0147 2357 1267 0367 4567 1248 0358 1368 0468 2568 0278 3478 1578
FAM D=51 ell=11 count=22 nF=17 blocks: 0123 1345 2346 0156 0147 2357 1267 0367 4567 0348 1258 0268 1468 3568 1378 2478 0578
FAM D=51 ell=11 count=22 nF=17 blocks: 0123 1345 2346 0156 1247 0357 1367 0467 2567 0148 2358 1268 0368 4568 0278 3478 1578
FAM D=51 ell=11 count=22 nF=17 blocks: 0123 1345 2346 0156 1247 0357 1367 0467 2567 0348 1258 0268 1468 3568 0178 2378 4578
FAM D=51 ell=11 count=22 nF=17 blocks: 0123 1345 2346 0156 0347 1257 0267 1467 3567 0148 2358 1268 0368 4568 1378 2478 0578
FAM D=51 ell=11 count=22 nF=17 blocks: 0123 1345 2346 0156 0347 1257 0267 1467 3567 1248 0358 1368 0468 2568 0178 2378 4578
FAM D=51 ell=11 count=22 nF=17 blocks: 0123 1345 2346 0256 0247 1257 0357 1367 4567 1248 2358 0458 0368 1568 0178 3478 2678
FAM D=51 ell=11 count=22 nF=17 blocks: 0123 1345 2346 0256 0247 1257 0357 1367 4567 0348 0158 2458 1268 3568 2378 1478 0678
FAM D=51 ell=11 count=22 nF=17 blocks: 0123 1345 2346 0256 1247 2357 0457 0367 1567 0248 1258 0358 1368 4568 0178 3478 2678
FAM D=51 ell=11 count=22 nF=17 blocks: 0123 1345 2346 0256 1247 2357 0457 0367 1567 0348 0158 2458 1268 3568 0278 1378 4678
FAM D=51 ell=11 count=22 nF=17 blocks: 0123 1345 2346 0256 0347 0157 2457 1267 3567 0248 1258 0358 1368 4568 2378 1478 0678
FAM D=51 ell=11 count=22 nF=17 blocks: 0123 1345 2346 0256 0347 0157 2457 1267 3567 1248 2358 0458 0368 1568 0278 1378 4678
FAM D=51 ell=11 count=22 nF=17 blocks: 0123 1345 2346 1256 0456 0147 0357 2457 0267 1367 0248 0158 2358 0368 1468 1278 3478
FAM D=54 ell=11 count=19 nF=18 blocks: 0123 1345 2346 1256 0456 0147 0357 2457 0267 1367 0248 0158 2358 0368 1468 1278 3478 5678
FAM D=51 ell=11 count=22 nF=17 blocks: 0123 1345 2346 1256 0456 0147 0357 2457 0267 1367 0248 0158 2358 0368 1468 1278 5678
FAM D=51 ell=11 count=22 nF=17 blocks: 0123 1345 2346 1256 0456 0147 0357 2457 0267 1367 0248 0158 2358 0368 1468 3478 5678
FAM D=51 ell=11 count=22 nF=17 blocks: 0123 1345 2346 1256 0456 0147 0357 2457 0267 1367 0248 0158 2358 0368 1278 3478 5678
FAM D=51 ell=11 count=22 nF=17 blocks: 0123 1345 2346 1256 0456 0147 0357 2457 0267 1367 0248 0158 2358 1468 1278 3478 5678
FAM D=51 ell=11 count=22 nF=17 blocks: 0123 1345 2346 1256 0456 0147 0357 2457 0267 1367 0248 0158 0368 1468 1278 3478 5678
FAM D=51 ell=11 count=22 nF=17 blocks: 0123 1345 2346 1256 0456 0147 0357 2457 0267 1367 0248 2358 0368 1468 1278 3478 5678
FAM D=51 ell=11 count=22 nF=17 blocks: 0123 1345 2346 1256 0456 0147 0357 2457 0267 1367 1248 0348 0258 0168 3568 2378 1578
FAM D=54 ell=11 count=19 nF=18 blocks: 0123 1345 2346 1256 0456 0147 0357 2457 0267 1367 1248 0348 0258 0168 3568 2378 1578 4678
FAM D=51 ell=11 count=22 nF=17 blocks: 0123 1345 2346 1256 0456 0147 0357 2457 0267 1367 1248 0348 0258 0168 3568 2378 4678
FAM D=51 ell=11 count=22 nF=17 blocks: 0123 1345 2346 1256 0456 0147 0357 2457 0267 1367 1248 0348 0258 0168 3568 1578 4678
FAM D=51 ell=11 count=22 nF=17 blocks: 0123 1345 2346 1256 0456 0147 0357 2457 0267 1367 1248 0348 0258 0168 2378 1578 4678
FAM D=51 ell=11 count=22 nF=17 blocks: 0123 1345 2346 1256 0456 0147 0357 2457 0267 1367 1248 0348 0258 3568 2378 1578 4678
FAM D=51 ell=11 count=22 nF=17 blocks: 0123 1345 2346 1256 0456 0147 0357 2457 0267 1367 1248 0348 0168 3568 2378 1578 4678
FAM D=51 ell=11 count=22 nF=17 blocks: 0123 1345 2346 1256 0456 0147 0357 2457 0267 1367 1248 0258 0168 3568 2378 1578 4678
FAM D=51 ell=11 count=22 nF=17 blocks: 0123 1345 2346 1256 0456 0147 0357 2457 0267 1367 0348 0258 0168 3568 2378 1578 4678
FAM D=51 ell=11 count=22 nF=17 blocks: 0123 1345 2346 1256 0456 0147 0357 2457 0267 1367 0158 2358 0368 1468 1278 3478 5678
FAM D=51 ell=11 count=22 nF=17 blocks: 0123 1345 2346 1256 0456 0147 0357 2457 0267 0248 0158 2358 0368 1468 1278 3478 5678
FAM D=51 ell=11 count=22 nF=17 blocks: 0123 1345 2346 1256 0456 0147 0357 2457 0267 1248 0348 0258 0168 3568 2378 1578 4678
FAM D=51 ell=11 count=22 nF=17 blocks: 0123 1345 2346 1256 0456 0147 0357 2457 1367 0248 0158 2358 0368 1468 1278 3478 5678
FAM D=51 ell=11 count=22 nF=17 blocks: 0123 1345 2346 1256 0456 0147 0357 2457 1367 1248 0348 0258 0168 3568 2378 1578 4678
FAM D=51 ell=11 count=22 nF=17 blocks: 0123 1345 2346 1256 0456 0147 0357 0267 1367 0248 0158 2358 0368 1468 1278 3478 5678
FAM D=51 ell=11 count=22 nF=17 blocks: 0123 1345 2346 1256 0456 0147 0357 0267 1367 1248 0348 0258 0168 3568 2378 1578 4678
FAM D=51 ell=11 count=22 nF=17 blocks: 0123 1345 2346 1256 0456 0147 2457 0267 1367 0248 0158 2358 0368 1468 1278 3478 5678
FAM D=51 ell=11 count=22 nF=17 blocks: 0123 1345 2346 1256 0456 0147 2457 0267 1367 1248 0348 0258 0168 3568 2378 1578 4678
FAM D=51 ell=11 count=22 nF=17 blocks: 0123 1345 2346 1256 0456 0247 0157 2357 0367 1467 0148 0358 2458 0268 1368 1278 3478
FAM D=54 ell=11 count=19 nF=18 blocks: 0123 1345 2346 1256 0456 0247 0157 2357 0367 1467 0148 0358 2458 0268 1368 1278 3478 5678
FAM D=51 ell=11 count=22 nF=17 blocks: 0123 1345 2346 1256 0456 0247 0157 2357 0367 1467 0148 0358 2458 0268 1368 1278 5678
FAM D=51 ell=11 count=22 nF=17 blocks: 0123 1345 2346 1256 0456 0247 0157 2357 0367 1467 0148 0358 2458 0268 1368 3478 5678
FAM D=51 ell=11 count=22 nF=17 blocks: 0123 1345 2346 1256 0456 0247 0157 2357 0367 1467 0148 0358 2458 0268 1278 3478 5678
FAM D=51 ell=11 count=22 nF=17 blocks: 0123 1345 2346 1256 0456 0247 0157 2357 0367 1467 0148 0358 2458 1368 1278 3478 5678
FAM D=51 ell=11 count=22 nF=17 blocks: 0123 1345 2346 1256 0456 0247 0157 2357 0367 1467 0148 0358 0268 1368 1278 3478 5678
FAM D=51 ell=11 count=22 nF=17 blocks: 0123 1345 2346 1256 0456 0247 0157 2357 0367 1467 0148 2458 0268 1368 1278 3478 5678
FAM D=51 ell=11 count=22 nF=17 blocks: 0123 1345 2346 1256 0456 0247 0157 2357 0367 1467 1248 0348 0258 0168 3568 1378 4578
FAM D=54 ell=11 count=19 nF=18 blocks: 0123 1345 2346 1256 0456 0247 0157 2357 0367 1467 1248 0348 0258 0168 3568 1378 4578 2678
FAM D=51 ell=11 count=22 nF=17 blocks: 0123 1345 2346 1256 0456 0247 0157 2357 0367 1467 1248 0348 0258 0168 3568 1378 2678
FAM D=51 ell=11 count=22 nF=17 blocks: 0123 1345 2346 1256 0456 0247 0157 2357 0367 1467 1248 0348 0258 0168 3568 4578 2678
FAM D=51 ell=11 count=22 nF=17 blocks: 0123 1345 2346 1256 0456 0247 0157 2357 0367 1467 1248 0348 0258 0168 1378 4578 2678
FAM D=51 ell=11 count=22 nF=17 blocks: 0123 1345 2346 1256 0456 0247 0157 2357 0367 1467 1248 0348 0258 3568 1378 4578 2678
FAM D=51 ell=11 count=22 nF=17 blocks: 0123 1345 2346 1256 0456 0247 0157 2357 0367 1467 1248 0348 0168 3568 1378 4578 2678
FAM D=51 ell=11 count=22 nF=17 blocks: 0123 1345 2346 1256 0456 0247 0157 2357 0367 1467 1248 0258 0168 3568 1378 4578 2678
FAM D=51 ell=11 count=22 nF=17 blocks: 0123 1345 2346 1256 0456 0247 0157 2357 0367 1467 0348 0258 0168 3568 1378 4578 2678
FAM D=51 ell=11 count=22 nF=17 blocks: 0123 1345 2346 1256 0456 0247 0157 2357 0367 1467 0358 2458 0268 1368 1278 3478 5678
FAM D=51 ell=11 count=22 nF=17 blocks: 0123 1345 2346 1256 0456 0247 0157 2357 0367 0148 0358 2458 0268 1368 1278 3478 5678
FAM D=51 ell=11 count=22 nF=17 blocks: 0123 1345 2346 1256 0456 0247 0157 2357 0367 1248 0348 0258 0168 3568 1378 4578 2678
FAM D=51 ell=11 count=22 nF=17 blocks: 0123 1345 2346 1256 0456 0247 0157 2357 1467 0148 0358 2458 0268 1368 1278 3478 5678
FAM D=51 ell=11 count=22 nF=17 blocks: 0123 1345 2346 1256 0456 0247 0157 2357 1467 1248 0348 0258 0168 3568 1378 4578 2678
FAM D=51 ell=11 count=22 nF=17 blocks: 0123 1345 2346 1256 0456 0247 0157 0367 1467 0148 0358 2458 0268 1368 1278 3478 5678
FAM D=51 ell=11 count=22 nF=17 blocks: 0123 1345 2346 1256 0456 0247 0157 0367 1467 1248 0348 0258 0168 3568 1378 4578 2678
FAM D=51 ell=11 count=22 nF=17 blocks: 0123 1345 2346 1256 0456 0247 2357 0367 1467 0148 0358 2458 0268 1368 1278 3478 5678
FAM D=51 ell=11 count=22 nF=17 blocks: 0123 1345 2346 1256 0456 0247 2357 0367 1467 1248 0348 0258 0168 3568 1378 4578 2678
FAM D=51 ell=11 count=22 nF=17 blocks: 0123 1345 2346 1256 0456 1247 0347 0257 0167 3567 0148 0358 2458 0268 1368 2378 1578
FAM D=54 ell=11 count=19 nF=18 blocks: 0123 1345 2346 1256 0456 1247 0347 0257 0167 3567 0148 0358 2458 0268 1368 2378 1578 4678
FAM D=51 ell=11 count=22 nF=17 blocks: 0123 1345 2346 1256 0456 1247 0347 0257 0167 3567 0148 0358 2458 0268 1368 2378 4678
FAM D=51 ell=11 count=22 nF=17 blocks: 0123 1345 2346 1256 0456 1247 0347 0257 0167 3567 0148 0358 2458 0268 1368 1578 4678
FAM D=51 ell=11 count=22 nF=17 blocks: 0123 1345 2346 1256 0456 1247 0347 0257 0167 3567 0148 0358 2458 0268 2378 1578 4678
FAM D=51 ell=11 count=22 nF=17 blocks: 0123 1345 2346 1256 0456 1247 0347 0257 0167 3567 0148 0358 2458 1368 2378 1578 4678
FAM D=51 ell=11 count=22 nF=17 blocks: 0123 1345 2346 1256 0456 1247 0347 0257 0167 3567 0148 0358 0268 1368 2378 1578 4678
FAM D=51 ell=11 count=22 nF=17 blocks: 0123 1345 2346 1256 0456 1247 0347 0257 0167 3567 0148 2458 0268 1368 2378 1578 4678
FAM D=51 ell=11 count=22 nF=17 blocks: 0123 1345 2346 1256 0456 1247 0347 0257 0167 3567 0248 0158 2358 0368 1468 1378 4578
FAM D=54 ell=11 count=19 nF=18 blocks: 0123 1345 2346 1256 0456 1247 0347 0257 0167 3567 0248 0158 2358 0368 1468 1378 4578 2678
FAM D=51 ell=11 count=22 nF=17 blocks: 0123 1345 2346 1256 0456 1247 0347 0257 0167 3567 0248 0158 2358 0368 1468 1378 2678
FAM D=51 ell=11 count=22 nF=17 blocks: 0123 1345 2346 1256 0456 1247 0347 0257 0167 3567 0248 0158 2358 0368 1468 4578 2678
FAM D=51 ell=11 count=22 nF=17 blocks: 0123 1345 2346 1256 0456 1247 0347 0257 0167 3567 0248 0158 2358 0368 1378 4578 2678
FAM D=51 ell=11 count=22 nF=17 blocks: 0123 1345 2346 1256 0456 1247 0347 0257 0167 3567 0248 0158 2358 1468 1378 4578 2678
FAM D=51 ell=11 count=22 nF=17 blocks: 0123 1345 2346 1256 0456 1247 0347 0257 0167 3567 0248 0158 0368 1468 1378 4578 2678
FAM D=51 ell=11 count=22 nF=17 blocks: 0123 1345 2346 1256 0456 1247 0347 0257 0167 3567 0248 2358 0368 1468 1378 4578 2678
FAM D=51 ell=11 count=22 nF=17 blocks: 0123 1345 2346 1256 0456 1247 0347 0257 0167 3567 0158 2358 0368 1468 1378 4578 2678
FAM D=51 ell=11 count=22 nF=17 blocks: 0123 1345 2346 1256 0456 1247 0347 0257 0167 3567 0358 2458 0268 1368 2378 1578 4678
FAM D=51 ell=11 count=22 nF=17 blocks: 0123 1345 2346 1256 0456 1247 0347 0257 0167 0148 0358 2458 0268 1368 2378 1578 4678
FAM D=51 ell=11 count=22 nF=17 blocks: 0123 1345 2346 1256 0456 1247 0347 0257 0167 0248 0158 2358 0368 1468 1378 4578 2678
FAM D=51 ell=11 count=22 nF=17 blocks: 0123 1345 2346 1256 0456 1247 0347 0257 3567 0148 0358 2458 0268 1368 2378 1578 4678
FAM D=51 ell=11 count=22 nF=17 blocks: 0123 1345 2346 1256 0456 1247 0347 0257 3567 0248 0158 2358 0368 1468 1378 4578 2678
FAM D=51 ell=11 count=22 nF=17 blocks: 0123 1345 2346 1256 0456 1247 0347 0167 3567 0148 0358 2458 0268 1368 2378 1578 4678
FAM D=51 ell=11 count=22 nF=17 blocks: 0123 1345 2346 1256 0456 1247 0347 0167 3567 0248 0158 2358 0368 1468 1378 4578 2678
FAM D=51 ell=11 count=22 nF=17 blocks: 0123 1345 2346 1256 0456 1247 0257 0167 3567 0148 0358 2458 0268 1368 2378 1578 4678
FAM D=51 ell=11 count=22 nF=17 blocks: 0123 1345 2346 1256 0456 1247 0257 0167 3567 0248 0158 2358 0368 1468 1378 4578 2678
FAM D=51 ell=11 count=22 nF=17 blocks: 0123 1345 2346 1256 0456 0347 0257 0167 3567 0148 0358 2458 0268 1368 2378 1578 4678
FAM D=51 ell=11 count=22 nF=17 blocks: 0123 1345 2346 1256 0456 0347 0257 0167 3567 0248 0158 2358 0368 1468 1378 4578 2678
FAM D=51 ell=11 count=22 nF=17 blocks: 0123 1345 2346 1256 0456 0157 2357 0367 1467 0148 0358 2458 0268 1368 1278 3478 5678
FAM D=51 ell=11 count=22 nF=17 blocks: 0123 1345 2346 1256 0456 0157 2357 0367 1467 1248 0348 0258 0168 3568 1378 4578 2678
FAM D=51 ell=11 count=22 nF=17 blocks: 0123 1345 2346 1256 0456 0357 2457 0267 1367 0248 0158 2358 0368 1468 1278 3478 5678
FAM D=51 ell=11 count=22 nF=17 blocks: 0123 1345 2346 1256 0456 0357 2457 0267 1367 1248 0348 0258 0168 3568 2378 1578 4678
FAM D=51 ell=11 count=22 nF=17 blocks: 0123 1345 2346 1256 0147 0357 2457 0267 1367 0248 0158 2358 0368 1468 1278 3478 5678
FAM D=51 ell=11 count=22 nF=17 blocks: 0123 1345 2346 1256 0147 0357 2457 0267 1367 1248 0348 0258 0168 3568 2378 1578 4678
FAM D=51 ell=11 count=22 nF=17 blocks: 0123 1345 2346 1256 0247 0157 2357 0367 1467 0148 0358 2458 0268 1368 1278 3478 5678
FAM D=51 ell=11 count=22 nF=17 blocks: 0123 1345 2346 1256 0247 0157 2357 0367 1467 1248 0348 0258 0168 3568 1378 4578 2678
FAM D=51 ell=11 count=22 nF=17 blocks: 0123 1345 2346 1256 1247 0347 0257 0167 3567 0148 0358 2458 0268 1368 2378 1578 4678
FAM D=51 ell=11 count=22 nF=17 blocks: 0123 1345 2346 1256 1247 0347 0257 0167 3567 0248 0158 2358 0368 1468 1378 4578 2678
FAM D=51 ell=11 count=22 nF=17 blocks: 0123 1345 2346 0456 0147 0357 2457 0267 1367 0248 0158 2358 0368 1468 1278 3478 5678
FAM D=51 ell=11 count=22 nF=17 blocks: 0123 1345 2346 0456 0147 0357 2457 0267 1367 1248 0348 0258 0168 3568 2378 1578 4678
FAM D=51 ell=11 count=22 nF=17 blocks: 0123 1345 2346 0456 0247 0157 2357 0367 1467 0148 0358 2458 0268 1368 1278 3478 5678
FAM D=51 ell=11 count=22 nF=17 blocks: 0123 1345 2346 0456 0247 0157 2357 0367 1467 1248 0348 0258 0168 3568 1378 4578 2678
FAM D=51 ell=11 count=22 nF=17 blocks: 0123 1345 2346 0456 1247 0347 0257 0167 3567 0148 0358 2458 0268 1368 2378 1578 4678
FAM D=51 ell=11 count=22 nF=17 blocks: 0123 1345 2346 0456 1247 0347 0257 0167 3567 0248 0158 2358 0368 1468 1378 4578 2678
FAM D=51 ell=11 count=22 nF=17 blocks: 0123 1345 0156 2356 0147 0357 2457 1267 3467 1248 0348 0258 1368 4568 2378 1578 0678
FAM D=51 ell=11 count=22 nF=17 blocks: 0123 1345 0156 2356 0147 0357 2457 1267 3467 2348 1258 0458 0368 1468 0278 1378 5678
FAM D=51 ell=11 count=22 nF=17 blocks: 0123 1345 0156 2356 1247 0347 0257 1367 4567 0148 0358 2458 1268 3468 2378 1578 0678
FAM D=51 ell=11 count=22 nF=17 blocks: 0123 1345 0156 2356 1247 0347 0257 1367 4567 2348 1258 0458 0368 1468 0178 3578 2678
FAM D=51 ell=11 count=22 nF=17 blocks: 0123 1345 0156 2356 2347 1257 0457 0367 1467 0148 0358 2458 1268 3468 0278 1378 5678
FAM D=51 ell=11 count=22 nF=17 blocks: 0123 1345 0156 2356 2347 1257 0457 0367 1467 1248 0348 0258 1368 4568 0178 3578 2678
FAM D=51 ell=11 count=22 nF=17 blocks: 0123 1345 0156 2456 0147 2347 0257 1267 3567 0248 1258 0358 2368 1468 1378 4578 0678
FAM D=51 ell=11 count=22 nF=17 blocks: 0123 1345 0156 2456 0147 2347 0257 1267 3567 1248 2358 0458 0268 1368 0378 1578 4678
FAM D=51 ell=11 count=22 nF=17 blocks: 0123 1345 0156 2456 0247 1257 0357 2367 1467 0148 2348 0258 1268 3568 1378 4578 0678
FAM D=51 ell=11 count=22 nF=17 blocks: 0123 1345 0156 2456 0247 1257 0357 2367 1467 1248 2358 0458 0268 1368 0178 3478 5678
FAM D=51 ell=11 count=22 nF=17 blocks: 0123 1345 0156 2456 1247 2357 0457 0267 1367 0148 2348 0258 1268 3568 0378 1578 4678
FAM D=51 ell=11 count=22 nF=17 blocks: 0123 1345 0156 2456 1247 2357 0457 0267 1367 0248 1258 0358 2368 1468 0178 3478 5678
FAM D=51 ell=11 count=22 nF=17 blocks: 0123 1345 1256 0356 0147 2347 0257 1367 4567 1248 2358 0458 0168 3468 0378 1578 2678
FAM D=51 ell=11 count=22 nF=17 blocks: 0123 1345 1256 0356 0147 2347 0257 1367 4567 0348 0158 2458 2368 1468 1278 3578 0678
FAM D=51 ell=11 count=22 nF=17 blocks: 0123 1345 1256 0356 1247 2357 0457 0167 3467 0148 2348 0258 1368 4568 0378 1578 2678
FAM D=51 ell=11 count=22 nF=17 blocks: 0123 1345 1256 0356 1247 2357 0457 0167 3467 0348 0158 2458 2368 1468 0278 1378 5678
FAM D=51 ell=11 count=22 nF=17 blocks: 0123 1345 1256 0356 0347 0157 2457 2367 1467 0148 2348 0258 1368 4568 1278 3578 0678
FAM D=51 ell=11 count=22 nF=17 blocks: 0123 1345 1256 0356 0347 0157 2457 2367 1467 1248 2358 0458 0168 3468 0278 1378 5678
FAM D=51 ell=11 count=22 nF=17 blocks: 0123 1345 1256 0456 0147 0357 2457 0267 1367 0248 0158 2358 0368 1468 1278 3478 5678
FAM D=51 ell=11 count=22 nF=17 blocks: 0123 1345 1256 0456 0147 0357 2457 0267 1367 1248 0348 0258 0168 3568 2378 1578 4678
FAM D=51 ell=11 count=22 nF=17 blocks: 0123 1345 1256 0456 0247 0157 2357 0367 1467 0148 0358 2458 0268 1368 1278 3478 5678
FAM D=51 ell=11 count=22 nF=17 blocks: 0123 1345 1256 0456 0247 0157 2357 0367 1467 1248 0348 0258 0168 3568 1378 4578 2678
FAM D=51 ell=11 count=22 nF=17 blocks: 0123 1345 1256 0456 1247 0347 0257 0167 3567 0148 0358 2458 0268 1368 2378 1578 4678
FAM D=51 ell=11 count=22 nF=17 blocks: 0123 1345 1256 0456 1247 0347 0257 0167 3567 0248 0158 2358 0368 1468 1378 4578 2678
FAM D=51 ell=11 count=22 nF=17 blocks: 0123 1345 0356 2456 0247 0157 2357 1267 3467 1248 0348 0258 2368 1568 1378 4578 0678
FAM D=51 ell=11 count=22 nF=17 blocks: 0123 1345 0356 2456 0247 0157 2357 1267 3467 2348 1258 0458 0268 1368 0378 1478 5678
FAM D=51 ell=11 count=22 nF=17 blocks: 0123 1345 0356 2456 1247 0347 0257 2367 1567 0248 0158 2358 1268 3468 1378 4578 0678
FAM D=51 ell=11 count=22 nF=17 blocks: 0123 1345 0356 2456 1247 0347 0257 2367 1567 2348 1258 0458 0268 1368 0178 3578 4678
FAM D=51 ell=11 count=22 nF=17 blocks: 0123 1345 0356 2456 2347 1257 0457 0267 1367 0248 0158 2358 1268 3468 0378 1478 5678
FAM D=51 ell=11 count=22 nF=17 blocks: 0123 1345 0356 2456 2347 1257 0457 0267 1367 1248 0348 0258 2368 1568 0178 3578 4678
FAM D=51 ell=11 count=22 nF=17 blocks: 0123 1345 2356 0456 0147 2347 0257 0367 1567 0248 1258 0358 0168 3468 1378 4578 2678
FAM D=51 ell=11 count=22 nF=17 blocks: 0123 1345 2356 0456 0147 2347 0257 0367 1567 0348 0158 2458 0268 1368 1278 3578 4678
FAM D=51 ell=11 count=22 nF=17 blocks: 0123 1345 2356 0456 0247 1257 0357 0167 3467 0148 2348 0258 0368 1568 1378 4578 2678
FAM D=51 ell=11 count=22 nF=17 blocks: 0123 1345 2356 0456 0247 1257 0357 0167 3467 0348 0158 2458 0268 1368 2378 1478 5678
FAM D=51 ell=11 count=22 nF=17 blocks: 0123 1345 2356 0456 0347 0157 2457 0267 1367 0148 2348 0258 0368 1568 1278 3578 4678
FAM D=51 ell=11 count=22 nF=17 blocks: 0123 1345 2356 0456 0347 0157 2457 0267 1367 0248 1258 0358 0168 3468 2378 1478 5678
FAM D=51 ell=11 count=22 nF=17 blocks: 0123 2345 0146 0256 1356 0247 0357 1457 1267 3467 1248 0348 0158 2368 4568 1378 2578
FAM D=54 ell=11 count=19 nF=18 blocks: 0123 2345 0146 0256 1356 0247 0357 1457 1267 3467 1248 0348 0158 2368 4568 1378 2578 0678
FAM D=51 ell=11 count=22 nF=17 blocks: 0123 2345 0146 0256 1356 0247 0357 1457 1267 3467 1248 0348 0158 2368 4568 1378 0678
FAM D=51 ell=11 count=22 nF=17 blocks: 0123 2345 0146 0256 1356 0247 0357 1457 1267 3467 1248 0348 0158 2368 4568 2578 0678
FAM D=51 ell=11 count=22 nF=17 blocks: 0123 2345 0146 0256 1356 0247 0357 1457 1267 3467 1248 0348 0158 2368 1378 2578 0678
FAM D=51 ell=11 count=22 nF=17 blocks: 0123 2345 0146 0256 1356 0247 0357 1457 1267 3467 1248 0348 0158 4568 1378 2578 0678
FAM D=51 ell=11 count=22 nF=17 blocks: 0123 2345 0146 0256 1356 0247 0357 1457 1267 3467 1248 0348 2368 4568 1378 2578 0678
FAM D=51 ell=11 count=22 nF=17 blocks: 0123 2345 0146 0256 1356 0247 0357 1457 1267 3467 1248 0158 2368 4568 1378 2578 0678
FAM D=51 ell=11 count=22 nF=17 blocks: 0123 2345 0146 0256 1356 0247 0357 1457 1267 3467 0348 0158 2368 4568 1378 2578 0678
FAM D=51 ell=11 count=22 nF=17 blocks: 0123 2345 0146 0256 1356 0247 0357 1457 1267 3467 1348 1258 0458 0368 2468 0178 2378
FAM D=54 ell=11 count=19 nF=18 blocks: 0123 2345 0146 0256 1356 0247 0357 1457 1267 3467 1348 1258 0458 0368 2468 0178 2378 5678
FAM D=51 ell=11 count=22 nF=17 blocks: 0123 2345 0146 0256 1356 0247 0357 1457 1267 3467 1348 1258 0458 0368 2468 0178 5678
FAM D=51 ell=11 count=22 nF=17 blocks: 0123 2345 0146 0256 1356 0247 0357 1457 1267 3467 1348 1258 0458 0368 2468 2378 5678
FAM D=51 ell=11 count=22 nF=17 blocks: 0123 2345 0146 0256 1356 0247 0357 1457 1267 3467 1348 1258 0458 0368 0178 2378 5678
FAM D=51 ell=11 count=22 nF=17 blocks: 0123 2345 0146 0256 1356 0247 0357 1457 1267 3467 1348 1258 0458 2468 0178 2378 5678
FAM D=51 ell=11 count=22 nF=17 blocks: 0123 2345 0146 0256 1356 0247 0357 1457 1267 3467 1348 1258 0368 2468 0178 2378 5678
FAM D=51 ell=11 count=22 nF=17 blocks: 0123 2345 0146 0256 1356 0247 0357 1457 1267 3467 1348 0458 0368 2468 0178 2378 5678
FAM D=51 ell=11 count=22 nF=17 blocks: 0123 2345 0146 0256 1356 0247 0357 1457 1267 3467 1258 0458 0368 2468 0178 2378 5678
FAM D=51 ell=11 count=22 nF=17 blocks: 0123 2345 0146 0256 1356 0247 0357 1457 1267 1248 0348 0158 2368 4568 1378 2578 0678
FAM D=51 ell=11 count=22 nF=17 blocks: 0123 2345 0146 0256 1356 0247 0357 1457 1267 1348 1258 0458 0368 2468 0178 2378 5678
FAM D=51 ell=11 count=22 nF=17 blocks: 0123 2345 0146 0256 1356 0247 0357 1457 3467 1248 0348 0158 2368 4568 1378 2578 0678
FAM D=51 ell=11 count=22 nF=17 blocks: 0123 2345 0146 0256 1356 0247 0357 1457 3467 1348 1258 0458 0368 2468 0178 2378 5678
FAM D=51 ell=11 count=22 nF=17 blocks: 0123 2345 0146 0256 1356 0247 0357 1267 3467 1248 0348 0158 2368 4568 1378 2578 0678
FAM D=51 ell=11 count=22 nF=17 blocks: 0123 2345 0146 0256 1356 0247 0357 1267 3467 1348 1258 0458 0368 2468 0178 2378 5678
FAM D=51 ell=11 count=22 nF=17 blocks: 0123 2345 0146 0256 1356 0247 1457 1267 3467 1248 0348 0158 2368 4568 1378 2578 0678
FAM D=51 ell=11 count=22 nF=17 blocks: 0123 2345 0146 0256 1356 0247 1457 1267 3467 1348 1258 0458 0368 2468 0178 2378 5678
FAM D=51 ell=11 count=22 nF=17 blocks: 0123 2345 0146 0256 1356 1247 0347 0157 2367 4567 0248 0358 1458 1268 3468 1378 2578
FAM D=54 ell=11 count=19 nF=18 blocks: 0123 2345 0146 0256 1356 1247 0347 0157 2367 4567 0248 0358 1458 1268 3468 1378 2578 0678
FAM D=51 ell=11 count=22 nF=17 blocks: 0123 2345 0146 0256 1356 1247 0347 0157 2367 4567 0248 0358 1458 1268 3468 1378 0678
FAM D=51 ell=11 count=22 nF=17 blocks: 0123 2345 0146 0256 1356 1247 0347 0157 2367 4567 0248 0358 1458 1268 3468 2578 0678
FAM D=51 ell=11 count=22 nF=17 blocks: 0123 2345 0146 0256 1356 1247 0347 0157 2367 4567 0248 0358 1458 1268 1378 2578 0678
FAM D=51 ell=11 count=22 nF=17 blocks: 0123 2345 0146 0256 1356 1247 0347 0157 2367 4567 0248 0358 1458 3468 1378 2578 0678
FAM D=51 ell=11 count=22 nF=17 blocks: 0123 2345 0146 0256 1356 1247 0347 0157 2367 4567 0248 0358 1268 3468 1378 2578 0678
FAM D=51 ell=11 count=22 nF=17 blocks: 0123 2345 0146 0256 1356 1247 0347 0157 2367 4567 0248 1458 1268 3468 1378 2578 0678
FAM D=51 ell=11 count=22 nF=17 blocks: 0123 2345 0146 0256 1356 1247 0347 0157 2367 4567 1348 1258 0458 0368 2468 0278 3578
FAM D=54 ell=11 count=19 nF=18 blocks: 0123 2345 0146 0256 1356 1247 0347 0157 2367 4567 1348 1258 0458 0368 2468 0278 3578 1678
FAM D=51 ell=11 count=22 nF=17 blocks: 0123 2345 0146 0256 1356 1247 0347 0157 2367 4567 1348 1258 0458 0368 2468 0278 1678
FAM D=51 ell=11 count=22 nF=17 blocks: 0123 2345 0146 0256 1356 1247 0347 0157 2367 4567 1348 1258 0458 0368 2468 3578 1678
FAM D=51 ell=11 count=22 nF=17 blocks: 0123 2345 0146 0256 1356 1247 0347 0157 2367 4567 1348 1258 0458 0368 0278 3578 1678
FAM D=51 ell=11 count=22 nF=17 blocks: 0123 2345 0146 0256 1356 1247 0347 0157 2367 4567 1348 1258 0458 2468 0278 3578 1678
FAM D=51 ell=11 count=22 nF=17 blocks: 0123 2345 0146 0256 1356 1247 0347 0157 2367 4567 1348 1258 0368 2468 0278 3578 1678
FAM D=51 ell=11 count=22 nF=17 blocks: 0123 2345 0146 0256 1356 1247 0347 0157 2367 4567 1348 0458 0368 2468 0278 3578 1678
FAM D=51 ell=11 count=22 nF=17 blocks: 0123 2345 0146 0256 1356 1247 0347 0157 2367 4567 1258 0458 0368 2468 0278 3578 1678
FAM D=51 ell=11 count=22 nF=17 blocks: 0123 2345 0146 0256 1356 1247 0347 0157 2367 4567 0358 1458 1268 3468 1378 2578 0678
FAM D=51 ell=11 count=22 nF=17 blocks: 0123 2345 0146 0256 1356 1247 0347 0157 2367 0248 0358 1458 1268 3468 1378 2578 0678
FAM D=51 ell=11 count=22 nF=17 blocks: 0123 2345 0146 0256 1356 1247 0347 0157 2367 1348 1258 0458 0368 2468 0278 3578 1678
FAM D=51 ell=11 count=22 nF=17 blocks: 0123 2345 0146 0256 1356 1247 0347 0157 4567 0248 0358 1458 1268 3468 1378 2578 0678
FAM D=51 ell=11 count=22 nF=17 blocks: 0123 2345 0146 0256 1356 1247 0347 0157 4567 1348 1258 0458 0368 2468 0278 3578 1678
FAM D=51 ell=11 count=22 nF=17 blocks: 0123 2345 0146 0256 1356 1247 0347 2367 4567 0248 0358 1458 1268 3468 1378 2578 0678
FAM D=51 ell=11 count=22 nF=17 blocks: 0123 2345 0146 0256 1356 1247 0347 2367 4567 1348 1258 0458 0368 2468 0278 3578 1678
FAM D=51 ell=11 count=22 nF=17 blocks: 0123 2345 0146 0256 1356 1247 0157 2367 4567 0248 0358 1458 1268 3468 1378 2578 0678
FAM D=51 ell=11 count=22 nF=17 blocks: 0123 2345 0146 0256 1356 1247 0157 2367 4567 1348 1258 0458 0368 2468 0278 3578 1678
FAM D=51 ell=11 count=22 nF=17 blocks: 0123 2345 0146 0256 1356 0347 0157 2367 4567 0248 0358 1458 1268 3468 1378 2578 0678
FAM D=51 ell=11 count=22 nF=17 blocks: 0123 2345 0146 0256 1356 0347 0157 2367 4567 1348 1258 0458 0368 2468 0278 3578 1678
FAM D=51 ell=11 count=22 nF=17 blocks: 0123 2345 0146 0256 1356 1347 1257 0457 0367 2467 0248 0358 1458 1268 3468 0178 2378
FAM D=54 ell=11 count=19 nF=18 blocks: 0123 2345 0146 0256 1356 1347 1257 0457 0367 2467 0248 0358 1458 1268 3468 0178 2378 5678
FAM D=51 ell=11 count=22 nF=17 blocks: 0123 2345 0146 0256 1356 1347 1257 0457 0367 2467 0248 0358 1458 1268 3468 0178 5678
FAM D=51 ell=11 count=22 nF=17 blocks: 0123 2345 0146 0256 1356 1347 1257 0457 0367 2467 0248 0358 1458 1268 3468 2378 5678
FAM D=51 ell=11 count=22 nF=17 blocks: 0123 2345 0146 0256 1356 1347 1257 0457 0367 2467 0248 0358 1458 1268 0178 2378 5678
FAM D=51 ell=11 count=22 nF=17 blocks: 0123 2345 0146 0256 1356 1347 1257 0457 0367 2467 0248 0358 1458 3468 0178 2378 5678
FAM D=51 ell=11 count=22 nF=17 blocks: 0123 2345 0146 0256 1356 1347 1257 0457 0367 2467 0248 0358 1268 3468 0178 2378 5678
FAM D=51 ell=11 count=22 nF=17 blocks: 0123 2345 0146 0256 1356 1347 1257 0457 0367 2467 0248 1458 1268 3468 0178 2378 5678
FAM D=51 ell=11 count=22 nF=17 blocks: 0123 2345 0146 0256 1356 1347 1257 0457 0367 2467 1248 0348 0158 2368 4568 0278 3578
FAM D=54 ell=11 count=19 nF=18 blocks: 0123 2345 0146 0256 1356 1347 1257 0457 0367 2467 1248 0348 0158 2368 4568 0278 3578 1678
FAM D=51 ell=11 count=22 nF=17 blocks: 0123 2345 0146 0256 1356 1347 1257 0457 0367 2467 1248 0348 0158 2368 4568 0278 1678
FAM D=51 ell=11 count=22 nF=17 blocks: 0123 2345 0146 0256 1356 1347 1257 0457 0367 2467 1248 0348 0158 2368 4568 3578 1678
FAM D=51 ell=11 count=22 nF=17 blocks: 0123 2345 0146 0256 1356 1347 1257 0457 0367 2467 1248 0348 0158 2368 0278 3578 1678
FAM D=51 ell=11 count=22 nF=17 blocks: 0123 2345 0146 0256 1356 1347 1257 0457 0367 2467 1248 0348 0158 4568 0278 3578 1678
FAM D=51 ell=11 count=22 nF=17 blocks: 0123 2345 0146 0256 1356 1347 1257 0457 0367 2467 1248 0348 2368 4568 0278 3578 1678
FAM D=51 ell=11 count=22 nF=17 blocks: 0123 2345 0146 0256 1356 1347 1257 0457 0367 2467 1248 0158 2368 4568 0278 3578 1678
FAM D=51 ell=11 count=22 nF=17 blocks: 0123 2345 0146 0256 1356 1347 1257 0457 0367 2467 0348 0158 2368 4568 0278 3578 1678
FAM D=51 ell=11 count=22 nF=17 blocks: 0123 2345 0146 0256 1356 1347 1257 0457 0367 2467 0358 1458 1268 3468 0178 2378 5678
FAM D=51 ell=11 count=22 nF=17 blocks: 0123 2345 0146 0256 1356 1347 1257 0457 0367 0248 0358 1458 1268 3468 0178 2378 5678
FAM D=51 ell=11 count=22 nF=17 blocks: 0123 2345 0146 0256 1356 1347 1257 0457 0367 1248 0348 0158 2368 4568 0278 3578 1678
FAM D=51 ell=11 count=22 nF=17 blocks: 0123 2345 0146 0256 1356 1347 1257 0457 2467 0248 0358 1458 1268 3468 0178 2378 5678
FAM D=51 ell=11 count=22 nF=17 blocks: 0123 2345 0146 0256 1356 1347 1257 0457 2467 1248 0348 0158 2368 4568 0278 3578 1678
FAM D=51 ell=11 count=22 nF=17 blocks: 0123 2345 0146 0256 1356 1347 1257 0367 2467 0248 0358 1458 1268 3468 0178 2378 5678
FAM D=51 ell=11 count=22 nF=17 blocks: 0123 2345 0146 0256 1356 1347 1257 0367 2467 1248 0348 0158 2368 4568 0278 3578 1678
FAM D=51 ell=11 count=22 nF=17 blocks: 0123 2345 0146 0256 1356 1347 0457 0367 2467 0248 0358 1458 1268 3468 0178 2378 5678
FAM D=51 ell=11 count=22 nF=17 blocks: 0123 2345 0146 0256 1356 1347 0457 0367 2467 1248 0348 0158 2368 4568 0278 3578 1678
FAM D=51 ell=11 count=22 nF=17 blocks: 0123 2345 0146 0256 1356 1257 0457 0367 2467 0248 0358 1458 1268 3468 0178 2378 5678
FAM D=51 ell=11 count=22 nF=17 blocks: 0123 2345 0146 0256 1356 1257 0457 0367 2467 1248 0348 0158 2368 4568 0278 3578 1678
FAM D=51 ell=11 count=22 nF=17 blocks: 0123 2345 0146 0256 1356 0357 1457 1267 3467 1248 0348 0158 2368 4568 1378 2578 0678
FAM D=51 ell=11 count=22 nF=17 blocks: 0123 2345 0146 0256 1356 0357 1457 1267 3467 1348 1258 0458 0368 2468 0178 2378 5678
FAM D=51 ell=11 count=22 nF=17 blocks: 0123 2345 0146 0256 0247 0357 1457 1267 3467 1248 0348 0158 2368 4568 1378 2578 0678
FAM D=51 ell=11 count=22 nF=17 blocks: 0123 2345 0146 0256 0247 0357 1457 1267 3467 1348 1258 0458 0368 2468 0178 2378 5678
FAM D=51 ell=11 count=22 nF=17 blocks: 0123 2345 0146 0256 1247 0347 0157 2367 4567 0248 0358 1458 1268 3468 1378 2578 0678
FAM D=51 ell=11 count=22 nF=17 blocks: 0123 2345 0146 0256 1247 0347 0157 2367 4567 1348 1258 0458 0368 2468 0278 3578 1678
FAM D=51 ell=11 count=22 nF=17 blocks: 0123 2345 0146 0256 1347 1257 0457 0367 2467 0248 0358 1458 1268 3468 0178 2378 5678
FAM D=51 ell=11 count=22 nF=17 blocks: 0123 2345 0146 0256 1347 1257 0457 0367 2467 1248 0348 0158 2368 4568 0278 3578 1678
FAM D=51 ell=11 count=22 nF=17 blocks: 0123 2345 0146 1256 0356 0247 1347 0157 2367 4567 1248 1358 0458 0268 3468 0378 2578
FAM D=54 ell=11 count=19 nF=18 blocks: 0123 2345 0146 1256 0356 0247 1347 0157 2367 4567 1248 1358 0458 0268 3468 0378 2578 1678
FAM D=51 ell=11 count=22 nF=17 blocks: 0123 2345 0146 1256 0356 0247 1347 0157 2367 4567 1248 1358 0458 0268 3468 0378 1678
FAM D=51 ell=11 count=22 nF=17 blocks: 0123 2345 0146 1256 0356 0247 1347 0157 2367 4567 1248 1358 0458 0268 3468 2578 1678
FAM D=51 ell=11 count=22 nF=17 blocks: 0123 2345 0146 1256 0356 0247 1347 0157 2367 4567 1248 1358 0458 0268 0378 2578 1678
FAM D=51 ell=11 count=22 nF=17 blocks: 0123 2345 0146 1256 0356 0247 1347 0157 2367 4567 1248 1358 0458 3468 0378 2578 1678
FAM D=51 ell=11 count=22 nF=17 blocks: 0123 2345 0146 1256 0356 0247 1347 0157 2367 4567 1248 1358 0268 3468 0378 2578 1678
FAM D=51 ell=11 count=22 nF=17 blocks: 0123 2345 0146 1256 0356 0247 1347 0157 2367 4567 1248 0458 0268 3468 0378 2578 1678
FAM D=51 ell=11 count=22 nF=17 blocks: 0123 2345 0146 1256 0356 0247 1347 0157 2367 4567 0348 0258 1458 1368 2468 1278 3578
FAM D=54 ell=11 count=19 nF=18 blocks: 0123 2345 0146 1256 0356 0247 1347 0157 2367 4567 0348 0258 1458 1368 2468 1278 3578 0678
FAM D=51 ell=11 count=22 nF=17 blocks: 0123 2345 0146 1256 0356 0247 1347 0157 2367 4567 0348 0258 1458 1368 2468 1278 0678
FAM D=51 ell=11 count=22 nF=17 blocks: 0123 2345 0146 1256 0356 0247 1347 0157 2367 4567 0348 0258 1458 1368 2468 3578 0678
FAM D=51 ell=11 count=22 nF=17 blocks: 0123 2345 0146 1256 0356 0247 1347 0157 2367 4567 0348 0258 1458 1368 1278 3578 0678
FAM D=51 ell=11 count=22 nF=17 blocks: 0123 2345 0146 1256 0356 0247 1347 0157 2367 4567 0348 0258 1458 2468 1278 3578 0678
FAM D=51 ell=11 count=22 nF=17 blocks: 0123 2345 0146 1256 0356 0247 1347 0157 2367 4567 0348 0258 1368 2468 1278 3578 0678
FAM D=51 ell=11 count=22 nF=17 blocks: 0123 2345 0146 1256 0356 0247 1347 0157 2367 4567 0348 1458 1368 2468 1278 3578 0678
FAM D=51 ell=11 count=22 nF=17 blocks: 0123 2345 0146 1256 0356 0247 1347 0157 2367 4567 0258 1458 1368 2468 1278 3578 0678
FAM D=51 ell=11 count=22 nF=17 blocks: 0123 2345 0146 1256 0356 0247 1347 0157 2367 4567 1358 0458 0268 3468 0378 2578 1678
FAM D=51 ell=11 count=22 nF=17 blocks: 0123 2345 0146 1256 0356 0247 1347 0157 2367 1248 1358 0458 0268 3468 0378 2578 1678
FAM D=51 ell=11 count=22 nF=17 blocks: 0123 2345 0146 1256 0356 0247 1347 0157 2367 0348 0258 1458 1368 2468 1278 3578 0678
FAM D=51 ell=11 count=22 nF=17 blocks: 0123 2345 0146 1256 0356 0247 1347 0157 4567 1248 1358 0458 0268 3468 0378 2578 1678
FAM D=51 ell=11 count=22 nF=17 blocks: 0123 2345 0146 1256 0356 0247 1347 0157 4567 0348 0258 1458 1368 2468 1278 3578 0678
FAM D=51 ell=11 count=22 nF=17 blocks: 0123 2345 0146 1256 0356 0247 1347 2367 4567 1248 1358 0458 0268 3468 0378 2578 1678
FAM D=51 ell=11 count=22 nF=17 blocks: 0123 2345 0146 1256 0356 0247 1347 2367 4567 0348 0258 1458 1368 2468 1278 3578 0678
FAM D=51 ell=11 count=22 nF=17 blocks: 0123 2345 0146 1256 0356 0247 0157 2367 4567 1248 1358 0458 0268 3468 0378 2578 1678
FAM D=51 ell=11 count=22 nF=17 blocks: 0123 2345 0146 1256 0356 0247 0157 2367 4567 0348 0258 1458 1368 2468 1278 3578 0678
FAM D=51 ell=11 count=22 nF=17 blocks: 0123 2345 0146 1256 0356 1247 1357 0457 0267 3467 0248 1348 0158 2368 4568 0378 2578
FAM D=54 ell=11 count=19 nF=18 blocks: 0123 2345 0146 1256 0356 1247 1357 0457 0267 3467 0248 1348 0158 2368 4568 0378 2578 1678
FAM D=51 ell=11 count=22 nF=17 blocks: 0123 2345 0146 1256 0356 1247 1357 0457 0267 3467 0248 1348 0158 2368 4568 0378 1678
FAM D=51 ell=11 count=22 nF=17 blocks: 0123 2345 0146 1256 0356 1247 1357 0457 0267 3467 0248 1348 0158 2368 4568 2578 1678
FAM D=51 ell=11 count=22 nF=17 blocks: 0123 2345 0146 1256 0356 1247 1357 0457 0267 3467 0248 1348 0158 2368 0378 2578 1678
FAM D=51 ell=11 count=22 nF=17 blocks: 0123 2345 0146 1256 0356 1247 1357 0457 0267 3467 0248 1348 0158 4568 0378 2578 1678
FAM D=51 ell=11 count=22 nF=17 blocks: 0123 2345 0146 1256 0356 1247 1357 0457 0267 3467 0248 1348 2368 4568 0378 2578 1678
FAM D=51 ell=11 count=22 nF=17 blocks: 0123 2345 0146 1256 0356 1247 1357 0457 0267 3467 0248 0158 2368 4568 0378 2578 1678
FAM D=51 ell=11 count=22 nF=17 blocks: 0123 2345 0146 1256 0356 1247 1357 0457 0267 3467 0348 0258 1458 1368 2468 0178 2378
FAM D=54 ell=11 count=19 nF=18 blocks: 0123 2345 0146 1256 0356 1247 1357 0457 0267 3467 0348 0258 1458 1368 2468 0178 2378 5678
FAM D=51 ell=11 count=22 nF=17 blocks: 0123 2345 0146 1256 0356 1247 1357 0457 0267 3467 0348 0258 1458 1368 2468 0178 5678
FAM D=51 ell=11 count=22 nF=17 blocks: 0123 2345 0146 1256 0356 1247 1357 0457 0267 3467 0348 0258 1458 1368 2468 2378 5678
FAM D=51 ell=11 count=22 nF=17 blocks: 0123 2345 0146 1256 0356 1247 1357 0457 0267 3467 0348 0258 1458 1368 0178 2378 5678
FAM D=51 ell=11 count=22 nF=17 blocks: 0123 2345 0146 1256 0356 1247 1357 0457 0267 3467 0348 0258 1458 2468 0178 2378 5678
FAM D=51 ell=11 count=22 nF=17 blocks: 0123 2345 0146 1256 0356 1247 1357 0457 0267 3467 0348 0258 1368 2468 0178 2378 5678
FAM D=51 ell=11 count=22 nF=17 blocks: 0123 2345 0146 1256 0356 1247 1357 0457 0267 3467 0348 1458 1368 2468 0178 2378 5678
FAM D=51 ell=11 count=22 nF=17 blocks: 0123 2345 0146 1256 0356 1247 1357 0457 0267 3467 1348 0158 2368 4568 0378 2578 1678
FAM D=51 ell=11 count=22 nF=17 blocks: 0123 2345 0146 1256 0356 1247 1357 0457 0267 3467 0258 1458 1368 2468 0178 2378 5678
FAM D=51 ell=11 count=22 nF=17 blocks: 0123 2345 0146 1256 0356 1247 1357 0457 0267 0248 1348 0158 2368 4568 0378 2578 1678
FAM D=51 ell=11 count=22 nF=17 blocks: 0123 2345 0146 1256 0356 1247 1357 0457 0267 0348 0258 1458 1368 2468 0178 2378 5678
FAM D=51 ell=11 count=22 nF=17 blocks: 0123 2345 0146 1256 0356 1247 1357 0457 3467 0248 1348 0158 2368 4568 0378 2578 1678
FAM D=51 ell=11 count=22 nF=17 blocks: 0123 2345 0146 1256 0356 1247 1357 0457 3467 0348 0258 1458 1368 2468 0178 2378 5678
FAM D=51 ell=11 count=22 nF=17 blocks: 0123 2345 0146 1256 0356 1247 1357 0267 3467 0248 1348 0158 2368 4568 0378 2578 1678
FAM D=51 ell=11 count=22 nF=17 blocks: 0123 2345 0146 1256 0356 1247 1357 0267 3467 0348 0258 1458 1368 2468 0178 2378 5678
FAM D=51 ell=11 count=22 nF=17 blocks: 0123 2345 0146 1256 0356 1247 0457 0267 3467 0248 1348 0158 2368 4568 0378 2578 1678
FAM D=51 ell=11 count=22 nF=17 blocks: 0123 2345 0146 1256 0356 1247 0457 0267 3467 0348 0258 1458 1368 2468 0178 2378 5678
FAM D=51 ell=11 count=22 nF=17 blocks: 0123 2345 0146 1256 0356 0347 0257 1457 1367 2467 0248 1348 0158 2368 4568 1278 3578
FAM D=54 ell=11 count=19 nF=18 blocks: 0123 2345 0146 1256 0356 0347 0257 1457 1367 2467 0248 1348 0158 2368 4568 1278 3578 0678
FAM D=51 ell=11 count=22 nF=17 blocks: 0123 2345 0146 1256 0356 0347 0257 1457 1367 2467 0248 1348 0158 2368 4568 1278 0678
FAM D=51 ell=11 count=22 nF=17 blocks: 0123 2345 0146 1256 0356 0347 0257 1457 1367 2467 0248 1348 0158 2368 4568 3578 0678
FAM D=51 ell=11 count=22 nF=17 blocks: 0123 2345 0146 1256 0356 0347 0257 1457 1367 2467 0248 1348 0158 2368 1278 3578 0678
FAM D=51 ell=11 count=22 nF=17 blocks: 0123 2345 0146 1256 0356 0347 0257 1457 1367 2467 0248 1348 0158 4568 1278 3578 0678
FAM D=51 ell=11 count=22 nF=17 blocks: 0123 2345 0146 1256 0356 0347 0257 1457 1367 2467 0248 1348 2368 4568 1278 3578 0678
FAM D=51 ell=11 count=22 nF=17 blocks: 0123 2345 0146 1256 0356 0347 0257 1457 1367 2467 0248 0158 2368 4568 1278 3578 0678
FAM D=51 ell=11 count=22 nF=17 blocks: 0123 2345 0146 1256 0356 0347 0257 1457 1367 2467 1248 1358 0458 0268 3468 0178 2378
FAM D=54 ell=11 count=19 nF=18 blocks: 0123 2345 0146 1256 0356 0347 0257 1457 1367 2467 1248 1358 0458 0268 3468 0178 2378 5678
FAM D=51 ell=11 count=22 nF=17 blocks: 0123 2345 0146 1256 0356 0347 0257 1457 1367 2467 1248 1358 0458 0268 3468 0178 5678
FAM D=51 ell=11 count=22 nF=17 blocks: 0123 2345 0146 1256 0356 0347 0257 1457 1367 2467 1248 1358 0458 0268 3468 2378 5678
FAM D=51 ell=11 count=22 nF=17 blocks: 0123 2345 0146 1256 0356 0347 0257 1457 1367 2467 1248 1358 0458 0268 0178 2378 5678
FAM D=51 ell=11 count=22 nF=17 blocks: 0123 2345 0146 1256 0356 0347 0257 1457 1367 2467 1248 1358 0458 3468 0178 2378 5678
FAM D=51 ell=11 count=22 nF=17 blocks: 0123 2345 0146 1256 0356 0347 0257 1457 1367 2467 1248 1358 0268 3468 0178 2378 5678
FAM D=51 ell=11 count=22 nF=17 blocks: 0123 2345 0146 1256 0356 0347 0257 1457 1367 2467 1248 0458 0268 3468 0178 2378 5678
FAM D=51 ell=11 count=22 nF=17 blocks: 0123 2345 0146 1256 0356 0347 0257 1457 1367 2467 1348 0158 2368 4568 1278 3578 0678
FAM D=51 ell=11 count=22 nF=17 blocks: 0123 2345 0146 1256 0356 0347 0257 1457 1367 2467 1358 0458 0268 3468 0178 2378 5678
FAM D=51 ell=11 count=22 nF=17 blocks: 0123 2345 0146 1256 0356 0347 0257 1457 1367 0248 1348 0158 2368 4568 1278 3578 0678
FAM D=51 ell=11 count=22 nF=17 blocks: 0123 2345 0146 1256 0356 0347 0257 1457 1367 1248 1358 0458 0268 3468 0178 2378 5678
FAM D=51 ell=11 count=22 nF=17 blocks: 0123 2345 0146 1256 0356 0347 0257 1457 2467 0248 1348 0158 2368 4568 1278 3578 0678
FAM D=51 ell=11 count=22 nF=17 blocks: 0123 2345 0146 1256 0356 0347 0257 1457 2467 1248 1358 0458 0268 3468 0178 2378 5678
FAM D=51 ell=11 count=22 nF=17 blocks: 0123 2345 0146 1256 0356 0347 0257 1367 2467 0248 1348 0158 2368 4568 1278 3578 0678
FAM D=51 ell=11 count=22 nF=17 blocks: 0123 2345 0146 1256 0356 0347 0257 1367 2467 1248 1358 0458 0268 3468 0178 2378 5678
FAM D=51 ell=11 count=22 nF=17 blocks: 0123 2345 0146 1256 0356 0347 1457 1367 2467 0248 1348 0158 2368 4568 1278 3578 0678
FAM D=51 ell=11 count=22 nF=17 blocks: 0123 2345 0146 1256 0356 0347 1457 1367 2467 1248 1358 0458 0268 3468 0178 2378 5678
FAM D=51 ell=11 count=22 nF=17 blocks: 0123 2345 0146 1256 0356 1347 0157 2367 4567 1248 1358 0458 0268 3468 0378 2578 1678
FAM D=51 ell=11 count=22 nF=17 blocks: 0123 2345 0146 1256 0356 1347 0157 2367 4567 0348 0258 1458 1368 2468 1278 3578 0678
FAM D=51 ell=11 count=22 nF=17 blocks: 0123 2345 0146 1256 0356 0257 1457 1367 2467 0248 1348 0158 2368 4568 1278 3578 0678
FAM D=51 ell=11 count=22 nF=17 blocks: 0123 2345 0146 1256 0356 0257 1457 1367 2467 1248 1358 0458 0268 3468 0178 2378 5678
FAM D=51 ell=11 count=22 nF=17 blocks: 0123 2345 0146 1256 0356 1357 0457 0267 3467 0248 1348 0158 2368 4568 0378 2578 1678
FAM D=51 ell=11 count=22 nF=17 blocks: 0123 2345 0146 1256 0356 1357 0457 0267 3467 0348 0258 1458 1368 2468 0178 2378 5678
FAM D=51 ell=11 count=22 nF=17 blocks: 0123 2345 0146 1256 0247 1347 0157 2367 4567 1248 1358 0458 0268 3468 0378 2578 1678
FAM D=51 ell=11 count=22 nF=17 blocks: 0123 2345 0146 1256 0247 1347 0157 2367 4567 0348 0258 1458 1368 2468 1278 3578 0678
FAM D=51 ell=11 count=22 nF=17 blocks: 0123 2345 0146 1256 1247 1357 0457 0267 3467 0248 1348 0158 2368 4568 0378 2578 1678
FAM D=51 ell=11 count=22 nF=17 blocks: 0123 2345 0146 1256 1247 1357 0457 0267 3467 0348 0258 1458 1368 2468 0178 2378 5678
FAM D=51 ell=11 count=22 nF=17 blocks: 0123 2345 0146 1256 0347 0257 1457 1367 2467 0248 1348 0158 2368 4568 1278 3578 0678
FAM D=51 ell=11 count=22 nF=17 blocks: 0123 2345 0146 1256 0347 0257 1457 1367 2467 1248 1358 0458 0268 3468 0178 2378 5678
FAM D=51 ell=11 count=22 nF=17 blocks: 0123 2345 0146 0356 0247 1347 0157 2367 4567 1248 1358 0458 0268 3468 0378 2578 1678
FAM D=51 ell=11 count=22 nF=17 blocks: 0123 2345 0146 0356 0247 1347 0157 2367 4567 0348 0258 1458 1368 2468 1278 3578 0678
FAM D=51 ell=11 count=22 nF=17 blocks: 0123 2345 0146 0356 1247 1357 0457 0267 3467 0248 1348 0158 2368 4568 0378 2578 1678
FAM D=51 ell=11 count=22 nF=17 blocks: 0123 2345 0146 0356 1247 1357 0457 0267 3467 0348 0258 1458 1368 2468 0178 2378 5678
FAM D=51 ell=11 count=22 nF=17 blocks: 0123 2345 0146 0356 0347 0257 1457 1367 2467 0248 1348 0158 2368 4568 1278 3578 0678
FAM D=51 ell=11 count=22 nF=17 blocks: 0123 2345 0146 0356 0347 0257 1457 1367 2467 1248 1358 0458 0268 3468 0178 2378 5678
FAM D=51 ell=11 count=22 nF=17 blocks: 0123 2345 0146 1356 0247 0357 1457 1267 3467 1248 0348 0158 2368 4568 1378 2578 0678
FAM D=51 ell=11 count=22 nF=17 blocks: 0123 2345 0146 1356 0247 0357 1457 1267 3467 1348 1258 0458 0368 2468 0178 2378 5678
FAM D=51 ell=11 count=22 nF=17 blocks: 0123 2345 0146 1356 1247 0347 0157 2367 4567 0248 0358 1458 1268 3468 1378 2578 0678
FAM D=51 ell=11 count=22 nF=17 blocks: 0123 2345 0146 1356 1247 0347 0157 2367 4567 1348 1258 0458 0368 2468 0278 3578 1678
FAM D=51 ell=11 count=22 nF=17 blocks: 0123 2345 0146 1356 1347 1257 0457 0367 2467 0248 0358 1458 1268 3468 0178 2378 5678
FAM D=51 ell=11 count=22 nF=17 blocks: 0123 2345 0146 1356 1347 1257 0457 0367 2467 1248 0348 0158 2368 4568 0278 3578 1678
FAM D=51 ell=11 count=22 nF=17 blocks: 0123 2345 0246 1346 0156 0147 1257 0357 2367 4567 1248 1358 0458 0368 2568 0278 3478
FAM D=54 ell=11 count=19 nF=18 blocks: 0123 2345 0246 1346 0156 0147 1257 0357 2367 4567 1248 1358 0458 0368 2568 0278 3478 1678
FAM D=51 ell=11 count=22 nF=17 blocks: 0123 2345 0246 1346 0156 0147 1257 0357 2367 4567 1248 1358 0458 0368 2568 0278 1678
FAM D=51 ell=11 count=22 nF=17 blocks: 0123 2345 0246 1346 0156 0147 1257 0357 2367 4567 1248 1358 0458 0368 2568 3478 1678
FAM D=51 ell=11 count=22 nF=17 blocks: 0123 2345 0246 1346 0156 0147 1257 0357 2367 4567 1248 1358 0458 0368 0278 3478 1678
FAM D=51 ell=11 count=22 nF=17 blocks: 0123 2345 0246 1346 0156 0147 1257 0357 2367 4567 1248 1358 0458 2568 0278 3478 1678
FAM D=51 ell=11 count=22 nF=17 blocks: 0123 2345 0246 1346 0156 0147 1257 0357 2367 4567 1248 1358 0368 2568 0278 3478 1678
FAM D=51 ell=11 count=22 nF=17 blocks: 0123 2345 0246 1346 0156 0147 1257 0357 2367 4567 1248 0458 0368 2568 0278 3478 1678
FAM D=51 ell=11 count=22 nF=17 blocks: 0123 2345 0246 1346 0156 0147 1257 0357 2367 4567 0348 0258 1458 1268 3568 1378 2478
FAM D=54 ell=11 count=19 nF=18 blocks: 0123 2345 0246 1346 0156 0147 1257 0357 2367 4567 0348 0258 1458 1268 3568 1378 2478 0678
FAM D=51 ell=11 count=22 nF=17 blocks: 0123 2345 0246 1346 0156 0147 1257 0357 2367 4567 0348 0258 1458 1268 3568 1378 0678
FAM D=51 ell=11 count=22 nF=17 blocks: 0123 2345 0246 1346 0156 0147 1257 0357 2367 4567 0348 0258 1458 1268 3568 2478 0678
FAM D=51 ell=11 count=22 nF=17 blocks: 0123 2345 0246 1346 0156 0147 1257 0357 2367 4567 0348 0258 1458 1268 1378 2478 0678
FAM D=51 ell=11 count=22 nF=17 blocks: 0123 2345 0246 1346 0156 0147 1257 0357 2367 4567 0348 0258 1458 3568 1378 2478 0678
FAM D=51 ell=11 count=22 nF=17 blocks: 0123 2345 0246 1346 0156 0147 1257 0357 2367 4567 0348 0258 1268 3568 1378 2478 0678
FAM D=51 ell=11 count=22 nF=17 blocks: 0123 2345 0246 1346 0156 0147 1257 0357 2367 4567 0348 1458 1268 3568 1378 2478 0678
FAM D=51 ell=11 count=22 nF=17 blocks: 0123 2345 0246 1346 0156 0147 1257 0357 2367 4567 0258 1458 1268 3568 1378 2478 0678
FAM D=51 ell=11 count=22 nF=17 blocks: 0123 2345 0246 1346 0156 0147 1257 0357 2367 4567 1358 0458 0368 2568 0278 3478 1678
FAM D=51 ell=11 count=22 nF=17 blocks: 0123 2345 0246 1346 0156 0147 1257 0357 2367 1248 1358 0458 0368 2568 0278 3478 1678
FAM D=51 ell=11 count=22 nF=17 blocks: 0123 2345 0246 1346 0156 0147 1257 0357 2367 0348 0258 1458 1268 3568 1378 2478 0678
FAM D=51 ell=11 count=22 nF=17 blocks: 0123 2345 0246 1346 0156 0147 1257 0357 4567 1248 1358 0458 0368 2568 0278 3478 1678
FAM D=51 ell=11 count=22 nF=17 blocks: 0123 2345 0246 1346 0156 0147 1257 0357 4567 0348 0258 1458 1268 3568 1378 2478 0678
FAM D=51 ell=11 count=22 nF=17 blocks: 0123 2345 0246 1346 0156 0147 1257 2367 4567 1248 1358 0458 0368 2568 0278 3478 1678
FAM D=51 ell=11 count=22 nF=17 blocks: 0123 2345 0246 1346 0156 0147 1257 2367 4567 0348 0258 1458 1268 3568 1378 2478 0678
FAM D=51 ell=11 count=22 nF=17 blocks: 0123 2345 0246 1346 0156 0147 0357 2367 4567 1248 1358 0458 0368 2568 0278 3478 1678
FAM D=51 ell=11 count=22 nF=17 blocks: 0123 2345 0246 1346 0156 0147 0357 2367 4567 0348 0258 1458 1268 3568 1378 2478 0678
FAM D=51 ell=11 count=22 nF=17 blocks: 0123 2345 0246 1346 0156 1247 1357 0457 0367 2567 0148 1258 0358 2368 4568 0278 3478
FAM D=54 ell=11 count=19 nF=18 blocks: 0123 2345 0246 1346 0156 1247 1357 0457 0367 2567 0148 1258 0358 2368 4568 0278 3478 1678
FAM D=51 ell=11 count=22 nF=17 blocks: 0123 2345 0246 1346 0156 1247 1357 0457 0367 2567 0148 1258 0358 2368 4568 0278 1678
FAM D=51 ell=11 count=22 nF=17 blocks: 0123 2345 0246 1346 0156 1247 1357 0457 0367 2567 0148 1258 0358 2368 4568 3478 1678
FAM D=51 ell=11 count=22 nF=17 blocks: 0123 2345 0246 1346 0156 1247 1357 0457 0367 2567 0148 1258 0358 2368 0278 3478 1678
FAM D=51 ell=11 count=22 nF=17 blocks: 0123 2345 0246 1346 0156 1247 1357 0457 0367 2567 0148 1258 0358 4568 0278 3478 1678
FAM D=51 ell=11 count=22 nF=17 blocks: 0123 2345 0246 1346 0156 1247 1357 0457 0367 2567 0148 1258 2368 4568 0278 3478 1678
FAM D=51 ell=11 count=22 nF=17 blocks: 0123 2345 0246 1346 0156 1247 1357 0457 0367 2567 0148 0358 2368 4568 0278 3478 1678
FAM D=51 ell=11 count=22 nF=17 blocks: 0123 2345 0246 1346 0156 1247 1357 0457 0367 2567 0348 0258 1458 1268 3568 0178 2378
FAM D=54 ell=11 count=19 nF=18 blocks: 0123 2345 0246 1346 0156 1247 1357 0457 0367 2567 0348 0258 1458 1268 3568 0178 2378 4678
FAM D=51 ell=11 count=22 nF=17 blocks: 0123 2345 0246 1346 0156 1247 1357 0457 0367 2567 0348 0258 1458 1268 3568 0178 4678
FAM D=51 ell=11 count=22 nF=17 blocks: 0123 2345 0246 1346 0156 1247 1357 0457 0367 2567 0348 0258 1458 1268 3568 2378 4678
FAM D=51 ell=11 count=22 nF=17 blocks: 0123 2345 0246 1346 0156 1247 1357 0457 0367 2567 0348 0258 1458 1268 0178 2378 4678
FAM D=51 ell=11 count=22 nF=17 blocks: 0123 2345 0246 1346 0156 1247 1357 0457 0367 2567 0348 0258 1458 3568 0178 2378 4678
FAM D=51 ell=11 count=22 nF=17 blocks: 0123 2345 0246 1346 0156 1247 1357 0457 0367 2567 0348 0258 1268 3568 0178 2378 4678
FAM D=51 ell=11 count=22 nF=17 blocks: 0123 2345 0246 1346 0156 1247 1357 0457 0367 2567 0348 1458 1268 3568 0178 2378 4678
FAM D=51 ell=11 count=22 nF=17 blocks: 0123 2345 0246 1346 0156 1247 1357 0457 0367 2567 0258 1458 1268 3568 0178 2378 4678
FAM D=51 ell=11 count=22 nF=17 blocks: 0123 2345 0246 1346 0156 1247 1357 0457 0367 2567 1258 0358 2368 4568 0278 3478 1678
FAM D=51 ell=11 count=22 nF=17 blocks: 0123 2345 0246 1346 0156 1247 1357 0457 0367 0148 1258 0358 2368 4568 0278 3478 1678
FAM D=51 ell=11 count=22 nF=17 blocks: 0123 2345 0246 1346 0156 1247 1357 0457 0367 0348 0258 1458 1268 3568 0178 2378 4678
FAM D=51 ell=11 count=22 nF=17 blocks: 0123 2345 0246 1346 0156 1247 1357 0457 2567 0148 1258 0358 2368 4568 0278 3478 1678
FAM D=51 ell=11 count=22 nF=17 blocks: 0123 2345 0246 1346 0156 1247 1357 0457 2567 0348 0258 1458 1268 3568 0178 2378 4678
FAM D=51 ell=11 count=22 nF=17 blocks: 0123 2345 0246 1346 0156 1247 1357 0367 2567 0148 1258 0358 2368 4568 0278 3478 1678
FAM D=51 ell=11 count=22 nF=17 blocks: 0123 2345 0246 1346 0156 1247 1357 0367 2567 0348 0258 1458 1268 3568 0178 2378 4678
FAM D=51 ell=11 count=22 nF=17 blocks: 0123 2345 0246 1346 0156 1247 0457 0367 2567 0148 1258 0358 2368 4568 0278 3478 1678
FAM D=51 ell=11 count=22 nF=17 blocks: 0123 2345 0246 1346 0156 1247 0457 0367 2567 0348 0258 1458 1268 3568 0178 2378 4678
FAM D=51 ell=11 count=22 nF=17 blocks: 0123 2345 0246 1346 0156 0347 0257 1457 1267 3567 0148 1258 0358 2368 4568 1378 2478
FAM D=54 ell=11 count=19 nF=18 blocks: 0123 2345 0246 1346 0156 0347 0257 1457 1267 3567 0148 1258 0358 2368 4568 1378 2478 0678
FAM D=51 ell=11 count=22 nF=17 blocks: 0123 2345 0246 1346 0156 0347 0257 1457 1267 3567 0148 1258 0358 2368 4568 1378 0678
FAM D=51 ell=11 count=22 nF=17 blocks: 0123 2345 0246 1346 0156 0347 0257 1457 1267 3567 0148 1258 0358 2368 4568 2478 0678
FAM D=51 ell=11 count=22 nF=17 blocks: 0123 2345 0246 1346 0156 0347 0257 1457 1267 3567 0148 1258 0358 2368 1378 2478 0678
FAM D=51 ell=11 count=22 nF=17 blocks: 0123 2345 0246 1346 0156 0347 0257 1457 1267 3567 0148 1258 0358 4568 1378 2478 0678
FAM D=51 ell=11 count=22 nF=17 blocks: 0123 2345 0246 1346 0156 0347 0257 1457 1267 3567 0148 1258 2368 4568 1378 2478 0678
FAM D=51 ell=11 count=22 nF=17 blocks: 0123 2345 0246 1346 0156 0347 0257 1457 1267 3567 0148 0358 2368 4568 1378 2478 0678
FAM D=51 ell=11 count=22 nF=17 blocks: 0123 2345 0246 1346 0156 0347 0257 1457 1267 3567 1248 1358 0458 0368 2568 0178 2378
FAM D=54 ell=11 count=19 nF=18 blocks: 0123 2345 0246 1346 0156 0347 0257 1457 1267 3567 1248 1358 0458 0368 2568 0178 2378 4678
FAM D=51 ell=11 count=22 nF=17 blocks: 0123 2345 0246 1346 0156 0347 0257 1457 1267 3567 1248 1358 0458 0368 2568 0178 4678
FAM D=51 ell=11 count=22 nF=17 blocks: 0123 2345 0246 1346 0156 0347 0257 1457 1267 3567 1248 1358 0458 0368 2568 2378 4678
FAM D=51 ell=11 count=22 nF=17 blocks: 0123 2345 0246 1346 0156 0347 0257 1457 1267 3567 1248 1358 0458 0368 0178 2378 4678
FAM D=51 ell=11 count=22 nF=17 blocks: 0123 2345 0246 1346 0156 0347 0257 1457 1267 3567 1248 1358 0458 2568 0178 2378 4678
FAM D=51 ell=11 count=22 nF=17 blocks: 0123 2345 0246 1346 0156 0347 0257 1457 1267 3567 1248 1358 0368 2568 0178 2378 4678
FAM D=51 ell=11 count=22 nF=17 blocks: 0123 2345 0246 1346 0156 0347 0257 1457 1267 3567 1248 0458 0368 2568 0178 2378 4678
FAM D=51 ell=11 count=22 nF=17 blocks: 0123 2345 0246 1346 0156 0347 0257 1457 1267 3567 1258 0358 2368 4568 1378 2478 0678
FAM D=51 ell=11 count=22 nF=17 blocks: 0123 2345 0246 1346 0156 0347 0257 1457 1267 3567 1358 0458 0368 2568 0178 2378 4678
FAM D=51 ell=11 count=22 nF=17 blocks: 0123 2345 0246 1346 0156 0347 0257 1457 1267 0148 1258 0358 2368 4568 1378 2478 0678
FAM D=51 ell=11 count=22 nF=17 blocks: 0123 2345 0246 1346 0156 0347 0257 1457 1267 1248 1358 0458 0368 2568 0178 2378 4678
FAM D=51 ell=11 count=22 nF=17 blocks: 0123 2345 0246 1346 0156 0347 0257 1457 3567 0148 1258 0358 2368 4568 1378 2478 0678
FAM D=51 ell=11 count=22 nF=17 blocks: 0123 2345 0246 1346 0156 0347 0257 1457 3567 1248 1358 0458 0368 2568 0178 2378 4678
FAM D=51 ell=11 count=22 nF=17 blocks: 0123 2345 0246 1346 0156 0347 0257 1267 3567 0148 1258 0358 2368 4568 1378 2478 0678
FAM D=51 ell=11 count=22 nF=17 blocks: 0123 2345 0246 1346 0156 0347 0257 1267 3567 1248 1358 0458 0368 2568 0178 2378 4678
FAM D=51 ell=11 count=22 nF=17 blocks: 0123 2345 0246 1346 0156 0347 1457 1267 3567 0148 1258 0358 2368 4568 1378 2478 0678
FAM D=51 ell=11 count=22 nF=17 blocks: 0123 2345 0246 1346 0156 0347 1457 1267 3567 1248 1358 0458 0368 2568 0178 2378 4678
FAM D=51 ell=11 count=22 nF=17 blocks: 0123 2345 0246 1346 0156 0257 1457 1267 3567 0148 1258 0358 2368 4568 1378 2478 0678
FAM D=51 ell=11 count=22 nF=17 blocks: 0123 2345 0246 1346 0156 0257 1457 1267 3567 1248 1358 0458 0368 2568 0178 2378 4678
FAM D=51 ell=11 count=22 nF=17 blocks: 0123 2345 0246 1346 0156 1257 0357 2367 4567 1248 1358 0458 0368 2568 0278 3478 1678
FAM D=51 ell=11 count=22 nF=17 blocks: 0123 2345 0246 1346 0156 1257 0357 2367 4567 0348 0258 1458 1268 3568 1378 2478 0678
FAM D=51 ell=11 count=22 nF=17 blocks: 0123 2345 0246 1346 0156 1357 0457 0367 2567 0148 1258 0358 2368 4568 0278 3478 1678
FAM D=51 ell=11 count=22 nF=17 blocks: 0123 2345 0246 1346 0156 1357 0457 0367 2567 0348 0258 1458 1268 3568 0178 2378 4678
FAM D=51 ell=11 count=22 nF=17 blocks: 0123 2345 0246 1346 0147 1257 0357 2367 4567 1248 1358 0458 0368 2568 0278 3478 1678
FAM D=51 ell=11 count=22 nF=17 blocks: 0123 2345 0246 1346 0147 1257 0357 2367 4567 0348 0258 1458 1268 3568 1378 2478 0678
FAM D=51 ell=11 count=22 nF=17 blocks: 0123 2345 0246 1346 1247 1357 0457 0367 2567 0148 1258 0358 2368 4568 0278 3478 1678
FAM D=51 ell=11 count=22 nF=17 blocks: 0123 2345 0246 1346 1247 1357 0457 0367 2567 0348 0258 1458 1268 3568 0178 2378 4678
FAM D=51 ell=11 count=22 nF=17 blocks: 0123 2345 0246 1346 0347 0257 1457 1267 3567 0148 1258 0358 2368 4568 1378 2478 0678
FAM D=51 ell=11 count=22 nF=17 blocks: 0123 2345 0246 1346 0347 0257 1457 1267 3567 1248 1358 0458 0368 2568 0178 2378 4678
FAM D=51 ell=11 count=22 nF=17 blocks: 0123 2345 0246 0156 0147 1257 0357 2367 4567 1248 1358 0458 0368 2568 0278 3478 1678
FAM D=51 ell=11 count=22 nF=17 blocks: 0123 2345 0246 0156 0147 1257 0357 2367 4567 0348 0258 1458 1268 3568 1378 2478 0678
FAM D=51 ell=11 count=22 nF=17 blocks: 0123 2345 0246 0156 1247 1357 0457 0367 2567 0148 1258 0358 2368 4568 0278 3478 1678
FAM D=51 ell=11 count=22 nF=17 blocks: 0123 2345 0246 0156 1247 1357 0457 0367 2567 0348 0258 1458 1268 3568 0178 2378 4678
FAM D=51 ell=11 count=22 nF=17 blocks: 0123 2345 0246 0156 0347 0257 1457 1267 3567 0148 1258 0358 2368 4568 1378 2478 0678
FAM D=51 ell=11 count=22 nF=17 blocks: 0123 2345 0246 0156 0347 0257 1457 1267 3567 1248 1358 0458 0368 2568 0178 2378 4678
FAM D=51 ell=11 count=22 nF=17 blocks: 0123 2345 0246 0356 1456 0147 0257 1357 1267 3467 1248 0348 0158 1368 2568 2378 4578
FAM D=54 ell=11 count=19 nF=18 blocks: 0123 2345 0246 0356 1456 0147 0257 1357 1267 3467 1248 0348 0158 1368 2568 2378 4578 0678
FAM D=51 ell=11 count=22 nF=17 blocks: 0123 2345 0246 0356 1456 0147 0257 1357 1267 3467 1248 0348 0158 1368 2568 2378 0678
FAM D=51 ell=11 count=22 nF=17 blocks: 0123 2345 0246 0356 1456 0147 0257 1357 1267 3467 1248 0348 0158 1368 2568 4578 0678
FAM D=51 ell=11 count=22 nF=17 blocks: 0123 2345 0246 0356 1456 0147 0257 1357 1267 3467 1248 0348 0158 1368 2378 4578 0678
FAM D=51 ell=11 count=22 nF=17 blocks: 0123 2345 0246 0356 1456 0147 0257 1357 1267 3467 1248 0348 0158 2568 2378 4578 0678
FAM D=51 ell=11 count=22 nF=17 blocks: 0123 2345 0246 0356 1456 0147 0257 1357 1267 3467 1248 0348 1368 2568 2378 4578 0678
FAM D=51 ell=11 count=22 nF=17 blocks: 0123 2345 0246 0356 1456 0147 0257 1357 1267 3467 1248 0158 1368 2568 2378 4578 0678
FAM D=51 ell=11 count=22 nF=17 blocks: 0123 2345 0246 0356 1456 0147 0257 1357 1267 3467 0348 0158 1368 2568 2378 4578 0678
FAM D=51 ell=11 count=22 nF=17 blocks: 0123 2345 0246 0356 1456 0147 0257 1357 1267 3467 1348 1258 0458 0168 2368 0378 2478
FAM D=54 ell=11 count=19 nF=18 blocks: 0123 2345 0246 0356 1456 0147 0257 1357 1267 3467 1348 1258 0458 0168 2368 0378 2478 5678
FAM D=51 ell=11 count=22 nF=17 blocks: 0123 2345 0246 0356 1456 0147 0257 1357 1267 3467 1348 1258 0458 0168 2368 0378 5678
FAM D=51 ell=11 count=22 nF=17 blocks: 0123 2345 0246 0356 1456 0147 0257 1357 1267 3467 1348 1258 0458 0168 2368 2478 5678
FAM D=51 ell=11 count=22 nF=17 blocks: 0123 2345 0246 0356 1456 0147 0257 1357 1267 3467 1348 1258 0458 0168 0378 2478 5678
FAM D=51 ell=11 count=22 nF=17 blocks: 0123 2345 0246 0356 1456 0147 0257 1357 1267 3467 1348 1258 0458 2368 0378 2478 5678
FAM D=51 ell=11 count=22 nF=17 blocks: 0123 2345 0246 0356 1456 0147 0257 1357 1267 3467 1348 1258 0168 2368 0378 2478 5678
FAM D=51 ell=11 count=22 nF=17 blocks: 0123 2345 0246 0356 1456 0147 0257 1357 1267 3467 1348 0458 0168 2368 0378 2478 5678
FAM D=51 ell=11 count=22 nF=17 blocks: 0123 2345 0246 0356 1456 0147 0257 1357 1267 3467 1258 0458 0168 2368 0378 2478 5678
FAM D=51 ell=11 count=22 nF=17 blocks: 0123 2345 0246 0356 1456 0147 0257 1357 1267 1248 0348 0158 1368 2568 2378 4578 0678
FAM D=51 ell=11 count=22 nF=17 blocks: 0123 2345 0246 0356 1456 0147 0257 1357 1267 1348 1258 0458 0168 2368 0378 2478 5678
FAM D=51 ell=11 count=22 nF=17 blocks: 0123 2345 0246 0356 1456 0147 0257 1357 3467 1248 0348 0158 1368 2568 2378 4578 0678
FAM D=51 ell=11 count=22 nF=17 blocks: 0123 2345 0246 0356 1456 0147 0257 1357 3467 1348 1258 0458 0168 2368 0378 2478 5678
FAM D=51 ell=11 count=22 nF=17 blocks: 0123 2345 0246 0356 1456 0147 0257 1267 3467 1248 0348 0158 1368 2568 2378 4578 0678
FAM D=51 ell=11 count=22 nF=17 blocks: 0123 2345 0246 0356 1456 0147 0257 1267 3467 1348 1258 0458 0168 2368 0378 2478 5678
FAM D=51 ell=11 count=22 nF=17 blocks: 0123 2345 0246 0356 1456 0147 1357 1267 3467 1248 0348 0158 1368 2568 2378 4578 0678
FAM D=51 ell=11 count=22 nF=17 blocks: 0123 2345 0246 0356 1456 0147 1357 1267 3467 1348 1258 0458 0168 2368 0378 2478 5678
FAM D=51 ell=11 count=22 nF=17 blocks: 0123 2345 0246 0356 1456 1247 0347 0157 1367 2567 0148 0258 1358 1268 3468 2378 4578
FAM D=54 ell=11 count=19 nF=18 blocks: 0123 2345 0246 0356 1456 1247 0347 0157 1367 2567 0148 0258 1358 1268 3468 2378 4578 0678
FAM D=51 ell=11 count=22 nF=17 blocks: 0123 2345 0246 0356 1456 1247 0347 0157 1367 2567 0148 0258 1358 1268 3468 2378 0678
FAM D=51 ell=11 count=22 nF=17 blocks: 0123 2345 0246 0356 1456 1247 0347 0157 1367 2567 0148 0258 1358 1268 3468 4578 0678
FAM D=51 ell=11 count=22 nF=17 blocks: 0123 2345 0246 0356 1456 1247 0347 0157 1367 2567 0148 0258 1358 1268 2378 4578 0678
FAM D=51 ell=11 count=22 nF=17 blocks: 0123 2345 0246 0356 1456 1247 0347 0157 1367 2567 0148 0258 1358 3468 2378 4578 0678
FAM D=51 ell=11 count=22 nF=17 blocks: 0123 2345 0246 0356 1456 1247 0347 0157 1367 2567 0148 0258 1268 3468 2378 4578 0678
FAM D=51 ell=11 count=22 nF=17 blocks: 0123 2345 0246 0356 1456 1247 0347 0157 1367 2567 0148 1358 1268 3468 2378 4578 0678
FAM D=51 ell=11 count=22 nF=17 blocks: 0123 2345 0246 0356 1456 1247 0347 0157 1367 2567 1348 1258 0458 0168 2368 0278 3578
FAM D=54 ell=11 count=19 nF=18 blocks: 0123 2345 0246 0356 1456 1247 0347 0157 1367 2567 1348 1258 0458 0168 2368 0278 3578 4678
FAM D=51 ell=11 count=22 nF=17 blocks: 0123 2345 0246 0356 1456 1247 0347 0157 1367 2567 1348 1258 0458 0168 2368 0278 4678
FAM D=51 ell=11 count=22 nF=17 blocks: 0123 2345 0246 0356 1456 1247 0347 0157 1367 2567 1348 1258 0458 0168 2368 3578 4678
FAM D=51 ell=11 count=22 nF=17 blocks: 0123 2345 0246 0356 1456 1247 0347 0157 1367 2567 1348 1258 0458 0168 0278 3578 4678
FAM D=51 ell=11 count=22 nF=17 blocks: 0123 2345 0246 0356 1456 1247 0347 0157 1367 2567 1348 1258 0458 2368 0278 3578 4678
FAM D=51 ell=11 count=22 nF=17 blocks: 0123 2345 0246 0356 1456 1247 0347 0157 1367 2567 1348 1258 0168 2368 0278 3578 4678
FAM D=51 ell=11 count=22 nF=17 blocks: 0123 2345 0246 0356 1456 1247 0347 0157 1367 2567 1348 0458 0168 2368 0278 3578 4678
FAM D=51 ell=11 count=22 nF=17 blocks: 0123 2345 0246 0356 1456 1247 0347 0157 1367 2567 0258 1358 1268 3468 2378 4578 0678
FAM D=51 ell=11 count=22 nF=17 blocks: 0123 2345 0246 0356 1456 1247 0347 0157 1367 2567 1258 0458 0168 2368 0278 3578 4678
FAM D=51 ell=11 count=22 nF=17 blocks: 0123 2345 0246 0356 1456 1247 0347 0157 1367 0148 0258 1358 1268 3468 2378 4578 0678
FAM D=51 ell=11 count=22 nF=17 blocks: 0123 2345 0246 0356 1456 1247 0347 0157 1367 1348 1258 0458 0168 2368 0278 3578 4678
FAM D=51 ell=11 count=22 nF=17 blocks: 0123 2345 0246 0356 1456 1247 0347 0157 2567 0148 0258 1358 1268 3468 2378 4578 0678
FAM D=51 ell=11 count=22 nF=17 blocks: 0123 2345 0246 0356 1456 1247 0347 0157 2567 1348 1258 0458 0168 2368 0278 3578 4678
FAM D=51 ell=11 count=22 nF=17 blocks: 0123 2345 0246 0356 1456 1247 0347 1367 2567 0148 0258 1358 1268 3468 2378 4578 0678
FAM D=51 ell=11 count=22 nF=17 blocks: 0123 2345 0246 0356 1456 1247 0347 1367 2567 1348 1258 0458 0168 2368 0278 3578 4678
FAM D=51 ell=11 count=22 nF=17 blocks: 0123 2345 0246 0356 1456 1247 0157 1367 2567 0148 0258 1358 1268 3468 2378 4578 0678
FAM D=51 ell=11 count=22 nF=17 blocks: 0123 2345 0246 0356 1456 1247 0157 1367 2567 1348 1258 0458 0168 2368 0278 3578 4678
FAM D=51 ell=11 count=22 nF=17 blocks: 0123 2345 0246 0356 1456 0347 0157 1367 2567 0148 0258 1358 1268 3468 2378 4578 0678
FAM D=51 ell=11 count=22 nF=17 blocks: 0123 2345 0246 0356 1456 0347 0157 1367 2567 1348 1258 0458 0168 2368 0278 3578 4678
FAM D=51 ell=11 count=22 nF=17 blocks: 0123 2345 0246 0356 1456 1347 1257 0457 0167 2367 0148 0258 1358 1268 3468 0378 2478
FAM D=54 ell=11 count=19 nF=18 blocks: 0123 2345 0246 0356 1456 1347 1257 0457 0167 2367 0148 0258 1358 1268 3468 0378 2478 5678
FAM D=51 ell=11 count=22 nF=17 blocks: 0123 2345 0246 0356 1456 1347 1257 0457 0167 2367 0148 0258 1358 1268 3468 0378 5678
FAM D=51 ell=11 count=22 nF=17 blocks: 0123 2345 0246 0356 1456 1347 1257 0457 0167 2367 0148 0258 1358 1268 3468 2478 5678
FAM D=51 ell=11 count=22 nF=17 blocks: 0123 2345 0246 0356 1456 1347 1257 0457 0167 2367 0148 0258 1358 1268 0378 2478 5678
FAM D=51 ell=11 count=22 nF=17 blocks: 0123 2345 0246 0356 1456 1347 1257 0457 0167 2367 0148 0258 1358 3468 0378 2478 5678
FAM D=51 ell=11 count=22 nF=17 blocks: 0123 2345 0246 0356 1456 1347 1257 0457 0167 2367 0148 0258 1268 3468 0378 2478 5678
FAM D=51 ell=11 count=22 nF=17 blocks: 0123 2345 0246 0356 1456 1347 1257 0457 0167 2367 0148 1358 1268 3468 0378 2478 5678
FAM D=51 ell=11 count=22 nF=17 blocks: 0123 2345 0246 0356 1456 1347 1257 0457 0167 2367 1248 0348 0158 1368 2568 0278 3578
FAM D=54 ell=11 count=19 nF=18 blocks: 0123 2345 0246 0356 1456 1347 1257 0457 0167 2367 1248 0348 0158 1368 2568 0278 3578 4678
FAM D=51 ell=11 count=22 nF=17 blocks: 0123 2345 0246 0356 1456 1347 1257 0457 0167 2367 1248 0348 0158 1368 2568 0278 4678
FAM D=51 ell=11 count=22 nF=17 blocks: 0123 2345 0246 0356 1456 1347 1257 0457 0167 2367 1248 0348 0158 1368 2568 3578 4678
FAM D=51 ell=11 count=22 nF=17 blocks: 0123 2345 0246 0356 1456 1347 1257 0457 0167 2367 1248 0348 0158 1368 0278 3578 4678
FAM D=51 ell=11 count=22 nF=17 blocks: 0123 2345 0246 0356 1456 1347 1257 0457 0167 2367 1248 0348 0158 2568 0278 3578 4678
FAM D=51 ell=11 count=22 nF=17 blocks: 0123 2345 0246 0356 1456 1347 1257 0457 0167 2367 1248 0348 1368 2568 0278 3578 4678
FAM D=51 ell=11 count=22 nF=17 blocks: 0123 2345 0246 0356 1456 1347 1257 0457 0167 2367 1248 0158 1368 2568 0278 3578 4678
FAM D=51 ell=11 count=22 nF=17 blocks: 0123 2345 0246 0356 1456 1347 1257 0457 0167 2367 0348 0158 1368 2568 0278 3578 4678
FAM D=51 ell=11 count=22 nF=17 blocks: 0123 2345 0246 0356 1456 1347 1257 0457 0167 2367 0258 1358 1268 3468 0378 2478 5678
FAM D=51 ell=11 count=22 nF=17 blocks: 0123 2345 0246 0356 1456 1347 1257 0457 0167 0148 0258 1358 1268 3468 0378 2478 5678
FAM D=51 ell=11 count=22 nF=17 blocks: 0123 2345 0246 0356 1456 1347 1257 0457 0167 1248 0348 0158 1368 2568 0278 3578 4678
FAM D=51 ell=11 count=22 nF=17 blocks: 0123 2345 0246 0356 1456 1347 1257 0457 2367 0148 0258 1358 1268 3468 0378 2478 5678
FAM D=51 ell=11 count=22 nF=17 blocks: 0123 2345 0246 0356 1456 1347 1257 0457 2367 1248 0348 0158 1368 2568 0278 3578 4678
FAM D=51 ell=11 count=22 nF=17 blocks: 0123 2345 0246 0356 1456 1347 1257 0167 2367 0148 0258 1358 1268 3468 0378 2478 5678
FAM D=51 ell=11 count=22 nF=17 blocks: 0123 2345 0246 0356 1456 1347 1257 0167 2367 1248 0348 0158 1368 2568 0278 3578 4678
FAM D=51 ell=11 count=22 nF=17 blocks: 0123 2345 0246 0356 1456 1347 0457 0167 2367 0148 0258 1358 1268 3468 0378 2478 5678
FAM D=51 ell=11 count=22 nF=17 blocks: 0123 2345 0246 0356 1456 1347 0457 0167 2367 1248 0348 0158 1368 2568 0278 3578 4678
FAM D=51 ell=11 count=22 nF=17 blocks: 0123 2345 0246 0356 1456 0257 1357 1267 3467 1248 0348 0158 1368 2568 2378 4578 0678
FAM D=51 ell=11 count=22 nF=17 blocks: 0123 2345 0246 0356 1456 0257 1357 1267 3467 1348 1258 0458 0168 2368 0378 2478 5678
FAM D=51 ell=11 count=22 nF=17 blocks: 0123 2345 0246 0356 1456 1257 0457 0167 2367 0148 0258 1358 1268 3468 0378 2478 5678
FAM D=51 ell=11 count=22 nF=17 blocks: 0123 2345 0246 0356 1456 1257 0457 0167 2367 1248 0348 0158 1368 2568 0278 3578 4678
FAM D=51 ell=11 count=22 nF=17 blocks: 0123 2345 0246 0356 0147 0257 1357 1267 3467 1248 0348 0158 1368 2568 2378 4578 0678
FAM D=51 ell=11 count=22 nF=17 blocks: 0123 2345 0246 0356 0147 0257 1357 1267 3467 1348 1258 0458 0168 2368 0378 2478 5678
FAM D=51 ell=11 count=22 nF=17 blocks: 0123 2345 0246 0356 1247 0347 0157 1367 2567 0148 0258 1358 1268 3468 2378 4578 0678
FAM D=51 ell=11 count=22 nF=17 blocks: 0123 2345 0246 0356 1247 0347 0157 1367 2567 1348 1258 0458 0168 2368 0278 3578 4678
FAM D=51 ell=11 count=22 nF=17 blocks: 0123 2345 0246 0356 1347 1257 0457 0167 2367 0148 0258 1358 1268 3468 0378 2478 5678
FAM D=51 ell=11 count=22 nF=17 blocks: 0123 2345 0246 0356 1347 1257 0457 0167 2367 1248 0348 0158 1368 2568 0278 3578 4678
FAM D=51 ell=11 count=22 nF=17 blocks: 0123 2345 0246 1356 1247 0357 0167 3467 2567 0348 1258 2368 1468 0568 0278 1378 4578
FAM D=51 ell=11 count=22 nF=17 blocks: 0123 2345 0246 1356 1247 0357 0167 3467 2567 1348 0258 1268 0368 4568 2378 0478 1578
FAM D=51 ell=11 count=22 nF=17 blocks: 0123 2345 0246 1356 0347 1257 2367 1467 0567 1248 0358 0168 3468 2568 0278 1378 4578
FAM D=51 ell=11 count=22 nF=17 blocks: 0123 2345 0246 1356 0347 1257 2367 1467 0567 1348 0258 1268 0368 4568 0178 2478 3578
FAM D=51 ell=11 count=22 nF=17 blocks: 0123 2345 0246 1356 1347 0257 1267 0367 4567 1248 0358 0168 3468 2568 2378 0478 1578
FAM D=51 ell=11 count=22 nF=17 blocks: 0123 2345 0246 1356 1347 0257 1267 0367 4567 0348 1258 2368 1468 0568 0178 2478 3578
FAM D=51 ell=11 count=22 nF=17 blocks: 0123 2345 0246 1456 0147 0257 1357 1267 3467 1248 0348 0158 1368 2568 2378 4578 0678
FAM D=51 ell=11 count=22 nF=17 blocks: 0123 2345 0246 1456 0147 0257 1357 1267 3467 1348 1258 0458 0168 2368 0378 2478 5678
FAM D=51 ell=11 count=22 nF=17 blocks: 0123 2345 0246 1456 1247 0347 0157 1367 2567 0148 0258 1358 1268 3468 2378 4578 0678
FAM D=51 ell=11 count=22 nF=17 blocks: 0123 2345 0246 1456 1247 0347 0157 1367 2567 1348 1258 0458 0168 2368 0278 3578 4678
FAM D=51 ell=11 count=22 nF=17 blocks: 0123 2345 0246 1456 1347 1257 0457 0167 2367 0148 0258 1358 1268 3468 0378 2478 5678
FAM D=51 ell=11 count=22 nF=17 blocks: 0123 2345 0246 1456 1347 1257 0457 0167 2367 1248 0348 0158 1368 2568 0278 3578 4678
FAM D=51 ell=11 count=22 nF=17 blocks: 0123 2345 1246 0346 0156 0147 0257 1357 2367 4567 0248 0358 1458 1368 2568 1278 3478
FAM D=54 ell=11 count=19 nF=18 blocks: 0123 2345 1246 0346 0156 0147 0257 1357 2367 4567 0248 0358 1458 1368 2568 1278 3478 0678
FAM D=51 ell=11 count=22 nF=17 blocks: 0123 2345 1246 0346 0156 0147 0257 1357 2367 4567 0248 0358 1458 1368 2568 1278 0678
FAM D=51 ell=11 count=22 nF=17 blocks: 0123 2345 1246 0346 0156 0147 0257 1357 2367 4567 0248 0358 1458 1368 2568 3478 0678
FAM D=51 ell=11 count=22 nF=17 blocks: 0123 2345 1246 0346 0156 0147 0257 1357 2367 4567 0248 0358 1458 1368 1278 3478 0678
FAM D=51 ell=11 count=22 nF=17 blocks: 0123 2345 1246 0346 0156 0147 0257 1357 2367 4567 0248 0358 1458 2568 1278 3478 0678
FAM D=51 ell=11 count=22 nF=17 blocks: 0123 2345 1246 0346 0156 0147 0257 1357 2367 4567 0248 0358 1368 2568 1278 3478 0678
FAM D=51 ell=11 count=22 nF=17 blocks: 0123 2345 1246 0346 0156 0147 0257 1357 2367 4567 0248 1458 1368 2568 1278 3478 0678
FAM D=51 ell=11 count=22 nF=17 blocks: 0123 2345 1246 0346 0156 0147 0257 1357 2367 4567 1348 1258 0458 0268 3568 0378 2478
FAM D=54 ell=11 count=19 nF=18 blocks: 0123 2345 1246 0346 0156 0147 0257 1357 2367 4567 1348 1258 0458 0268 3568 0378 2478 1678
FAM D=51 ell=11 count=22 nF=17 blocks: 0123 2345 1246 0346 0156 0147 0257 1357 2367 4567 1348 1258 0458 0268 3568 0378 1678
FAM D=51 ell=11 count=22 nF=17 blocks: 0123 2345 1246 0346 0156 0147 0257 1357 2367 4567 1348 1258 0458 0268 3568 2478 1678
FAM D=51 ell=11 count=22 nF=17 blocks: 0123 2345 1246 0346 0156 0147 0257 1357 2367 4567 1348 1258 0458 0268 0378 2478 1678
FAM D=51 ell=11 count=22 nF=17 blocks: 0123 2345 1246 0346 0156 0147 0257 1357 2367 4567 1348 1258 0458 3568 0378 2478 1678
FAM D=51 ell=11 count=22 nF=17 blocks: 0123 2345 1246 0346 0156 0147 0257 1357 2367 4567 1348 1258 0268 3568 0378 2478 1678
FAM D=51 ell=11 count=22 nF=17 blocks: 0123 2345 1246 0346 0156 0147 0257 1357 2367 4567 1348 0458 0268 3568 0378 2478 1678
FAM D=51 ell=11 count=22 nF=17 blocks: 0123 2345 1246 0346 0156 0147 0257 1357 2367 4567 1258 0458 0268 3568 0378 2478 1678
FAM D=51 ell=11 count=22 nF=17 blocks: 0123 2345 1246 0346 0156 0147 0257 1357 2367 4567 0358 1458 1368 2568 1278 3478 0678
FAM D=51 ell=11 count=22 nF=17 blocks: 0123 2345 1246 0346 0156 0147 0257 1357 2367 0248 0358 1458 1368 2568 1278 3478 0678
FAM D=51 ell=11 count=22 nF=17 blocks: 0123 2345 1246 0346 0156 0147 0257 1357 2367 1348 1258 0458 0268 3568 0378 2478 1678
FAM D=51 ell=11 count=22 nF=17 blocks: 0123 2345 1246 0346 0156 0147 0257 1357 4567 0248 0358 1458 1368 2568 1278 3478 0678
FAM D=51 ell=11 count=22 nF=17 blocks: 0123 2345 1246 0346 0156 0147 0257 1357 4567 1348 1258 0458 0268 3568 0378 2478 1678
FAM D=51 ell=11 count=22 nF=17 blocks: 0123 2345 1246 0346 0156 0147 0257 2367 4567 0248 0358 1458 1368 2568 1278 3478 0678
FAM D=51 ell=11 count=22 nF=17 blocks: 0123 2345 1246 0346 0156 0147 0257 2367 4567 1348 1258 0458 0268 3568 0378 2478 1678
FAM D=51 ell=11 count=22 nF=17 blocks: 0123 2345 1246 0346 0156 0147 1357 2367 4567 0248 0358 1458 1368 2568 1278 3478 0678
FAM D=51 ell=11 count=22 nF=17 blocks: 0123 2345 1246 0346 0156 0147 1357 2367 4567 1348 1258 0458 0268 3568 0378 2478 1678
FAM D=51 ell=11 count=22 nF=17 blocks: 0123 2345 1246 0346 0156 0247 0357 1457 1367 2567 0148 0258 1358 2368 4568 1278 3478
FAM D=54 ell=11 count=19 nF=18 blocks: 0123 2345 1246 0346 0156 0247 0357 1457 1367 2567 0148 0258 1358 2368 4568 1278 3478 0678
FAM D=51 ell=11 count=22 nF=17 blocks: 0123 2345 1246 0346 0156 0247 0357 1457 1367 2567 0148 0258 1358 2368 4568 1278 0678
FAM D=51 ell=11 count=22 nF=17 blocks: 0123 2345 1246 0346 0156 0247 0357 1457 1367 2567 0148 0258 1358 2368 4568 3478 0678
FAM D=51 ell=11 count=22 nF=17 blocks: 0123 2345 1246 0346 0156 0247 0357 1457 1367 2567 0148 0258 1358 2368 1278 3478 0678
FAM D=51 ell=11 count=22 nF=17 blocks: 0123 2345 1246 0346 0156 0247 0357 1457 1367 2567 0148 0258 1358 4568 1278 3478 0678
FAM D=51 ell=11 count=22 nF=17 blocks: 0123 2345 1246 0346 0156 0247 0357 1457 1367 2567 0148 0258 2368 4568 1278 3478 0678
FAM D=51 ell=11 count=22 nF=17 blocks: 0123 2345 1246 0346 0156 0247 0357 1457 1367 2567 0148 1358 2368 4568 1278 3478 0678
FAM D=51 ell=11 count=22 nF=17 blocks: 0123 2345 1246 0346 0156 0247 0357 1457 1367 2567 1348 1258 0458 0268 3568 0178 2378
FAM D=54 ell=11 count=19 nF=18 blocks: 0123 2345 1246 0346 0156 0247 0357 1457 1367 2567 1348 1258 0458 0268 3568 0178 2378 4678
FAM D=51 ell=11 count=22 nF=17 blocks: 0123 2345 1246 0346 0156 0247 0357 1457 1367 2567 1348 1258 0458 0268 3568 0178 4678
FAM D=51 ell=11 count=22 nF=17 blocks: 0123 2345 1246 0346 0156 0247 0357 1457 1367 2567 1348 1258 0458 0268 3568 2378 4678
FAM D=51 ell=11 count=22 nF=17 blocks: 0123 2345 1246 0346 0156 0247 0357 1457 1367 2567 1348 1258 0458 0268 0178 2378 4678
FAM D=51 ell=11 count=22 nF=17 blocks: 0123 2345 1246 0346 0156 0247 0357 1457 1367 2567 1348 1258 0458 3568 0178 2378 4678
FAM D=51 ell=11 count=22 nF=17 blocks: 0123 2345 1246 0346 0156 0247 0357 1457 1367 2567 1348 1258 0268 3568 0178 2378 4678
FAM D=51 ell=11 count=22 nF=17 blocks: 0123 2345 1246 0346 0156 0247 0357 1457 1367 2567 1348 0458 0268 3568 0178 2378 4678
FAM D=51 ell=11 count=22 nF=17 blocks: 0123 2345 1246 0346 0156 0247 0357 1457 1367 2567 0258 1358 2368 4568 1278 3478 0678
FAM D=51 ell=11 count=22 nF=17 blocks: 0123 2345 1246 0346 0156 0247 0357 1457 1367 2567 1258 0458 0268 3568 0178 2378 4678
FAM D=51 ell=11 count=22 nF=17 blocks: 0123 2345 1246 0346 0156 0247 0357 1457 1367 0148 0258 1358 2368 4568 1278 3478 0678
FAM D=51 ell=11 count=22 nF=17 blocks: 0123 2345 1246 0346 0156 0247 0357 1457 1367 1348 1258 0458 0268 3568 0178 2378 4678
FAM D=51 ell=11 count=22 nF=17 blocks: 0123 2345 1246 0346 0156 0247 0357 1457 2567 0148 0258 1358 2368 4568 1278 3478 0678
FAM D=51 ell=11 count=22 nF=17 blocks: 0123 2345 1246 0346 0156 0247 0357 1457 2567 1348 1258 0458 0268 3568 0178 2378 4678
FAM D=51 ell=11 count=22 nF=17 blocks: 0123 2345 1246 0346 0156 0247 0357 1367 2567 0148 0258 1358 2368 4568 1278 3478 0678
FAM D=51 ell=11 count=22 nF=17 blocks: 0123 2345 1246 0346 0156 0247 0357 1367 2567 1348 1258 0458 0268 3568 0178 2378 4678
FAM D=51 ell=11 count=22 nF=17 blocks: 0123 2345 1246 0346 0156 0247 1457 1367 2567 0148 0258 1358 2368 4568 1278 3478 0678
FAM D=51 ell=11 count=22 nF=17 blocks: 0123 2345 1246 0346 0156 0247 1457 1367 2567 1348 1258 0458 0268 3568 0178 2378 4678
FAM D=51 ell=11 count=22 nF=17 blocks: 0123 2345 1246 0346 0156 1347 1257 0457 0267 3567 0148 0258 1358 2368 4568 0378 2478
FAM D=54 ell=11 count=19 nF=18 blocks: 0123 2345 1246 0346 0156 1347 1257 0457 0267 3567 0148 0258 1358 2368 4568 0378 2478 1678
FAM D=51 ell=11 count=22 nF=17 blocks: 0123 2345 1246 0346 0156 1347 1257 0457 0267 3567 0148 0258 1358 2368 4568 0378 1678
FAM D=51 ell=11 count=22 nF=17 blocks: 0123 2345 1246 0346 0156 1347 1257 0457 0267 3567 0148 0258 1358 2368 4568 2478 1678
FAM D=51 ell=11 count=22 nF=17 blocks: 0123 2345 1246 0346 0156 1347 1257 0457 0267 3567 0148 0258 1358 2368 0378 2478 1678
FAM D=51 ell=11 count=22 nF=17 blocks: 0123 2345 1246 0346 0156 1347 1257 0457 0267 3567 0148 0258 1358 4568 0378 2478 1678
FAM D=51 ell=11 count=22 nF=17 blocks: 0123 2345 1246 0346 0156 1347 1257 0457 0267 3567 0148 0258 2368 4568 0378 2478 1678
FAM D=51 ell=11 count=22 nF=17 blocks: 0123 2345 1246 0346 0156 1347 1257 0457 0267 3567 0148 1358 2368 4568 0378 2478 1678
FAM D=51 ell=11 count=22 nF=17 blocks: 0123 2345 1246 0346 0156 1347 1257 0457 0267 3567 0248 0358 1458 1368 2568 0178 2378
FAM D=54 ell=11 count=19 nF=18 blocks: 0123 2345 1246 0346 0156 1347 1257 0457 0267 3567 0248 0358 1458 1368 2568 0178 2378 4678
FAM D=51 ell=11 count=22 nF=17 blocks: 0123 2345 1246 0346 0156 1347 1257 0457 0267 3567 0248 0358 1458 1368 2568 0178 4678
FAM D=51 ell=11 count=22 nF=17 blocks: 0123 2345 1246 0346 0156 1347 1257 0457 0267 3567 0248 0358 1458 1368 2568 2378 4678
FAM D=51 ell=11 count=22 nF=17 blocks: 0123 2345 1246 0346 0156 1347 1257 0457 0267 3567 0248 0358 1458 1368 0178 2378 4678
FAM D=51 ell=11 count=22 nF=17 blocks: 0123 2345 1246 0346 0156 1347 1257 0457 0267 3567 0248 0358 1458 2568 0178 2378 4678
FAM D=51 ell=11 count=22 nF=17 blocks: 0123 2345 1246 0346 0156 1347 1257 0457 0267 3567 0248 0358 1368 2568 0178 2378 4678
FAM D=51 ell=11 count=22 nF=17 blocks: 0123 2345 1246 0346 0156 1347 1257 0457 0267 3567 0248 1458 1368 2568 0178 2378 4678
FAM D=51 ell=11 count=22 nF=17 blocks: 0123 2345 1246 0346 0156 1347 1257 0457 0267 3567 0258 1358 2368 4568 0378 2478 1678
FAM D=51 ell=11 count=22 nF=17 blocks: 0123 2345 1246 0346 0156 1347 1257 0457 0267 3567 0358 1458 1368 2568 0178 2378 4678
FAM D=51 ell=11 count=22 nF=17 blocks: 0123 2345 1246 0346 0156 1347 1257 0457 0267 0148 0258 1358 2368 4568 0378 2478 1678
FAM D=51 ell=11 count=22 nF=17 blocks: 0123 2345 1246 0346 0156 1347 1257 0457 0267 0248 0358 1458 1368 2568 0178 2378 4678
FAM D=51 ell=11 count=22 nF=17 blocks: 0123 2345 1246 0346 0156 1347 1257 0457 3567 0148 0258 1358 2368 4568 0378 2478 1678
FAM D=51 ell=11 count=22 nF=17 blocks: 0123 2345 1246 0346 0156 1347 1257 0457 3567 0248 0358 1458 1368 2568 0178 2378 4678
FAM D=51 ell=11 count=22 nF=17 blocks: 0123 2345 1246 0346 0156 1347 1257 0267 3567 0148 0258 1358 2368 4568 0378 2478 1678
FAM D=51 ell=11 count=22 nF=17 blocks: 0123 2345 1246 0346 0156 1347 1257 0267 3567 0248 0358 1458 1368 2568 0178 2378 4678
FAM D=51 ell=11 count=22 nF=17 blocks: 0123 2345 1246 0346 0156 1347 0457 0267 3567 0148 0258 1358 2368 4568 0378 2478 1678
FAM D=51 ell=11 count=22 nF=17 blocks: 0123 2345 1246 0346 0156 1347 0457 0267 3567 0248 0358 1458 1368 2568 0178 2378 4678
FAM D=51 ell=11 count=22 nF=17 blocks: 0123 2345 1246 0346 0156 0257 1357 2367 4567 0248 0358 1458 1368 2568 1278 3478 0678
FAM D=51 ell=11 count=22 nF=17 blocks: 0123 2345 1246 0346 0156 0257 1357 2367 4567 1348 1258 0458 0268 3568 0378 2478 1678
FAM D=51 ell=11 count=22 nF=17 blocks: 0123 2345 1246 0346 0156 1257 0457 0267 3567 0148 0258 1358 2368 4568 0378 2478 1678
FAM D=51 ell=11 count=22 nF=17 blocks: 0123 2345 1246 0346 0156 1257 0457 0267 3567 0248 0358 1458 1368 2568 0178 2378 4678
FAM D=51 ell=11 count=22 nF=17 blocks: 0123 2345 1246 0346 0156 0357 1457 1367 2567 0148 0258 1358 2368 4568 1278 3478 0678
FAM D=51 ell=11 count=22 nF=17 blocks: 0123 2345 1246 0346 0156 0357 1457 1367 2567 1348 1258 0458 0268 3568 0178 2378 4678
FAM D=51 ell=11 count=22 nF=17 blocks: 0123 2345 1246 0346 0147 0257 1357 2367 4567 0248 0358 1458 1368 2568 1278 3478 0678
FAM D=51 ell=11 count=22 nF=17 blocks: 0123 2345 1246 0346 0147 0257 1357 2367 4567 1348 1258 0458 0268 3568 0378 2478 1678
FAM D=51 ell=11 count=22 nF=17 blocks: 0123 2345 1246 0346 0247 0357 1457 1367 2567 0148 0258 1358 2368 4568 1278 3478 0678
FAM D=51 ell=11 count=22 nF=17 blocks: 0123 2345 1246 0346 0247 0357 1457 1367 2567 1348 1258 0458 0268 3568 0178 2378 4678
FAM D=51 ell=11 count=22 nF=17 blocks: 0123 2345 1246 0346 1347 1257 0457 0267 3567 0148 0258 1358 2368 4568 0378 2478 1678
FAM D=51 ell=11 count=22 nF=17 blocks: 0123 2345 1246 0346 1347 1257 0457 0267 3567 0248 0358 1458 1368 2568 0178 2378 4678
FAM D=51 ell=11 count=22 nF=17 blocks: 0123 2345 1246 0156 0147 0257 1357 2367 4567 0248 0358 1458 1368 2568 1278 3478 0678
FAM D=51 ell=11 count=22 nF=17 blocks: 0123 2345 1246 0156 0147 0257 1357 2367 4567 1348 1258 0458 0268 3568 0378 2478 1678
FAM D=51 ell=11 count=22 nF=17 blocks: 0123 2345 1246 0156 0247 0357 1457 1367 2567 0148 0258 1358 2368 4568 1278 3478 0678
FAM D=51 ell=11 count=22 nF=17 blocks: 0123 2345 1246 0156 0247 0357 1457 1367 2567 1348 1258 0458 0268 3568 0178 2378 4678
FAM D=51 ell=11 count=22 nF=17 blocks: 0123 2345 1246 0156 1347 1257 0457 0267 3567 0148 0258 1358 2368 4568 0378 2478 1678
FAM D=51 ell=11 count=22 nF=17 blocks: 0123 2345 1246 0156 1347 1257 0457 0267 3567 0248 0358 1458 1368 2568 0178 2378 4678
FAM D=51 ell=11 count=22 nF=17 blocks: 0123 2345 1246 0356 0247 1357 0167 3467 2567 0348 1258 0268 1368 4568 2378 1478 0578
FAM D=51 ell=11 count=22 nF=17 blocks: 0123 2345 1246 0356 0247 1357 0167 3467 2567 1348 0258 2368 0468 1568 1278 0378 4578
FAM D=51 ell=11 count=22 nF=17 blocks: 0123 2345 1246 0356 0347 1257 0267 1367 4567 0248 1358 0168 3468 2568 2378 1478 0578
FAM D=51 ell=11 count=22 nF=17 blocks: 0123 2345 1246 0356 0347 1257 0267 1367 4567 1348 0258 2368 0468 1568 0178 2478 3578
FAM D=51 ell=11 count=22 nF=17 blocks: 0123 2345 1246 0356 1347 0257 2367 0467 1567 0248 1358 0168 3468 2568 1278 0378 4578
FAM D=51 ell=11 count=22 nF=17 blocks: 0123 2345 1246 0356 1347 0257 2367 0467 1567 0348 1258 0268 1368 4568 0178 2478 3578
FAM D=51 ell=11 count=22 nF=17 blocks: 0123 2345 1246 1356 0456 0147 1257 0357 0267 3467 0248 1348 0158 0368 2568 2378 4578
FAM D=54 ell=11 count=19 nF=18 blocks: 0123 2345 1246 1356 0456 0147 1257 0357 0267 3467 0248 1348 0158 0368 2568 2378 4578 1678
FAM D=51 ell=11 count=22 nF=17 blocks: 0123 2345 1246 1356 0456 0147 1257 0357 0267 3467 0248 1348 0158 0368 2568 2378 1678
FAM D=51 ell=11 count=22 nF=17 blocks: 0123 2345 1246 1356 0456 0147 1257 0357 0267 3467 0248 1348 0158 0368 2568 4578 1678
FAM D=51 ell=11 count=22 nF=17 blocks: 0123 2345 1246 1356 0456 0147 1257 0357 0267 3467 0248 1348 0158 0368 2378 4578 1678
FAM D=51 ell=11 count=22 nF=17 blocks: 0123 2345 1246 1356 0456 0147 1257 0357 0267 3467 0248 1348 0158 2568 2378 4578 1678
FAM D=51 ell=11 count=22 nF=17 blocks: 0123 2345 1246 1356 0456 0147 1257 0357 0267 3467 0248 1348 0368 2568 2378 4578 1678
FAM D=51 ell=11 count=22 nF=17 blocks: 0123 2345 1246 1356 0456 0147 1257 0357 0267 3467 0248 0158 0368 2568 2378 4578 1678
FAM D=51 ell=11 count=22 nF=17 blocks: 0123 2345 1246 1356 0456 0147 1257 0357 0267 3467 0348 0258 1458 0168 2368 1378 2478
FAM D=54 ell=11 count=19 nF=18 blocks: 0123 2345 1246 1356 0456 0147 1257 0357 0267 3467 0348 0258 1458 0168 2368 1378 2478 5678
FAM D=51 ell=11 count=22 nF=17 blocks: 0123 2345 1246 1356 0456 0147 1257 0357 0267 3467 0348 0258 1458 0168 2368 1378 5678
FAM D=51 ell=11 count=22 nF=17 blocks: 0123 2345 1246 1356 0456 0147 1257 0357 0267 3467 0348 0258 1458 0168 2368 2478 5678
FAM D=51 ell=11 count=22 nF=17 blocks: 0123 2345 1246 1356 0456 0147 1257 0357 0267 3467 0348 0258 1458 0168 1378 2478 5678
FAM D=51 ell=11 count=22 nF=17 blocks: 0123 2345 1246 1356 0456 0147 1257 0357 0267 3467 0348 0258 1458 2368 1378 2478 5678
FAM D=51 ell=11 count=22 nF=17 blocks: 0123 2345 1246 1356 0456 0147 1257 0357 0267 3467 0348 0258 0168 2368 1378 2478 5678
FAM D=51 ell=11 count=22 nF=17 blocks: 0123 2345 1246 1356 0456 0147 1257 0357 0267 3467 0348 1458 0168 2368 1378 2478 5678
FAM D=51 ell=11 count=22 nF=17 blocks: 0123 2345 1246 1356 0456 0147 1257 0357 0267 3467 1348 0158 0368 2568 2378 4578 1678
FAM D=51 ell=11 count=22 nF=17 blocks: 0123 2345 1246 1356 0456 0147 1257 0357 0267 3467 0258 1458 0168 2368 1378 2478 5678
FAM D=51 ell=11 count=22 nF=17 blocks: 0123 2345 1246 1356 0456 0147 1257 0357 0267 0248 1348 0158 0368 2568 2378 4578 1678
FAM D=51 ell=11 count=22 nF=17 blocks: 0123 2345 1246 1356 0456 0147 1257 0357 0267 0348 0258 1458 0168 2368 1378 2478 5678
FAM D=51 ell=11 count=22 nF=17 blocks: 0123 2345 1246 1356 0456 0147 1257 0357 3467 0248 1348 0158 0368 2568 2378 4578 1678
FAM D=51 ell=11 count=22 nF=17 blocks: 0123 2345 1246 1356 0456 0147 1257 0357 3467 0348 0258 1458 0168 2368 1378 2478 5678
FAM D=51 ell=11 count=22 nF=17 blocks: 0123 2345 1246 1356 0456 0147 1257 0267 3467 0248 1348 0158 0368 2568 2378 4578 1678
FAM D=51 ell=11 count=22 nF=17 blocks: 0123 2345 1246 1356 0456 0147 1257 0267 3467 0348 0258 1458 0168 2368 1378 2478 5678
FAM D=51 ell=11 count=22 nF=17 blocks: 0123 2345 1246 1356 0456 0147 0357 0267 3467 0248 1348 0158 0368 2568 2378 4578 1678
FAM D=51 ell=11 count=22 nF=17 blocks: 0123 2345 1246 1356 0456 0147 0357 0267 3467 0348 0258 1458 0168 2368 1378 2478 5678
FAM D=51 ell=11 count=22 nF=17 blocks: 0123 2345 1246 1356 0456 0247 1347 0157 0367 2567 0148 1258 0358 0268 3468 2378 4578
FAM D=54 ell=11 count=19 nF=18 blocks: 0123 2345 1246 1356 0456 0247 1347 0157 0367 2567 0148 1258 0358 0268 3468 2378 4578 1678
FAM D=51 ell=11 count=22 nF=17 blocks: 0123 2345 1246 1356 0456 0247 1347 0157 0367 2567 0148 1258 0358 0268 3468 2378 1678
FAM D=51 ell=11 count=22 nF=17 blocks: 0123 2345 1246 1356 0456 0247 1347 0157 0367 2567 0148 1258 0358 0268 3468 4578 1678
FAM D=51 ell=11 count=22 nF=17 blocks: 0123 2345 1246 1356 0456 0247 1347 0157 0367 2567 0148 1258 0358 0268 2378 4578 1678
FAM D=51 ell=11 count=22 nF=17 blocks: 0123 2345 1246 1356 0456 0247 1347 0157 0367 2567 0148 1258 0358 3468 2378 4578 1678
FAM D=51 ell=11 count=22 nF=17 blocks: 0123 2345 1246 1356 0456 0247 1347 0157 0367 2567 0148 1258 0268 3468 2378 4578 1678
FAM D=51 ell=11 count=22 nF=17 blocks: 0123 2345 1246 1356 0456 0247 1347 0157 0367 2567 0148 0358 0268 3468 2378 4578 1678
FAM D=51 ell=11 count=22 nF=17 blocks: 0123 2345 1246 1356 0456 0247 1347 0157 0367 2567 0348 0258 1458 0168 2368 1278 3578
FAM D=54 ell=11 count=19 nF=18 blocks: 0123 2345 1246 1356 0456 0247 1347 0157 0367 2567 0348 0258 1458 0168 2368 1278 3578 4678
FAM D=51 ell=11 count=22 nF=17 blocks: 0123 2345 1246 1356 0456 0247 1347 0157 0367 2567 0348 0258 1458 0168 2368 1278 4678
FAM D=51 ell=11 count=22 nF=17 blocks: 0123 2345 1246 1356 0456 0247 1347 0157 0367 2567 0348 0258 1458 0168 2368 3578 4678
FAM D=51 ell=11 count=22 nF=17 blocks: 0123 2345 1246 1356 0456 0247 1347 0157 0367 2567 0348 0258 1458 0168 1278 3578 4678
FAM D=51 ell=11 count=22 nF=17 blocks: 0123 2345 1246 1356 0456 0247 1347 0157 0367 2567 0348 0258 1458 2368 1278 3578 4678
FAM D=51 ell=11 count=22 nF=17 blocks: 0123 2345 1246 1356 0456 0247 1347 0157 0367 2567 0348 0258 0168 2368 1278 3578 4678
FAM D=51 ell=11 count=22 nF=17 blocks: 0123 2345 1246 1356 0456 0247 1347 0157 0367 2567 0348 1458 0168 2368 1278 3578 4678
FAM D=51 ell=11 count=22 nF=17 blocks: 0123 2345 1246 1356 0456 0247 1347 0157 0367 2567 0258 1458 0168 2368 1278 3578 4678
FAM D=51 ell=11 count=22 nF=17 blocks: 0123 2345 1246 1356 0456 0247 1347 0157 0367 2567 1258 0358 0268 3468 2378 4578 1678
FAM D=51 ell=11 count=22 nF=17 blocks: 0123 2345 1246 1356 0456 0247 1347 0157 0367 0148 1258 0358 0268 3468 2378 4578 1678
FAM D=51 ell=11 count=22 nF=17 blocks: 0123 2345 1246 1356 0456 0247 1347 0157 0367 0348 0258 1458 0168 2368 1278 3578 4678
FAM D=51 ell=11 count=22 nF=17 blocks: 0123 2345 1246 1356 0456 0247 1347 0157 2567 0148 1258 0358 0268 3468 2378 4578 1678
FAM D=51 ell=11 count=22 nF=17 blocks: 0123 2345 1246 1356 0456 0247 1347 0157 2567 0348 0258 1458 0168 2368 1278 3578 4678
FAM D=51 ell=11 count=22 nF=17 blocks: 0123 2345 1246 1356 0456 0247 1347 0367 2567 0148 1258 0358 0268 3468 2378 4578 1678
FAM D=51 ell=11 count=22 nF=17 blocks: 0123 2345 1246 1356 0456 0247 1347 0367 2567 0348 0258 1458 0168 2368 1278 3578 4678
FAM D=51 ell=11 count=22 nF=17 blocks: 0123 2345 1246 1356 0456 0247 0157 0367 2567 0148 1258 0358 0268 3468 2378 4578 1678
FAM D=51 ell=11 count=22 nF=17 blocks: 0123 2345 1246 1356 0456 0247 0157 0367 2567 0348 0258 1458 0168 2368 1278 3578 4678
FAM D=51 ell=11 count=22 nF=17 blocks: 0123 2345 1246 1356 0456 0347 0257 1457 0167 2367 0148 1258 0358 0268 3468 1378 2478
FAM D=54 ell=11 count=19 nF=18 blocks: 0123 2345 1246 1356 0456 0347 0257 1457 0167 2367 0148 1258 0358 0268 3468 1378 2478 5678
FAM D=51 ell=11 count=22 nF=17 blocks: 0123 2345 1246 1356 0456 0347 0257 1457 0167 2367 0148 1258 0358 0268 3468 1378 5678
FAM D=51 ell=11 count=22 nF=17 blocks: 0123 2345 1246 1356 0456 0347 0257 1457 0167 2367 0148 1258 0358 0268 3468 2478 5678
FAM D=51 ell=11 count=22 nF=17 blocks: 0123 2345 1246 1356 0456 0347 0257 1457 0167 2367 0148 1258 0358 0268 1378 2478 5678
FAM D=51 ell=11 count=22 nF=17 blocks: 0123 2345 1246 1356 0456 0347 0257 1457 0167 2367 0148 1258 0358 3468 1378 2478 5678
FAM D=51 ell=11 count=22 nF=17 blocks: 0123 2345 1246 1356 0456 0347 0257 1457 0167 2367 0148 1258 0268 3468 1378 2478 5678
FAM D=51 ell=11 count=22 nF=17 blocks: 0123 2345 1246 1356 0456 0347 0257 1457 0167 2367 0148 0358 0268 3468 1378 2478 5678
FAM D=51 ell=11 count=22 nF=17 blocks: 0123 2345 1246 1356 0456 0347 0257 1457 0167 2367 0248 1348 0158 0368 2568 1278 3578
FAM D=54 ell=11 count=19 nF=18 blocks: 0123 2345 1246 1356 0456 0347 0257 1457 0167 2367 0248 1348 0158 0368 2568 1278 3578 4678
FAM D=51 ell=11 count=22 nF=17 blocks: 0123 2345 1246 1356 0456 0347 0257 1457 0167 2367 0248 1348 0158 0368 2568 1278 4678
FAM D=51 ell=11 count=22 nF=17 blocks: 0123 2345 1246 1356 0456 0347 0257 1457 0167 2367 0248 1348 0158 0368 2568 3578 4678
FAM D=51 ell=11 count=22 nF=17 blocks: 0123 2345 1246 1356 0456 0347 0257 1457 0167 2367 0248 1348 0158 0368 1278 3578 4678
FAM D=51 ell=11 count=22 nF=17 blocks: 0123 2345 1246 1356 0456 0347 0257 1457 0167 2367 0248 1348 0158 2568 1278 3578 4678
FAM D=51 ell=11 count=22 nF=17 blocks: 0123 2345 1246 1356 0456 0347 0257 1457 0167 2367 0248 1348 0368 2568 1278 3578 4678
FAM D=51 ell=11 count=22 nF=17 blocks: 0123 2345 1246 1356 0456 0347 0257 1457 0167 2367 0248 0158 0368 2568 1278 3578 4678
FAM D=51 ell=11 count=22 nF=17 blocks: 0123 2345 1246 1356 0456 0347 0257 1457 0167 2367 1348 0158 0368 2568 1278 3578 4678
FAM D=51 ell=11 count=22 nF=17 blocks: 0123 2345 1246 1356 0456 0347 0257 1457 0167 2367 1258 0358 0268 3468 1378 2478 5678
FAM D=51 ell=11 count=22 nF=17 blocks: 0123 2345 1246 1356 0456 0347 0257 1457 0167 0148 1258 0358 0268 3468 1378 2478 5678
FAM D=51 ell=11 count=22 nF=17 blocks: 0123 2345 1246 1356 0456 0347 0257 1457 0167 0248 1348 0158 0368 2568 1278 3578 4678
FAM D=51 ell=11 count=22 nF=17 blocks: 0123 2345 1246 1356 0456 0347 0257 1457 2367 0148 1258 0358 0268 3468 1378 2478 5678
FAM D=51 ell=11 count=22 nF=17 blocks: 0123 2345 1246 1356 0456 0347 0257 1457 2367 0248 1348 0158 0368 2568 1278 3578 4678
FAM D=51 ell=11 count=22 nF=17 blocks: 0123 2345 1246 1356 0456 0347 0257 0167 2367 0148 1258 0358 0268 3468 1378 2478 5678
FAM D=51 ell=11 count=22 nF=17 blocks: 0123 2345 1246 1356 0456 0347 0257 0167 2367 0248 1348 0158 0368 2568 1278 3578 4678
FAM D=51 ell=11 count=22 nF=17 blocks: 0123 2345 1246 1356 0456 0347 1457 0167 2367 0148 1258 0358 0268 3468 1378 2478 5678
FAM D=51 ell=11 count=22 nF=17 blocks: 0123 2345 1246 1356 0456 0347 1457 0167 2367 0248 1348 0158 0368 2568 1278 3578 4678
FAM D=51 ell=11 count=22 nF=17 blocks: 0123 2345 1246 1356 0456 1347 0157 0367 2567 0148 1258 0358 0268 3468 2378 4578 1678
FAM D=51 ell=11 count=22 nF=17 blocks: 0123 2345 1246 1356 0456 1347 0157 0367 2567 0348 0258 1458 0168 2368 1278 3578 4678
FAM D=51 ell=11 count=22 nF=17 blocks: 0123 2345 1246 1356 0456 0257 1457 0167 2367 0148 1258 0358 0268 3468 1378 2478 5678
FAM D=51 ell=11 count=22 nF=17 blocks: 0123 2345 1246 1356 0456 0257 1457 0167 2367 0248 1348 0158 0368 2568 1278 3578 4678
FAM D=51 ell=11 count=22 nF=17 blocks: 0123 2345 1246 1356 0456 1257 0357 0267 3467 0248 1348 0158 0368 2568 2378 4578 1678
FAM D=51 ell=11 count=22 nF=17 blocks: 0123 2345 1246 1356 0456 1257 0357 0267 3467 0348 0258 1458 0168 2368 1378 2478 5678
FAM D=51 ell=11 count=22 nF=17 blocks: 0123 2345 1246 1356 0147 1257 0357 0267 3467 0248 1348 0158 0368 2568 2378 4578 1678
FAM D=51 ell=11 count=22 nF=17 blocks: 0123 2345 1246 1356 0147 1257 0357 0267 3467 0348 0258 1458 0168 2368 1378 2478 5678
FAM D=51 ell=11 count=22 nF=17 blocks: 0123 2345 1246 1356 0247 1347 0157 0367 2567 0148 1258 0358 0268 3468 2378 4578 1678
FAM D=51 ell=11 count=22 nF=17 blocks: 0123 2345 1246 1356 0247 1347 0157 0367 2567 0348 0258 1458 0168 2368 1278 3578 4678
FAM D=51 ell=11 count=22 nF=17 blocks: 0123 2345 1246 1356 0347 0257 1457 0167 2367 0148 1258 0358 0268 3468 1378 2478 5678
FAM D=51 ell=11 count=22 nF=17 blocks: 0123 2345 1246 1356 0347 0257 1457 0167 2367 0248 1348 0158 0368 2568 1278 3578 4678
FAM D=51 ell=11 count=22 nF=17 blocks: 0123 2345 1246 0456 0147 1257 0357 0267 3467 0248 1348 0158 0368 2568 2378 4578 1678
FAM D=51 ell=11 count=22 nF=17 blocks: 0123 2345 1246 0456 0147 1257 0357 0267 3467 0348 0258 1458 0168 2368 1378 2478 5678
FAM D=51 ell=11 count=22 nF=17 blocks: 0123 2345 1246 0456 0247 1347 0157 0367 2567 0148 1258 0358 0268 3468 2378 4578 1678
FAM D=51 ell=11 count=22 nF=17 blocks: 0123 2345 1246 0456 0247 1347 0157 0367 2567 0348 0258 1458 0168 2368 1278 3578 4678
FAM D=51 ell=11 count=22 nF=17 blocks: 0123 2345 1246 0456 0347 0257 1457 0167 2367 0148 1258 0358 0268 3468 1378 2478 5678
FAM D=51 ell=11 count=22 nF=17 blocks: 0123 2345 1246 0456 0347 0257 1457 0167 2367 0248 1348 0158 0368 2568 1278 3578 4678
FAM D=51 ell=11 count=22 nF=17 blocks: 0123 2345 0346 0156 0147 0257 1357 2367 4567 0248 0358 1458 1368 2568 1278 3478 0678
FAM D=51 ell=11 count=22 nF=17 blocks: 0123 2345 0346 0156 0147 0257 1357 2367 4567 1348 1258 0458 0268 3568 0378 2478 1678
FAM D=51 ell=11 count=22 nF=17 blocks: 0123 2345 0346 0156 0247 0357 1457 1367 2567 0148 0258 1358 2368 4568 1278 3478 0678
FAM D=51 ell=11 count=22 nF=17 blocks: 0123 2345 0346 0156 0247 0357 1457 1367 2567 1348 1258 0458 0268 3568 0178 2378 4678
FAM D=51 ell=11 count=22 nF=17 blocks: 0123 2345 0346 0156 1347 1257 0457 0267 3567 0148 0258 1358 2368 4568 0378 2478 1678
FAM D=51 ell=11 count=22 nF=17 blocks: 0123 2345 0346 0156 1347 1257 0457 0267 3567 0248 0358 1458 1368 2568 0178 2378 4678
FAM D=51 ell=11 count=22 nF=17 blocks: 0123 2345 0346 0256 1456 0147 1257 0357 1367 2467 0248 1348 0158 1268 3568 2378 4578
FAM D=54 ell=11 count=19 nF=18 blocks: 0123 2345 0346 0256 1456 0147 1257 0357 1367 2467 0248 1348 0158 1268 3568 2378 4578 0678
FAM D=51 ell=11 count=22 nF=17 blocks: 0123 2345 0346 0256 1456 0147 1257 0357 1367 2467 0248 1348 0158 1268 3568 2378 0678
FAM D=51 ell=11 count=22 nF=17 blocks: 0123 2345 0346 0256 1456 0147 1257 0357 1367 2467 0248 1348 0158 1268 3568 4578 0678
FAM D=51 ell=11 count=22 nF=17 blocks: 0123 2345 0346 0256 1456 0147 1257 0357 1367 2467 0248 1348 0158 1268 2378 4578 0678
FAM D=51 ell=11 count=22 nF=17 blocks: 0123 2345 0346 0256 1456 0147 1257 0357 1367 2467 0248 1348 0158 3568 2378 4578 0678
FAM D=51 ell=11 count=22 nF=17 blocks: 0123 2345 0346 0256 1456 0147 1257 0357 1367 2467 0248 1348 1268 3568 2378 4578 0678
FAM D=51 ell=11 count=22 nF=17 blocks: 0123 2345 0346 0256 1456 0147 1257 0357 1367 2467 0248 0158 1268 3568 2378 4578 0678
FAM D=51 ell=11 count=22 nF=17 blocks: 0123 2345 0346 0256 1456 0147 1257 0357 1367 2467 1248 1358 0458 0168 2368 0278 3478
FAM D=54 ell=11 count=19 nF=18 blocks: 0123 2345 0346 0256 1456 0147 1257 0357 1367 2467 1248 1358 0458 0168 2368 0278 3478 5678
FAM D=51 ell=11 count=22 nF=17 blocks: 0123 2345 0346 0256 1456 0147 1257 0357 1367 2467 1248 1358 0458 0168 2368 0278 5678
FAM D=51 ell=11 count=22 nF=17 blocks: 0123 2345 0346 0256 1456 0147 1257 0357 1367 2467 1248 1358 0458 0168 2368 3478 5678
FAM D=51 ell=11 count=22 nF=17 blocks: 0123 2345 0346 0256 1456 0147 1257 0357 1367 2467 1248 1358 0458 0168 0278 3478 5678
FAM D=51 ell=11 count=22 nF=17 blocks: 0123 2345 0346 0256 1456 0147 1257 0357 1367 2467 1248 1358 0458 2368 0278 3478 5678
FAM D=51 ell=11 count=22 nF=17 blocks: 0123 2345 0346 0256 1456 0147 1257 0357 1367 2467 1248 1358 0168 2368 0278 3478 5678
FAM D=51 ell=11 count=22 nF=17 blocks: 0123 2345 0346 0256 1456 0147 1257 0357 1367 2467 1248 0458 0168 2368 0278 3478 5678
FAM D=51 ell=11 count=22 nF=17 blocks: 0123 2345 0346 0256 1456 0147 1257 0357 1367 2467 1348 0158 1268 3568 2378 4578 0678
FAM D=51 ell=11 count=22 nF=17 blocks: 0123 2345 0346 0256 1456 0147 1257 0357 1367 2467 1358 0458 0168 2368 0278 3478 5678
FAM D=51 ell=11 count=22 nF=17 blocks: 0123 2345 0346 0256 1456 0147 1257 0357 1367 0248 1348 0158 1268 3568 2378 4578 0678
FAM D=51 ell=11 count=22 nF=17 blocks: 0123 2345 0346 0256 1456 0147 1257 0357 1367 1248 1358 0458 0168 2368 0278 3478 5678
FAM D=51 ell=11 count=22 nF=17 blocks: 0123 2345 0346 0256 1456 0147 1257 0357 2467 0248 1348 0158 1268 3568 2378 4578 0678
FAM D=51 ell=11 count=22 nF=17 blocks: 0123 2345 0346 0256 1456 0147 1257 0357 2467 1248 1358 0458 0168 2368 0278 3478 5678
FAM D=51 ell=11 count=22 nF=17 blocks: 0123 2345 0346 0256 1456 0147 1257 1367 2467 0248 1348 0158 1268 3568 2378 4578 0678
FAM D=51 ell=11 count=22 nF=17 blocks: 0123 2345 0346 0256 1456 0147 1257 1367 2467 1248 1358 0458 0168 2368 0278 3478 5678
FAM D=51 ell=11 count=22 nF=17 blocks: 0123 2345 0346 0256 1456 0147 0357 1367 2467 0248 1348 0158 1268 3568 2378 4578 0678
FAM D=51 ell=11 count=22 nF=17 blocks: 0123 2345 0346 0256 1456 0147 0357 1367 2467 1248 1358 0458 0168 2368 0278 3478 5678
FAM D=51 ell=11 count=22 nF=17 blocks: 0123 2345 0346 0256 1456 0247 1347 0157 1267 3567 0148 1258 0358 1368 2468 2378 4578
FAM D=54 ell=11 count=19 nF=18 blocks: 0123 2345 0346 0256 1456 0247 1347 0157 1267 3567 0148 1258 0358 1368 2468 2378 4578 0678
FAM D=51 ell=11 count=22 nF=17 blocks: 0123 2345 0346 0256 1456 0247 1347 0157 1267 3567 0148 1258 0358 1368 2468 2378 0678
FAM D=51 ell=11 count=22 nF=17 blocks: 0123 2345 0346 0256 1456 0247 1347 0157 1267 3567 0148 1258 0358 1368 2468 4578 0678
FAM D=51 ell=11 count=22 nF=17 blocks: 0123 2345 0346 0256 1456 0247 1347 0157 1267 3567 0148 1258 0358 1368 2378 4578 0678
FAM D=51 ell=11 count=22 nF=17 blocks: 0123 2345 0346 0256 1456 0247 1347 0157 1267 3567 0148 1258 0358 2468 2378 4578 0678
FAM D=51 ell=11 count=22 nF=17 blocks: 0123 2345 0346 0256 1456 0247 1347 0157 1267 3567 0148 1258 1368 2468 2378 4578 0678
FAM D=51 ell=11 count=22 nF=17 blocks: 0123 2345 0346 0256 1456 0247 1347 0157 1267 3567 0148 0358 1368 2468 2378 4578 0678
FAM D=51 ell=11 count=22 nF=17 blocks: 0123 2345 0346 0256 1456 0247 1347 0157 1267 3567 1248 1358 0458 0168 2368 0378 2578
FAM D=54 ell=11 count=19 nF=18 blocks: 0123 2345 0346 0256 1456 0247 1347 0157 1267 3567 1248 1358 0458 0168 2368 0378 2578 4678
FAM D=51 ell=11 count=22 nF=17 blocks: 0123 2345 0346 0256 1456 0247 1347 0157 1267 3567 1248 1358 0458 0168 2368 0378 4678
FAM D=51 ell=11 count=22 nF=17 blocks: 0123 2345 0346 0256 1456 0247 1347 0157 1267 3567 1248 1358 0458 0168 2368 2578 4678
FAM D=51 ell=11 count=22 nF=17 blocks: 0123 2345 0346 0256 1456 0247 1347 0157 1267 3567 1248 1358 0458 0168 0378 2578 4678
FAM D=51 ell=11 count=22 nF=17 blocks: 0123 2345 0346 0256 1456 0247 1347 0157 1267 3567 1248 1358 0458 2368 0378 2578 4678
FAM D=51 ell=11 count=22 nF=17 blocks: 0123 2345 0346 0256 1456 0247 1347 0157 1267 3567 1248 1358 0168 2368 0378 2578 4678
FAM D=51 ell=11 count=22 nF=17 blocks: 0123 2345 0346 0256 1456 0247 1347 0157 1267 3567 1248 0458 0168 2368 0378 2578 4678
FAM D=51 ell=11 count=22 nF=17 blocks: 0123 2345 0346 0256 1456 0247 1347 0157 1267 3567 1258 0358 1368 2468 2378 4578 0678
FAM D=51 ell=11 count=22 nF=17 blocks: 0123 2345 0346 0256 1456 0247 1347 0157 1267 3567 1358 0458 0168 2368 0378 2578 4678
FAM D=51 ell=11 count=22 nF=17 blocks: 0123 2345 0346 0256 1456 0247 1347 0157 1267 0148 1258 0358 1368 2468 2378 4578 0678
FAM D=51 ell=11 count=22 nF=17 blocks: 0123 2345 0346 0256 1456 0247 1347 0157 1267 1248 1358 0458 0168 2368 0378 2578 4678
FAM D=51 ell=11 count=22 nF=17 blocks: 0123 2345 0346 0256 1456 0247 1347 0157 3567 0148 1258 0358 1368 2468 2378 4578 0678
FAM D=51 ell=11 count=22 nF=17 blocks: 0123 2345 0346 0256 1456 0247 1347 0157 3567 1248 1358 0458 0168 2368 0378 2578 4678
FAM D=51 ell=11 count=22 nF=17 blocks: 0123 2345 0346 0256 1456 0247 1347 1267 3567 0148 1258 0358 1368 2468 2378 4578 0678
FAM D=51 ell=11 count=22 nF=17 blocks: 0123 2345 0346 0256 1456 0247 1347 1267 3567 1248 1358 0458 0168 2368 0378 2578 4678
FAM D=51 ell=11 count=22 nF=17 blocks: 0123 2345 0346 0256 1456 0247 0157 1267 3567 0148 1258 0358 1368 2468 2378 4578 0678
FAM D=51 ell=11 count=22 nF=17 blocks: 0123 2345 0346 0256 1456 0247 0157 1267 3567 1248 1358 0458 0168 2368 0378 2578 4678
FAM D=51 ell=11 count=22 nF=17 blocks: 0123 2345 0346 0256 1456 1247 1357 0457 0167 2367 0148 1258 0358 1368 2468 0278 3478
FAM D=54 ell=11 count=19 nF=18 blocks: 0123 2345 0346 0256 1456 1247 1357 0457 0167 2367 0148 1258 0358 1368 2468 0278 3478 5678
FAM D=51 ell=11 count=22 nF=17 blocks: 0123 2345 0346 0256 1456 1247 1357 0457 0167 2367 0148 1258 0358 1368 2468 0278 5678
FAM D=51 ell=11 count=22 nF=17 blocks: 0123 2345 0346 0256 1456 1247 1357 0457 0167 2367 0148 1258 0358 1368 2468 3478 5678
FAM D=51 ell=11 count=22 nF=17 blocks: 0123 2345 0346 0256 1456 1247 1357 0457 0167 2367 0148 1258 0358 1368 0278 3478 5678
FAM D=51 ell=11 count=22 nF=17 blocks: 0123 2345 0346 0256 1456 1247 1357 0457 0167 2367 0148 1258 0358 2468 0278 3478 5678
FAM D=51 ell=11 count=22 nF=17 blocks: 0123 2345 0346 0256 1456 1247 1357 0457 0167 2367 0148 1258 1368 2468 0278 3478 5678
FAM D=51 ell=11 count=22 nF=17 blocks: 0123 2345 0346 0256 1456 1247 1357 0457 0167 2367 0148 0358 1368 2468 0278 3478 5678
FAM D=51 ell=11 count=22 nF=17 blocks: 0123 2345 0346 0256 1456 1247 1357 0457 0167 2367 0248 1348 0158 1268 3568 0378 2578
FAM D=54 ell=11 count=19 nF=18 blocks: 0123 2345 0346 0256 1456 1247 1357 0457 0167 2367 0248 1348 0158 1268 3568 0378 2578 4678
FAM D=51 ell=11 count=22 nF=17 blocks: 0123 2345 0346 0256 1456 1247 1357 0457 0167 2367 0248 1348 0158 1268 3568 0378 4678
FAM D=51 ell=11 count=22 nF=17 blocks: 0123 2345 0346 0256 1456 1247 1357 0457 0167 2367 0248 1348 0158 1268 3568 2578 4678
FAM D=51 ell=11 count=22 nF=17 blocks: 0123 2345 0346 0256 1456 1247 1357 0457 0167 2367 0248 1348 0158 1268 0378 2578 4678
FAM D=51 ell=11 count=22 nF=17 blocks: 0123 2345 0346 0256 1456 1247 1357 0457 0167 2367 0248 1348 0158 3568 0378 2578 4678
FAM D=51 ell=11 count=22 nF=17 blocks: 0123 2345 0346 0256 1456 1247 1357 0457 0167 2367 0248 1348 1268 3568 0378 2578 4678
FAM D=51 ell=11 count=22 nF=17 blocks: 0123 2345 0346 0256 1456 1247 1357 0457 0167 2367 0248 0158 1268 3568 0378 2578 4678
FAM D=51 ell=11 count=22 nF=17 blocks: 0123 2345 0346 0256 1456 1247 1357 0457 0167 2367 1348 0158 1268 3568 0378 2578 4678
FAM D=51 ell=11 count=22 nF=17 blocks: 0123 2345 0346 0256 1456 1247 1357 0457 0167 2367 1258 0358 1368 2468 0278 3478 5678
FAM D=51 ell=11 count=22 nF=17 blocks: 0123 2345 0346 0256 1456 1247 1357 0457 0167 0148 1258 0358 1368 2468 0278 3478 5678
FAM D=51 ell=11 count=22 nF=17 blocks: 0123 2345 0346 0256 1456 1247 1357 0457 0167 0248 1348 0158 1268 3568 0378 2578 4678
FAM D=51 ell=11 count=22 nF=17 blocks: 0123 2345 0346 0256 1456 1247 1357 0457 2367 0148 1258 0358 1368 2468 0278 3478 5678
FAM D=51 ell=11 count=22 nF=17 blocks: 0123 2345 0346 0256 1456 1247 1357 0457 2367 0248 1348 0158 1268 3568 0378 2578 4678
FAM D=51 ell=11 count=22 nF=17 blocks: 0123 2345 0346 0256 1456 1247 1357 0167 2367 0148 1258 0358 1368 2468 0278 3478 5678
FAM D=51 ell=11 count=22 nF=17 blocks: 0123 2345 0346 0256 1456 1247 1357 0167 2367 0248 1348 0158 1268 3568 0378 2578 4678
FAM D=51 ell=11 count=22 nF=17 blocks: 0123 2345 0346 0256 1456 1247 0457 0167 2367 0148 1258 0358 1368 2468 0278 3478 5678
FAM D=51 ell=11 count=22 nF=17 blocks: 0123 2345 0346 0256 1456 1247 0457 0167 2367 0248 1348 0158 1268 3568 0378 2578 4678
FAM D=51 ell=11 count=22 nF=17 blocks: 0123 2345 0346 0256 1456 1347 0157 1267 3567 0148 1258 0358 1368 2468 2378 4578 0678
FAM D=51 ell=11 count=22 nF=17 blocks: 0123 2345 0346 0256 1456 1347 0157 1267 3567 1248 1358 0458 0168 2368 0378 2578 4678
FAM D=51 ell=11 count=22 nF=17 blocks: 0123 2345 0346 0256 1456 1257 0357 1367 2467 0248 1348 0158 1268 3568 2378 4578 0678
FAM D=51 ell=11 count=22 nF=17 blocks: 0123 2345 0346 0256 1456 1257 0357 1367 2467 1248 1358 0458 0168 2368 0278 3478 5678
FAM D=51 ell=11 count=22 nF=17 blocks: 0123 2345 0346 0256 1456 1357 0457 0167 2367 0148 1258 0358 1368 2468 0278 3478 5678
FAM D=51 ell=11 count=22 nF=17 blocks: 0123 2345 0346 0256 1456 1357 0457 0167 2367 0248 1348 0158 1268 3568 0378 2578 4678
FAM D=51 ell=11 count=22 nF=17 blocks: 0123 2345 0346 0256 0147 1257 0357 1367 2467 0248 1348 0158 1268 3568 2378 4578 0678
FAM D=51 ell=11 count=22 nF=17 blocks: 0123 2345 0346 0256 0147 1257 0357 1367 2467 1248 1358 0458 0168 2368 0278 3478 5678
FAM D=51 ell=11 count=22 nF=17 blocks: 0123 2345 0346 0256 0247 1347 0157 1267 3567 0148 1258 0358 1368 2468 2378 4578 0678
FAM D=51 ell=11 count=22 nF=17 blocks: 0123 2345 0346 0256 0247 1347 0157 1267 3567 1248 1358 0458 0168 2368 0378 2578 4678
FAM D=51 ell=11 count=22 nF=17 blocks: 0123 2345 0346 0256 1247 1357 0457 0167 2367 0148 1258 0358 1368 2468 0278 3478 5678
FAM D=51 ell=11 count=22 nF=17 blocks: 0123 2345 0346 0256 1247 1357 0457 0167 2367 0248 1348 0158 1268 3568 0378 2578 4678
FAM D=51 ell=11 count=22 nF=17 blocks: 0123 2345 0346 1256 0247 1357 2367 1467 0567 1248 0358 0268 1368 4568 0178 3478 2578
FAM D=51 ell=11 count=22 nF=17 blocks: 0123 2345 0346 1256 0247 1357 2367 1467 0567 1348 0258 0168 2468 3568 1278 0378 4578
FAM D=51 ell=11 count=22 nF=17 blocks: 0123 2345 0346 1256 1247 0357 0267 1367 4567 0248 1358 2368 1468 0568 0178 3478 2578
FAM D=51 ell=11 count=22 nF=17 blocks: 0123 2345 0346 1256 1247 0357 0267 1367 4567 1348 0258 0168 2468 3568 2378 0478 1578
FAM D=51 ell=11 count=22 nF=17 blocks: 0123 2345 0346 1256 1347 0257 0167 2467 3567 0248 1358 2368 1468 0568 1278 0378 4578
FAM D=51 ell=11 count=22 nF=17 blocks: 0123 2345 0346 1256 1347 0257 0167 2467 3567 1248 0358 0268 1368 4568 2378 0478 1578
FAM D=51 ell=11 count=22 nF=17 blocks: 0123 2345 0346 1456 0147 1257 0357 1367 2467 0248 1348 0158 1268 3568 2378 4578 0678
FAM D=51 ell=11 count=22 nF=17 blocks: 0123 2345 0346 1456 0147 1257 0357 1367 2467 1248 1358 0458 0168 2368 0278 3478 5678
FAM D=51 ell=11 count=22 nF=17 blocks: 0123 2345 0346 1456 0247 1347 0157 1267 3567 0148 1258 0358 1368 2468 2378 4578 0678
FAM D=51 ell=11 count=22 nF=17 blocks: 0123 2345 0346 1456 0247 1347 0157 1267 3567 1248 1358 0458 0168 2368 0378 2578 4678
FAM D=51 ell=11 count=22 nF=17 blocks: 0123 2345 0346 1456 1247 1357 0457 0167 2367 0148 1258 0358 1368 2468 0278 3478 5678
FAM D=51 ell=11 count=22 nF=17 blocks: 0123 2345 0346 1456 1247 1357 0457 0167 2367 0248 1348 0158 1268 3568 0378 2578 4678
FAM D=51 ell=11 count=22 nF=17 blocks: 0123 2345 1346 0156 0147 1257 0357 2367 4567 1248 1358 0458 0368 2568 0278 3478 1678
FAM D=51 ell=11 count=22 nF=17 blocks: 0123 2345 1346 0156 0147 1257 0357 2367 4567 0348 0258 1458 1268 3568 1378 2478 0678
FAM D=51 ell=11 count=22 nF=17 blocks: 0123 2345 1346 0156 1247 1357 0457 0367 2567 0148 1258 0358 2368 4568 0278 3478 1678
FAM D=51 ell=11 count=22 nF=17 blocks: 0123 2345 1346 0156 1247 1357 0457 0367 2567 0348 0258 1458 1268 3568 0178 2378 4678
FAM D=51 ell=11 count=22 nF=17 blocks: 0123 2345 1346 0156 0347 0257 1457 1267 3567 0148 1258 0358 2368 4568 1378 2478 0678
FAM D=51 ell=11 count=22 nF=17 blocks: 0123 2345 1346 0156 0347 0257 1457 1267 3567 1248 1358 0458 0368 2568 0178 2378 4678
FAM D=51 ell=11 count=22 nF=17 blocks: 0123 2345 1346 0256 0247 1357 1267 0367 4567 1248 0358 2368 0468 1568 0178 3478 2578
FAM D=51 ell=11 count=22 nF=17 blocks: 0123 2345 1346 0256 0247 1357 1267 0367 4567 0348 1258 0168 2468 3568 2378 1478 0578
FAM D=51 ell=11 count=22 nF=17 blocks: 0123 2345 1346 0256 1247 0357 2367 0467 1567 0248 1358 1268 0368 4568 0178 3478 2578
FAM D=51 ell=11 count=22 nF=17 blocks: 0123 2345 1346 0256 1247 0357 2367 0467 1567 0348 1258 0168 2468 3568 0278 1378 4578
FAM D=51 ell=11 count=22 nF=17 blocks: 0123 2345 1346 0256 0347 1257 0167 2467 3567 0248 1358 1268 0368 4568 2378 1478 0578
FAM D=51 ell=11 count=22 nF=17 blocks: 0123 2345 1346 0256 0347 1257 0167 2467 3567 1248 0358 2368 0468 1568 0278 1378 4578
FAM D=51 ell=11 count=22 nF=17 blocks: 0123 2345 1346 1256 0456 0147 0257 1357 0367 2467 0248 0358 1458 0168 2368 1278 3478
FAM D=54 ell=11 count=19 nF=18 blocks: 0123 2345 1346 1256 0456 0147 0257 1357 0367 2467 0248 0358 1458 0168 2368 1278 3478 5678
FAM D=51 ell=11 count=22 nF=17 blocks: 0123 2345 1346 1256 0456 0147 0257 1357 0367 2467 0248 0358 1458 0168 2368 1278 5678
FAM D=51 ell=11 count=22 nF=17 blocks: 0123 2345 1346 1256 0456 0147 0257 1357 0367 2467 0248 0358 1458 0168 2368 3478 5678
FAM D=51 ell=11 count=22 nF=17 blocks: 0123 2345 1346 1256 0456 0147 0257 1357 0367 2467 0248 0358 1458 0168 1278 3478 5678
FAM D=51 ell=11 count=22 nF=17 blocks: 0123 2345 1346 1256 0456 0147 0257 1357 0367 2467 0248 0358 1458 2368 1278 3478 5678
FAM D=51 ell=11 count=22 nF=17 blocks: 0123 2345 1346 1256 0456 0147 0257 1357 0367 2467 0248 0358 0168 2368 1278 3478 5678
FAM D=51 ell=11 count=22 nF=17 blocks: 0123 2345 1346 1256 0456 0147 0257 1357 0367 2467 0248 1458 0168 2368 1278 3478 5678
FAM D=51 ell=11 count=22 nF=17 blocks: 0123 2345 1346 1256 0456 0147 0257 1357 0367 2467 1248 0348 0158 0268 3568 2378 4578
FAM D=54 ell=11 count=19 nF=18 blocks: 0123 2345 1346 1256 0456 0147 0257 1357 0367 2467 1248 0348 0158 0268 3568 2378 4578 1678
FAM D=51 ell=11 count=22 nF=17 blocks: 0123 2345 1346 1256 0456 0147 0257 1357 0367 2467 1248 0348 0158 0268 3568 2378 1678
FAM D=51 ell=11 count=22 nF=17 blocks: 0123 2345 1346 1256 0456 0147 0257 1357 0367 2467 1248 0348 0158 0268 3568 4578 1678
FAM D=51 ell=11 count=22 nF=17 blocks: 0123 2345 1346 1256 0456 0147 0257 1357 0367 2467 1248 0348 0158 0268 2378 4578 1678
FAM D=51 ell=11 count=22 nF=17 blocks: 0123 2345 1346 1256 0456 0147 0257 1357 0367 2467 1248 0348 0158 3568 2378 4578 1678
FAM D=51 ell=11 count=22 nF=17 blocks: 0123 2345 1346 1256 0456 0147 0257 1357 0367 2467 1248 0348 0268 3568 2378 4578 1678
FAM D=51 ell=11 count=22 nF=17 blocks: 0123 2345 1346 1256 0456 0147 0257 1357 0367 2467 1248 0158 0268 3568 2378 4578 1678
FAM D=51 ell=11 count=22 nF=17 blocks: 0123 2345 1346 1256 0456 0147 0257 1357 0367 2467 0348 0158 0268 3568 2378 4578 1678
FAM D=51 ell=11 count=22 nF=17 blocks: 0123 2345 1346 1256 0456 0147 0257 1357 0367 2467 0358 1458 0168 2368 1278 3478 5678
FAM D=51 ell=11 count=22 nF=17 blocks: 0123 2345 1346 1256 0456 0147 0257 1357 0367 0248 0358 1458 0168 2368 1278 3478 5678
FAM D=51 ell=11 count=22 nF=17 blocks: 0123 2345 1346 1256 0456 0147 0257 1357 0367 1248 0348 0158 0268 3568 2378 4578 1678
FAM D=51 ell=11 count=22 nF=17 blocks: 0123 2345 1346 1256 0456 0147 0257 1357 2467 0248 0358 1458 0168 2368 1278 3478 5678
FAM D=51 ell=11 count=22 nF=17 blocks: 0123 2345 1346 1256 0456 0147 0257 1357 2467 1248 0348 0158 0268 3568 2378 4578 1678
FAM D=51 ell=11 count=22 nF=17 blocks: 0123 2345 1346 1256 0456 0147 0257 0367 2467 0248 0358 1458 0168 2368 1278 3478 5678
FAM D=51 ell=11 count=22 nF=17 blocks: 0123 2345 1346 1256 0456 0147 0257 0367 2467 1248 0348 0158 0268 3568 2378 4578 1678
FAM D=51 ell=11 count=22 nF=17 blocks: 0123 2345 1346 1256 0456 0147 1357 0367 2467 0248 0358 1458 0168 2368 1278 3478 5678
FAM D=51 ell=11 count=22 nF=17 blocks: 0123 2345 1346 1256 0456 0147 1357 0367 2467 1248 0348 0158 0268 3568 2378 4578 1678
FAM D=51 ell=11 count=22 nF=17 blocks: 0123 2345 1346 1256 0456 0247 0357 1457 0167 2367 0148 0258 1358 0368 2468 1278 3478
FAM D=54 ell=11 count=19 nF=18 blocks: 0123 2345 1346 1256 0456 0247 0357 1457 0167 2367 0148 0258 1358 0368 2468 1278 3478 5678
FAM D=51 ell=11 count=22 nF=17 blocks: 0123 2345 1346 1256 0456 0247 0357 1457 0167 2367 0148 0258 1358 0368 2468 1278 5678
FAM D=51 ell=11 count=22 nF=17 blocks: 0123 2345 1346 1256 0456 0247 0357 1457 0167 2367 0148 0258 1358 0368 2468 3478 5678
FAM D=51 ell=11 count=22 nF=17 blocks: 0123 2345 1346 1256 0456 0247 0357 1457 0167 2367 0148 0258 1358 0368 1278 3478 5678
FAM D=51 ell=11 count=22 nF=17 blocks: 0123 2345 1346 1256 0456 0247 0357 1457 0167 2367 0148 0258 1358 2468 1278 3478 5678
FAM D=51 ell=11 count=22 nF=17 blocks: 0123 2345 1346 1256 0456 0247 0357 1457 0167 2367 0148 0258 0368 2468 1278 3478 5678
FAM D=51 ell=11 count=22 nF=17 blocks: 0123 2345 1346 1256 0456 0247 0357 1457 0167 2367 0148 1358 0368 2468 1278 3478 5678
FAM D=51 ell=11 count=22 nF=17 blocks: 0123 2345 1346 1256 0456 0247 0357 1457 0167 2367 1248 0348 0158 0268 3568 1378 2578
FAM D=54 ell=11 count=19 nF=18 blocks: 0123 2345 1346 1256 0456 0247 0357 1457 0167 2367 1248 0348 0158 0268 3568 1378 2578 4678
FAM D=51 ell=11 count=22 nF=17 blocks: 0123 2345 1346 1256 0456 0247 0357 1457 0167 2367 1248 0348 0158 0268 3568 1378 4678
FAM D=51 ell=11 count=22 nF=17 blocks: 0123 2345 1346 1256 0456 0247 0357 1457 0167 2367 1248 0348 0158 0268 3568 2578 4678
FAM D=51 ell=11 count=22 nF=17 blocks: 0123 2345 1346 1256 0456 0247 0357 1457 0167 2367 1248 0348 0158 0268 1378 2578 4678
FAM D=51 ell=11 count=22 nF=17 blocks: 0123 2345 1346 1256 0456 0247 0357 1457 0167 2367 1248 0348 0158 3568 1378 2578 4678
FAM D=51 ell=11 count=22 nF=17 blocks: 0123 2345 1346 1256 0456 0247 0357 1457 0167 2367 1248 0348 0268 3568 1378 2578 4678
FAM D=51 ell=11 count=22 nF=17 blocks: 0123 2345 1346 1256 0456 0247 0357 1457 0167 2367 1248 0158 0268 3568 1378 2578 4678
FAM D=51 ell=11 count=22 nF=17 blocks: 0123 2345 1346 1256 0456 0247 0357 1457 0167 2367 0348 0158 0268 3568 1378 2578 4678
FAM D=51 ell=11 count=22 nF=17 blocks: 0123 2345 1346 1256 0456 0247 0357 1457 0167 2367 0258 1358 0368 2468 1278 3478 5678
FAM D=51 ell=11 count=22 nF=17 blocks: 0123 2345 1346 1256 0456 0247 0357 1457 0167 0148 0258 1358 0368 2468 1278 3478 5678
FAM D=51 ell=11 count=22 nF=17 blocks: 0123 2345 1346 1256 0456 0247 0357 1457 0167 1248 0348 0158 0268 3568 1378 2578 4678
FAM D=51 ell=11 count=22 nF=17 blocks: 0123 2345 1346 1256 0456 0247 0357 1457 2367 0148 0258 1358 0368 2468 1278 3478 5678
FAM D=51 ell=11 count=22 nF=17 blocks: 0123 2345 1346 1256 0456 0247 0357 1457 2367 1248 0348 0158 0268 3568 1378 2578 4678
FAM D=51 ell=11 count=22 nF=17 blocks: 0123 2345 1346 1256 0456 0247 0357 0167 2367 0148 0258 1358 0368 2468 1278 3478 5678
FAM D=51 ell=11 count=22 nF=17 blocks: 0123 2345 1346 1256 0456 0247 0357 0167 2367 1248 0348 0158 0268 3568 1378 2578 4678
FAM D=51 ell=11 count=22 nF=17 blocks: 0123 2345 1346 1256 0456 0247 1457 0167 2367 0148 0258 1358 0368 2468 1278 3478 5678
FAM D=51 ell=11 count=22 nF=17 blocks: 0123 2345 1346 1256 0456 0247 1457 0167 2367 1248 0348 0158 0268 3568 1378 2578 4678
FAM D=51 ell=11 count=22 nF=17 blocks: 0123 2345 1346 1256 0456 1247 0347 0157 0267 3567 0148 0258 1358 0368 2468 2378 4578
FAM D=54 ell=11 count=19 nF=18 blocks: 0123 2345 1346 1256 0456 1247 0347 0157 0267 3567 0148 0258 1358 0368 2468 2378 4578 1678
FAM D=51 ell=11 count=22 nF=17 blocks: 0123 2345 1346 1256 0456 1247 0347 0157 0267 3567 0148 0258 1358 0368 2468 2378 1678
FAM D=51 ell=11 count=22 nF=17 blocks: 0123 2345 1346 1256 0456 1247 0347 0157 0267 3567 0148 0258 1358 0368 2468 4578 1678
FAM D=51 ell=11 count=22 nF=17 blocks: 0123 2345 1346 1256 0456 1247 0347 0157 0267 3567 0148 0258 1358 0368 2378 4578 1678
FAM D=51 ell=11 count=22 nF=17 blocks: 0123 2345 1346 1256 0456 1247 0347 0157 0267 3567 0148 0258 1358 2468 2378 4578 1678
FAM D=51 ell=11 count=22 nF=17 blocks: 0123 2345 1346 1256 0456 1247 0347 0157 0267 3567 0148 0258 0368 2468 2378 4578 1678
FAM D=51 ell=11 count=22 nF=17 blocks: 0123 2345 1346 1256 0456 1247 0347 0157 0267 3567 0148 1358 0368 2468 2378 4578 1678
FAM D=51 ell=11 count=22 nF=17 blocks: 0123 2345 1346 1256 0456 1247 0347 0157 0267 3567 0248 0358 1458 0168 2368 1378 2578
FAM D=54 ell=11 count=19 nF=18 blocks: 0123 2345 1346 1256 0456 1247 0347 0157 0267 3567 0248 0358 1458 0168 2368 1378 2578 4678
FAM D=51 ell=11 count=22 nF=17 blocks: 0123 2345 1346 1256 0456 1247 0347 0157 0267 3567 0248 0358 1458 0168 2368 1378 4678
FAM D=51 ell=11 count=22 nF=17 blocks: 0123 2345 1346 1256 0456 1247 0347 0157 0267 3567 0248 0358 1458 0168 2368 2578 4678
FAM D=51 ell=11 count=22 nF=17 blocks: 0123 2345 1346 1256 0456 1247 0347 0157 0267 3567 0248 0358 1458 0168 1378 2578 4678
FAM D=51 ell=11 count=22 nF=17 blocks: 0123 2345 1346 1256 0456 1247 0347 0157 0267 3567 0248 0358 1458 2368 1378 2578 4678
FAM D=51 ell=11 count=22 nF=17 blocks: 0123 2345 1346 1256 0456 1247 0347 0157 0267 3567 0248 0358 0168 2368 1378 2578 4678
FAM D=51 ell=11 count=22 nF=17 blocks: 0123 2345 1346 1256 0456 1247 0347 0157 0267 3567 0248 1458 0168 2368 1378 2578 4678
FAM D=51 ell=11 count=22 nF=17 blocks: 0123 2345 1346 1256 0456 1247 0347 0157 0267 3567 0258 1358 0368 2468 2378 4578 1678
FAM D=51 ell=11 count=22 nF=17 blocks: 0123 2345 1346 1256 0456 1247 0347 0157 0267 3567 0358 1458 0168 2368 1378 2578 4678
FAM D=51 ell=11 count=22 nF=17 blocks: 0123 2345 1346 1256 0456 1247 0347 0157 0267 0148 0258 1358 0368 2468 2378 4578 1678
FAM D=51 ell=11 count=22 nF=17 blocks: 0123 2345 1346 1256 0456 1247 0347 0157 0267 0248 0358 1458 0168 2368 1378 2578 4678
FAM D=51 ell=11 count=22 nF=17 blocks: 0123 2345 1346 1256 0456 1247 0347 0157 3567 0148 0258 1358 0368 2468 2378 4578 1678
FAM D=51 ell=11 count=22 nF=17 blocks: 0123 2345 1346 1256 0456 1247 0347 0157 3567 0248 0358 1458 0168 2368 1378 2578 4678
FAM D=51 ell=11 count=22 nF=17 blocks: 0123 2345 1346 1256 0456 1247 0347 0267 3567 0148 0258 1358 0368 2468 2378 4578 1678
FAM D=51 ell=11 count=22 nF=17 blocks: 0123 2345 1346 1256 0456 1247 0347 0267 3567 0248 0358 1458 0168 2368 1378 2578 4678
FAM D=51 ell=11 count=22 nF=17 blocks: 0123 2345 1346 1256 0456 1247 0157 0267 3567 0148 0258 1358 0368 2468 2378 4578 1678
FAM D=51 ell=11 count=22 nF=17 blocks: 0123 2345 1346 1256 0456 1247 0157 0267 3567 0248 0358 1458 0168 2368 1378 2578 4678
FAM D=51 ell=11 count=22 nF=17 blocks: 0123 2345 1346 1256 0456 0347 0157 0267 3567 0148 0258 1358 0368 2468 2378 4578 1678
FAM D=51 ell=11 count=22 nF=17 blocks: 0123 2345 1346 1256 0456 0347 0157 0267 3567 0248 0358 1458 0168 2368 1378 2578 4678
FAM D=51 ell=11 count=22 nF=17 blocks: 0123 2345 1346 1256 0456 0257 1357 0367 2467 0248 0358 1458 0168 2368 1278 3478 5678
FAM D=51 ell=11 count=22 nF=17 blocks: 0123 2345 1346 1256 0456 0257 1357 0367 2467 1248 0348 0158 0268 3568 2378 4578 1678
FAM D=51 ell=11 count=22 nF=17 blocks: 0123 2345 1346 1256 0456 0357 1457 0167 2367 0148 0258 1358 0368 2468 1278 3478 5678
FAM D=51 ell=11 count=22 nF=17 blocks: 0123 2345 1346 1256 0456 0357 1457 0167 2367 1248 0348 0158 0268 3568 1378 2578 4678
FAM D=51 ell=11 count=22 nF=17 blocks: 0123 2345 1346 1256 0147 0257 1357 0367 2467 0248 0358 1458 0168 2368 1278 3478 5678
FAM D=51 ell=11 count=22 nF=17 blocks: 0123 2345 1346 1256 0147 0257 1357 0367 2467 1248 0348 0158 0268 3568 2378 4578 1678
FAM D=51 ell=11 count=22 nF=17 blocks: 0123 2345 1346 1256 0247 0357 1457 0167 2367 0148 0258 1358 0368 2468 1278 3478 5678
FAM D=51 ell=11 count=22 nF=17 blocks: 0123 2345 1346 1256 0247 0357 1457 0167 2367 1248 0348 0158 0268 3568 1378 2578 4678
FAM D=51 ell=11 count=22 nF=17 blocks: 0123 2345 1346 1256 1247 0347 0157 0267 3567 0148 0258 1358 0368 2468 2378 4578 1678
FAM D=51 ell=11 count=22 nF=17 blocks: 0123 2345 1346 1256 1247 0347 0157 0267 3567 0248 0358 1458 0168 2368 1378 2578 4678
FAM D=51 ell=11 count=22 nF=17 blocks: 0123 2345 1346 0456 0147 0257 1357 0367 2467 0248 0358 1458 0168 2368 1278 3478 5678
FAM D=51 ell=11 count=22 nF=17 blocks: 0123 2345 1346 0456 0147 0257 1357 0367 2467 1248 0348 0158 0268 3568 2378 4578 1678
FAM D=51 ell=11 count=22 nF=17 blocks: 0123 2345 1346 0456 0247 0357 1457 0167 2367 0148 0258 1358 0368 2468 1278 3478 5678
FAM D=51 ell=11 count=22 nF=17 blocks: 0123 2345 1346 0456 0247 0357 1457 0167 2367 1248 0348 0158 0268 3568 1378 2578 4678
FAM D=51 ell=11 count=22 nF=17 blocks: 0123 2345 1346 0456 1247 0347 0157 0267 3567 0148 0258 1358 0368 2468 2378 4578 1678
FAM D=51 ell=11 count=22 nF=17 blocks: 0123 2345 1346 0456 1247 0347 0157 0267 3567 0248 0358 1458 0168 2368 1378 2578 4678
FAM D=51 ell=11 count=22 nF=17 blocks: 0123 2345 0256 1356 0247 0357 1457 1267 3467 1248 0348 0158 2368 4568 1378 2578 0678
FAM D=51 ell=11 count=22 nF=17 blocks: 0123 2345 0256 1356 0247 0357 1457 1267 3467 1348 1258 0458 0368 2468 0178 2378 5678
FAM D=51 ell=11 count=22 nF=17 blocks: 0123 2345 0256 1356 1247 0347 0157 2367 4567 0248 0358 1458 1268 3468 1378 2578 0678
FAM D=51 ell=11 count=22 nF=17 blocks: 0123 2345 0256 1356 1247 0347 0157 2367 4567 1348 1258 0458 0368 2468 0278 3578 1678
FAM D=51 ell=11 count=22 nF=17 blocks: 0123 2345 0256 1356 1347 1257 0457 0367 2467 0248 0358 1458 1268 3468 0178 2378 5678
FAM D=51 ell=11 count=22 nF=17 blocks: 0123 2345 0256 1356 1347 1257 0457 0367 2467 1248 0348 0158 2368 4568 0278 3578 1678
FAM D=51 ell=11 count=22 nF=17 blocks: 0123 2345 0256 1456 0147 